dataset,method,model,split,run,config,alpha,noise_rate,erasure_rate,N_clean,N_attack,compensation_ratio,observed_after_attack
alfworld,rank,deepseek,ID,1,full_rank,0.01,0.0,0.0,20,20,1.0,20
alfworld,rank,deepseek,ID,1,full_rank,0.01,0.0,0.1,20,20,1.0,19
alfworld,rank,deepseek,ID,1,full_rank,0.01,0.0,0.2,20,20,1.0,12
alfworld,rank,deepseek,ID,1,full_rank,0.01,0.0,0.3,20,20,1.0,16
alfworld,rank,deepseek,ID,1,full_rank,0.01,0.0,0.5,20,20,1.0,10
alfworld,rank,deepseek,ID,1,full_rank,0.01,0.0,0.7,20,30,1.5,10
alfworld,rank,deepseek,ID,1,full_rank,0.01,0.05,0.0,20,20,1.0,20
alfworld,rank,deepseek,ID,1,full_rank,0.01,0.05,0.1,20,20,1.0,20
alfworld,rank,deepseek,ID,1,full_rank,0.01,0.05,0.2,20,20,1.0,15
alfworld,rank,deepseek,ID,1,full_rank,0.01,0.05,0.3,20,10,0.5,7
alfworld,rank,deepseek,ID,1,full_rank,0.01,0.05,0.5,20,20,1.0,11
alfworld,rank,deepseek,ID,1,full_rank,0.01,0.05,0.7,20,20,1.0,8
alfworld,rank,deepseek,ID,1,full_rank,0.01,0.1,0.0,20,20,1.0,20
alfworld,rank,deepseek,ID,1,full_rank,0.01,0.1,0.1,20,20,1.0,18
alfworld,rank,deepseek,ID,1,full_rank,0.01,0.1,0.2,20,20,1.0,18
alfworld,rank,deepseek,ID,1,full_rank,0.01,0.1,0.3,20,20,1.0,14
alfworld,rank,deepseek,ID,1,full_rank,0.01,0.1,0.5,20,30,1.5,15
alfworld,rank,deepseek,ID,1,full_rank,0.01,0.1,0.7,20,30,1.5,7
alfworld,rank,deepseek,ID,1,full_rank,0.01,0.15,0.0,20,20,1.0,20
alfworld,rank,deepseek,ID,1,full_rank,0.01,0.15,0.1,20,20,1.0,20
alfworld,rank,deepseek,ID,1,full_rank,0.01,0.15,0.2,20,50,2.5,38
alfworld,rank,deepseek,ID,1,full_rank,0.01,0.15,0.3,20,30,1.5,23
alfworld,rank,deepseek,ID,1,full_rank,0.01,0.15,0.5,20,80,4.0,39
alfworld,rank,deepseek,ID,1,full_rank,0.01,0.15,0.7,20,100,5.0,21
alfworld,rank,deepseek,ID,1,full_rank,0.01,0.2,0.0,20,20,1.0,20
alfworld,rank,deepseek,ID,1,full_rank,0.01,0.2,0.1,20,30,1.5,27
alfworld,rank,deepseek,ID,1,full_rank,0.01,0.2,0.2,20,30,1.5,24
alfworld,rank,deepseek,ID,1,full_rank,0.01,0.2,0.3,20,10,0.5,7
alfworld,rank,deepseek,ID,1,full_rank,0.01,0.2,0.5,20,50,2.5,22
alfworld,rank,deepseek,ID,1,full_rank,0.01,0.2,0.7,20,30,1.5,10
alfworld,rank,deepseek,ID,1,full_rank,0.01,0.3,0.0,20,50,2.5,50
alfworld,rank,deepseek,ID,1,full_rank,0.01,0.3,0.1,20,50,2.5,46
alfworld,rank,deepseek,ID,1,full_rank,0.01,0.3,0.2,20,50,2.5,41
alfworld,rank,deepseek,ID,1,full_rank,0.01,0.3,0.3,20,50,2.5,35
alfworld,rank,deepseek,ID,1,full_rank,0.01,0.3,0.5,20,150,7.5,68
alfworld,rank,deepseek,ID,1,full_rank,0.01,0.3,0.7,20,100,5.0,35
alfworld,rank,deepseek,ID,1,full_rank,0.01,0.5,0.0,20,,,0
alfworld,rank,deepseek,ID,1,full_rank,0.01,0.5,0.1,20,,,0
alfworld,rank,deepseek,ID,1,full_rank,0.01,0.5,0.2,20,,,0
alfworld,rank,deepseek,ID,1,full_rank,0.01,0.5,0.3,20,,,0
alfworld,rank,deepseek,ID,1,full_rank,0.01,0.5,0.5,20,,,0
alfworld,rank,deepseek,ID,1,full_rank,0.01,0.5,0.7,20,,,0
alfworld,rank,deepseek,ID,1,top10,0.01,0.0,0.0,20,20,1.0,20
alfworld,rank,deepseek,ID,1,top10,0.01,0.0,0.1,20,20,1.0,16
alfworld,rank,deepseek,ID,1,top10,0.01,0.0,0.2,20,20,1.0,19
alfworld,rank,deepseek,ID,1,top10,0.01,0.0,0.3,20,20,1.0,16
alfworld,rank,deepseek,ID,1,top10,0.01,0.0,0.5,20,30,1.5,17
alfworld,rank,deepseek,ID,1,top10,0.01,0.0,0.7,20,30,1.5,10
alfworld,rank,deepseek,ID,1,top10,0.01,0.05,0.0,20,20,1.0,20
alfworld,rank,deepseek,ID,1,top10,0.01,0.05,0.1,20,20,1.0,19
alfworld,rank,deepseek,ID,1,top10,0.01,0.05,0.2,20,20,1.0,15
alfworld,rank,deepseek,ID,1,top10,0.01,0.05,0.3,20,20,1.0,14
alfworld,rank,deepseek,ID,1,top10,0.01,0.05,0.5,20,30,1.5,15
alfworld,rank,deepseek,ID,1,top10,0.01,0.05,0.7,20,30,1.5,8
alfworld,rank,deepseek,ID,1,top10,0.01,0.1,0.0,20,20,1.0,20
alfworld,rank,deepseek,ID,1,top10,0.01,0.1,0.1,20,30,1.5,27
alfworld,rank,deepseek,ID,1,top10,0.01,0.1,0.2,20,30,1.5,28
alfworld,rank,deepseek,ID,1,top10,0.01,0.1,0.3,20,20,1.0,15
alfworld,rank,deepseek,ID,1,top10,0.01,0.1,0.5,20,30,1.5,15
alfworld,rank,deepseek,ID,1,top10,0.01,0.1,0.7,20,50,2.5,13
alfworld,rank,deepseek,ID,1,top10,0.01,0.15,0.0,20,20,1.0,20
alfworld,rank,deepseek,ID,1,top10,0.01,0.15,0.1,20,30,1.5,30
alfworld,rank,deepseek,ID,1,top10,0.01,0.15,0.2,20,20,1.0,16
alfworld,rank,deepseek,ID,1,top10,0.01,0.15,0.3,20,30,1.5,24
alfworld,rank,deepseek,ID,1,top10,0.01,0.15,0.5,20,30,1.5,15
alfworld,rank,deepseek,ID,1,top10,0.01,0.15,0.7,20,50,2.5,18
alfworld,rank,deepseek,ID,1,top10,0.01,0.2,0.0,20,20,1.0,20
alfworld,rank,deepseek,ID,1,top10,0.01,0.2,0.1,20,30,1.5,27
alfworld,rank,deepseek,ID,1,top10,0.01,0.2,0.2,20,30,1.5,22
alfworld,rank,deepseek,ID,1,top10,0.01,0.2,0.3,20,20,1.0,13
alfworld,rank,deepseek,ID,1,top10,0.01,0.2,0.5,20,50,2.5,28
alfworld,rank,deepseek,ID,1,top10,0.01,0.2,0.7,20,80,4.0,26
alfworld,rank,deepseek,ID,1,top10,0.01,0.3,0.0,20,30,1.5,30
alfworld,rank,deepseek,ID,1,top10,0.01,0.3,0.1,20,50,2.5,47
alfworld,rank,deepseek,ID,1,top10,0.01,0.3,0.2,20,50,2.5,42
alfworld,rank,deepseek,ID,1,top10,0.01,0.3,0.3,20,50,2.5,35
alfworld,rank,deepseek,ID,1,top10,0.01,0.3,0.5,20,100,5.0,48
alfworld,rank,deepseek,ID,1,top10,0.01,0.3,0.7,20,100,5.0,24
alfworld,rank,deepseek,ID,1,top10,0.01,0.5,0.0,20,,,0
alfworld,rank,deepseek,ID,1,top10,0.01,0.5,0.1,20,,,0
alfworld,rank,deepseek,ID,1,top10,0.01,0.5,0.2,20,,,0
alfworld,rank,deepseek,ID,1,top10,0.01,0.5,0.3,20,,,0
alfworld,rank,deepseek,ID,1,top10,0.01,0.5,0.5,20,,,0
alfworld,rank,deepseek,ID,1,top10,0.01,0.5,0.7,20,,,0
alfworld,rank,deepseek,ID,1,top2,0.01,0.0,0.0,10,10,1.0,10
alfworld,rank,deepseek,ID,1,top2,0.01,0.0,0.1,10,10,1.0,10
alfworld,rank,deepseek,ID,1,top2,0.01,0.0,0.2,10,10,1.0,7
alfworld,rank,deepseek,ID,1,top2,0.01,0.0,0.3,10,10,1.0,7
alfworld,rank,deepseek,ID,1,top2,0.01,0.0,0.5,10,10,1.0,9
alfworld,rank,deepseek,ID,1,top2,0.01,0.0,0.7,10,20,2.0,7
alfworld,rank,deepseek,ID,1,top2,0.01,0.05,0.0,10,20,2.0,20
alfworld,rank,deepseek,ID,1,top2,0.01,0.05,0.1,10,20,2.0,17
alfworld,rank,deepseek,ID,1,top2,0.01,0.05,0.2,10,10,1.0,7
alfworld,rank,deepseek,ID,1,top2,0.01,0.05,0.3,10,10,1.0,9
alfworld,rank,deepseek,ID,1,top2,0.01,0.05,0.5,10,20,2.0,13
alfworld,rank,deepseek,ID,1,top2,0.01,0.05,0.7,10,20,2.0,8
alfworld,rank,deepseek,ID,1,top2,0.01,0.1,0.0,10,20,2.0,20
alfworld,rank,deepseek,ID,1,top2,0.01,0.1,0.1,10,20,2.0,18
alfworld,rank,deepseek,ID,1,top2,0.01,0.1,0.2,10,10,1.0,7
alfworld,rank,deepseek,ID,1,top2,0.01,0.1,0.3,10,20,2.0,19
alfworld,rank,deepseek,ID,1,top2,0.01,0.1,0.5,10,50,5.0,24
alfworld,rank,deepseek,ID,1,top2,0.01,0.1,0.7,10,20,2.0,8
alfworld,rank,deepseek,ID,1,top2,0.01,0.15,0.0,10,20,2.0,20
alfworld,rank,deepseek,ID,1,top2,0.01,0.15,0.1,10,10,1.0,9
alfworld,rank,deepseek,ID,1,top2,0.01,0.15,0.2,10,20,2.0,17
alfworld,rank,deepseek,ID,1,top2,0.01,0.15,0.3,10,10,1.0,7
alfworld,rank,deepseek,ID,1,top2,0.01,0.15,0.5,10,10,1.0,7
alfworld,rank,deepseek,ID,1,top2,0.01,0.15,0.7,10,50,5.0,18
alfworld,rank,deepseek,ID,1,top2,0.01,0.2,0.0,10,50,5.0,50
alfworld,rank,deepseek,ID,1,top2,0.01,0.2,0.1,10,20,2.0,19
alfworld,rank,deepseek,ID,1,top2,0.01,0.2,0.2,10,50,5.0,39
alfworld,rank,deepseek,ID,1,top2,0.01,0.2,0.3,10,80,8.0,56
alfworld,rank,deepseek,ID,1,top2,0.01,0.2,0.5,10,30,3.0,16
alfworld,rank,deepseek,ID,1,top2,0.01,0.2,0.7,10,80,8.0,28
alfworld,rank,deepseek,ID,1,top2,0.01,0.3,0.0,10,80,8.0,80
alfworld,rank,deepseek,ID,1,top2,0.01,0.3,0.1,10,30,3.0,29
alfworld,rank,deepseek,ID,1,top2,0.01,0.3,0.2,10,20,2.0,19
alfworld,rank,deepseek,ID,1,top2,0.01,0.3,0.3,10,100,10.0,76
alfworld,rank,deepseek,ID,1,top2,0.01,0.3,0.5,10,50,5.0,22
alfworld,rank,deepseek,ID,1,top2,0.01,0.3,0.7,10,20,2.0,8
alfworld,rank,deepseek,ID,1,top2,0.01,0.5,0.0,10,80,8.0,80
alfworld,rank,deepseek,ID,1,top2,0.01,0.5,0.1,10,,,0
alfworld,rank,deepseek,ID,1,top2,0.01,0.5,0.2,10,,,0
alfworld,rank,deepseek,ID,1,top2,0.01,0.5,0.3,10,,,0
alfworld,rank,deepseek,ID,1,top2,0.01,0.5,0.5,10,,,0
alfworld,rank,deepseek,ID,1,top2,0.01,0.5,0.7,10,,,0
alfworld,rank,deepseek,ID,1,top3,0.01,0.0,0.0,10,10,1.0,10
alfworld,rank,deepseek,ID,1,top3,0.01,0.0,0.1,10,20,2.0,19
alfworld,rank,deepseek,ID,1,top3,0.01,0.0,0.2,10,10,1.0,7
alfworld,rank,deepseek,ID,1,top3,0.01,0.0,0.3,10,10,1.0,8
alfworld,rank,deepseek,ID,1,top3,0.01,0.0,0.5,10,10,1.0,9
alfworld,rank,deepseek,ID,1,top3,0.01,0.0,0.7,10,50,5.0,15
alfworld,rank,deepseek,ID,1,top3,0.01,0.05,0.0,10,10,1.0,10
alfworld,rank,deepseek,ID,1,top3,0.01,0.05,0.1,10,20,2.0,16
alfworld,rank,deepseek,ID,1,top3,0.01,0.05,0.2,10,10,1.0,9
alfworld,rank,deepseek,ID,1,top3,0.01,0.05,0.3,10,20,2.0,14
alfworld,rank,deepseek,ID,1,top3,0.01,0.05,0.5,10,20,2.0,12
alfworld,rank,deepseek,ID,1,top3,0.01,0.05,0.7,10,30,3.0,12
alfworld,rank,deepseek,ID,1,top3,0.01,0.1,0.0,10,20,2.0,20
alfworld,rank,deepseek,ID,1,top3,0.01,0.1,0.1,10,20,2.0,16
alfworld,rank,deepseek,ID,1,top3,0.01,0.1,0.2,10,10,1.0,8
alfworld,rank,deepseek,ID,1,top3,0.01,0.1,0.3,10,30,3.0,16
alfworld,rank,deepseek,ID,1,top3,0.01,0.1,0.5,10,30,3.0,15
alfworld,rank,deepseek,ID,1,top3,0.01,0.1,0.7,10,80,8.0,24
alfworld,rank,deepseek,ID,1,top3,0.01,0.15,0.0,10,10,1.0,10
alfworld,rank,deepseek,ID,1,top3,0.01,0.15,0.1,10,20,2.0,20
alfworld,rank,deepseek,ID,1,top3,0.01,0.15,0.2,10,10,1.0,8
alfworld,rank,deepseek,ID,1,top3,0.01,0.15,0.3,10,50,5.0,32
alfworld,rank,deepseek,ID,1,top3,0.01,0.15,0.5,10,20,2.0,14
alfworld,rank,deepseek,ID,1,top3,0.01,0.15,0.7,10,50,5.0,11
alfworld,rank,deepseek,ID,1,top3,0.01,0.2,0.0,10,20,2.0,20
alfworld,rank,deepseek,ID,1,top3,0.01,0.2,0.1,10,50,5.0,47
alfworld,rank,deepseek,ID,1,top3,0.01,0.2,0.2,10,20,2.0,16
alfworld,rank,deepseek,ID,1,top3,0.01,0.2,0.3,10,30,3.0,24
alfworld,rank,deepseek,ID,1,top3,0.01,0.2,0.5,10,50,5.0,25
alfworld,rank,deepseek,ID,1,top3,0.01,0.2,0.7,10,80,8.0,21
alfworld,rank,deepseek,ID,1,top3,0.01,0.3,0.0,10,20,2.0,20
alfworld,rank,deepseek,ID,1,top3,0.01,0.3,0.1,10,50,5.0,45
alfworld,rank,deepseek,ID,1,top3,0.01,0.3,0.2,10,20,2.0,14
alfworld,rank,deepseek,ID,1,top3,0.01,0.3,0.3,10,30,3.0,23
alfworld,rank,deepseek,ID,1,top3,0.01,0.3,0.5,10,100,10.0,50
alfworld,rank,deepseek,ID,1,top3,0.01,0.3,0.7,10,80,8.0,23
alfworld,rank,deepseek,ID,1,top3,0.01,0.5,0.0,10,,,0
alfworld,rank,deepseek,ID,1,top3,0.01,0.5,0.1,10,,,0
alfworld,rank,deepseek,ID,1,top3,0.01,0.5,0.2,10,,,0
alfworld,rank,deepseek,ID,1,top3,0.01,0.5,0.3,10,,,0
alfworld,rank,deepseek,ID,1,top3,0.01,0.5,0.5,10,,,0
alfworld,rank,deepseek,ID,1,top3,0.01,0.5,0.7,10,,,0
alfworld,rank,deepseek,ID,1,top5,0.01,0.0,0.0,20,20,1.0,20
alfworld,rank,deepseek,ID,1,top5,0.01,0.0,0.1,20,20,1.0,19
alfworld,rank,deepseek,ID,1,top5,0.01,0.0,0.2,20,20,1.0,15
alfworld,rank,deepseek,ID,1,top5,0.01,0.0,0.3,20,20,1.0,14
alfworld,rank,deepseek,ID,1,top5,0.01,0.0,0.5,20,20,1.0,11
alfworld,rank,deepseek,ID,1,top5,0.01,0.0,0.7,20,20,1.0,7
alfworld,rank,deepseek,ID,1,top5,0.01,0.05,0.0,20,20,1.0,20
alfworld,rank,deepseek,ID,1,top5,0.01,0.05,0.1,20,20,1.0,19
alfworld,rank,deepseek,ID,1,top5,0.01,0.05,0.2,20,20,1.0,14
alfworld,rank,deepseek,ID,1,top5,0.01,0.05,0.3,20,20,1.0,14
alfworld,rank,deepseek,ID,1,top5,0.01,0.05,0.5,20,20,1.0,10
alfworld,rank,deepseek,ID,1,top5,0.01,0.05,0.7,20,30,1.5,10
alfworld,rank,deepseek,ID,1,top5,0.01,0.1,0.0,20,20,1.0,20
alfworld,rank,deepseek,ID,1,top5,0.01,0.1,0.1,20,20,1.0,17
alfworld,rank,deepseek,ID,1,top5,0.01,0.1,0.2,20,10,0.5,7
alfworld,rank,deepseek,ID,1,top5,0.01,0.1,0.3,20,20,1.0,15
alfworld,rank,deepseek,ID,1,top5,0.01,0.1,0.5,20,20,1.0,14
alfworld,rank,deepseek,ID,1,top5,0.01,0.1,0.7,20,20,1.0,7
alfworld,rank,deepseek,ID,1,top5,0.01,0.15,0.0,20,20,1.0,20
alfworld,rank,deepseek,ID,1,top5,0.01,0.15,0.1,20,20,1.0,19
alfworld,rank,deepseek,ID,1,top5,0.01,0.15,0.2,20,20,1.0,19
alfworld,rank,deepseek,ID,1,top5,0.01,0.15,0.3,20,20,1.0,17
alfworld,rank,deepseek,ID,1,top5,0.01,0.15,0.5,20,30,1.5,18
alfworld,rank,deepseek,ID,1,top5,0.01,0.15,0.7,20,50,2.5,19
alfworld,rank,deepseek,ID,1,top5,0.01,0.2,0.0,20,30,1.5,30
alfworld,rank,deepseek,ID,1,top5,0.01,0.2,0.1,20,20,1.0,19
alfworld,rank,deepseek,ID,1,top5,0.01,0.2,0.2,20,30,1.5,25
alfworld,rank,deepseek,ID,1,top5,0.01,0.2,0.3,20,80,4.0,56
alfworld,rank,deepseek,ID,1,top5,0.01,0.2,0.5,20,50,2.5,27
alfworld,rank,deepseek,ID,1,top5,0.01,0.2,0.7,20,50,2.5,23
alfworld,rank,deepseek,ID,1,top5,0.01,0.3,0.0,20,30,1.5,30
alfworld,rank,deepseek,ID,1,top5,0.01,0.3,0.1,20,50,2.5,43
alfworld,rank,deepseek,ID,1,top5,0.01,0.3,0.2,20,50,2.5,39
alfworld,rank,deepseek,ID,1,top5,0.01,0.3,0.3,20,50,2.5,30
alfworld,rank,deepseek,ID,1,top5,0.01,0.3,0.5,20,80,4.0,48
alfworld,rank,deepseek,ID,1,top5,0.01,0.3,0.7,20,150,7.5,46
alfworld,rank,deepseek,ID,1,top5,0.01,0.5,0.0,20,,,0
alfworld,rank,deepseek,ID,1,top5,0.01,0.5,0.1,20,,,0
alfworld,rank,deepseek,ID,1,top5,0.01,0.5,0.2,20,,,0
alfworld,rank,deepseek,ID,1,top5,0.01,0.5,0.3,20,,,0
alfworld,rank,deepseek,ID,1,top5,0.01,0.5,0.5,20,,,0
alfworld,rank,deepseek,ID,1,top5,0.01,0.5,0.7,20,,,0
alfworld,rank,deepseek,ID,2,full_rank,0.01,0.0,0.0,20,20,1.0,20
alfworld,rank,deepseek,ID,2,full_rank,0.01,0.0,0.1,20,20,1.0,16
alfworld,rank,deepseek,ID,2,full_rank,0.01,0.0,0.2,20,20,1.0,15
alfworld,rank,deepseek,ID,2,full_rank,0.01,0.0,0.3,20,20,1.0,13
alfworld,rank,deepseek,ID,2,full_rank,0.01,0.0,0.5,20,20,1.0,11
alfworld,rank,deepseek,ID,2,full_rank,0.01,0.0,0.7,20,50,2.5,12
alfworld,rank,deepseek,ID,2,full_rank,0.01,0.05,0.0,20,20,1.0,20
alfworld,rank,deepseek,ID,2,full_rank,0.01,0.05,0.1,20,20,1.0,18
alfworld,rank,deepseek,ID,2,full_rank,0.01,0.05,0.2,20,20,1.0,16
alfworld,rank,deepseek,ID,2,full_rank,0.01,0.05,0.3,20,50,2.5,32
alfworld,rank,deepseek,ID,2,full_rank,0.01,0.05,0.5,20,20,1.0,11
alfworld,rank,deepseek,ID,2,full_rank,0.01,0.05,0.7,20,30,1.5,11
alfworld,rank,deepseek,ID,2,full_rank,0.01,0.1,0.0,20,20,1.0,20
alfworld,rank,deepseek,ID,2,full_rank,0.01,0.1,0.1,20,20,1.0,20
alfworld,rank,deepseek,ID,2,full_rank,0.01,0.1,0.2,20,20,1.0,18
alfworld,rank,deepseek,ID,2,full_rank,0.01,0.1,0.3,20,20,1.0,15
alfworld,rank,deepseek,ID,2,full_rank,0.01,0.1,0.5,20,20,1.0,12
alfworld,rank,deepseek,ID,2,full_rank,0.01,0.1,0.7,20,50,2.5,12
alfworld,rank,deepseek,ID,2,full_rank,0.01,0.15,0.0,20,30,1.5,30
alfworld,rank,deepseek,ID,2,full_rank,0.01,0.15,0.1,20,20,1.0,19
alfworld,rank,deepseek,ID,2,full_rank,0.01,0.15,0.2,20,30,1.5,22
alfworld,rank,deepseek,ID,2,full_rank,0.01,0.15,0.3,20,30,1.5,28
alfworld,rank,deepseek,ID,2,full_rank,0.01,0.15,0.5,20,30,1.5,19
alfworld,rank,deepseek,ID,2,full_rank,0.01,0.15,0.7,20,80,4.0,23
alfworld,rank,deepseek,ID,2,full_rank,0.01,0.2,0.0,20,30,1.5,30
alfworld,rank,deepseek,ID,2,full_rank,0.01,0.2,0.1,20,20,1.0,19
alfworld,rank,deepseek,ID,2,full_rank,0.01,0.2,0.2,20,30,1.5,24
alfworld,rank,deepseek,ID,2,full_rank,0.01,0.2,0.3,20,50,2.5,36
alfworld,rank,deepseek,ID,2,full_rank,0.01,0.2,0.5,20,50,2.5,30
alfworld,rank,deepseek,ID,2,full_rank,0.01,0.2,0.7,20,80,4.0,20
alfworld,rank,deepseek,ID,2,full_rank,0.01,0.3,0.0,20,30,1.5,30
alfworld,rank,deepseek,ID,2,full_rank,0.01,0.3,0.1,20,80,4.0,70
alfworld,rank,deepseek,ID,2,full_rank,0.01,0.3,0.2,20,80,4.0,65
alfworld,rank,deepseek,ID,2,full_rank,0.01,0.3,0.3,20,50,2.5,40
alfworld,rank,deepseek,ID,2,full_rank,0.01,0.3,0.5,20,80,4.0,46
alfworld,rank,deepseek,ID,2,full_rank,0.01,0.3,0.7,20,100,5.0,24
alfworld,rank,deepseek,ID,2,full_rank,0.01,0.5,0.0,20,,,0
alfworld,rank,deepseek,ID,2,full_rank,0.01,0.5,0.1,20,,,0
alfworld,rank,deepseek,ID,2,full_rank,0.01,0.5,0.2,20,,,0
alfworld,rank,deepseek,ID,2,full_rank,0.01,0.5,0.3,20,,,0
alfworld,rank,deepseek,ID,2,full_rank,0.01,0.5,0.5,20,,,0
alfworld,rank,deepseek,ID,2,full_rank,0.01,0.5,0.7,20,,,0
alfworld,rank,deepseek,ID,2,top10,0.01,0.0,0.0,20,20,1.0,20
alfworld,rank,deepseek,ID,2,top10,0.01,0.0,0.1,20,20,1.0,18
alfworld,rank,deepseek,ID,2,top10,0.01,0.0,0.2,20,20,1.0,14
alfworld,rank,deepseek,ID,2,top10,0.01,0.0,0.3,20,20,1.0,14
alfworld,rank,deepseek,ID,2,top10,0.01,0.0,0.5,20,20,1.0,11
alfworld,rank,deepseek,ID,2,top10,0.01,0.0,0.7,20,50,2.5,16
alfworld,rank,deepseek,ID,2,top10,0.01,0.05,0.0,20,20,1.0,20
alfworld,rank,deepseek,ID,2,top10,0.01,0.05,0.1,20,20,1.0,19
alfworld,rank,deepseek,ID,2,top10,0.01,0.05,0.2,20,20,1.0,17
alfworld,rank,deepseek,ID,2,top10,0.01,0.05,0.3,20,20,1.0,16
alfworld,rank,deepseek,ID,2,top10,0.01,0.05,0.5,20,50,2.5,24
alfworld,rank,deepseek,ID,2,top10,0.01,0.05,0.7,20,80,4.0,25
alfworld,rank,deepseek,ID,2,top10,0.01,0.1,0.0,20,20,1.0,20
alfworld,rank,deepseek,ID,2,top10,0.01,0.1,0.1,20,30,1.5,27
alfworld,rank,deepseek,ID,2,top10,0.01,0.1,0.2,20,20,1.0,17
alfworld,rank,deepseek,ID,2,top10,0.01,0.1,0.3,20,30,1.5,22
alfworld,rank,deepseek,ID,2,top10,0.01,0.1,0.5,20,50,2.5,28
alfworld,rank,deepseek,ID,2,top10,0.01,0.1,0.7,20,80,4.0,36
alfworld,rank,deepseek,ID,2,top10,0.01,0.15,0.0,20,20,1.0,20
alfworld,rank,deepseek,ID,2,top10,0.01,0.15,0.1,20,20,1.0,19
alfworld,rank,deepseek,ID,2,top10,0.01,0.15,0.2,20,30,1.5,23
alfworld,rank,deepseek,ID,2,top10,0.01,0.15,0.3,20,20,1.0,13
alfworld,rank,deepseek,ID,2,top10,0.01,0.15,0.5,20,50,2.5,31
alfworld,rank,deepseek,ID,2,top10,0.01,0.15,0.7,20,100,5.0,33
alfworld,rank,deepseek,ID,2,top10,0.01,0.2,0.0,20,30,1.5,30
alfworld,rank,deepseek,ID,2,top10,0.01,0.2,0.1,20,50,2.5,43
alfworld,rank,deepseek,ID,2,top10,0.01,0.2,0.2,20,30,1.5,24
alfworld,rank,deepseek,ID,2,top10,0.01,0.2,0.3,20,50,2.5,34
alfworld,rank,deepseek,ID,2,top10,0.01,0.2,0.5,20,30,1.5,20
alfworld,rank,deepseek,ID,2,top10,0.01,0.2,0.7,20,80,4.0,32
alfworld,rank,deepseek,ID,2,top10,0.01,0.3,0.0,20,50,2.5,50
alfworld,rank,deepseek,ID,2,top10,0.01,0.3,0.1,20,10,0.5,9
alfworld,rank,deepseek,ID,2,top10,0.01,0.3,0.2,20,50,2.5,38
alfworld,rank,deepseek,ID,2,top10,0.01,0.3,0.3,20,150,7.5,97
alfworld,rank,deepseek,ID,2,top10,0.01,0.3,0.5,20,10,0.5,8
alfworld,rank,deepseek,ID,2,top10,0.01,0.3,0.7,20,50,2.5,17
alfworld,rank,deepseek,ID,2,top10,0.01,0.5,0.0,20,,,0
alfworld,rank,deepseek,ID,2,top10,0.01,0.5,0.1,20,,,0
alfworld,rank,deepseek,ID,2,top10,0.01,0.5,0.2,20,,,0
alfworld,rank,deepseek,ID,2,top10,0.01,0.5,0.3,20,,,0
alfworld,rank,deepseek,ID,2,top10,0.01,0.5,0.5,20,,,0
alfworld,rank,deepseek,ID,2,top10,0.01,0.5,0.7,20,,,0
alfworld,rank,deepseek,ID,2,top2,0.01,0.0,0.0,10,10,1.0,10
alfworld,rank,deepseek,ID,2,top2,0.01,0.0,0.1,10,10,1.0,8
alfworld,rank,deepseek,ID,2,top2,0.01,0.0,0.2,10,10,1.0,8
alfworld,rank,deepseek,ID,2,top2,0.01,0.0,0.3,10,20,2.0,13
alfworld,rank,deepseek,ID,2,top2,0.01,0.0,0.5,10,20,2.0,8
alfworld,rank,deepseek,ID,2,top2,0.01,0.0,0.7,10,30,3.0,8
alfworld,rank,deepseek,ID,2,top2,0.01,0.05,0.0,10,10,1.0,10
alfworld,rank,deepseek,ID,2,top2,0.01,0.05,0.1,10,10,1.0,10
alfworld,rank,deepseek,ID,2,top2,0.01,0.05,0.2,10,10,1.0,7
alfworld,rank,deepseek,ID,2,top2,0.01,0.05,0.3,10,10,1.0,9
alfworld,rank,deepseek,ID,2,top2,0.01,0.05,0.5,10,10,1.0,7
alfworld,rank,deepseek,ID,2,top2,0.01,0.05,0.7,10,30,3.0,9
alfworld,rank,deepseek,ID,2,top2,0.01,0.1,0.0,10,20,2.0,20
alfworld,rank,deepseek,ID,2,top2,0.01,0.1,0.1,10,20,2.0,19
alfworld,rank,deepseek,ID,2,top2,0.01,0.1,0.2,10,10,1.0,8
alfworld,rank,deepseek,ID,2,top2,0.01,0.1,0.3,10,20,2.0,13
alfworld,rank,deepseek,ID,2,top2,0.01,0.1,0.5,10,30,3.0,14
alfworld,rank,deepseek,ID,2,top2,0.01,0.1,0.7,10,50,5.0,11
alfworld,rank,deepseek,ID,2,top2,0.01,0.15,0.0,10,10,1.0,10
alfworld,rank,deepseek,ID,2,top2,0.01,0.15,0.1,10,20,2.0,18
alfworld,rank,deepseek,ID,2,top2,0.01,0.15,0.2,10,30,3.0,25
alfworld,rank,deepseek,ID,2,top2,0.01,0.15,0.3,10,10,1.0,8
alfworld,rank,deepseek,ID,2,top2,0.01,0.15,0.5,10,30,3.0,15
alfworld,rank,deepseek,ID,2,top2,0.01,0.15,0.7,10,80,8.0,23
alfworld,rank,deepseek,ID,2,top2,0.01,0.2,0.0,10,20,2.0,20
alfworld,rank,deepseek,ID,2,top2,0.01,0.2,0.1,10,10,1.0,10
alfworld,rank,deepseek,ID,2,top2,0.01,0.2,0.2,10,50,5.0,38
alfworld,rank,deepseek,ID,2,top2,0.01,0.2,0.3,10,30,3.0,21
alfworld,rank,deepseek,ID,2,top2,0.01,0.2,0.5,10,50,5.0,32
alfworld,rank,deepseek,ID,2,top2,0.01,0.2,0.7,10,50,5.0,26
alfworld,rank,deepseek,ID,2,top2,0.01,0.3,0.0,10,20,2.0,20
alfworld,rank,deepseek,ID,2,top2,0.01,0.3,0.1,10,30,3.0,28
alfworld,rank,deepseek,ID,2,top2,0.01,0.3,0.2,10,20,2.0,17
alfworld,rank,deepseek,ID,2,top2,0.01,0.3,0.3,10,100,10.0,75
alfworld,rank,deepseek,ID,2,top2,0.01,0.3,0.5,10,50,5.0,28
alfworld,rank,deepseek,ID,2,top2,0.01,0.3,0.7,10,80,8.0,29
alfworld,rank,deepseek,ID,2,top2,0.01,0.5,0.0,10,,,0
alfworld,rank,deepseek,ID,2,top2,0.01,0.5,0.1,10,,,0
alfworld,rank,deepseek,ID,2,top2,0.01,0.5,0.2,10,,,0
alfworld,rank,deepseek,ID,2,top2,0.01,0.5,0.3,10,,,0
alfworld,rank,deepseek,ID,2,top2,0.01,0.5,0.5,10,,,0
alfworld,rank,deepseek,ID,2,top2,0.01,0.5,0.7,10,,,0
alfworld,rank,deepseek,ID,2,top3,0.01,0.0,0.0,20,20,1.0,20
alfworld,rank,deepseek,ID,2,top3,0.01,0.0,0.1,20,20,1.0,17
alfworld,rank,deepseek,ID,2,top3,0.01,0.0,0.2,20,20,1.0,16
alfworld,rank,deepseek,ID,2,top3,0.01,0.0,0.3,20,20,1.0,15
alfworld,rank,deepseek,ID,2,top3,0.01,0.0,0.5,20,30,1.5,18
alfworld,rank,deepseek,ID,2,top3,0.01,0.0,0.7,20,30,1.5,12
alfworld,rank,deepseek,ID,2,top3,0.01,0.05,0.0,20,20,1.0,20
alfworld,rank,deepseek,ID,2,top3,0.01,0.05,0.1,20,20,1.0,18
alfworld,rank,deepseek,ID,2,top3,0.01,0.05,0.2,20,20,1.0,12
alfworld,rank,deepseek,ID,2,top3,0.01,0.05,0.3,20,20,1.0,16
alfworld,rank,deepseek,ID,2,top3,0.01,0.05,0.5,20,30,1.5,17
alfworld,rank,deepseek,ID,2,top3,0.01,0.05,0.7,20,50,2.5,14
alfworld,rank,deepseek,ID,2,top3,0.01,0.1,0.0,20,20,1.0,20
alfworld,rank,deepseek,ID,2,top3,0.01,0.1,0.1,20,30,1.5,24
alfworld,rank,deepseek,ID,2,top3,0.01,0.1,0.2,20,30,1.5,29
alfworld,rank,deepseek,ID,2,top3,0.01,0.1,0.3,20,20,1.0,10
alfworld,rank,deepseek,ID,2,top3,0.01,0.1,0.5,20,20,1.0,8
alfworld,rank,deepseek,ID,2,top3,0.01,0.1,0.7,20,50,2.5,14
alfworld,rank,deepseek,ID,2,top3,0.01,0.15,0.0,20,20,1.0,20
alfworld,rank,deepseek,ID,2,top3,0.01,0.15,0.1,20,20,1.0,20
alfworld,rank,deepseek,ID,2,top3,0.01,0.15,0.2,20,20,1.0,17
alfworld,rank,deepseek,ID,2,top3,0.01,0.15,0.3,20,30,1.5,21
alfworld,rank,deepseek,ID,2,top3,0.01,0.15,0.5,20,50,2.5,24
alfworld,rank,deepseek,ID,2,top3,0.01,0.15,0.7,20,20,1.0,7
alfworld,rank,deepseek,ID,2,top3,0.01,0.2,0.0,20,30,1.5,30
alfworld,rank,deepseek,ID,2,top3,0.01,0.2,0.1,20,30,1.5,28
alfworld,rank,deepseek,ID,2,top3,0.01,0.2,0.2,20,20,1.0,17
alfworld,rank,deepseek,ID,2,top3,0.01,0.2,0.3,20,50,2.5,34
alfworld,rank,deepseek,ID,2,top3,0.01,0.2,0.5,20,50,2.5,24
alfworld,rank,deepseek,ID,2,top3,0.01,0.2,0.7,20,50,2.5,14
alfworld,rank,deepseek,ID,2,top3,0.01,0.3,0.0,20,20,1.0,20
alfworld,rank,deepseek,ID,2,top3,0.01,0.3,0.1,20,20,1.0,19
alfworld,rank,deepseek,ID,2,top3,0.01,0.3,0.2,20,100,5.0,76
alfworld,rank,deepseek,ID,2,top3,0.01,0.3,0.3,20,30,1.5,21
alfworld,rank,deepseek,ID,2,top3,0.01,0.3,0.5,20,80,4.0,38
alfworld,rank,deepseek,ID,2,top3,0.01,0.3,0.7,20,150,7.5,55
alfworld,rank,deepseek,ID,2,top3,0.01,0.5,0.0,20,,,0
alfworld,rank,deepseek,ID,2,top3,0.01,0.5,0.1,20,,,0
alfworld,rank,deepseek,ID,2,top3,0.01,0.5,0.2,20,,,0
alfworld,rank,deepseek,ID,2,top3,0.01,0.5,0.3,20,,,0
alfworld,rank,deepseek,ID,2,top3,0.01,0.5,0.5,20,,,0
alfworld,rank,deepseek,ID,2,top3,0.01,0.5,0.7,20,,,0
alfworld,rank,deepseek,ID,2,top5,0.01,0.0,0.0,20,20,1.0,20
alfworld,rank,deepseek,ID,2,top5,0.01,0.0,0.1,20,20,1.0,18
alfworld,rank,deepseek,ID,2,top5,0.01,0.0,0.2,20,20,1.0,18
alfworld,rank,deepseek,ID,2,top5,0.01,0.0,0.3,20,20,1.0,13
alfworld,rank,deepseek,ID,2,top5,0.01,0.0,0.5,20,30,1.5,14
alfworld,rank,deepseek,ID,2,top5,0.01,0.0,0.7,20,50,2.5,11
alfworld,rank,deepseek,ID,2,top5,0.01,0.05,0.0,20,20,1.0,20
alfworld,rank,deepseek,ID,2,top5,0.01,0.05,0.1,20,20,1.0,19
alfworld,rank,deepseek,ID,2,top5,0.01,0.05,0.2,20,20,1.0,17
alfworld,rank,deepseek,ID,2,top5,0.01,0.05,0.3,20,30,1.5,22
alfworld,rank,deepseek,ID,2,top5,0.01,0.05,0.5,20,30,1.5,13
alfworld,rank,deepseek,ID,2,top5,0.01,0.05,0.7,20,50,2.5,18
alfworld,rank,deepseek,ID,2,top5,0.01,0.1,0.0,20,30,1.5,30
alfworld,rank,deepseek,ID,2,top5,0.01,0.1,0.1,20,20,1.0,17
alfworld,rank,deepseek,ID,2,top5,0.01,0.1,0.2,20,30,1.5,20
alfworld,rank,deepseek,ID,2,top5,0.01,0.1,0.3,20,30,1.5,19
alfworld,rank,deepseek,ID,2,top5,0.01,0.1,0.5,20,50,2.5,21
alfworld,rank,deepseek,ID,2,top5,0.01,0.1,0.7,20,80,4.0,25
alfworld,rank,deepseek,ID,2,top5,0.01,0.15,0.0,20,30,1.5,30
alfworld,rank,deepseek,ID,2,top5,0.01,0.15,0.1,20,20,1.0,16
alfworld,rank,deepseek,ID,2,top5,0.01,0.15,0.2,20,20,1.0,17
alfworld,rank,deepseek,ID,2,top5,0.01,0.15,0.3,20,50,2.5,40
alfworld,rank,deepseek,ID,2,top5,0.01,0.15,0.5,20,30,1.5,17
alfworld,rank,deepseek,ID,2,top5,0.01,0.15,0.7,20,50,2.5,18
alfworld,rank,deepseek,ID,2,top5,0.01,0.2,0.0,20,30,1.5,30
alfworld,rank,deepseek,ID,2,top5,0.01,0.2,0.1,20,30,1.5,27
alfworld,rank,deepseek,ID,2,top5,0.01,0.2,0.2,20,80,4.0,58
alfworld,rank,deepseek,ID,2,top5,0.01,0.2,0.3,20,30,1.5,23
alfworld,rank,deepseek,ID,2,top5,0.01,0.2,0.5,20,100,5.0,53
alfworld,rank,deepseek,ID,2,top5,0.01,0.2,0.7,20,50,2.5,12
alfworld,rank,deepseek,ID,2,top5,0.01,0.3,0.0,20,30,1.5,30
alfworld,rank,deepseek,ID,2,top5,0.01,0.3,0.1,20,50,2.5,47
alfworld,rank,deepseek,ID,2,top5,0.01,0.3,0.2,20,80,4.0,61
alfworld,rank,deepseek,ID,2,top5,0.01,0.3,0.3,20,50,2.5,33
alfworld,rank,deepseek,ID,2,top5,0.01,0.3,0.5,20,50,2.5,27
alfworld,rank,deepseek,ID,2,top5,0.01,0.3,0.7,20,150,7.5,45
alfworld,rank,deepseek,ID,2,top5,0.01,0.5,0.0,20,,,0
alfworld,rank,deepseek,ID,2,top5,0.01,0.5,0.1,20,,,0
alfworld,rank,deepseek,ID,2,top5,0.01,0.5,0.2,20,,,0
alfworld,rank,deepseek,ID,2,top5,0.01,0.5,0.3,20,,,0
alfworld,rank,deepseek,ID,2,top5,0.01,0.5,0.5,20,,,0
alfworld,rank,deepseek,ID,2,top5,0.01,0.5,0.7,20,,,0
alfworld,rank,deepseek,ID,3,full_rank,0.01,0.0,0.0,20,20,1.0,20
alfworld,rank,deepseek,ID,3,full_rank,0.01,0.0,0.1,20,20,1.0,20
alfworld,rank,deepseek,ID,3,full_rank,0.01,0.0,0.2,20,20,1.0,17
alfworld,rank,deepseek,ID,3,full_rank,0.01,0.0,0.3,20,20,1.0,13
alfworld,rank,deepseek,ID,3,full_rank,0.01,0.0,0.5,20,20,1.0,10
alfworld,rank,deepseek,ID,3,full_rank,0.01,0.0,0.7,20,50,2.5,14
alfworld,rank,deepseek,ID,3,full_rank,0.01,0.05,0.0,20,20,1.0,20
alfworld,rank,deepseek,ID,3,full_rank,0.01,0.05,0.1,20,20,1.0,20
alfworld,rank,deepseek,ID,3,full_rank,0.01,0.05,0.2,20,20,1.0,15
alfworld,rank,deepseek,ID,3,full_rank,0.01,0.05,0.3,20,30,1.5,19
alfworld,rank,deepseek,ID,3,full_rank,0.01,0.05,0.5,20,20,1.0,16
alfworld,rank,deepseek,ID,3,full_rank,0.01,0.05,0.7,20,50,2.5,13
alfworld,rank,deepseek,ID,3,full_rank,0.01,0.1,0.0,20,30,1.5,30
alfworld,rank,deepseek,ID,3,full_rank,0.01,0.1,0.1,20,20,1.0,19
alfworld,rank,deepseek,ID,3,full_rank,0.01,0.1,0.2,20,10,0.5,7
alfworld,rank,deepseek,ID,3,full_rank,0.01,0.1,0.3,20,20,1.0,15
alfworld,rank,deepseek,ID,3,full_rank,0.01,0.1,0.5,20,30,1.5,22
alfworld,rank,deepseek,ID,3,full_rank,0.01,0.1,0.7,20,50,2.5,18
alfworld,rank,deepseek,ID,3,full_rank,0.01,0.15,0.0,20,30,1.5,30
alfworld,rank,deepseek,ID,3,full_rank,0.01,0.15,0.1,20,20,1.0,17
alfworld,rank,deepseek,ID,3,full_rank,0.01,0.15,0.2,20,20,1.0,15
alfworld,rank,deepseek,ID,3,full_rank,0.01,0.15,0.3,20,30,1.5,19
alfworld,rank,deepseek,ID,3,full_rank,0.01,0.15,0.5,20,50,2.5,26
alfworld,rank,deepseek,ID,3,full_rank,0.01,0.15,0.7,20,30,1.5,11
alfworld,rank,deepseek,ID,3,full_rank,0.01,0.2,0.0,20,50,2.5,50
alfworld,rank,deepseek,ID,3,full_rank,0.01,0.2,0.1,20,30,1.5,27
alfworld,rank,deepseek,ID,3,full_rank,0.01,0.2,0.2,20,50,2.5,43
alfworld,rank,deepseek,ID,3,full_rank,0.01,0.2,0.3,20,20,1.0,17
alfworld,rank,deepseek,ID,3,full_rank,0.01,0.2,0.5,20,50,2.5,28
alfworld,rank,deepseek,ID,3,full_rank,0.01,0.2,0.7,20,100,5.0,28
alfworld,rank,deepseek,ID,3,full_rank,0.01,0.3,0.0,20,20,1.0,20
alfworld,rank,deepseek,ID,3,full_rank,0.01,0.3,0.1,20,30,1.5,28
alfworld,rank,deepseek,ID,3,full_rank,0.01,0.3,0.2,20,30,1.5,26
alfworld,rank,deepseek,ID,3,full_rank,0.01,0.3,0.3,20,50,2.5,39
alfworld,rank,deepseek,ID,3,full_rank,0.01,0.3,0.5,20,20,1.0,14
alfworld,rank,deepseek,ID,3,full_rank,0.01,0.3,0.7,20,150,7.5,36
alfworld,rank,deepseek,ID,3,full_rank,0.01,0.5,0.0,20,,,0
alfworld,rank,deepseek,ID,3,full_rank,0.01,0.5,0.1,20,,,0
alfworld,rank,deepseek,ID,3,full_rank,0.01,0.5,0.2,20,200,10.0,163
alfworld,rank,deepseek,ID,3,full_rank,0.01,0.5,0.3,20,,,0
alfworld,rank,deepseek,ID,3,full_rank,0.01,0.5,0.5,20,100,5.0,49
alfworld,rank,deepseek,ID,3,full_rank,0.01,0.5,0.7,20,,,0
alfworld,rank,deepseek,ID,3,top10,0.01,0.0,0.0,20,20,1.0,20
alfworld,rank,deepseek,ID,3,top10,0.01,0.0,0.1,20,20,1.0,15
alfworld,rank,deepseek,ID,3,top10,0.01,0.0,0.2,20,20,1.0,11
alfworld,rank,deepseek,ID,3,top10,0.01,0.0,0.3,20,20,1.0,15
alfworld,rank,deepseek,ID,3,top10,0.01,0.0,0.5,20,30,1.5,14
alfworld,rank,deepseek,ID,3,top10,0.01,0.0,0.7,20,20,1.0,8
alfworld,rank,deepseek,ID,3,top10,0.01,0.05,0.0,20,20,1.0,20
alfworld,rank,deepseek,ID,3,top10,0.01,0.05,0.1,20,20,1.0,19
alfworld,rank,deepseek,ID,3,top10,0.01,0.05,0.2,20,30,1.5,24
alfworld,rank,deepseek,ID,3,top10,0.01,0.05,0.3,20,20,1.0,13
alfworld,rank,deepseek,ID,3,top10,0.01,0.05,0.5,20,30,1.5,12
alfworld,rank,deepseek,ID,3,top10,0.01,0.05,0.7,20,30,1.5,12
alfworld,rank,deepseek,ID,3,top10,0.01,0.1,0.0,20,30,1.5,30
alfworld,rank,deepseek,ID,3,top10,0.01,0.1,0.1,20,20,1.0,17
alfworld,rank,deepseek,ID,3,top10,0.01,0.1,0.2,20,20,1.0,18
alfworld,rank,deepseek,ID,3,top10,0.01,0.1,0.3,20,20,1.0,17
alfworld,rank,deepseek,ID,3,top10,0.01,0.1,0.5,20,20,1.0,11
alfworld,rank,deepseek,ID,3,top10,0.01,0.1,0.7,20,50,2.5,18
alfworld,rank,deepseek,ID,3,top10,0.01,0.15,0.0,20,20,1.0,20
alfworld,rank,deepseek,ID,3,top10,0.01,0.15,0.1,20,10,0.5,9
alfworld,rank,deepseek,ID,3,top10,0.01,0.15,0.2,20,30,1.5,25
alfworld,rank,deepseek,ID,3,top10,0.01,0.15,0.3,20,20,1.0,17
alfworld,rank,deepseek,ID,3,top10,0.01,0.15,0.5,20,30,1.5,16
alfworld,rank,deepseek,ID,3,top10,0.01,0.15,0.7,20,80,4.0,15
alfworld,rank,deepseek,ID,3,top10,0.01,0.2,0.0,20,30,1.5,30
alfworld,rank,deepseek,ID,3,top10,0.01,0.2,0.1,20,30,1.5,30
alfworld,rank,deepseek,ID,3,top10,0.01,0.2,0.2,20,20,1.0,18
alfworld,rank,deepseek,ID,3,top10,0.01,0.2,0.3,20,50,2.5,39
alfworld,rank,deepseek,ID,3,top10,0.01,0.2,0.5,20,50,2.5,26
alfworld,rank,deepseek,ID,3,top10,0.01,0.2,0.7,20,80,4.0,28
alfworld,rank,deepseek,ID,3,top10,0.01,0.3,0.0,20,50,2.5,50
alfworld,rank,deepseek,ID,3,top10,0.01,0.3,0.1,20,30,1.5,28
alfworld,rank,deepseek,ID,3,top10,0.01,0.3,0.2,20,80,4.0,65
alfworld,rank,deepseek,ID,3,top10,0.01,0.3,0.3,20,10,0.5,7
alfworld,rank,deepseek,ID,3,top10,0.01,0.3,0.5,20,80,4.0,44
alfworld,rank,deepseek,ID,3,top10,0.01,0.3,0.7,20,150,7.5,43
alfworld,rank,deepseek,ID,3,top10,0.01,0.5,0.0,20,,,0
alfworld,rank,deepseek,ID,3,top10,0.01,0.5,0.1,20,,,0
alfworld,rank,deepseek,ID,3,top10,0.01,0.5,0.2,20,,,0
alfworld,rank,deepseek,ID,3,top10,0.01,0.5,0.3,20,,,0
alfworld,rank,deepseek,ID,3,top10,0.01,0.5,0.5,20,,,0
alfworld,rank,deepseek,ID,3,top10,0.01,0.5,0.7,20,,,0
alfworld,rank,deepseek,ID,3,top2,0.01,0.0,0.0,20,20,1.0,20
alfworld,rank,deepseek,ID,3,top2,0.01,0.0,0.1,20,20,1.0,19
alfworld,rank,deepseek,ID,3,top2,0.01,0.0,0.2,20,20,1.0,18
alfworld,rank,deepseek,ID,3,top2,0.01,0.0,0.3,20,20,1.0,15
alfworld,rank,deepseek,ID,3,top2,0.01,0.0,0.5,20,20,1.0,9
alfworld,rank,deepseek,ID,3,top2,0.01,0.0,0.7,20,50,2.5,14
alfworld,rank,deepseek,ID,3,top2,0.01,0.05,0.0,20,20,1.0,20
alfworld,rank,deepseek,ID,3,top2,0.01,0.05,0.1,20,20,1.0,17
alfworld,rank,deepseek,ID,3,top2,0.01,0.05,0.2,20,20,1.0,17
alfworld,rank,deepseek,ID,3,top2,0.01,0.05,0.3,20,20,1.0,14
alfworld,rank,deepseek,ID,3,top2,0.01,0.05,0.5,20,20,1.0,10
alfworld,rank,deepseek,ID,3,top2,0.01,0.05,0.7,20,30,1.5,11
alfworld,rank,deepseek,ID,3,top2,0.01,0.1,0.0,20,20,1.0,20
alfworld,rank,deepseek,ID,3,top2,0.01,0.1,0.1,20,20,1.0,19
alfworld,rank,deepseek,ID,3,top2,0.01,0.1,0.2,20,10,0.5,7
alfworld,rank,deepseek,ID,3,top2,0.01,0.1,0.3,20,20,1.0,13
alfworld,rank,deepseek,ID,3,top2,0.01,0.1,0.5,20,20,1.0,11
alfworld,rank,deepseek,ID,3,top2,0.01,0.1,0.7,20,30,1.5,7
alfworld,rank,deepseek,ID,3,top2,0.01,0.15,0.0,20,20,1.0,20
alfworld,rank,deepseek,ID,3,top2,0.01,0.15,0.1,20,30,1.5,29
alfworld,rank,deepseek,ID,3,top2,0.01,0.15,0.2,20,20,1.0,14
alfworld,rank,deepseek,ID,3,top2,0.01,0.15,0.3,20,30,1.5,19
alfworld,rank,deepseek,ID,3,top2,0.01,0.15,0.5,20,50,2.5,25
alfworld,rank,deepseek,ID,3,top2,0.01,0.15,0.7,20,50,2.5,14
alfworld,rank,deepseek,ID,3,top2,0.01,0.2,0.0,20,20,1.0,20
alfworld,rank,deepseek,ID,3,top2,0.01,0.2,0.1,20,20,1.0,18
alfworld,rank,deepseek,ID,3,top2,0.01,0.2,0.2,20,20,1.0,14
alfworld,rank,deepseek,ID,3,top2,0.01,0.2,0.3,20,50,2.5,33
alfworld,rank,deepseek,ID,3,top2,0.01,0.2,0.5,20,30,1.5,17
alfworld,rank,deepseek,ID,3,top2,0.01,0.2,0.7,20,20,1.0,8
alfworld,rank,deepseek,ID,3,top2,0.01,0.3,0.0,20,30,1.5,30
alfworld,rank,deepseek,ID,3,top2,0.01,0.3,0.1,20,80,4.0,74
alfworld,rank,deepseek,ID,3,top2,0.01,0.3,0.2,20,30,1.5,26
alfworld,rank,deepseek,ID,3,top2,0.01,0.3,0.3,20,80,4.0,54
alfworld,rank,deepseek,ID,3,top2,0.01,0.3,0.5,20,100,5.0,48
alfworld,rank,deepseek,ID,3,top2,0.01,0.3,0.7,20,30,1.5,9
alfworld,rank,deepseek,ID,3,top2,0.01,0.5,0.0,20,,,0
alfworld,rank,deepseek,ID,3,top2,0.01,0.5,0.1,20,,,0
alfworld,rank,deepseek,ID,3,top2,0.01,0.5,0.2,20,,,0
alfworld,rank,deepseek,ID,3,top2,0.01,0.5,0.3,20,,,0
alfworld,rank,deepseek,ID,3,top2,0.01,0.5,0.5,20,,,0
alfworld,rank,deepseek,ID,3,top2,0.01,0.5,0.7,20,,,0
alfworld,rank,deepseek,ID,3,top3,0.01,0.0,0.0,20,20,1.0,20
alfworld,rank,deepseek,ID,3,top3,0.01,0.0,0.1,20,20,1.0,16
alfworld,rank,deepseek,ID,3,top3,0.01,0.0,0.2,20,20,1.0,18
alfworld,rank,deepseek,ID,3,top3,0.01,0.0,0.3,20,20,1.0,13
alfworld,rank,deepseek,ID,3,top3,0.01,0.0,0.5,20,20,1.0,12
alfworld,rank,deepseek,ID,3,top3,0.01,0.0,0.7,20,30,1.5,9
alfworld,rank,deepseek,ID,3,top3,0.01,0.05,0.0,20,20,1.0,20
alfworld,rank,deepseek,ID,3,top3,0.01,0.05,0.1,20,20,1.0,18
alfworld,rank,deepseek,ID,3,top3,0.01,0.05,0.2,20,20,1.0,14
alfworld,rank,deepseek,ID,3,top3,0.01,0.05,0.3,20,30,1.5,24
alfworld,rank,deepseek,ID,3,top3,0.01,0.05,0.5,20,30,1.5,13
alfworld,rank,deepseek,ID,3,top3,0.01,0.05,0.7,20,20,1.0,8
alfworld,rank,deepseek,ID,3,top3,0.01,0.1,0.0,20,20,1.0,20
alfworld,rank,deepseek,ID,3,top3,0.01,0.1,0.1,20,30,1.5,27
alfworld,rank,deepseek,ID,3,top3,0.01,0.1,0.2,20,10,0.5,7
alfworld,rank,deepseek,ID,3,top3,0.01,0.1,0.3,20,20,1.0,15
alfworld,rank,deepseek,ID,3,top3,0.01,0.1,0.5,20,30,1.5,18
alfworld,rank,deepseek,ID,3,top3,0.01,0.1,0.7,20,30,1.5,7
alfworld,rank,deepseek,ID,3,top3,0.01,0.15,0.0,20,20,1.0,20
alfworld,rank,deepseek,ID,3,top3,0.01,0.15,0.1,20,20,1.0,18
alfworld,rank,deepseek,ID,3,top3,0.01,0.15,0.2,20,30,1.5,24
alfworld,rank,deepseek,ID,3,top3,0.01,0.15,0.3,20,20,1.0,10
alfworld,rank,deepseek,ID,3,top3,0.01,0.15,0.5,20,30,1.5,17
alfworld,rank,deepseek,ID,3,top3,0.01,0.15,0.7,20,50,2.5,22
alfworld,rank,deepseek,ID,3,top3,0.01,0.2,0.0,20,20,1.0,20
alfworld,rank,deepseek,ID,3,top3,0.01,0.2,0.1,20,30,1.5,28
alfworld,rank,deepseek,ID,3,top3,0.01,0.2,0.2,20,30,1.5,27
alfworld,rank,deepseek,ID,3,top3,0.01,0.2,0.3,20,20,1.0,12
alfworld,rank,deepseek,ID,3,top3,0.01,0.2,0.5,20,50,2.5,26
alfworld,rank,deepseek,ID,3,top3,0.01,0.2,0.7,20,50,2.5,17
alfworld,rank,deepseek,ID,3,top3,0.01,0.3,0.0,20,20,1.0,20
alfworld,rank,deepseek,ID,3,top3,0.01,0.3,0.1,20,50,2.5,46
alfworld,rank,deepseek,ID,3,top3,0.01,0.3,0.2,20,30,1.5,20
alfworld,rank,deepseek,ID,3,top3,0.01,0.3,0.3,20,20,1.0,14
alfworld,rank,deepseek,ID,3,top3,0.01,0.3,0.5,20,80,4.0,40
alfworld,rank,deepseek,ID,3,top3,0.01,0.3,0.7,20,80,4.0,25
alfworld,rank,deepseek,ID,3,top3,0.01,0.5,0.0,20,200,10.0,200
alfworld,rank,deepseek,ID,3,top3,0.01,0.5,0.1,20,,,0
alfworld,rank,deepseek,ID,3,top3,0.01,0.5,0.2,20,,,0
alfworld,rank,deepseek,ID,3,top3,0.01,0.5,0.3,20,,,0
alfworld,rank,deepseek,ID,3,top3,0.01,0.5,0.5,20,,,0
alfworld,rank,deepseek,ID,3,top3,0.01,0.5,0.7,20,,,0
alfworld,rank,deepseek,ID,3,top5,0.01,0.0,0.0,20,20,1.0,20
alfworld,rank,deepseek,ID,3,top5,0.01,0.0,0.1,20,20,1.0,17
alfworld,rank,deepseek,ID,3,top5,0.01,0.0,0.2,20,20,1.0,17
alfworld,rank,deepseek,ID,3,top5,0.01,0.0,0.3,20,20,1.0,12
alfworld,rank,deepseek,ID,3,top5,0.01,0.0,0.5,20,20,1.0,11
alfworld,rank,deepseek,ID,3,top5,0.01,0.0,0.7,20,30,1.5,8
alfworld,rank,deepseek,ID,3,top5,0.01,0.05,0.0,20,20,1.0,20
alfworld,rank,deepseek,ID,3,top5,0.01,0.05,0.1,20,10,0.5,9
alfworld,rank,deepseek,ID,3,top5,0.01,0.05,0.2,20,30,1.5,24
alfworld,rank,deepseek,ID,3,top5,0.01,0.05,0.3,20,20,1.0,14
alfworld,rank,deepseek,ID,3,top5,0.01,0.05,0.5,20,20,1.0,12
alfworld,rank,deepseek,ID,3,top5,0.01,0.05,0.7,20,30,1.5,12
alfworld,rank,deepseek,ID,3,top5,0.01,0.1,0.0,20,20,1.0,20
alfworld,rank,deepseek,ID,3,top5,0.01,0.1,0.1,20,30,1.5,26
alfworld,rank,deepseek,ID,3,top5,0.01,0.1,0.2,20,30,1.5,24
alfworld,rank,deepseek,ID,3,top5,0.01,0.1,0.3,20,30,1.5,26
alfworld,rank,deepseek,ID,3,top5,0.01,0.1,0.5,20,20,1.0,11
alfworld,rank,deepseek,ID,3,top5,0.01,0.1,0.7,20,30,1.5,9
alfworld,rank,deepseek,ID,3,top5,0.01,0.15,0.0,20,30,1.5,30
alfworld,rank,deepseek,ID,3,top5,0.01,0.15,0.1,20,30,1.5,28
alfworld,rank,deepseek,ID,3,top5,0.01,0.15,0.2,20,20,1.0,16
alfworld,rank,deepseek,ID,3,top5,0.01,0.15,0.3,20,20,1.0,14
alfworld,rank,deepseek,ID,3,top5,0.01,0.15,0.5,20,20,1.0,9
alfworld,rank,deepseek,ID,3,top5,0.01,0.15,0.7,20,50,2.5,15
alfworld,rank,deepseek,ID,3,top5,0.01,0.2,0.0,20,30,1.5,30
alfworld,rank,deepseek,ID,3,top5,0.01,0.2,0.1,20,30,1.5,30
alfworld,rank,deepseek,ID,3,top5,0.01,0.2,0.2,20,30,1.5,23
alfworld,rank,deepseek,ID,3,top5,0.01,0.2,0.3,20,50,2.5,36
alfworld,rank,deepseek,ID,3,top5,0.01,0.2,0.5,20,20,1.0,8
alfworld,rank,deepseek,ID,3,top5,0.01,0.2,0.7,20,100,5.0,30
alfworld,rank,deepseek,ID,3,top5,0.01,0.3,0.0,20,50,2.5,50
alfworld,rank,deepseek,ID,3,top5,0.01,0.3,0.1,20,50,2.5,46
alfworld,rank,deepseek,ID,3,top5,0.01,0.3,0.2,20,30,1.5,26
alfworld,rank,deepseek,ID,3,top5,0.01,0.3,0.3,20,50,2.5,28
alfworld,rank,deepseek,ID,3,top5,0.01,0.3,0.5,20,150,7.5,70
alfworld,rank,deepseek,ID,3,top5,0.01,0.3,0.7,20,80,4.0,27
alfworld,rank,deepseek,ID,3,top5,0.01,0.5,0.0,20,,,0
alfworld,rank,deepseek,ID,3,top5,0.01,0.5,0.1,20,,,0
alfworld,rank,deepseek,ID,3,top5,0.01,0.5,0.2,20,,,0
alfworld,rank,deepseek,ID,3,top5,0.01,0.5,0.3,20,,,0
alfworld,rank,deepseek,ID,3,top5,0.01,0.5,0.5,20,,,0
alfworld,rank,deepseek,ID,3,top5,0.01,0.5,0.7,20,,,0
alfworld,rank,deepseek,OOD,1,full_rank,0.01,0.0,0.0,10,10,1.0,10
alfworld,rank,deepseek,OOD,1,full_rank,0.01,0.0,0.1,10,10,1.0,8
alfworld,rank,deepseek,OOD,1,full_rank,0.01,0.0,0.2,10,10,1.0,8
alfworld,rank,deepseek,OOD,1,full_rank,0.01,0.0,0.3,10,10,1.0,8
alfworld,rank,deepseek,OOD,1,full_rank,0.01,0.0,0.5,10,30,3.0,17
alfworld,rank,deepseek,OOD,1,full_rank,0.01,0.0,0.7,10,20,2.0,12
alfworld,rank,deepseek,OOD,1,full_rank,0.01,0.05,0.0,10,10,1.0,10
alfworld,rank,deepseek,OOD,1,full_rank,0.01,0.05,0.1,10,20,2.0,20
alfworld,rank,deepseek,OOD,1,full_rank,0.01,0.05,0.2,10,10,1.0,8
alfworld,rank,deepseek,OOD,1,full_rank,0.01,0.05,0.3,10,20,2.0,13
alfworld,rank,deepseek,OOD,1,full_rank,0.01,0.05,0.5,10,20,2.0,9
alfworld,rank,deepseek,OOD,1,full_rank,0.01,0.05,0.7,10,30,3.0,7
alfworld,rank,deepseek,OOD,1,full_rank,0.01,0.1,0.0,10,10,1.0,10
alfworld,rank,deepseek,OOD,1,full_rank,0.01,0.1,0.1,10,20,2.0,20
alfworld,rank,deepseek,OOD,1,full_rank,0.01,0.1,0.2,10,10,1.0,9
alfworld,rank,deepseek,OOD,1,full_rank,0.01,0.1,0.3,10,30,3.0,22
alfworld,rank,deepseek,OOD,1,full_rank,0.01,0.1,0.5,10,80,8.0,39
alfworld,rank,deepseek,OOD,1,full_rank,0.01,0.1,0.7,10,50,5.0,18
alfworld,rank,deepseek,OOD,1,full_rank,0.01,0.15,0.0,10,20,2.0,20
alfworld,rank,deepseek,OOD,1,full_rank,0.01,0.15,0.1,10,10,1.0,8
alfworld,rank,deepseek,OOD,1,full_rank,0.01,0.15,0.2,10,30,3.0,27
alfworld,rank,deepseek,OOD,1,full_rank,0.01,0.15,0.3,10,50,5.0,34
alfworld,rank,deepseek,OOD,1,full_rank,0.01,0.15,0.5,10,30,3.0,17
alfworld,rank,deepseek,OOD,1,full_rank,0.01,0.15,0.7,10,80,8.0,25
alfworld,rank,deepseek,OOD,1,full_rank,0.01,0.2,0.0,10,20,2.0,20
alfworld,rank,deepseek,OOD,1,full_rank,0.01,0.2,0.1,10,50,5.0,45
alfworld,rank,deepseek,OOD,1,full_rank,0.01,0.2,0.2,10,30,3.0,25
alfworld,rank,deepseek,OOD,1,full_rank,0.01,0.2,0.3,10,20,2.0,15
alfworld,rank,deepseek,OOD,1,full_rank,0.01,0.2,0.5,10,50,5.0,27
alfworld,rank,deepseek,OOD,1,full_rank,0.01,0.2,0.7,10,80,8.0,21
alfworld,rank,deepseek,OOD,1,full_rank,0.01,0.3,0.0,10,20,2.0,20
alfworld,rank,deepseek,OOD,1,full_rank,0.01,0.3,0.1,10,30,3.0,27
alfworld,rank,deepseek,OOD,1,full_rank,0.01,0.3,0.2,10,20,2.0,14
alfworld,rank,deepseek,OOD,1,full_rank,0.01,0.3,0.3,10,30,3.0,20
alfworld,rank,deepseek,OOD,1,full_rank,0.01,0.3,0.5,10,200,20.0,97
alfworld,rank,deepseek,OOD,1,full_rank,0.01,0.3,0.7,10,80,8.0,22
alfworld,rank,deepseek,OOD,1,full_rank,0.01,0.5,0.0,10,,,0
alfworld,rank,deepseek,OOD,1,full_rank,0.01,0.5,0.1,10,,,0
alfworld,rank,deepseek,OOD,1,full_rank,0.01,0.5,0.2,10,,,0
alfworld,rank,deepseek,OOD,1,full_rank,0.01,0.5,0.3,10,,,0
alfworld,rank,deepseek,OOD,1,full_rank,0.01,0.5,0.5,10,,,0
alfworld,rank,deepseek,OOD,1,full_rank,0.01,0.5,0.7,10,,,0
alfworld,rank,deepseek,OOD,1,top10,0.01,0.0,0.0,10,10,1.0,10
alfworld,rank,deepseek,OOD,1,top10,0.01,0.0,0.1,10,10,1.0,7
alfworld,rank,deepseek,OOD,1,top10,0.01,0.0,0.2,10,10,1.0,8
alfworld,rank,deepseek,OOD,1,top10,0.01,0.0,0.3,10,20,2.0,12
alfworld,rank,deepseek,OOD,1,top10,0.01,0.0,0.5,10,20,2.0,8
alfworld,rank,deepseek,OOD,1,top10,0.01,0.0,0.7,10,20,2.0,7
alfworld,rank,deepseek,OOD,1,top10,0.01,0.05,0.0,10,20,2.0,20
alfworld,rank,deepseek,OOD,1,top10,0.01,0.05,0.1,10,10,1.0,10
alfworld,rank,deepseek,OOD,1,top10,0.01,0.05,0.2,10,20,2.0,14
alfworld,rank,deepseek,OOD,1,top10,0.01,0.05,0.3,10,10,1.0,7
alfworld,rank,deepseek,OOD,1,top10,0.01,0.05,0.5,10,30,3.0,19
alfworld,rank,deepseek,OOD,1,top10,0.01,0.05,0.7,10,80,8.0,24
alfworld,rank,deepseek,OOD,1,top10,0.01,0.1,0.0,10,20,2.0,20
alfworld,rank,deepseek,OOD,1,top10,0.01,0.1,0.1,10,20,2.0,17
alfworld,rank,deepseek,OOD,1,top10,0.01,0.1,0.2,10,20,2.0,13
alfworld,rank,deepseek,OOD,1,top10,0.01,0.1,0.3,10,20,2.0,17
alfworld,rank,deepseek,OOD,1,top10,0.01,0.1,0.5,10,20,2.0,9
alfworld,rank,deepseek,OOD,1,top10,0.01,0.1,0.7,10,20,2.0,7
alfworld,rank,deepseek,OOD,1,top10,0.01,0.15,0.0,10,10,1.0,10
alfworld,rank,deepseek,OOD,1,top10,0.01,0.15,0.1,10,20,2.0,17
alfworld,rank,deepseek,OOD,1,top10,0.01,0.15,0.2,10,20,2.0,16
alfworld,rank,deepseek,OOD,1,top10,0.01,0.15,0.3,10,30,3.0,20
alfworld,rank,deepseek,OOD,1,top10,0.01,0.15,0.5,10,20,2.0,11
alfworld,rank,deepseek,OOD,1,top10,0.01,0.15,0.7,10,50,5.0,20
alfworld,rank,deepseek,OOD,1,top10,0.01,0.2,0.0,10,30,3.0,30
alfworld,rank,deepseek,OOD,1,top10,0.01,0.2,0.1,10,20,2.0,18
alfworld,rank,deepseek,OOD,1,top10,0.01,0.2,0.2,10,20,2.0,12
alfworld,rank,deepseek,OOD,1,top10,0.01,0.2,0.3,10,50,5.0,35
alfworld,rank,deepseek,OOD,1,top10,0.01,0.2,0.5,10,50,5.0,31
alfworld,rank,deepseek,OOD,1,top10,0.01,0.2,0.7,10,50,5.0,21
alfworld,rank,deepseek,OOD,1,top10,0.01,0.3,0.0,10,80,8.0,80
alfworld,rank,deepseek,OOD,1,top10,0.01,0.3,0.1,10,80,8.0,75
alfworld,rank,deepseek,OOD,1,top10,0.01,0.3,0.2,10,20,2.0,14
alfworld,rank,deepseek,OOD,1,top10,0.01,0.3,0.3,10,30,3.0,20
alfworld,rank,deepseek,OOD,1,top10,0.01,0.3,0.5,10,20,2.0,9
alfworld,rank,deepseek,OOD,1,top10,0.01,0.3,0.7,10,50,5.0,20
alfworld,rank,deepseek,OOD,1,top10,0.01,0.5,0.0,10,30,3.0,30
alfworld,rank,deepseek,OOD,1,top10,0.01,0.5,0.1,10,,,0
alfworld,rank,deepseek,OOD,1,top10,0.01,0.5,0.2,10,,,0
alfworld,rank,deepseek,OOD,1,top10,0.01,0.5,0.3,10,,,0
alfworld,rank,deepseek,OOD,1,top10,0.01,0.5,0.5,10,,,0
alfworld,rank,deepseek,OOD,1,top10,0.01,0.5,0.7,10,,,0
alfworld,rank,deepseek,OOD,1,top2,0.01,0.0,0.0,10,10,1.0,10
alfworld,rank,deepseek,OOD,1,top2,0.01,0.0,0.1,10,10,1.0,9
alfworld,rank,deepseek,OOD,1,top2,0.01,0.0,0.2,10,10,1.0,7
alfworld,rank,deepseek,OOD,1,top2,0.01,0.0,0.3,10,10,1.0,7
alfworld,rank,deepseek,OOD,1,top2,0.01,0.0,0.5,10,20,2.0,12
alfworld,rank,deepseek,OOD,1,top2,0.01,0.0,0.7,10,50,5.0,14
alfworld,rank,deepseek,OOD,1,top2,0.01,0.05,0.0,10,10,1.0,10
alfworld,rank,deepseek,OOD,1,top2,0.01,0.05,0.1,10,10,1.0,9
alfworld,rank,deepseek,OOD,1,top2,0.01,0.05,0.2,10,10,1.0,9
alfworld,rank,deepseek,OOD,1,top2,0.01,0.05,0.3,10,20,2.0,16
alfworld,rank,deepseek,OOD,1,top2,0.01,0.05,0.5,10,30,3.0,12
alfworld,rank,deepseek,OOD,1,top2,0.01,0.05,0.7,10,80,8.0,19
alfworld,rank,deepseek,OOD,1,top2,0.01,0.1,0.0,10,20,2.0,20
alfworld,rank,deepseek,OOD,1,top2,0.01,0.1,0.1,10,10,1.0,10
alfworld,rank,deepseek,OOD,1,top2,0.01,0.1,0.2,10,20,2.0,17
alfworld,rank,deepseek,OOD,1,top2,0.01,0.1,0.3,10,10,1.0,8
alfworld,rank,deepseek,OOD,1,top2,0.01,0.1,0.5,10,50,5.0,27
alfworld,rank,deepseek,OOD,1,top2,0.01,0.1,0.7,10,50,5.0,19
alfworld,rank,deepseek,OOD,1,top2,0.01,0.15,0.0,10,10,1.0,10
alfworld,rank,deepseek,OOD,1,top2,0.01,0.15,0.1,10,20,2.0,18
alfworld,rank,deepseek,OOD,1,top2,0.01,0.15,0.2,10,30,3.0,25
alfworld,rank,deepseek,OOD,1,top2,0.01,0.15,0.3,10,20,2.0,14
alfworld,rank,deepseek,OOD,1,top2,0.01,0.15,0.5,10,50,5.0,25
alfworld,rank,deepseek,OOD,1,top2,0.01,0.15,0.7,10,50,5.0,20
alfworld,rank,deepseek,OOD,1,top2,0.01,0.2,0.0,10,20,2.0,20
alfworld,rank,deepseek,OOD,1,top2,0.01,0.2,0.1,10,20,2.0,17
alfworld,rank,deepseek,OOD,1,top2,0.01,0.2,0.2,10,80,8.0,65
alfworld,rank,deepseek,OOD,1,top2,0.01,0.2,0.3,10,30,3.0,22
alfworld,rank,deepseek,OOD,1,top2,0.01,0.2,0.5,10,80,8.0,41
alfworld,rank,deepseek,OOD,1,top2,0.01,0.2,0.7,10,50,5.0,14
alfworld,rank,deepseek,OOD,1,top2,0.01,0.3,0.0,10,50,5.0,50
alfworld,rank,deepseek,OOD,1,top2,0.01,0.3,0.1,10,80,8.0,69
alfworld,rank,deepseek,OOD,1,top2,0.01,0.3,0.2,10,20,2.0,17
alfworld,rank,deepseek,OOD,1,top2,0.01,0.3,0.3,10,50,5.0,38
alfworld,rank,deepseek,OOD,1,top2,0.01,0.3,0.5,10,80,8.0,41
alfworld,rank,deepseek,OOD,1,top2,0.01,0.3,0.7,10,80,8.0,22
alfworld,rank,deepseek,OOD,1,top2,0.01,0.5,0.0,10,,,0
alfworld,rank,deepseek,OOD,1,top2,0.01,0.5,0.1,10,,,0
alfworld,rank,deepseek,OOD,1,top2,0.01,0.5,0.2,10,,,0
alfworld,rank,deepseek,OOD,1,top2,0.01,0.5,0.3,10,,,0
alfworld,rank,deepseek,OOD,1,top2,0.01,0.5,0.5,10,,,0
alfworld,rank,deepseek,OOD,1,top2,0.01,0.5,0.7,10,,,0
alfworld,rank,deepseek,OOD,1,top3,0.01,0.0,0.0,10,10,1.0,10
alfworld,rank,deepseek,OOD,1,top3,0.01,0.0,0.1,10,10,1.0,10
alfworld,rank,deepseek,OOD,1,top3,0.01,0.0,0.2,10,10,1.0,8
alfworld,rank,deepseek,OOD,1,top3,0.01,0.0,0.3,10,10,1.0,8
alfworld,rank,deepseek,OOD,1,top3,0.01,0.0,0.5,10,20,2.0,7
alfworld,rank,deepseek,OOD,1,top3,0.01,0.0,0.7,10,80,8.0,25
alfworld,rank,deepseek,OOD,1,top3,0.01,0.05,0.0,10,10,1.0,10
alfworld,rank,deepseek,OOD,1,top3,0.01,0.05,0.1,10,20,2.0,17
alfworld,rank,deepseek,OOD,1,top3,0.01,0.05,0.2,10,20,2.0,18
alfworld,rank,deepseek,OOD,1,top3,0.01,0.05,0.3,10,30,3.0,19
alfworld,rank,deepseek,OOD,1,top3,0.01,0.05,0.5,10,30,3.0,13
alfworld,rank,deepseek,OOD,1,top3,0.01,0.05,0.7,10,50,5.0,15
alfworld,rank,deepseek,OOD,1,top3,0.01,0.1,0.0,10,20,2.0,20
alfworld,rank,deepseek,OOD,1,top3,0.01,0.1,0.1,10,30,3.0,28
alfworld,rank,deepseek,OOD,1,top3,0.01,0.1,0.2,10,20,2.0,14
alfworld,rank,deepseek,OOD,1,top3,0.01,0.1,0.3,10,10,1.0,7
alfworld,rank,deepseek,OOD,1,top3,0.01,0.1,0.5,10,30,3.0,15
alfworld,rank,deepseek,OOD,1,top3,0.01,0.1,0.7,10,80,8.0,23
alfworld,rank,deepseek,OOD,1,top3,0.01,0.15,0.0,10,10,1.0,10
alfworld,rank,deepseek,OOD,1,top3,0.01,0.15,0.1,10,30,3.0,26
alfworld,rank,deepseek,OOD,1,top3,0.01,0.15,0.2,10,30,3.0,23
alfworld,rank,deepseek,OOD,1,top3,0.01,0.15,0.3,10,50,5.0,34
alfworld,rank,deepseek,OOD,1,top3,0.01,0.15,0.5,10,20,2.0,11
alfworld,rank,deepseek,OOD,1,top3,0.01,0.15,0.7,10,50,5.0,14
alfworld,rank,deepseek,OOD,1,top3,0.01,0.2,0.0,10,20,2.0,20
alfworld,rank,deepseek,OOD,1,top3,0.01,0.2,0.1,10,50,5.0,45
alfworld,rank,deepseek,OOD,1,top3,0.01,0.2,0.2,10,10,1.0,7
alfworld,rank,deepseek,OOD,1,top3,0.01,0.2,0.3,10,30,3.0,23
alfworld,rank,deepseek,OOD,1,top3,0.01,0.2,0.5,10,50,5.0,27
alfworld,rank,deepseek,OOD,1,top3,0.01,0.2,0.7,10,50,5.0,12
alfworld,rank,deepseek,OOD,1,top3,0.01,0.3,0.0,10,30,3.0,30
alfworld,rank,deepseek,OOD,1,top3,0.01,0.3,0.1,10,20,2.0,17
alfworld,rank,deepseek,OOD,1,top3,0.01,0.3,0.2,10,80,8.0,66
alfworld,rank,deepseek,OOD,1,top3,0.01,0.3,0.3,10,50,5.0,33
alfworld,rank,deepseek,OOD,1,top3,0.01,0.3,0.5,10,50,5.0,27
alfworld,rank,deepseek,OOD,1,top3,0.01,0.3,0.7,10,30,3.0,10
alfworld,rank,deepseek,OOD,1,top3,0.01,0.5,0.0,10,,,0
alfworld,rank,deepseek,OOD,1,top3,0.01,0.5,0.1,10,,,0
alfworld,rank,deepseek,OOD,1,top3,0.01,0.5,0.2,10,,,0
alfworld,rank,deepseek,OOD,1,top3,0.01,0.5,0.3,10,,,0
alfworld,rank,deepseek,OOD,1,top3,0.01,0.5,0.5,10,,,0
alfworld,rank,deepseek,OOD,1,top3,0.01,0.5,0.7,10,,,0
alfworld,rank,deepseek,OOD,1,top5,0.01,0.0,0.0,10,10,1.0,10
alfworld,rank,deepseek,OOD,1,top5,0.01,0.0,0.1,10,10,1.0,9
alfworld,rank,deepseek,OOD,1,top5,0.01,0.0,0.2,10,10,1.0,10
alfworld,rank,deepseek,OOD,1,top5,0.01,0.0,0.3,10,10,1.0,8
alfworld,rank,deepseek,OOD,1,top5,0.01,0.0,0.5,10,20,2.0,11
alfworld,rank,deepseek,OOD,1,top5,0.01,0.0,0.7,10,50,5.0,14
alfworld,rank,deepseek,OOD,1,top5,0.01,0.05,0.0,10,10,1.0,10
alfworld,rank,deepseek,OOD,1,top5,0.01,0.05,0.1,10,10,1.0,9
alfworld,rank,deepseek,OOD,1,top5,0.01,0.05,0.2,10,10,1.0,10
alfworld,rank,deepseek,OOD,1,top5,0.01,0.05,0.3,10,20,2.0,14
alfworld,rank,deepseek,OOD,1,top5,0.01,0.05,0.5,10,20,2.0,12
alfworld,rank,deepseek,OOD,1,top5,0.01,0.05,0.7,10,50,5.0,15
alfworld,rank,deepseek,OOD,1,top5,0.01,0.1,0.0,10,20,2.0,20
alfworld,rank,deepseek,OOD,1,top5,0.01,0.1,0.1,10,20,2.0,17
alfworld,rank,deepseek,OOD,1,top5,0.01,0.1,0.2,10,20,2.0,15
alfworld,rank,deepseek,OOD,1,top5,0.01,0.1,0.3,10,30,3.0,19
alfworld,rank,deepseek,OOD,1,top5,0.01,0.1,0.5,10,20,2.0,13
alfworld,rank,deepseek,OOD,1,top5,0.01,0.1,0.7,10,30,3.0,12
alfworld,rank,deepseek,OOD,1,top5,0.01,0.15,0.0,10,30,3.0,30
alfworld,rank,deepseek,OOD,1,top5,0.01,0.15,0.1,10,30,3.0,27
alfworld,rank,deepseek,OOD,1,top5,0.01,0.15,0.2,10,20,2.0,14
alfworld,rank,deepseek,OOD,1,top5,0.01,0.15,0.3,10,10,1.0,8
alfworld,rank,deepseek,OOD,1,top5,0.01,0.15,0.5,10,30,3.0,20
alfworld,rank,deepseek,OOD,1,top5,0.01,0.15,0.7,10,30,3.0,11
alfworld,rank,deepseek,OOD,1,top5,0.01,0.2,0.0,10,20,2.0,20
alfworld,rank,deepseek,OOD,1,top5,0.01,0.2,0.1,10,20,2.0,19
alfworld,rank,deepseek,OOD,1,top5,0.01,0.2,0.2,10,20,2.0,17
alfworld,rank,deepseek,OOD,1,top5,0.01,0.2,0.3,10,50,5.0,37
alfworld,rank,deepseek,OOD,1,top5,0.01,0.2,0.5,10,10,1.0,7
alfworld,rank,deepseek,OOD,1,top5,0.01,0.2,0.7,10,80,8.0,30
alfworld,rank,deepseek,OOD,1,top5,0.01,0.3,0.0,10,30,3.0,30
alfworld,rank,deepseek,OOD,1,top5,0.01,0.3,0.1,10,80,8.0,68
alfworld,rank,deepseek,OOD,1,top5,0.01,0.3,0.2,10,20,2.0,16
alfworld,rank,deepseek,OOD,1,top5,0.01,0.3,0.3,10,80,8.0,58
alfworld,rank,deepseek,OOD,1,top5,0.01,0.3,0.5,10,80,8.0,35
alfworld,rank,deepseek,OOD,1,top5,0.01,0.3,0.7,10,100,10.0,28
alfworld,rank,deepseek,OOD,1,top5,0.01,0.5,0.0,10,,,0
alfworld,rank,deepseek,OOD,1,top5,0.01,0.5,0.1,10,,,0
alfworld,rank,deepseek,OOD,1,top5,0.01,0.5,0.2,10,200,20.0,169
alfworld,rank,deepseek,OOD,1,top5,0.01,0.5,0.3,10,,,0
alfworld,rank,deepseek,OOD,1,top5,0.01,0.5,0.5,10,,,0
alfworld,rank,deepseek,OOD,1,top5,0.01,0.5,0.7,10,,,0
alfworld,rank,deepseek,OOD,2,full_rank,0.01,0.0,0.0,10,10,1.0,10
alfworld,rank,deepseek,OOD,2,full_rank,0.01,0.0,0.1,10,10,1.0,10
alfworld,rank,deepseek,OOD,2,full_rank,0.01,0.0,0.2,10,10,1.0,8
alfworld,rank,deepseek,OOD,2,full_rank,0.01,0.0,0.3,10,10,1.0,7
alfworld,rank,deepseek,OOD,2,full_rank,0.01,0.0,0.5,10,20,2.0,9
alfworld,rank,deepseek,OOD,2,full_rank,0.01,0.0,0.7,10,20,2.0,8
alfworld,rank,deepseek,OOD,2,full_rank,0.01,0.05,0.0,10,20,2.0,20
alfworld,rank,deepseek,OOD,2,full_rank,0.01,0.05,0.1,10,10,1.0,9
alfworld,rank,deepseek,OOD,2,full_rank,0.01,0.05,0.2,10,10,1.0,9
alfworld,rank,deepseek,OOD,2,full_rank,0.01,0.05,0.3,10,20,2.0,15
alfworld,rank,deepseek,OOD,2,full_rank,0.01,0.05,0.5,10,30,3.0,14
alfworld,rank,deepseek,OOD,2,full_rank,0.01,0.05,0.7,10,20,2.0,7
alfworld,rank,deepseek,OOD,2,full_rank,0.01,0.1,0.0,10,20,2.0,20
alfworld,rank,deepseek,OOD,2,full_rank,0.01,0.1,0.1,10,10,1.0,8
alfworld,rank,deepseek,OOD,2,full_rank,0.01,0.1,0.2,10,20,2.0,18
alfworld,rank,deepseek,OOD,2,full_rank,0.01,0.1,0.3,10,30,3.0,23
alfworld,rank,deepseek,OOD,2,full_rank,0.01,0.1,0.5,10,50,5.0,23
alfworld,rank,deepseek,OOD,2,full_rank,0.01,0.1,0.7,10,50,5.0,14
alfworld,rank,deepseek,OOD,2,full_rank,0.01,0.15,0.0,10,10,1.0,10
alfworld,rank,deepseek,OOD,2,full_rank,0.01,0.15,0.1,10,30,3.0,30
alfworld,rank,deepseek,OOD,2,full_rank,0.01,0.15,0.2,10,20,2.0,14
alfworld,rank,deepseek,OOD,2,full_rank,0.01,0.15,0.3,10,10,1.0,7
alfworld,rank,deepseek,OOD,2,full_rank,0.01,0.15,0.5,10,30,3.0,13
alfworld,rank,deepseek,OOD,2,full_rank,0.01,0.15,0.7,10,100,10.0,25
alfworld,rank,deepseek,OOD,2,full_rank,0.01,0.2,0.0,10,10,1.0,10
alfworld,rank,deepseek,OOD,2,full_rank,0.01,0.2,0.1,10,20,2.0,19
alfworld,rank,deepseek,OOD,2,full_rank,0.01,0.2,0.2,10,10,1.0,9
alfworld,rank,deepseek,OOD,2,full_rank,0.01,0.2,0.3,10,20,2.0,14
alfworld,rank,deepseek,OOD,2,full_rank,0.01,0.2,0.5,10,50,5.0,27
alfworld,rank,deepseek,OOD,2,full_rank,0.01,0.2,0.7,10,100,10.0,20
alfworld,rank,deepseek,OOD,2,full_rank,0.01,0.3,0.0,10,50,5.0,50
alfworld,rank,deepseek,OOD,2,full_rank,0.01,0.3,0.1,10,80,8.0,73
alfworld,rank,deepseek,OOD,2,full_rank,0.01,0.3,0.2,10,30,3.0,19
alfworld,rank,deepseek,OOD,2,full_rank,0.01,0.3,0.3,10,50,5.0,32
alfworld,rank,deepseek,OOD,2,full_rank,0.01,0.3,0.5,10,50,5.0,29
alfworld,rank,deepseek,OOD,2,full_rank,0.01,0.3,0.7,10,100,10.0,30
alfworld,rank,deepseek,OOD,2,full_rank,0.01,0.5,0.0,10,,,0
alfworld,rank,deepseek,OOD,2,full_rank,0.01,0.5,0.1,10,,,0
alfworld,rank,deepseek,OOD,2,full_rank,0.01,0.5,0.2,10,,,0
alfworld,rank,deepseek,OOD,2,full_rank,0.01,0.5,0.3,10,,,0
alfworld,rank,deepseek,OOD,2,full_rank,0.01,0.5,0.5,10,,,0
alfworld,rank,deepseek,OOD,2,full_rank,0.01,0.5,0.7,10,,,0
alfworld,rank,deepseek,OOD,2,top10,0.01,0.0,0.0,10,10,1.0,10
alfworld,rank,deepseek,OOD,2,top10,0.01,0.0,0.1,10,10,1.0,8
alfworld,rank,deepseek,OOD,2,top10,0.01,0.0,0.2,10,10,1.0,10
alfworld,rank,deepseek,OOD,2,top10,0.01,0.0,0.3,10,10,1.0,7
alfworld,rank,deepseek,OOD,2,top10,0.01,0.0,0.5,10,20,2.0,8
alfworld,rank,deepseek,OOD,2,top10,0.01,0.0,0.7,10,30,3.0,7
alfworld,rank,deepseek,OOD,2,top10,0.01,0.05,0.0,10,20,2.0,20
alfworld,rank,deepseek,OOD,2,top10,0.01,0.05,0.1,10,10,1.0,9
alfworld,rank,deepseek,OOD,2,top10,0.01,0.05,0.2,10,10,1.0,8
alfworld,rank,deepseek,OOD,2,top10,0.01,0.05,0.3,10,30,3.0,21
alfworld,rank,deepseek,OOD,2,top10,0.01,0.05,0.5,10,10,1.0,7
alfworld,rank,deepseek,OOD,2,top10,0.01,0.05,0.7,10,30,3.0,7
alfworld,rank,deepseek,OOD,2,top10,0.01,0.1,0.0,10,20,2.0,20
alfworld,rank,deepseek,OOD,2,top10,0.01,0.1,0.1,10,10,1.0,9
alfworld,rank,deepseek,OOD,2,top10,0.01,0.1,0.2,10,20,2.0,16
alfworld,rank,deepseek,OOD,2,top10,0.01,0.1,0.3,10,20,2.0,15
alfworld,rank,deepseek,OOD,2,top10,0.01,0.1,0.5,10,20,2.0,11
alfworld,rank,deepseek,OOD,2,top10,0.01,0.1,0.7,10,50,5.0,15
alfworld,rank,deepseek,OOD,2,top10,0.01,0.15,0.0,10,20,2.0,20
alfworld,rank,deepseek,OOD,2,top10,0.01,0.15,0.1,10,20,2.0,17
alfworld,rank,deepseek,OOD,2,top10,0.01,0.15,0.2,10,20,2.0,18
alfworld,rank,deepseek,OOD,2,top10,0.01,0.15,0.3,10,30,3.0,20
alfworld,rank,deepseek,OOD,2,top10,0.01,0.15,0.5,10,20,2.0,13
alfworld,rank,deepseek,OOD,2,top10,0.01,0.15,0.7,10,50,5.0,15
alfworld,rank,deepseek,OOD,2,top10,0.01,0.2,0.0,10,20,2.0,20
alfworld,rank,deepseek,OOD,2,top10,0.01,0.2,0.1,10,20,2.0,15
alfworld,rank,deepseek,OOD,2,top10,0.01,0.2,0.2,10,30,3.0,23
alfworld,rank,deepseek,OOD,2,top10,0.01,0.2,0.3,10,50,5.0,37
alfworld,rank,deepseek,OOD,2,top10,0.01,0.2,0.5,10,50,5.0,26
alfworld,rank,deepseek,OOD,2,top10,0.01,0.2,0.7,10,100,10.0,27
alfworld,rank,deepseek,OOD,2,top10,0.01,0.3,0.0,10,20,2.0,20
alfworld,rank,deepseek,OOD,2,top10,0.01,0.3,0.1,10,50,5.0,45
alfworld,rank,deepseek,OOD,2,top10,0.01,0.3,0.2,10,50,5.0,38
alfworld,rank,deepseek,OOD,2,top10,0.01,0.3,0.3,10,80,8.0,61
alfworld,rank,deepseek,OOD,2,top10,0.01,0.3,0.5,10,80,8.0,42
alfworld,rank,deepseek,OOD,2,top10,0.01,0.3,0.7,10,80,8.0,25
alfworld,rank,deepseek,OOD,2,top10,0.01,0.5,0.0,10,,,0
alfworld,rank,deepseek,OOD,2,top10,0.01,0.5,0.1,10,,,0
alfworld,rank,deepseek,OOD,2,top10,0.01,0.5,0.2,10,,,0
alfworld,rank,deepseek,OOD,2,top10,0.01,0.5,0.3,10,,,0
alfworld,rank,deepseek,OOD,2,top10,0.01,0.5,0.5,10,,,0
alfworld,rank,deepseek,OOD,2,top10,0.01,0.5,0.7,10,,,0
alfworld,rank,deepseek,OOD,2,top2,0.01,0.0,0.0,10,10,1.0,10
alfworld,rank,deepseek,OOD,2,top2,0.01,0.0,0.1,10,10,1.0,9
alfworld,rank,deepseek,OOD,2,top2,0.01,0.0,0.2,10,10,1.0,7
alfworld,rank,deepseek,OOD,2,top2,0.01,0.0,0.3,10,20,2.0,13
alfworld,rank,deepseek,OOD,2,top2,0.01,0.0,0.5,10,20,2.0,11
alfworld,rank,deepseek,OOD,2,top2,0.01,0.0,0.7,10,50,5.0,13
alfworld,rank,deepseek,OOD,2,top2,0.01,0.05,0.0,10,10,1.0,10
alfworld,rank,deepseek,OOD,2,top2,0.01,0.05,0.1,10,20,2.0,19
alfworld,rank,deepseek,OOD,2,top2,0.01,0.05,0.2,10,30,3.0,27
alfworld,rank,deepseek,OOD,2,top2,0.01,0.05,0.3,10,10,1.0,9
alfworld,rank,deepseek,OOD,2,top2,0.01,0.05,0.5,10,20,2.0,11
alfworld,rank,deepseek,OOD,2,top2,0.01,0.05,0.7,10,50,5.0,16
alfworld,rank,deepseek,OOD,2,top2,0.01,0.1,0.0,10,20,2.0,20
alfworld,rank,deepseek,OOD,2,top2,0.01,0.1,0.1,10,20,2.0,19
alfworld,rank,deepseek,OOD,2,top2,0.01,0.1,0.2,10,10,1.0,8
alfworld,rank,deepseek,OOD,2,top2,0.01,0.1,0.3,10,10,1.0,8
alfworld,rank,deepseek,OOD,2,top2,0.01,0.1,0.5,10,30,3.0,14
alfworld,rank,deepseek,OOD,2,top2,0.01,0.1,0.7,10,80,8.0,31
alfworld,rank,deepseek,OOD,2,top2,0.01,0.15,0.0,10,30,3.0,30
alfworld,rank,deepseek,OOD,2,top2,0.01,0.15,0.1,10,50,5.0,47
alfworld,rank,deepseek,OOD,2,top2,0.01,0.15,0.2,10,20,2.0,16
alfworld,rank,deepseek,OOD,2,top2,0.01,0.15,0.3,10,30,3.0,22
alfworld,rank,deepseek,OOD,2,top2,0.01,0.15,0.5,10,50,5.0,23
alfworld,rank,deepseek,OOD,2,top2,0.01,0.15,0.7,10,50,5.0,21
alfworld,rank,deepseek,OOD,2,top2,0.01,0.2,0.0,10,20,2.0,20
alfworld,rank,deepseek,OOD,2,top2,0.01,0.2,0.1,10,20,2.0,19
alfworld,rank,deepseek,OOD,2,top2,0.01,0.2,0.2,10,10,1.0,8
alfworld,rank,deepseek,OOD,2,top2,0.01,0.2,0.3,10,30,3.0,19
alfworld,rank,deepseek,OOD,2,top2,0.01,0.2,0.5,10,50,5.0,27
alfworld,rank,deepseek,OOD,2,top2,0.01,0.2,0.7,10,80,8.0,23
alfworld,rank,deepseek,OOD,2,top2,0.01,0.3,0.0,10,50,5.0,50
alfworld,rank,deepseek,OOD,2,top2,0.01,0.3,0.1,10,20,2.0,17
alfworld,rank,deepseek,OOD,2,top2,0.01,0.3,0.2,10,50,5.0,42
alfworld,rank,deepseek,OOD,2,top2,0.01,0.3,0.3,10,10,1.0,8
alfworld,rank,deepseek,OOD,2,top2,0.01,0.3,0.5,10,50,5.0,25
alfworld,rank,deepseek,OOD,2,top2,0.01,0.3,0.7,10,100,10.0,29
alfworld,rank,deepseek,OOD,2,top2,0.01,0.5,0.0,10,,,0
alfworld,rank,deepseek,OOD,2,top2,0.01,0.5,0.1,10,,,0
alfworld,rank,deepseek,OOD,2,top2,0.01,0.5,0.2,10,150,15.0,113
alfworld,rank,deepseek,OOD,2,top2,0.01,0.5,0.3,10,,,0
alfworld,rank,deepseek,OOD,2,top2,0.01,0.5,0.5,10,,,0
alfworld,rank,deepseek,OOD,2,top2,0.01,0.5,0.7,10,,,0
alfworld,rank,deepseek,OOD,2,top3,0.01,0.0,0.0,10,10,1.0,10
alfworld,rank,deepseek,OOD,2,top3,0.01,0.0,0.1,10,10,1.0,9
alfworld,rank,deepseek,OOD,2,top3,0.01,0.0,0.2,10,10,1.0,7
alfworld,rank,deepseek,OOD,2,top3,0.01,0.0,0.3,10,20,2.0,14
alfworld,rank,deepseek,OOD,2,top3,0.01,0.0,0.5,10,10,1.0,8
alfworld,rank,deepseek,OOD,2,top3,0.01,0.0,0.7,10,20,2.0,7
alfworld,rank,deepseek,OOD,2,top3,0.01,0.05,0.0,10,20,2.0,20
alfworld,rank,deepseek,OOD,2,top3,0.01,0.05,0.1,10,20,2.0,18
alfworld,rank,deepseek,OOD,2,top3,0.01,0.05,0.2,10,10,1.0,7
alfworld,rank,deepseek,OOD,2,top3,0.01,0.05,0.3,10,10,1.0,9
alfworld,rank,deepseek,OOD,2,top3,0.01,0.05,0.5,10,10,1.0,9
alfworld,rank,deepseek,OOD,2,top3,0.01,0.05,0.7,10,50,5.0,11
alfworld,rank,deepseek,OOD,2,top3,0.01,0.1,0.0,10,20,2.0,20
alfworld,rank,deepseek,OOD,2,top3,0.01,0.1,0.1,10,20,2.0,18
alfworld,rank,deepseek,OOD,2,top3,0.01,0.1,0.2,10,10,1.0,8
alfworld,rank,deepseek,OOD,2,top3,0.01,0.1,0.3,10,30,3.0,20
alfworld,rank,deepseek,OOD,2,top3,0.01,0.1,0.5,10,10,1.0,9
alfworld,rank,deepseek,OOD,2,top3,0.01,0.1,0.7,10,30,3.0,7
alfworld,rank,deepseek,OOD,2,top3,0.01,0.15,0.0,10,20,2.0,20
alfworld,rank,deepseek,OOD,2,top3,0.01,0.15,0.1,10,20,2.0,19
alfworld,rank,deepseek,OOD,2,top3,0.01,0.15,0.2,10,10,1.0,9
alfworld,rank,deepseek,OOD,2,top3,0.01,0.15,0.3,10,10,1.0,8
alfworld,rank,deepseek,OOD,2,top3,0.01,0.15,0.5,10,50,5.0,19
alfworld,rank,deepseek,OOD,2,top3,0.01,0.15,0.7,10,50,5.0,18
alfworld,rank,deepseek,OOD,2,top3,0.01,0.2,0.0,10,20,2.0,20
alfworld,rank,deepseek,OOD,2,top3,0.01,0.2,0.1,10,20,2.0,18
alfworld,rank,deepseek,OOD,2,top3,0.01,0.2,0.2,10,30,3.0,23
alfworld,rank,deepseek,OOD,2,top3,0.01,0.2,0.3,10,30,3.0,20
alfworld,rank,deepseek,OOD,2,top3,0.01,0.2,0.5,10,50,5.0,21
alfworld,rank,deepseek,OOD,2,top3,0.01,0.2,0.7,10,80,8.0,33
alfworld,rank,deepseek,OOD,2,top3,0.01,0.3,0.0,10,20,2.0,20
alfworld,rank,deepseek,OOD,2,top3,0.01,0.3,0.1,10,50,5.0,47
alfworld,rank,deepseek,OOD,2,top3,0.01,0.3,0.2,10,80,8.0,63
alfworld,rank,deepseek,OOD,2,top3,0.01,0.3,0.3,10,30,3.0,20
alfworld,rank,deepseek,OOD,2,top3,0.01,0.3,0.5,10,50,5.0,22
alfworld,rank,deepseek,OOD,2,top3,0.01,0.3,0.7,10,200,20.0,72
alfworld,rank,deepseek,OOD,2,top3,0.01,0.5,0.0,10,,,0
alfworld,rank,deepseek,OOD,2,top3,0.01,0.5,0.1,10,,,0
alfworld,rank,deepseek,OOD,2,top3,0.01,0.5,0.2,10,,,0
alfworld,rank,deepseek,OOD,2,top3,0.01,0.5,0.3,10,,,0
alfworld,rank,deepseek,OOD,2,top3,0.01,0.5,0.5,10,,,0
alfworld,rank,deepseek,OOD,2,top3,0.01,0.5,0.7,10,,,0
alfworld,rank,deepseek,OOD,2,top5,0.01,0.0,0.0,10,10,1.0,10
alfworld,rank,deepseek,OOD,2,top5,0.01,0.0,0.1,10,10,1.0,10
alfworld,rank,deepseek,OOD,2,top5,0.01,0.0,0.2,10,10,1.0,9
alfworld,rank,deepseek,OOD,2,top5,0.01,0.0,0.3,10,20,2.0,15
alfworld,rank,deepseek,OOD,2,top5,0.01,0.0,0.5,10,20,2.0,10
alfworld,rank,deepseek,OOD,2,top5,0.01,0.0,0.7,10,20,2.0,8
alfworld,rank,deepseek,OOD,2,top5,0.01,0.05,0.0,10,10,1.0,10
alfworld,rank,deepseek,OOD,2,top5,0.01,0.05,0.1,10,20,2.0,18
alfworld,rank,deepseek,OOD,2,top5,0.01,0.05,0.2,10,20,2.0,15
alfworld,rank,deepseek,OOD,2,top5,0.01,0.05,0.3,10,10,1.0,7
alfworld,rank,deepseek,OOD,2,top5,0.01,0.05,0.5,10,20,2.0,12
alfworld,rank,deepseek,OOD,2,top5,0.01,0.05,0.7,10,50,5.0,22
alfworld,rank,deepseek,OOD,2,top5,0.01,0.1,0.0,10,20,2.0,20
alfworld,rank,deepseek,OOD,2,top5,0.01,0.1,0.1,10,20,2.0,17
alfworld,rank,deepseek,OOD,2,top5,0.01,0.1,0.2,10,10,1.0,8
alfworld,rank,deepseek,OOD,2,top5,0.01,0.1,0.3,10,10,1.0,8
alfworld,rank,deepseek,OOD,2,top5,0.01,0.1,0.5,10,30,3.0,9
alfworld,rank,deepseek,OOD,2,top5,0.01,0.1,0.7,10,30,3.0,8
alfworld,rank,deepseek,OOD,2,top5,0.01,0.15,0.0,10,10,1.0,10
alfworld,rank,deepseek,OOD,2,top5,0.01,0.15,0.1,10,20,2.0,17
alfworld,rank,deepseek,OOD,2,top5,0.01,0.15,0.2,10,30,3.0,25
alfworld,rank,deepseek,OOD,2,top5,0.01,0.15,0.3,10,20,2.0,17
alfworld,rank,deepseek,OOD,2,top5,0.01,0.15,0.5,10,30,3.0,14
alfworld,rank,deepseek,OOD,2,top5,0.01,0.15,0.7,10,20,2.0,8
alfworld,rank,deepseek,OOD,2,top5,0.01,0.2,0.0,10,20,2.0,20
alfworld,rank,deepseek,OOD,2,top5,0.01,0.2,0.1,10,20,2.0,19
alfworld,rank,deepseek,OOD,2,top5,0.01,0.2,0.2,10,20,2.0,17
alfworld,rank,deepseek,OOD,2,top5,0.01,0.2,0.3,10,30,3.0,23
alfworld,rank,deepseek,OOD,2,top5,0.01,0.2,0.5,10,30,3.0,16
alfworld,rank,deepseek,OOD,2,top5,0.01,0.2,0.7,10,30,3.0,10
alfworld,rank,deepseek,OOD,2,top5,0.01,0.3,0.0,10,20,2.0,20
alfworld,rank,deepseek,OOD,2,top5,0.01,0.3,0.1,10,30,3.0,27
alfworld,rank,deepseek,OOD,2,top5,0.01,0.3,0.2,10,20,2.0,15
alfworld,rank,deepseek,OOD,2,top5,0.01,0.3,0.3,10,30,3.0,21
alfworld,rank,deepseek,OOD,2,top5,0.01,0.3,0.5,10,150,15.0,74
alfworld,rank,deepseek,OOD,2,top5,0.01,0.3,0.7,10,50,5.0,14
alfworld,rank,deepseek,OOD,2,top5,0.01,0.5,0.0,10,,,0
alfworld,rank,deepseek,OOD,2,top5,0.01,0.5,0.1,10,,,0
alfworld,rank,deepseek,OOD,2,top5,0.01,0.5,0.2,10,,,0
alfworld,rank,deepseek,OOD,2,top5,0.01,0.5,0.3,10,,,0
alfworld,rank,deepseek,OOD,2,top5,0.01,0.5,0.5,10,30,3.0,15
alfworld,rank,deepseek,OOD,2,top5,0.01,0.5,0.7,10,,,0
alfworld,rank,deepseek,OOD,3,full_rank,0.01,0.0,0.0,20,20,1.0,20
alfworld,rank,deepseek,OOD,3,full_rank,0.01,0.0,0.1,20,20,1.0,18
alfworld,rank,deepseek,OOD,3,full_rank,0.01,0.0,0.2,20,10,0.5,8
alfworld,rank,deepseek,OOD,3,full_rank,0.01,0.0,0.3,20,10,0.5,7
alfworld,rank,deepseek,OOD,3,full_rank,0.01,0.0,0.5,20,30,1.5,13
alfworld,rank,deepseek,OOD,3,full_rank,0.01,0.0,0.7,20,30,1.5,8
alfworld,rank,deepseek,OOD,3,full_rank,0.01,0.05,0.0,20,10,0.5,10
alfworld,rank,deepseek,OOD,3,full_rank,0.01,0.05,0.1,20,20,1.0,17
alfworld,rank,deepseek,OOD,3,full_rank,0.01,0.05,0.2,20,20,1.0,18
alfworld,rank,deepseek,OOD,3,full_rank,0.01,0.05,0.3,20,20,1.0,15
alfworld,rank,deepseek,OOD,3,full_rank,0.01,0.05,0.5,20,10,0.5,7
alfworld,rank,deepseek,OOD,3,full_rank,0.01,0.05,0.7,20,30,1.5,9
alfworld,rank,deepseek,OOD,3,full_rank,0.01,0.1,0.0,20,30,1.5,30
alfworld,rank,deepseek,OOD,3,full_rank,0.01,0.1,0.1,20,20,1.0,19
alfworld,rank,deepseek,OOD,3,full_rank,0.01,0.1,0.2,20,20,1.0,17
alfworld,rank,deepseek,OOD,3,full_rank,0.01,0.1,0.3,20,20,1.0,15
alfworld,rank,deepseek,OOD,3,full_rank,0.01,0.1,0.5,20,50,2.5,30
alfworld,rank,deepseek,OOD,3,full_rank,0.01,0.1,0.7,20,30,1.5,7
alfworld,rank,deepseek,OOD,3,full_rank,0.01,0.15,0.0,20,20,1.0,20
alfworld,rank,deepseek,OOD,3,full_rank,0.01,0.15,0.1,20,20,1.0,20
alfworld,rank,deepseek,OOD,3,full_rank,0.01,0.15,0.2,20,80,4.0,65
alfworld,rank,deepseek,OOD,3,full_rank,0.01,0.15,0.3,20,80,4.0,58
alfworld,rank,deepseek,OOD,3,full_rank,0.01,0.15,0.5,20,30,1.5,20
alfworld,rank,deepseek,OOD,3,full_rank,0.01,0.15,0.7,20,50,2.5,14
alfworld,rank,deepseek,OOD,3,full_rank,0.01,0.2,0.0,20,30,1.5,30
alfworld,rank,deepseek,OOD,3,full_rank,0.01,0.2,0.1,20,30,1.5,28
alfworld,rank,deepseek,OOD,3,full_rank,0.01,0.2,0.2,20,30,1.5,22
alfworld,rank,deepseek,OOD,3,full_rank,0.01,0.2,0.3,20,50,2.5,33
alfworld,rank,deepseek,OOD,3,full_rank,0.01,0.2,0.5,20,80,4.0,42
alfworld,rank,deepseek,OOD,3,full_rank,0.01,0.2,0.7,20,80,4.0,27
alfworld,rank,deepseek,OOD,3,full_rank,0.01,0.3,0.0,20,80,4.0,80
alfworld,rank,deepseek,OOD,3,full_rank,0.01,0.3,0.1,20,30,1.5,27
alfworld,rank,deepseek,OOD,3,full_rank,0.01,0.3,0.2,20,50,2.5,43
alfworld,rank,deepseek,OOD,3,full_rank,0.01,0.3,0.3,20,80,4.0,59
alfworld,rank,deepseek,OOD,3,full_rank,0.01,0.3,0.5,20,100,5.0,47
alfworld,rank,deepseek,OOD,3,full_rank,0.01,0.3,0.7,20,150,7.5,46
alfworld,rank,deepseek,OOD,3,full_rank,0.01,0.5,0.0,20,,,0
alfworld,rank,deepseek,OOD,3,full_rank,0.01,0.5,0.1,20,,,0
alfworld,rank,deepseek,OOD,3,full_rank,0.01,0.5,0.2,20,,,0
alfworld,rank,deepseek,OOD,3,full_rank,0.01,0.5,0.3,20,,,0
alfworld,rank,deepseek,OOD,3,full_rank,0.01,0.5,0.5,20,,,0
alfworld,rank,deepseek,OOD,3,full_rank,0.01,0.5,0.7,20,,,0
alfworld,rank,deepseek,OOD,3,top10,0.01,0.0,0.0,20,20,1.0,20
alfworld,rank,deepseek,OOD,3,top10,0.01,0.0,0.1,20,20,1.0,20
alfworld,rank,deepseek,OOD,3,top10,0.01,0.0,0.2,20,20,1.0,17
alfworld,rank,deepseek,OOD,3,top10,0.01,0.0,0.3,20,10,0.5,7
alfworld,rank,deepseek,OOD,3,top10,0.01,0.0,0.5,20,10,0.5,7
alfworld,rank,deepseek,OOD,3,top10,0.01,0.0,0.7,20,30,1.5,11
alfworld,rank,deepseek,OOD,3,top10,0.01,0.05,0.0,20,20,1.0,20
alfworld,rank,deepseek,OOD,3,top10,0.01,0.05,0.1,20,20,1.0,19
alfworld,rank,deepseek,OOD,3,top10,0.01,0.05,0.2,20,20,1.0,15
alfworld,rank,deepseek,OOD,3,top10,0.01,0.05,0.3,20,20,1.0,16
alfworld,rank,deepseek,OOD,3,top10,0.01,0.05,0.5,20,20,1.0,11
alfworld,rank,deepseek,OOD,3,top10,0.01,0.05,0.7,20,50,2.5,12
alfworld,rank,deepseek,OOD,3,top10,0.01,0.1,0.0,20,20,1.0,20
alfworld,rank,deepseek,OOD,3,top10,0.01,0.1,0.1,20,30,1.5,25
alfworld,rank,deepseek,OOD,3,top10,0.01,0.1,0.2,20,30,1.5,24
alfworld,rank,deepseek,OOD,3,top10,0.01,0.1,0.3,20,30,1.5,24
alfworld,rank,deepseek,OOD,3,top10,0.01,0.1,0.5,20,30,1.5,11
alfworld,rank,deepseek,OOD,3,top10,0.01,0.1,0.7,20,20,1.0,7
alfworld,rank,deepseek,OOD,3,top10,0.01,0.15,0.0,20,30,1.5,30
alfworld,rank,deepseek,OOD,3,top10,0.01,0.15,0.1,20,20,1.0,19
alfworld,rank,deepseek,OOD,3,top10,0.01,0.15,0.2,20,20,1.0,19
alfworld,rank,deepseek,OOD,3,top10,0.01,0.15,0.3,20,80,4.0,53
alfworld,rank,deepseek,OOD,3,top10,0.01,0.15,0.5,20,20,1.0,7
alfworld,rank,deepseek,OOD,3,top10,0.01,0.15,0.7,20,30,1.5,9
alfworld,rank,deepseek,OOD,3,top10,0.01,0.2,0.0,20,50,2.5,50
alfworld,rank,deepseek,OOD,3,top10,0.01,0.2,0.1,20,20,1.0,14
alfworld,rank,deepseek,OOD,3,top10,0.01,0.2,0.2,20,50,2.5,37
alfworld,rank,deepseek,OOD,3,top10,0.01,0.2,0.3,20,30,1.5,21
alfworld,rank,deepseek,OOD,3,top10,0.01,0.2,0.5,20,100,5.0,62
alfworld,rank,deepseek,OOD,3,top10,0.01,0.2,0.7,20,80,4.0,22
alfworld,rank,deepseek,OOD,3,top10,0.01,0.3,0.0,20,50,2.5,50
alfworld,rank,deepseek,OOD,3,top10,0.01,0.3,0.1,20,80,4.0,69
alfworld,rank,deepseek,OOD,3,top10,0.01,0.3,0.2,20,80,4.0,63
alfworld,rank,deepseek,OOD,3,top10,0.01,0.3,0.3,20,50,2.5,38
alfworld,rank,deepseek,OOD,3,top10,0.01,0.3,0.5,20,100,5.0,43
alfworld,rank,deepseek,OOD,3,top10,0.01,0.3,0.7,20,150,7.5,45
alfworld,rank,deepseek,OOD,3,top10,0.01,0.5,0.0,20,,,0
alfworld,rank,deepseek,OOD,3,top10,0.01,0.5,0.1,20,,,0
alfworld,rank,deepseek,OOD,3,top10,0.01,0.5,0.2,20,,,0
alfworld,rank,deepseek,OOD,3,top10,0.01,0.5,0.3,20,,,0
alfworld,rank,deepseek,OOD,3,top10,0.01,0.5,0.5,20,,,0
alfworld,rank,deepseek,OOD,3,top10,0.01,0.5,0.7,20,,,0
alfworld,rank,deepseek,OOD,3,top2,0.01,0.0,0.0,10,10,1.0,10
alfworld,rank,deepseek,OOD,3,top2,0.01,0.0,0.1,10,10,1.0,10
alfworld,rank,deepseek,OOD,3,top2,0.01,0.0,0.2,10,10,1.0,10
alfworld,rank,deepseek,OOD,3,top2,0.01,0.0,0.3,10,10,1.0,8
alfworld,rank,deepseek,OOD,3,top2,0.01,0.0,0.5,10,20,2.0,11
alfworld,rank,deepseek,OOD,3,top2,0.01,0.0,0.7,10,80,8.0,25
alfworld,rank,deepseek,OOD,3,top2,0.01,0.05,0.0,10,10,1.0,10
alfworld,rank,deepseek,OOD,3,top2,0.01,0.05,0.1,10,10,1.0,9
alfworld,rank,deepseek,OOD,3,top2,0.01,0.05,0.2,10,10,1.0,8
alfworld,rank,deepseek,OOD,3,top2,0.01,0.05,0.3,10,30,3.0,16
alfworld,rank,deepseek,OOD,3,top2,0.01,0.05,0.5,10,30,3.0,15
alfworld,rank,deepseek,OOD,3,top2,0.01,0.05,0.7,10,50,5.0,15
alfworld,rank,deepseek,OOD,3,top2,0.01,0.1,0.0,10,20,2.0,20
alfworld,rank,deepseek,OOD,3,top2,0.01,0.1,0.1,10,20,2.0,19
alfworld,rank,deepseek,OOD,3,top2,0.01,0.1,0.2,10,10,1.0,7
alfworld,rank,deepseek,OOD,3,top2,0.01,0.1,0.3,10,20,2.0,17
alfworld,rank,deepseek,OOD,3,top2,0.01,0.1,0.5,10,30,3.0,9
alfworld,rank,deepseek,OOD,3,top2,0.01,0.1,0.7,10,20,2.0,9
alfworld,rank,deepseek,OOD,3,top2,0.01,0.15,0.0,10,20,2.0,20
alfworld,rank,deepseek,OOD,3,top2,0.01,0.15,0.1,10,30,3.0,28
alfworld,rank,deepseek,OOD,3,top2,0.01,0.15,0.2,10,50,5.0,44
alfworld,rank,deepseek,OOD,3,top2,0.01,0.15,0.3,10,20,2.0,15
alfworld,rank,deepseek,OOD,3,top2,0.01,0.15,0.5,10,30,3.0,13
alfworld,rank,deepseek,OOD,3,top2,0.01,0.15,0.7,10,30,3.0,8
alfworld,rank,deepseek,OOD,3,top2,0.01,0.2,0.0,10,30,3.0,30
alfworld,rank,deepseek,OOD,3,top2,0.01,0.2,0.1,10,30,3.0,28
alfworld,rank,deepseek,OOD,3,top2,0.01,0.2,0.2,10,30,3.0,25
alfworld,rank,deepseek,OOD,3,top2,0.01,0.2,0.3,10,30,3.0,19
alfworld,rank,deepseek,OOD,3,top2,0.01,0.2,0.5,10,50,5.0,19
alfworld,rank,deepseek,OOD,3,top2,0.01,0.2,0.7,10,80,8.0,27
alfworld,rank,deepseek,OOD,3,top2,0.01,0.3,0.0,10,50,5.0,50
alfworld,rank,deepseek,OOD,3,top2,0.01,0.3,0.1,10,80,8.0,67
alfworld,rank,deepseek,OOD,3,top2,0.01,0.3,0.2,10,20,2.0,16
alfworld,rank,deepseek,OOD,3,top2,0.01,0.3,0.3,10,80,8.0,57
alfworld,rank,deepseek,OOD,3,top2,0.01,0.3,0.5,10,50,5.0,27
alfworld,rank,deepseek,OOD,3,top2,0.01,0.3,0.7,10,80,8.0,22
alfworld,rank,deepseek,OOD,3,top2,0.01,0.5,0.0,10,,,0
alfworld,rank,deepseek,OOD,3,top2,0.01,0.5,0.1,10,,,0
alfworld,rank,deepseek,OOD,3,top2,0.01,0.5,0.2,10,,,0
alfworld,rank,deepseek,OOD,3,top2,0.01,0.5,0.3,10,,,0
alfworld,rank,deepseek,OOD,3,top2,0.01,0.5,0.5,10,,,0
alfworld,rank,deepseek,OOD,3,top2,0.01,0.5,0.7,10,,,0
alfworld,rank,deepseek,OOD,3,top3,0.01,0.0,0.0,20,20,1.0,20
alfworld,rank,deepseek,OOD,3,top3,0.01,0.0,0.1,20,20,1.0,20
alfworld,rank,deepseek,OOD,3,top3,0.01,0.0,0.2,20,20,1.0,17
alfworld,rank,deepseek,OOD,3,top3,0.01,0.0,0.3,20,50,2.5,34
alfworld,rank,deepseek,OOD,3,top3,0.01,0.0,0.5,20,30,1.5,17
alfworld,rank,deepseek,OOD,3,top3,0.01,0.0,0.7,20,80,4.0,22
alfworld,rank,deepseek,OOD,3,top3,0.01,0.05,0.0,20,20,1.0,20
alfworld,rank,deepseek,OOD,3,top3,0.01,0.05,0.1,20,50,2.5,49
alfworld,rank,deepseek,OOD,3,top3,0.01,0.05,0.2,20,20,1.0,19
alfworld,rank,deepseek,OOD,3,top3,0.01,0.05,0.3,20,50,2.5,39
alfworld,rank,deepseek,OOD,3,top3,0.01,0.05,0.5,20,30,1.5,15
alfworld,rank,deepseek,OOD,3,top3,0.01,0.05,0.7,20,50,2.5,12
alfworld,rank,deepseek,OOD,3,top3,0.01,0.1,0.0,20,30,1.5,30
alfworld,rank,deepseek,OOD,3,top3,0.01,0.1,0.1,20,30,1.5,24
alfworld,rank,deepseek,OOD,3,top3,0.01,0.1,0.2,20,20,1.0,15
alfworld,rank,deepseek,OOD,3,top3,0.01,0.1,0.3,20,30,1.5,22
alfworld,rank,deepseek,OOD,3,top3,0.01,0.1,0.5,20,50,2.5,22
alfworld,rank,deepseek,OOD,3,top3,0.01,0.1,0.7,20,80,4.0,17
alfworld,rank,deepseek,OOD,3,top3,0.01,0.15,0.0,20,30,1.5,30
alfworld,rank,deepseek,OOD,3,top3,0.01,0.15,0.1,20,10,0.5,8
alfworld,rank,deepseek,OOD,3,top3,0.01,0.15,0.2,20,10,0.5,7
alfworld,rank,deepseek,OOD,3,top3,0.01,0.15,0.3,20,80,4.0,58
alfworld,rank,deepseek,OOD,3,top3,0.01,0.15,0.5,20,20,1.0,11
alfworld,rank,deepseek,OOD,3,top3,0.01,0.15,0.7,20,80,4.0,27
alfworld,rank,deepseek,OOD,3,top3,0.01,0.2,0.0,20,20,1.0,20
alfworld,rank,deepseek,OOD,3,top3,0.01,0.2,0.1,20,50,2.5,44
alfworld,rank,deepseek,OOD,3,top3,0.01,0.2,0.2,20,20,1.0,18
alfworld,rank,deepseek,OOD,3,top3,0.01,0.2,0.3,20,20,1.0,16
alfworld,rank,deepseek,OOD,3,top3,0.01,0.2,0.5,20,80,4.0,31
alfworld,rank,deepseek,OOD,3,top3,0.01,0.2,0.7,20,100,5.0,32
alfworld,rank,deepseek,OOD,3,top3,0.01,0.3,0.0,20,30,1.5,30
alfworld,rank,deepseek,OOD,3,top3,0.01,0.3,0.1,20,50,2.5,44
alfworld,rank,deepseek,OOD,3,top3,0.01,0.3,0.2,20,50,2.5,37
alfworld,rank,deepseek,OOD,3,top3,0.01,0.3,0.3,20,150,7.5,107
alfworld,rank,deepseek,OOD,3,top3,0.01,0.3,0.5,20,50,2.5,27
alfworld,rank,deepseek,OOD,3,top3,0.01,0.3,0.7,20,150,7.5,47
alfworld,rank,deepseek,OOD,3,top3,0.01,0.5,0.0,20,,,0
alfworld,rank,deepseek,OOD,3,top3,0.01,0.5,0.1,20,,,0
alfworld,rank,deepseek,OOD,3,top3,0.01,0.5,0.2,20,,,0
alfworld,rank,deepseek,OOD,3,top3,0.01,0.5,0.3,20,,,0
alfworld,rank,deepseek,OOD,3,top3,0.01,0.5,0.5,20,,,0
alfworld,rank,deepseek,OOD,3,top3,0.01,0.5,0.7,20,,,0
alfworld,rank,deepseek,OOD,3,top5,0.01,0.0,0.0,20,20,1.0,20
alfworld,rank,deepseek,OOD,3,top5,0.01,0.0,0.1,20,20,1.0,16
alfworld,rank,deepseek,OOD,3,top5,0.01,0.0,0.2,20,20,1.0,18
alfworld,rank,deepseek,OOD,3,top5,0.01,0.0,0.3,20,20,1.0,16
alfworld,rank,deepseek,OOD,3,top5,0.01,0.0,0.5,20,30,1.5,18
alfworld,rank,deepseek,OOD,3,top5,0.01,0.0,0.7,20,50,2.5,14
alfworld,rank,deepseek,OOD,3,top5,0.01,0.05,0.0,20,20,1.0,20
alfworld,rank,deepseek,OOD,3,top5,0.01,0.05,0.1,20,20,1.0,18
alfworld,rank,deepseek,OOD,3,top5,0.01,0.05,0.2,20,20,1.0,15
alfworld,rank,deepseek,OOD,3,top5,0.01,0.05,0.3,20,30,1.5,21
alfworld,rank,deepseek,OOD,3,top5,0.01,0.05,0.5,20,50,2.5,25
alfworld,rank,deepseek,OOD,3,top5,0.01,0.05,0.7,20,30,1.5,14
alfworld,rank,deepseek,OOD,3,top5,0.01,0.1,0.0,20,20,1.0,20
alfworld,rank,deepseek,OOD,3,top5,0.01,0.1,0.1,20,20,1.0,16
alfworld,rank,deepseek,OOD,3,top5,0.01,0.1,0.2,20,20,1.0,18
alfworld,rank,deepseek,OOD,3,top5,0.01,0.1,0.3,20,30,1.5,22
alfworld,rank,deepseek,OOD,3,top5,0.01,0.1,0.5,20,30,1.5,16
alfworld,rank,deepseek,OOD,3,top5,0.01,0.1,0.7,20,30,1.5,12
alfworld,rank,deepseek,OOD,3,top5,0.01,0.15,0.0,20,30,1.5,30
alfworld,rank,deepseek,OOD,3,top5,0.01,0.15,0.1,20,30,1.5,26
alfworld,rank,deepseek,OOD,3,top5,0.01,0.15,0.2,20,30,1.5,26
alfworld,rank,deepseek,OOD,3,top5,0.01,0.15,0.3,20,10,0.5,7
alfworld,rank,deepseek,OOD,3,top5,0.01,0.15,0.5,20,50,2.5,20
alfworld,rank,deepseek,OOD,3,top5,0.01,0.15,0.7,20,80,4.0,20
alfworld,rank,deepseek,OOD,3,top5,0.01,0.2,0.0,20,20,1.0,20
alfworld,rank,deepseek,OOD,3,top5,0.01,0.2,0.1,20,80,4.0,77
alfworld,rank,deepseek,OOD,3,top5,0.01,0.2,0.2,20,20,1.0,17
alfworld,rank,deepseek,OOD,3,top5,0.01,0.2,0.3,20,50,2.5,32
alfworld,rank,deepseek,OOD,3,top5,0.01,0.2,0.5,20,80,4.0,42
alfworld,rank,deepseek,OOD,3,top5,0.01,0.2,0.7,20,50,2.5,18
alfworld,rank,deepseek,OOD,3,top5,0.01,0.3,0.0,20,80,4.0,80
alfworld,rank,deepseek,OOD,3,top5,0.01,0.3,0.1,20,10,0.5,8
alfworld,rank,deepseek,OOD,3,top5,0.01,0.3,0.2,20,100,5.0,78
alfworld,rank,deepseek,OOD,3,top5,0.01,0.3,0.3,20,30,1.5,24
alfworld,rank,deepseek,OOD,3,top5,0.01,0.3,0.5,20,100,5.0,46
alfworld,rank,deepseek,OOD,3,top5,0.01,0.3,0.7,20,50,2.5,19
alfworld,rank,deepseek,OOD,3,top5,0.01,0.5,0.0,20,,,0
alfworld,rank,deepseek,OOD,3,top5,0.01,0.5,0.1,20,,,0
alfworld,rank,deepseek,OOD,3,top5,0.01,0.5,0.2,20,,,0
alfworld,rank,deepseek,OOD,3,top5,0.01,0.5,0.3,20,,,0
alfworld,rank,deepseek,OOD,3,top5,0.01,0.5,0.5,20,,,0
alfworld,rank,deepseek,OOD,3,top5,0.01,0.5,0.7,20,,,0
alfworld,rank,gemini-flash,ID,1,full_rank,0.01,0.0,0.0,10,10,1.0,10
alfworld,rank,gemini-flash,ID,1,full_rank,0.01,0.0,0.1,10,20,2.0,18
alfworld,rank,gemini-flash,ID,1,full_rank,0.01,0.0,0.2,10,10,1.0,9
alfworld,rank,gemini-flash,ID,1,full_rank,0.01,0.0,0.3,10,20,2.0,14
alfworld,rank,gemini-flash,ID,1,full_rank,0.01,0.0,0.5,10,10,1.0,7
alfworld,rank,gemini-flash,ID,1,full_rank,0.01,0.0,0.7,10,30,3.0,7
alfworld,rank,gemini-flash,ID,1,full_rank,0.01,0.05,0.0,10,10,1.0,10
alfworld,rank,gemini-flash,ID,1,full_rank,0.01,0.05,0.1,10,20,2.0,17
alfworld,rank,gemini-flash,ID,1,full_rank,0.01,0.05,0.2,10,10,1.0,10
alfworld,rank,gemini-flash,ID,1,full_rank,0.01,0.05,0.3,10,20,2.0,17
alfworld,rank,gemini-flash,ID,1,full_rank,0.01,0.05,0.5,10,20,2.0,10
alfworld,rank,gemini-flash,ID,1,full_rank,0.01,0.05,0.7,10,50,5.0,17
alfworld,rank,gemini-flash,ID,1,full_rank,0.01,0.1,0.0,10,20,2.0,20
alfworld,rank,gemini-flash,ID,1,full_rank,0.01,0.1,0.1,10,10,1.0,8
alfworld,rank,gemini-flash,ID,1,full_rank,0.01,0.1,0.2,10,10,1.0,10
alfworld,rank,gemini-flash,ID,1,full_rank,0.01,0.1,0.3,10,10,1.0,7
alfworld,rank,gemini-flash,ID,1,full_rank,0.01,0.1,0.5,10,30,3.0,17
alfworld,rank,gemini-flash,ID,1,full_rank,0.01,0.1,0.7,10,80,8.0,30
alfworld,rank,gemini-flash,ID,1,full_rank,0.01,0.15,0.0,10,20,2.0,20
alfworld,rank,gemini-flash,ID,1,full_rank,0.01,0.15,0.1,10,20,2.0,17
alfworld,rank,gemini-flash,ID,1,full_rank,0.01,0.15,0.2,10,10,1.0,7
alfworld,rank,gemini-flash,ID,1,full_rank,0.01,0.15,0.3,10,30,3.0,19
alfworld,rank,gemini-flash,ID,1,full_rank,0.01,0.15,0.5,10,50,5.0,22
alfworld,rank,gemini-flash,ID,1,full_rank,0.01,0.15,0.7,10,50,5.0,21
alfworld,rank,gemini-flash,ID,1,full_rank,0.01,0.2,0.0,10,10,1.0,10
alfworld,rank,gemini-flash,ID,1,full_rank,0.01,0.2,0.1,10,30,3.0,28
alfworld,rank,gemini-flash,ID,1,full_rank,0.01,0.2,0.2,10,10,1.0,8
alfworld,rank,gemini-flash,ID,1,full_rank,0.01,0.2,0.3,10,50,5.0,43
alfworld,rank,gemini-flash,ID,1,full_rank,0.01,0.2,0.5,10,50,5.0,22
alfworld,rank,gemini-flash,ID,1,full_rank,0.01,0.2,0.7,10,80,8.0,29
alfworld,rank,gemini-flash,ID,1,full_rank,0.01,0.3,0.0,10,80,8.0,80
alfworld,rank,gemini-flash,ID,1,full_rank,0.01,0.3,0.1,10,30,3.0,28
alfworld,rank,gemini-flash,ID,1,full_rank,0.01,0.3,0.2,10,20,2.0,13
alfworld,rank,gemini-flash,ID,1,full_rank,0.01,0.3,0.3,10,20,2.0,18
alfworld,rank,gemini-flash,ID,1,full_rank,0.01,0.3,0.5,10,50,5.0,24
alfworld,rank,gemini-flash,ID,1,full_rank,0.01,0.3,0.7,10,80,8.0,28
alfworld,rank,gemini-flash,ID,1,full_rank,0.01,0.5,0.0,10,,,0
alfworld,rank,gemini-flash,ID,1,full_rank,0.01,0.5,0.1,10,,,0
alfworld,rank,gemini-flash,ID,1,full_rank,0.01,0.5,0.2,10,50,5.0,42
alfworld,rank,gemini-flash,ID,1,full_rank,0.01,0.5,0.3,10,,,0
alfworld,rank,gemini-flash,ID,1,full_rank,0.01,0.5,0.5,10,,,0
alfworld,rank,gemini-flash,ID,1,full_rank,0.01,0.5,0.7,10,,,0
alfworld,rank,gemini-flash,ID,1,top10,0.01,0.0,0.0,10,10,1.0,10
alfworld,rank,gemini-flash,ID,1,top10,0.01,0.0,0.1,10,10,1.0,10
alfworld,rank,gemini-flash,ID,1,top10,0.01,0.0,0.2,10,10,1.0,8
alfworld,rank,gemini-flash,ID,1,top10,0.01,0.0,0.3,10,10,1.0,9
alfworld,rank,gemini-flash,ID,1,top10,0.01,0.0,0.5,10,20,2.0,14
alfworld,rank,gemini-flash,ID,1,top10,0.01,0.0,0.7,10,20,2.0,8
alfworld,rank,gemini-flash,ID,1,top10,0.01,0.05,0.0,10,10,1.0,10
alfworld,rank,gemini-flash,ID,1,top10,0.01,0.05,0.1,10,20,2.0,18
alfworld,rank,gemini-flash,ID,1,top10,0.01,0.05,0.2,10,10,1.0,9
alfworld,rank,gemini-flash,ID,1,top10,0.01,0.05,0.3,10,20,2.0,14
alfworld,rank,gemini-flash,ID,1,top10,0.01,0.05,0.5,10,10,1.0,7
alfworld,rank,gemini-flash,ID,1,top10,0.01,0.05,0.7,10,30,3.0,8
alfworld,rank,gemini-flash,ID,1,top10,0.01,0.1,0.0,10,20,2.0,20
alfworld,rank,gemini-flash,ID,1,top10,0.01,0.1,0.1,10,10,1.0,10
alfworld,rank,gemini-flash,ID,1,top10,0.01,0.1,0.2,10,20,2.0,17
alfworld,rank,gemini-flash,ID,1,top10,0.01,0.1,0.3,10,10,1.0,8
alfworld,rank,gemini-flash,ID,1,top10,0.01,0.1,0.5,10,20,2.0,9
alfworld,rank,gemini-flash,ID,1,top10,0.01,0.1,0.7,10,50,5.0,17
alfworld,rank,gemini-flash,ID,1,top10,0.01,0.15,0.0,10,20,2.0,20
alfworld,rank,gemini-flash,ID,1,top10,0.01,0.15,0.1,10,20,2.0,20
alfworld,rank,gemini-flash,ID,1,top10,0.01,0.15,0.2,10,30,3.0,22
alfworld,rank,gemini-flash,ID,1,top10,0.01,0.15,0.3,10,50,5.0,33
alfworld,rank,gemini-flash,ID,1,top10,0.01,0.15,0.5,10,20,2.0,13
alfworld,rank,gemini-flash,ID,1,top10,0.01,0.15,0.7,10,20,2.0,7
alfworld,rank,gemini-flash,ID,1,top10,0.01,0.2,0.0,10,10,1.0,10
alfworld,rank,gemini-flash,ID,1,top10,0.01,0.2,0.1,10,30,3.0,27
alfworld,rank,gemini-flash,ID,1,top10,0.01,0.2,0.2,10,20,2.0,19
alfworld,rank,gemini-flash,ID,1,top10,0.01,0.2,0.3,10,30,3.0,21
alfworld,rank,gemini-flash,ID,1,top10,0.01,0.2,0.5,10,50,5.0,29
alfworld,rank,gemini-flash,ID,1,top10,0.01,0.2,0.7,10,50,5.0,12
alfworld,rank,gemini-flash,ID,1,top10,0.01,0.3,0.0,10,20,2.0,20
alfworld,rank,gemini-flash,ID,1,top10,0.01,0.3,0.1,10,30,3.0,27
alfworld,rank,gemini-flash,ID,1,top10,0.01,0.3,0.2,10,50,5.0,42
alfworld,rank,gemini-flash,ID,1,top10,0.01,0.3,0.3,10,50,5.0,35
alfworld,rank,gemini-flash,ID,1,top10,0.01,0.3,0.5,10,100,10.0,56
alfworld,rank,gemini-flash,ID,1,top10,0.01,0.3,0.7,10,80,8.0,19
alfworld,rank,gemini-flash,ID,1,top10,0.01,0.5,0.0,10,,,0
alfworld,rank,gemini-flash,ID,1,top10,0.01,0.5,0.1,10,,,0
alfworld,rank,gemini-flash,ID,1,top10,0.01,0.5,0.2,10,,,0
alfworld,rank,gemini-flash,ID,1,top10,0.01,0.5,0.3,10,,,0
alfworld,rank,gemini-flash,ID,1,top10,0.01,0.5,0.5,10,,,0
alfworld,rank,gemini-flash,ID,1,top10,0.01,0.5,0.7,10,,,0
alfworld,rank,gemini-flash,ID,1,top2,0.01,0.0,0.0,10,10,1.0,10
alfworld,rank,gemini-flash,ID,1,top2,0.01,0.0,0.1,10,10,1.0,9
alfworld,rank,gemini-flash,ID,1,top2,0.01,0.0,0.2,10,10,1.0,8
alfworld,rank,gemini-flash,ID,1,top2,0.01,0.0,0.3,10,10,1.0,8
alfworld,rank,gemini-flash,ID,1,top2,0.01,0.0,0.5,10,20,2.0,10
alfworld,rank,gemini-flash,ID,1,top2,0.01,0.0,0.7,10,20,2.0,11
alfworld,rank,gemini-flash,ID,1,top2,0.01,0.05,0.0,10,20,2.0,20
alfworld,rank,gemini-flash,ID,1,top2,0.01,0.05,0.1,10,10,1.0,8
alfworld,rank,gemini-flash,ID,1,top2,0.01,0.05,0.2,10,10,1.0,9
alfworld,rank,gemini-flash,ID,1,top2,0.01,0.05,0.3,10,10,1.0,9
alfworld,rank,gemini-flash,ID,1,top2,0.01,0.05,0.5,10,20,2.0,11
alfworld,rank,gemini-flash,ID,1,top2,0.01,0.05,0.7,10,50,5.0,19
alfworld,rank,gemini-flash,ID,1,top2,0.01,0.1,0.0,10,20,2.0,20
alfworld,rank,gemini-flash,ID,1,top2,0.01,0.1,0.1,10,20,2.0,19
alfworld,rank,gemini-flash,ID,1,top2,0.01,0.1,0.2,10,20,2.0,15
alfworld,rank,gemini-flash,ID,1,top2,0.01,0.1,0.3,10,20,2.0,11
alfworld,rank,gemini-flash,ID,1,top2,0.01,0.1,0.5,10,30,3.0,15
alfworld,rank,gemini-flash,ID,1,top2,0.01,0.1,0.7,10,20,2.0,9
alfworld,rank,gemini-flash,ID,1,top2,0.01,0.15,0.0,10,20,2.0,20
alfworld,rank,gemini-flash,ID,1,top2,0.01,0.15,0.1,10,30,3.0,28
alfworld,rank,gemini-flash,ID,1,top2,0.01,0.15,0.2,10,20,2.0,14
alfworld,rank,gemini-flash,ID,1,top2,0.01,0.15,0.3,10,10,1.0,9
alfworld,rank,gemini-flash,ID,1,top2,0.01,0.15,0.5,10,30,3.0,18
alfworld,rank,gemini-flash,ID,1,top2,0.01,0.15,0.7,10,50,5.0,19
alfworld,rank,gemini-flash,ID,1,top2,0.01,0.2,0.0,10,30,3.0,30
alfworld,rank,gemini-flash,ID,1,top2,0.01,0.2,0.1,10,20,2.0,15
alfworld,rank,gemini-flash,ID,1,top2,0.01,0.2,0.2,10,30,3.0,21
alfworld,rank,gemini-flash,ID,1,top2,0.01,0.2,0.3,10,20,2.0,14
alfworld,rank,gemini-flash,ID,1,top2,0.01,0.2,0.5,10,50,5.0,26
alfworld,rank,gemini-flash,ID,1,top2,0.01,0.2,0.7,10,50,5.0,14
alfworld,rank,gemini-flash,ID,1,top2,0.01,0.3,0.0,10,50,5.0,50
alfworld,rank,gemini-flash,ID,1,top2,0.01,0.3,0.1,10,50,5.0,44
alfworld,rank,gemini-flash,ID,1,top2,0.01,0.3,0.2,10,30,3.0,24
alfworld,rank,gemini-flash,ID,1,top2,0.01,0.3,0.3,10,30,3.0,23
alfworld,rank,gemini-flash,ID,1,top2,0.01,0.3,0.5,10,150,15.0,76
alfworld,rank,gemini-flash,ID,1,top2,0.01,0.3,0.7,10,150,15.0,38
alfworld,rank,gemini-flash,ID,1,top2,0.01,0.5,0.0,10,,,0
alfworld,rank,gemini-flash,ID,1,top2,0.01,0.5,0.1,10,,,0
alfworld,rank,gemini-flash,ID,1,top2,0.01,0.5,0.2,10,,,0
alfworld,rank,gemini-flash,ID,1,top2,0.01,0.5,0.3,10,,,0
alfworld,rank,gemini-flash,ID,1,top2,0.01,0.5,0.5,10,,,0
alfworld,rank,gemini-flash,ID,1,top2,0.01,0.5,0.7,10,,,0
alfworld,rank,gemini-flash,ID,1,top3,0.01,0.0,0.0,10,10,1.0,10
alfworld,rank,gemini-flash,ID,1,top3,0.01,0.0,0.1,10,10,1.0,9
alfworld,rank,gemini-flash,ID,1,top3,0.01,0.0,0.2,10,10,1.0,7
alfworld,rank,gemini-flash,ID,1,top3,0.01,0.0,0.3,10,10,1.0,9
alfworld,rank,gemini-flash,ID,1,top3,0.01,0.0,0.5,10,20,2.0,10
alfworld,rank,gemini-flash,ID,1,top3,0.01,0.0,0.7,10,20,2.0,8
alfworld,rank,gemini-flash,ID,1,top3,0.01,0.05,0.0,10,20,2.0,20
alfworld,rank,gemini-flash,ID,1,top3,0.01,0.05,0.1,10,10,1.0,8
alfworld,rank,gemini-flash,ID,1,top3,0.01,0.05,0.2,10,10,1.0,9
alfworld,rank,gemini-flash,ID,1,top3,0.01,0.05,0.3,10,10,1.0,7
alfworld,rank,gemini-flash,ID,1,top3,0.01,0.05,0.5,10,20,2.0,13
alfworld,rank,gemini-flash,ID,1,top3,0.01,0.05,0.7,10,50,5.0,12
alfworld,rank,gemini-flash,ID,1,top3,0.01,0.1,0.0,10,10,1.0,10
alfworld,rank,gemini-flash,ID,1,top3,0.01,0.1,0.1,10,20,2.0,16
alfworld,rank,gemini-flash,ID,1,top3,0.01,0.1,0.2,10,10,1.0,7
alfworld,rank,gemini-flash,ID,1,top3,0.01,0.1,0.3,10,20,2.0,14
alfworld,rank,gemini-flash,ID,1,top3,0.01,0.1,0.5,10,20,2.0,9
alfworld,rank,gemini-flash,ID,1,top3,0.01,0.1,0.7,10,30,3.0,11
alfworld,rank,gemini-flash,ID,1,top3,0.01,0.15,0.0,10,20,2.0,20
alfworld,rank,gemini-flash,ID,1,top3,0.01,0.15,0.1,10,20,2.0,16
alfworld,rank,gemini-flash,ID,1,top3,0.01,0.15,0.2,10,10,1.0,9
alfworld,rank,gemini-flash,ID,1,top3,0.01,0.15,0.3,10,10,1.0,8
alfworld,rank,gemini-flash,ID,1,top3,0.01,0.15,0.5,10,30,3.0,21
alfworld,rank,gemini-flash,ID,1,top3,0.01,0.15,0.7,10,20,2.0,7
alfworld,rank,gemini-flash,ID,1,top3,0.01,0.2,0.0,10,30,3.0,30
alfworld,rank,gemini-flash,ID,1,top3,0.01,0.2,0.1,10,10,1.0,10
alfworld,rank,gemini-flash,ID,1,top3,0.01,0.2,0.2,10,30,3.0,22
alfworld,rank,gemini-flash,ID,1,top3,0.01,0.2,0.3,10,20,2.0,15
alfworld,rank,gemini-flash,ID,1,top3,0.01,0.2,0.5,10,50,5.0,26
alfworld,rank,gemini-flash,ID,1,top3,0.01,0.2,0.7,10,100,10.0,30
alfworld,rank,gemini-flash,ID,1,top3,0.01,0.3,0.0,10,80,8.0,80
alfworld,rank,gemini-flash,ID,1,top3,0.01,0.3,0.1,10,50,5.0,44
alfworld,rank,gemini-flash,ID,1,top3,0.01,0.3,0.2,10,100,10.0,78
alfworld,rank,gemini-flash,ID,1,top3,0.01,0.3,0.3,10,10,1.0,7
alfworld,rank,gemini-flash,ID,1,top3,0.01,0.3,0.5,10,30,3.0,17
alfworld,rank,gemini-flash,ID,1,top3,0.01,0.3,0.7,10,100,10.0,29
alfworld,rank,gemini-flash,ID,1,top3,0.01,0.5,0.0,10,,,0
alfworld,rank,gemini-flash,ID,1,top3,0.01,0.5,0.1,10,,,0
alfworld,rank,gemini-flash,ID,1,top3,0.01,0.5,0.2,10,,,0
alfworld,rank,gemini-flash,ID,1,top3,0.01,0.5,0.3,10,,,0
alfworld,rank,gemini-flash,ID,1,top3,0.01,0.5,0.5,10,,,0
alfworld,rank,gemini-flash,ID,1,top3,0.01,0.5,0.7,10,,,0
alfworld,rank,gemini-flash,ID,1,top5,0.01,0.0,0.0,10,10,1.0,10
alfworld,rank,gemini-flash,ID,1,top5,0.01,0.0,0.1,10,10,1.0,9
alfworld,rank,gemini-flash,ID,1,top5,0.01,0.0,0.2,10,10,1.0,9
alfworld,rank,gemini-flash,ID,1,top5,0.01,0.0,0.3,10,20,2.0,11
alfworld,rank,gemini-flash,ID,1,top5,0.01,0.0,0.5,10,20,2.0,9
alfworld,rank,gemini-flash,ID,1,top5,0.01,0.0,0.7,10,30,3.0,12
alfworld,rank,gemini-flash,ID,1,top5,0.01,0.05,0.0,10,20,2.0,20
alfworld,rank,gemini-flash,ID,1,top5,0.01,0.05,0.1,10,20,2.0,18
alfworld,rank,gemini-flash,ID,1,top5,0.01,0.05,0.2,10,20,2.0,19
alfworld,rank,gemini-flash,ID,1,top5,0.01,0.05,0.3,10,20,2.0,13
alfworld,rank,gemini-flash,ID,1,top5,0.01,0.05,0.5,10,20,2.0,9
alfworld,rank,gemini-flash,ID,1,top5,0.01,0.05,0.7,10,30,3.0,7
alfworld,rank,gemini-flash,ID,1,top5,0.01,0.1,0.0,10,20,2.0,20
alfworld,rank,gemini-flash,ID,1,top5,0.01,0.1,0.1,10,10,1.0,8
alfworld,rank,gemini-flash,ID,1,top5,0.01,0.1,0.2,10,10,1.0,7
alfworld,rank,gemini-flash,ID,1,top5,0.01,0.1,0.3,10,10,1.0,7
alfworld,rank,gemini-flash,ID,1,top5,0.01,0.1,0.5,10,30,3.0,18
alfworld,rank,gemini-flash,ID,1,top5,0.01,0.1,0.7,10,50,5.0,14
alfworld,rank,gemini-flash,ID,1,top5,0.01,0.15,0.0,10,20,2.0,20
alfworld,rank,gemini-flash,ID,1,top5,0.01,0.15,0.1,10,30,3.0,26
alfworld,rank,gemini-flash,ID,1,top5,0.01,0.15,0.2,10,10,1.0,8
alfworld,rank,gemini-flash,ID,1,top5,0.01,0.15,0.3,10,20,2.0,16
alfworld,rank,gemini-flash,ID,1,top5,0.01,0.15,0.5,10,30,3.0,11
alfworld,rank,gemini-flash,ID,1,top5,0.01,0.15,0.7,10,80,8.0,31
alfworld,rank,gemini-flash,ID,1,top5,0.01,0.2,0.0,10,20,2.0,20
alfworld,rank,gemini-flash,ID,1,top5,0.01,0.2,0.1,10,10,1.0,9
alfworld,rank,gemini-flash,ID,1,top5,0.01,0.2,0.2,10,20,2.0,14
alfworld,rank,gemini-flash,ID,1,top5,0.01,0.2,0.3,10,20,2.0,17
alfworld,rank,gemini-flash,ID,1,top5,0.01,0.2,0.5,10,30,3.0,19
alfworld,rank,gemini-flash,ID,1,top5,0.01,0.2,0.7,10,80,8.0,28
alfworld,rank,gemini-flash,ID,1,top5,0.01,0.3,0.0,10,30,3.0,30
alfworld,rank,gemini-flash,ID,1,top5,0.01,0.3,0.1,10,50,5.0,47
alfworld,rank,gemini-flash,ID,1,top5,0.01,0.3,0.2,10,80,8.0,67
alfworld,rank,gemini-flash,ID,1,top5,0.01,0.3,0.3,10,30,3.0,25
alfworld,rank,gemini-flash,ID,1,top5,0.01,0.3,0.5,10,20,2.0,11
alfworld,rank,gemini-flash,ID,1,top5,0.01,0.3,0.7,10,150,15.0,47
alfworld,rank,gemini-flash,ID,1,top5,0.01,0.5,0.0,10,,,0
alfworld,rank,gemini-flash,ID,1,top5,0.01,0.5,0.1,10,,,0
alfworld,rank,gemini-flash,ID,1,top5,0.01,0.5,0.2,10,,,0
alfworld,rank,gemini-flash,ID,1,top5,0.01,0.5,0.3,10,,,0
alfworld,rank,gemini-flash,ID,1,top5,0.01,0.5,0.5,10,,,0
alfworld,rank,gemini-flash,ID,1,top5,0.01,0.5,0.7,10,,,0
alfworld,rank,gemini-flash,ID,2,full_rank,0.01,0.0,0.0,20,20,1.0,20
alfworld,rank,gemini-flash,ID,2,full_rank,0.01,0.0,0.1,20,20,1.0,16
alfworld,rank,gemini-flash,ID,2,full_rank,0.01,0.0,0.2,20,20,1.0,17
alfworld,rank,gemini-flash,ID,2,full_rank,0.01,0.0,0.3,20,20,1.0,11
alfworld,rank,gemini-flash,ID,2,full_rank,0.01,0.0,0.5,20,30,1.5,12
alfworld,rank,gemini-flash,ID,2,full_rank,0.01,0.0,0.7,20,20,1.0,9
alfworld,rank,gemini-flash,ID,2,full_rank,0.01,0.05,0.0,20,20,1.0,20
alfworld,rank,gemini-flash,ID,2,full_rank,0.01,0.05,0.1,20,20,1.0,18
alfworld,rank,gemini-flash,ID,2,full_rank,0.01,0.05,0.2,20,20,1.0,17
alfworld,rank,gemini-flash,ID,2,full_rank,0.01,0.05,0.3,20,10,0.5,8
alfworld,rank,gemini-flash,ID,2,full_rank,0.01,0.05,0.5,20,20,1.0,7
alfworld,rank,gemini-flash,ID,2,full_rank,0.01,0.05,0.7,20,80,4.0,27
alfworld,rank,gemini-flash,ID,2,full_rank,0.01,0.1,0.0,20,20,1.0,20
alfworld,rank,gemini-flash,ID,2,full_rank,0.01,0.1,0.1,20,20,1.0,18
alfworld,rank,gemini-flash,ID,2,full_rank,0.01,0.1,0.2,20,30,1.5,21
alfworld,rank,gemini-flash,ID,2,full_rank,0.01,0.1,0.3,20,50,2.5,36
alfworld,rank,gemini-flash,ID,2,full_rank,0.01,0.1,0.5,20,50,2.5,27
alfworld,rank,gemini-flash,ID,2,full_rank,0.01,0.1,0.7,20,50,2.5,19
alfworld,rank,gemini-flash,ID,2,full_rank,0.01,0.15,0.0,20,30,1.5,30
alfworld,rank,gemini-flash,ID,2,full_rank,0.01,0.15,0.1,20,20,1.0,17
alfworld,rank,gemini-flash,ID,2,full_rank,0.01,0.15,0.2,20,30,1.5,23
alfworld,rank,gemini-flash,ID,2,full_rank,0.01,0.15,0.3,20,30,1.5,22
alfworld,rank,gemini-flash,ID,2,full_rank,0.01,0.15,0.5,20,30,1.5,13
alfworld,rank,gemini-flash,ID,2,full_rank,0.01,0.15,0.7,20,80,4.0,25
alfworld,rank,gemini-flash,ID,2,full_rank,0.01,0.2,0.0,20,20,1.0,20
alfworld,rank,gemini-flash,ID,2,full_rank,0.01,0.2,0.1,20,10,0.5,8
alfworld,rank,gemini-flash,ID,2,full_rank,0.01,0.2,0.2,20,50,2.5,41
alfworld,rank,gemini-flash,ID,2,full_rank,0.01,0.2,0.3,20,10,0.5,8
alfworld,rank,gemini-flash,ID,2,full_rank,0.01,0.2,0.5,20,50,2.5,33
alfworld,rank,gemini-flash,ID,2,full_rank,0.01,0.2,0.7,20,150,7.5,47
alfworld,rank,gemini-flash,ID,2,full_rank,0.01,0.3,0.0,20,30,1.5,30
alfworld,rank,gemini-flash,ID,2,full_rank,0.01,0.3,0.1,20,80,4.0,73
alfworld,rank,gemini-flash,ID,2,full_rank,0.01,0.3,0.2,20,80,4.0,62
alfworld,rank,gemini-flash,ID,2,full_rank,0.01,0.3,0.3,20,80,4.0,58
alfworld,rank,gemini-flash,ID,2,full_rank,0.01,0.3,0.5,20,100,5.0,51
alfworld,rank,gemini-flash,ID,2,full_rank,0.01,0.3,0.7,20,100,5.0,31
alfworld,rank,gemini-flash,ID,2,full_rank,0.01,0.5,0.0,20,50,2.5,50
alfworld,rank,gemini-flash,ID,2,full_rank,0.01,0.5,0.1,20,,,0
alfworld,rank,gemini-flash,ID,2,full_rank,0.01,0.5,0.2,20,,,0
alfworld,rank,gemini-flash,ID,2,full_rank,0.01,0.5,0.3,20,,,0
alfworld,rank,gemini-flash,ID,2,full_rank,0.01,0.5,0.5,20,,,0
alfworld,rank,gemini-flash,ID,2,full_rank,0.01,0.5,0.7,20,,,0
alfworld,rank,gemini-flash,ID,2,top10,0.01,0.0,0.0,10,10,1.0,10
alfworld,rank,gemini-flash,ID,2,top10,0.01,0.0,0.1,10,10,1.0,10
alfworld,rank,gemini-flash,ID,2,top10,0.01,0.0,0.2,10,10,1.0,7
alfworld,rank,gemini-flash,ID,2,top10,0.01,0.0,0.3,10,20,2.0,17
alfworld,rank,gemini-flash,ID,2,top10,0.01,0.0,0.5,10,30,3.0,18
alfworld,rank,gemini-flash,ID,2,top10,0.01,0.0,0.7,10,30,3.0,10
alfworld,rank,gemini-flash,ID,2,top10,0.01,0.05,0.0,10,10,1.0,10
alfworld,rank,gemini-flash,ID,2,top10,0.01,0.05,0.1,10,10,1.0,8
alfworld,rank,gemini-flash,ID,2,top10,0.01,0.05,0.2,10,10,1.0,8
alfworld,rank,gemini-flash,ID,2,top10,0.01,0.05,0.3,10,10,1.0,7
alfworld,rank,gemini-flash,ID,2,top10,0.01,0.05,0.5,10,20,2.0,9
alfworld,rank,gemini-flash,ID,2,top10,0.01,0.05,0.7,10,30,3.0,11
alfworld,rank,gemini-flash,ID,2,top10,0.01,0.1,0.0,10,20,2.0,20
alfworld,rank,gemini-flash,ID,2,top10,0.01,0.1,0.1,10,20,2.0,18
alfworld,rank,gemini-flash,ID,2,top10,0.01,0.1,0.2,10,10,1.0,7
alfworld,rank,gemini-flash,ID,2,top10,0.01,0.1,0.3,10,50,5.0,38
alfworld,rank,gemini-flash,ID,2,top10,0.01,0.1,0.5,10,30,3.0,18
alfworld,rank,gemini-flash,ID,2,top10,0.01,0.1,0.7,10,80,8.0,21
alfworld,rank,gemini-flash,ID,2,top10,0.01,0.15,0.0,10,20,2.0,20
alfworld,rank,gemini-flash,ID,2,top10,0.01,0.15,0.1,10,30,3.0,27
alfworld,rank,gemini-flash,ID,2,top10,0.01,0.15,0.2,10,10,1.0,8
alfworld,rank,gemini-flash,ID,2,top10,0.01,0.15,0.3,10,10,1.0,8
alfworld,rank,gemini-flash,ID,2,top10,0.01,0.15,0.5,10,30,3.0,16
alfworld,rank,gemini-flash,ID,2,top10,0.01,0.15,0.7,10,80,8.0,30
alfworld,rank,gemini-flash,ID,2,top10,0.01,0.2,0.0,10,10,1.0,10
alfworld,rank,gemini-flash,ID,2,top10,0.01,0.2,0.1,10,10,1.0,9
alfworld,rank,gemini-flash,ID,2,top10,0.01,0.2,0.2,10,30,3.0,25
alfworld,rank,gemini-flash,ID,2,top10,0.01,0.2,0.3,10,50,5.0,32
alfworld,rank,gemini-flash,ID,2,top10,0.01,0.2,0.5,10,50,5.0,26
alfworld,rank,gemini-flash,ID,2,top10,0.01,0.2,0.7,10,10,1.0,7
alfworld,rank,gemini-flash,ID,2,top10,0.01,0.3,0.0,10,30,3.0,30
alfworld,rank,gemini-flash,ID,2,top10,0.01,0.3,0.1,10,100,10.0,92
alfworld,rank,gemini-flash,ID,2,top10,0.01,0.3,0.2,10,100,10.0,81
alfworld,rank,gemini-flash,ID,2,top10,0.01,0.3,0.3,10,30,3.0,25
alfworld,rank,gemini-flash,ID,2,top10,0.01,0.3,0.5,10,200,20.0,105
alfworld,rank,gemini-flash,ID,2,top10,0.01,0.3,0.7,10,80,8.0,22
alfworld,rank,gemini-flash,ID,2,top10,0.01,0.5,0.0,10,,,0
alfworld,rank,gemini-flash,ID,2,top10,0.01,0.5,0.1,10,,,0
alfworld,rank,gemini-flash,ID,2,top10,0.01,0.5,0.2,10,,,0
alfworld,rank,gemini-flash,ID,2,top10,0.01,0.5,0.3,10,,,0
alfworld,rank,gemini-flash,ID,2,top10,0.01,0.5,0.5,10,,,0
alfworld,rank,gemini-flash,ID,2,top10,0.01,0.5,0.7,10,,,0
alfworld,rank,gemini-flash,ID,2,top2,0.01,0.0,0.0,10,10,1.0,10
alfworld,rank,gemini-flash,ID,2,top2,0.01,0.0,0.1,10,10,1.0,10
alfworld,rank,gemini-flash,ID,2,top2,0.01,0.0,0.2,10,10,1.0,9
alfworld,rank,gemini-flash,ID,2,top2,0.01,0.0,0.3,10,10,1.0,7
alfworld,rank,gemini-flash,ID,2,top2,0.01,0.0,0.5,10,20,2.0,8
alfworld,rank,gemini-flash,ID,2,top2,0.01,0.0,0.7,10,30,3.0,9
alfworld,rank,gemini-flash,ID,2,top2,0.01,0.05,0.0,10,10,1.0,10
alfworld,rank,gemini-flash,ID,2,top2,0.01,0.05,0.1,10,10,1.0,10
alfworld,rank,gemini-flash,ID,2,top2,0.01,0.05,0.2,10,10,1.0,8
alfworld,rank,gemini-flash,ID,2,top2,0.01,0.05,0.3,10,20,2.0,14
alfworld,rank,gemini-flash,ID,2,top2,0.01,0.05,0.5,10,20,2.0,12
alfworld,rank,gemini-flash,ID,2,top2,0.01,0.05,0.7,10,20,2.0,7
alfworld,rank,gemini-flash,ID,2,top2,0.01,0.1,0.0,10,20,2.0,20
alfworld,rank,gemini-flash,ID,2,top2,0.01,0.1,0.1,10,20,2.0,19
alfworld,rank,gemini-flash,ID,2,top2,0.01,0.1,0.2,10,10,1.0,8
alfworld,rank,gemini-flash,ID,2,top2,0.01,0.1,0.3,10,20,2.0,14
alfworld,rank,gemini-flash,ID,2,top2,0.01,0.1,0.5,10,20,2.0,10
alfworld,rank,gemini-flash,ID,2,top2,0.01,0.1,0.7,10,80,8.0,22
alfworld,rank,gemini-flash,ID,2,top2,0.01,0.15,0.0,10,30,3.0,30
alfworld,rank,gemini-flash,ID,2,top2,0.01,0.15,0.1,10,30,3.0,25
alfworld,rank,gemini-flash,ID,2,top2,0.01,0.15,0.2,10,20,2.0,17
alfworld,rank,gemini-flash,ID,2,top2,0.01,0.15,0.3,10,10,1.0,9
alfworld,rank,gemini-flash,ID,2,top2,0.01,0.15,0.5,10,20,2.0,11
alfworld,rank,gemini-flash,ID,2,top2,0.01,0.15,0.7,10,50,5.0,17
alfworld,rank,gemini-flash,ID,2,top2,0.01,0.2,0.0,10,30,3.0,30
alfworld,rank,gemini-flash,ID,2,top2,0.01,0.2,0.1,10,20,2.0,17
alfworld,rank,gemini-flash,ID,2,top2,0.01,0.2,0.2,10,30,3.0,24
alfworld,rank,gemini-flash,ID,2,top2,0.01,0.2,0.3,10,20,2.0,16
alfworld,rank,gemini-flash,ID,2,top2,0.01,0.2,0.5,10,50,5.0,21
alfworld,rank,gemini-flash,ID,2,top2,0.01,0.2,0.7,10,80,8.0,33
alfworld,rank,gemini-flash,ID,2,top2,0.01,0.3,0.0,10,80,8.0,80
alfworld,rank,gemini-flash,ID,2,top2,0.01,0.3,0.1,10,100,10.0,91
alfworld,rank,gemini-flash,ID,2,top2,0.01,0.3,0.2,10,100,10.0,75
alfworld,rank,gemini-flash,ID,2,top2,0.01,0.3,0.3,10,50,5.0,39
alfworld,rank,gemini-flash,ID,2,top2,0.01,0.3,0.5,10,80,8.0,42
alfworld,rank,gemini-flash,ID,2,top2,0.01,0.3,0.7,10,100,10.0,26
alfworld,rank,gemini-flash,ID,2,top2,0.01,0.5,0.0,10,,,0
alfworld,rank,gemini-flash,ID,2,top2,0.01,0.5,0.1,10,,,0
alfworld,rank,gemini-flash,ID,2,top2,0.01,0.5,0.2,10,,,0
alfworld,rank,gemini-flash,ID,2,top2,0.01,0.5,0.3,10,,,0
alfworld,rank,gemini-flash,ID,2,top2,0.01,0.5,0.5,10,,,0
alfworld,rank,gemini-flash,ID,2,top2,0.01,0.5,0.7,10,,,0
alfworld,rank,gemini-flash,ID,2,top3,0.01,0.0,0.0,20,20,1.0,20
alfworld,rank,gemini-flash,ID,2,top3,0.01,0.0,0.1,20,20,1.0,19
alfworld,rank,gemini-flash,ID,2,top3,0.01,0.0,0.2,20,20,1.0,15
alfworld,rank,gemini-flash,ID,2,top3,0.01,0.0,0.3,20,20,1.0,14
alfworld,rank,gemini-flash,ID,2,top3,0.01,0.0,0.5,20,20,1.0,7
alfworld,rank,gemini-flash,ID,2,top3,0.01,0.0,0.7,20,30,1.5,7
alfworld,rank,gemini-flash,ID,2,top3,0.01,0.05,0.0,20,20,1.0,20
alfworld,rank,gemini-flash,ID,2,top3,0.01,0.05,0.1,20,20,1.0,18
alfworld,rank,gemini-flash,ID,2,top3,0.01,0.05,0.2,20,20,1.0,15
alfworld,rank,gemini-flash,ID,2,top3,0.01,0.05,0.3,20,20,1.0,16
alfworld,rank,gemini-flash,ID,2,top3,0.01,0.05,0.5,20,30,1.5,15
alfworld,rank,gemini-flash,ID,2,top3,0.01,0.05,0.7,20,30,1.5,12
alfworld,rank,gemini-flash,ID,2,top3,0.01,0.1,0.0,20,20,1.0,20
alfworld,rank,gemini-flash,ID,2,top3,0.01,0.1,0.1,20,20,1.0,19
alfworld,rank,gemini-flash,ID,2,top3,0.01,0.1,0.2,20,20,1.0,16
alfworld,rank,gemini-flash,ID,2,top3,0.01,0.1,0.3,20,20,1.0,12
alfworld,rank,gemini-flash,ID,2,top3,0.01,0.1,0.5,20,20,1.0,9
alfworld,rank,gemini-flash,ID,2,top3,0.01,0.1,0.7,20,50,2.5,13
alfworld,rank,gemini-flash,ID,2,top3,0.01,0.15,0.0,20,30,1.5,30
alfworld,rank,gemini-flash,ID,2,top3,0.01,0.15,0.1,20,20,1.0,18
alfworld,rank,gemini-flash,ID,2,top3,0.01,0.15,0.2,20,30,1.5,22
alfworld,rank,gemini-flash,ID,2,top3,0.01,0.15,0.3,20,20,1.0,13
alfworld,rank,gemini-flash,ID,2,top3,0.01,0.15,0.5,20,30,1.5,17
alfworld,rank,gemini-flash,ID,2,top3,0.01,0.15,0.7,20,80,4.0,17
alfworld,rank,gemini-flash,ID,2,top3,0.01,0.2,0.0,20,20,1.0,20
alfworld,rank,gemini-flash,ID,2,top3,0.01,0.2,0.1,20,20,1.0,18
alfworld,rank,gemini-flash,ID,2,top3,0.01,0.2,0.2,20,30,1.5,25
alfworld,rank,gemini-flash,ID,2,top3,0.01,0.2,0.3,20,20,1.0,15
alfworld,rank,gemini-flash,ID,2,top3,0.01,0.2,0.5,20,30,1.5,15
alfworld,rank,gemini-flash,ID,2,top3,0.01,0.2,0.7,20,80,4.0,26
alfworld,rank,gemini-flash,ID,2,top3,0.01,0.3,0.0,20,30,1.5,30
alfworld,rank,gemini-flash,ID,2,top3,0.01,0.3,0.1,20,30,1.5,25
alfworld,rank,gemini-flash,ID,2,top3,0.01,0.3,0.2,20,80,4.0,66
alfworld,rank,gemini-flash,ID,2,top3,0.01,0.3,0.3,20,80,4.0,50
alfworld,rank,gemini-flash,ID,2,top3,0.01,0.3,0.5,20,10,0.5,7
alfworld,rank,gemini-flash,ID,2,top3,0.01,0.3,0.7,20,100,5.0,36
alfworld,rank,gemini-flash,ID,2,top3,0.01,0.5,0.0,20,,,0
alfworld,rank,gemini-flash,ID,2,top3,0.01,0.5,0.1,20,,,0
alfworld,rank,gemini-flash,ID,2,top3,0.01,0.5,0.2,20,200,10.0,153
alfworld,rank,gemini-flash,ID,2,top3,0.01,0.5,0.3,20,,,0
alfworld,rank,gemini-flash,ID,2,top3,0.01,0.5,0.5,20,,,0
alfworld,rank,gemini-flash,ID,2,top3,0.01,0.5,0.7,20,,,0
alfworld,rank,gemini-flash,ID,2,top5,0.01,0.0,0.0,20,20,1.0,20
alfworld,rank,gemini-flash,ID,2,top5,0.01,0.0,0.1,20,20,1.0,16
alfworld,rank,gemini-flash,ID,2,top5,0.01,0.0,0.2,20,20,1.0,18
alfworld,rank,gemini-flash,ID,2,top5,0.01,0.0,0.3,20,20,1.0,15
alfworld,rank,gemini-flash,ID,2,top5,0.01,0.0,0.5,20,20,1.0,9
alfworld,rank,gemini-flash,ID,2,top5,0.01,0.0,0.7,20,20,1.0,9
alfworld,rank,gemini-flash,ID,2,top5,0.01,0.05,0.0,20,20,1.0,20
alfworld,rank,gemini-flash,ID,2,top5,0.01,0.05,0.1,20,20,1.0,17
alfworld,rank,gemini-flash,ID,2,top5,0.01,0.05,0.2,20,20,1.0,15
alfworld,rank,gemini-flash,ID,2,top5,0.01,0.05,0.3,20,20,1.0,16
alfworld,rank,gemini-flash,ID,2,top5,0.01,0.05,0.5,20,20,1.0,11
alfworld,rank,gemini-flash,ID,2,top5,0.01,0.05,0.7,20,50,2.5,16
alfworld,rank,gemini-flash,ID,2,top5,0.01,0.1,0.0,20,20,1.0,20
alfworld,rank,gemini-flash,ID,2,top5,0.01,0.1,0.1,20,20,1.0,20
alfworld,rank,gemini-flash,ID,2,top5,0.01,0.1,0.2,20,30,1.5,25
alfworld,rank,gemini-flash,ID,2,top5,0.01,0.1,0.3,20,30,1.5,23
alfworld,rank,gemini-flash,ID,2,top5,0.01,0.1,0.5,20,30,1.5,22
alfworld,rank,gemini-flash,ID,2,top5,0.01,0.1,0.7,20,30,1.5,10
alfworld,rank,gemini-flash,ID,2,top5,0.01,0.15,0.0,20,20,1.0,20
alfworld,rank,gemini-flash,ID,2,top5,0.01,0.15,0.1,20,20,1.0,19
alfworld,rank,gemini-flash,ID,2,top5,0.01,0.15,0.2,20,50,2.5,41
alfworld,rank,gemini-flash,ID,2,top5,0.01,0.15,0.3,20,30,1.5,20
alfworld,rank,gemini-flash,ID,2,top5,0.01,0.15,0.5,20,10,0.5,7
alfworld,rank,gemini-flash,ID,2,top5,0.01,0.15,0.7,20,80,4.0,19
alfworld,rank,gemini-flash,ID,2,top5,0.01,0.2,0.0,20,20,1.0,20
alfworld,rank,gemini-flash,ID,2,top5,0.01,0.2,0.1,20,30,1.5,26
alfworld,rank,gemini-flash,ID,2,top5,0.01,0.2,0.2,20,20,1.0,16
alfworld,rank,gemini-flash,ID,2,top5,0.01,0.2,0.3,20,30,1.5,24
alfworld,rank,gemini-flash,ID,2,top5,0.01,0.2,0.5,20,50,2.5,28
alfworld,rank,gemini-flash,ID,2,top5,0.01,0.2,0.7,20,30,1.5,13
alfworld,rank,gemini-flash,ID,2,top5,0.01,0.3,0.0,20,30,1.5,30
alfworld,rank,gemini-flash,ID,2,top5,0.01,0.3,0.1,20,80,4.0,69
alfworld,rank,gemini-flash,ID,2,top5,0.01,0.3,0.2,20,80,4.0,70
alfworld,rank,gemini-flash,ID,2,top5,0.01,0.3,0.3,20,80,4.0,59
alfworld,rank,gemini-flash,ID,2,top5,0.01,0.3,0.5,20,80,4.0,43
alfworld,rank,gemini-flash,ID,2,top5,0.01,0.3,0.7,20,200,10.0,63
alfworld,rank,gemini-flash,ID,2,top5,0.01,0.5,0.0,20,,,0
alfworld,rank,gemini-flash,ID,2,top5,0.01,0.5,0.1,20,,,0
alfworld,rank,gemini-flash,ID,2,top5,0.01,0.5,0.2,20,,,0
alfworld,rank,gemini-flash,ID,2,top5,0.01,0.5,0.3,20,,,0
alfworld,rank,gemini-flash,ID,2,top5,0.01,0.5,0.5,20,,,0
alfworld,rank,gemini-flash,ID,2,top5,0.01,0.5,0.7,20,,,0
alfworld,rank,gemini-flash,ID,3,full_rank,0.01,0.0,0.0,20,20,1.0,20
alfworld,rank,gemini-flash,ID,3,full_rank,0.01,0.0,0.1,20,20,1.0,18
alfworld,rank,gemini-flash,ID,3,full_rank,0.01,0.0,0.2,20,20,1.0,17
alfworld,rank,gemini-flash,ID,3,full_rank,0.01,0.0,0.3,20,20,1.0,13
alfworld,rank,gemini-flash,ID,3,full_rank,0.01,0.0,0.5,20,20,1.0,7
alfworld,rank,gemini-flash,ID,3,full_rank,0.01,0.0,0.7,20,30,1.5,10
alfworld,rank,gemini-flash,ID,3,full_rank,0.01,0.05,0.0,20,20,1.0,20
alfworld,rank,gemini-flash,ID,3,full_rank,0.01,0.05,0.1,20,20,1.0,18
alfworld,rank,gemini-flash,ID,3,full_rank,0.01,0.05,0.2,20,50,2.5,41
alfworld,rank,gemini-flash,ID,3,full_rank,0.01,0.05,0.3,20,30,1.5,19
alfworld,rank,gemini-flash,ID,3,full_rank,0.01,0.05,0.5,20,30,1.5,16
alfworld,rank,gemini-flash,ID,3,full_rank,0.01,0.05,0.7,20,30,1.5,12
alfworld,rank,gemini-flash,ID,3,full_rank,0.01,0.1,0.0,20,20,1.0,20
alfworld,rank,gemini-flash,ID,3,full_rank,0.01,0.1,0.1,20,30,1.5,25
alfworld,rank,gemini-flash,ID,3,full_rank,0.01,0.1,0.2,20,20,1.0,18
alfworld,rank,gemini-flash,ID,3,full_rank,0.01,0.1,0.3,20,30,1.5,20
alfworld,rank,gemini-flash,ID,3,full_rank,0.01,0.1,0.5,20,30,1.5,15
alfworld,rank,gemini-flash,ID,3,full_rank,0.01,0.1,0.7,20,50,2.5,16
alfworld,rank,gemini-flash,ID,3,full_rank,0.01,0.15,0.0,20,20,1.0,20
alfworld,rank,gemini-flash,ID,3,full_rank,0.01,0.15,0.1,20,30,1.5,25
alfworld,rank,gemini-flash,ID,3,full_rank,0.01,0.15,0.2,20,30,1.5,24
alfworld,rank,gemini-flash,ID,3,full_rank,0.01,0.15,0.3,20,30,1.5,22
alfworld,rank,gemini-flash,ID,3,full_rank,0.01,0.15,0.5,20,80,4.0,36
alfworld,rank,gemini-flash,ID,3,full_rank,0.01,0.15,0.7,20,50,2.5,15
alfworld,rank,gemini-flash,ID,3,full_rank,0.01,0.2,0.0,20,30,1.5,30
alfworld,rank,gemini-flash,ID,3,full_rank,0.01,0.2,0.1,20,30,1.5,27
alfworld,rank,gemini-flash,ID,3,full_rank,0.01,0.2,0.2,20,20,1.0,17
alfworld,rank,gemini-flash,ID,3,full_rank,0.01,0.2,0.3,20,20,1.0,12
alfworld,rank,gemini-flash,ID,3,full_rank,0.01,0.2,0.5,20,50,2.5,28
alfworld,rank,gemini-flash,ID,3,full_rank,0.01,0.2,0.7,20,50,2.5,18
alfworld,rank,gemini-flash,ID,3,full_rank,0.01,0.3,0.0,20,80,4.0,80
alfworld,rank,gemini-flash,ID,3,full_rank,0.01,0.3,0.1,20,30,1.5,27
alfworld,rank,gemini-flash,ID,3,full_rank,0.01,0.3,0.2,20,20,1.0,19
alfworld,rank,gemini-flash,ID,3,full_rank,0.01,0.3,0.3,20,10,0.5,8
alfworld,rank,gemini-flash,ID,3,full_rank,0.01,0.3,0.5,20,80,4.0,48
alfworld,rank,gemini-flash,ID,3,full_rank,0.01,0.3,0.7,20,80,4.0,18
alfworld,rank,gemini-flash,ID,3,full_rank,0.01,0.5,0.0,20,,,0
alfworld,rank,gemini-flash,ID,3,full_rank,0.01,0.5,0.1,20,,,0
alfworld,rank,gemini-flash,ID,3,full_rank,0.01,0.5,0.2,20,20,1.0,17
alfworld,rank,gemini-flash,ID,3,full_rank,0.01,0.5,0.3,20,,,0
alfworld,rank,gemini-flash,ID,3,full_rank,0.01,0.5,0.5,20,,,0
alfworld,rank,gemini-flash,ID,3,full_rank,0.01,0.5,0.7,20,,,0
alfworld,rank,gemini-flash,ID,3,top10,0.01,0.0,0.0,10,10,1.0,10
alfworld,rank,gemini-flash,ID,3,top10,0.01,0.0,0.1,10,10,1.0,9
alfworld,rank,gemini-flash,ID,3,top10,0.01,0.0,0.2,10,20,2.0,14
alfworld,rank,gemini-flash,ID,3,top10,0.01,0.0,0.3,10,10,1.0,7
alfworld,rank,gemini-flash,ID,3,top10,0.01,0.0,0.5,10,20,2.0,11
alfworld,rank,gemini-flash,ID,3,top10,0.01,0.0,0.7,10,20,2.0,12
alfworld,rank,gemini-flash,ID,3,top10,0.01,0.05,0.0,10,10,1.0,10
alfworld,rank,gemini-flash,ID,3,top10,0.01,0.05,0.1,10,20,2.0,17
alfworld,rank,gemini-flash,ID,3,top10,0.01,0.05,0.2,10,10,1.0,10
alfworld,rank,gemini-flash,ID,3,top10,0.01,0.05,0.3,10,20,2.0,14
alfworld,rank,gemini-flash,ID,3,top10,0.01,0.05,0.5,10,30,3.0,20
alfworld,rank,gemini-flash,ID,3,top10,0.01,0.05,0.7,10,20,2.0,7
alfworld,rank,gemini-flash,ID,3,top10,0.01,0.1,0.0,10,20,2.0,20
alfworld,rank,gemini-flash,ID,3,top10,0.01,0.1,0.1,10,20,2.0,13
alfworld,rank,gemini-flash,ID,3,top10,0.01,0.1,0.2,10,20,2.0,15
alfworld,rank,gemini-flash,ID,3,top10,0.01,0.1,0.3,10,20,2.0,17
alfworld,rank,gemini-flash,ID,3,top10,0.01,0.1,0.5,10,30,3.0,18
alfworld,rank,gemini-flash,ID,3,top10,0.01,0.1,0.7,10,30,3.0,13
alfworld,rank,gemini-flash,ID,3,top10,0.01,0.15,0.0,10,20,2.0,20
alfworld,rank,gemini-flash,ID,3,top10,0.01,0.15,0.1,10,20,2.0,20
alfworld,rank,gemini-flash,ID,3,top10,0.01,0.15,0.2,10,20,2.0,17
alfworld,rank,gemini-flash,ID,3,top10,0.01,0.15,0.3,10,10,1.0,7
alfworld,rank,gemini-flash,ID,3,top10,0.01,0.15,0.5,10,50,5.0,29
alfworld,rank,gemini-flash,ID,3,top10,0.01,0.15,0.7,10,80,8.0,20
alfworld,rank,gemini-flash,ID,3,top10,0.01,0.2,0.0,10,50,5.0,50
alfworld,rank,gemini-flash,ID,3,top10,0.01,0.2,0.1,10,10,1.0,9
alfworld,rank,gemini-flash,ID,3,top10,0.01,0.2,0.2,10,30,3.0,21
alfworld,rank,gemini-flash,ID,3,top10,0.01,0.2,0.3,10,50,5.0,35
alfworld,rank,gemini-flash,ID,3,top10,0.01,0.2,0.5,10,50,5.0,27
alfworld,rank,gemini-flash,ID,3,top10,0.01,0.2,0.7,10,50,5.0,15
alfworld,rank,gemini-flash,ID,3,top10,0.01,0.3,0.0,10,30,3.0,30
alfworld,rank,gemini-flash,ID,3,top10,0.01,0.3,0.1,10,50,5.0,44
alfworld,rank,gemini-flash,ID,3,top10,0.01,0.3,0.2,10,30,3.0,22
alfworld,rank,gemini-flash,ID,3,top10,0.01,0.3,0.3,10,30,3.0,20
alfworld,rank,gemini-flash,ID,3,top10,0.01,0.3,0.5,10,30,3.0,20
alfworld,rank,gemini-flash,ID,3,top10,0.01,0.3,0.7,10,30,3.0,10
alfworld,rank,gemini-flash,ID,3,top10,0.01,0.5,0.0,10,,,0
alfworld,rank,gemini-flash,ID,3,top10,0.01,0.5,0.1,10,,,0
alfworld,rank,gemini-flash,ID,3,top10,0.01,0.5,0.2,10,,,0
alfworld,rank,gemini-flash,ID,3,top10,0.01,0.5,0.3,10,,,0
alfworld,rank,gemini-flash,ID,3,top10,0.01,0.5,0.5,10,,,0
alfworld,rank,gemini-flash,ID,3,top10,0.01,0.5,0.7,10,,,0
alfworld,rank,gemini-flash,ID,3,top2,0.01,0.0,0.0,10,10,1.0,10
alfworld,rank,gemini-flash,ID,3,top2,0.01,0.0,0.1,10,10,1.0,9
alfworld,rank,gemini-flash,ID,3,top2,0.01,0.0,0.2,10,10,1.0,9
alfworld,rank,gemini-flash,ID,3,top2,0.01,0.0,0.3,10,10,1.0,8
alfworld,rank,gemini-flash,ID,3,top2,0.01,0.0,0.5,10,20,2.0,8
alfworld,rank,gemini-flash,ID,3,top2,0.01,0.0,0.7,10,30,3.0,11
alfworld,rank,gemini-flash,ID,3,top2,0.01,0.05,0.0,10,10,1.0,10
alfworld,rank,gemini-flash,ID,3,top2,0.01,0.05,0.1,10,10,1.0,9
alfworld,rank,gemini-flash,ID,3,top2,0.01,0.05,0.2,10,10,1.0,8
alfworld,rank,gemini-flash,ID,3,top2,0.01,0.05,0.3,10,20,2.0,11
alfworld,rank,gemini-flash,ID,3,top2,0.01,0.05,0.5,10,10,1.0,7
alfworld,rank,gemini-flash,ID,3,top2,0.01,0.05,0.7,10,50,5.0,13
alfworld,rank,gemini-flash,ID,3,top2,0.01,0.1,0.0,10,20,2.0,20
alfworld,rank,gemini-flash,ID,3,top2,0.01,0.1,0.1,10,10,1.0,10
alfworld,rank,gemini-flash,ID,3,top2,0.01,0.1,0.2,10,30,3.0,24
alfworld,rank,gemini-flash,ID,3,top2,0.01,0.1,0.3,10,30,3.0,19
alfworld,rank,gemini-flash,ID,3,top2,0.01,0.1,0.5,10,30,3.0,14
alfworld,rank,gemini-flash,ID,3,top2,0.01,0.1,0.7,10,50,5.0,13
alfworld,rank,gemini-flash,ID,3,top2,0.01,0.15,0.0,10,30,3.0,30
alfworld,rank,gemini-flash,ID,3,top2,0.01,0.15,0.1,10,20,2.0,16
alfworld,rank,gemini-flash,ID,3,top2,0.01,0.15,0.2,10,30,3.0,27
alfworld,rank,gemini-flash,ID,3,top2,0.01,0.15,0.3,10,30,3.0,17
alfworld,rank,gemini-flash,ID,3,top2,0.01,0.15,0.5,10,30,3.0,15
alfworld,rank,gemini-flash,ID,3,top2,0.01,0.15,0.7,10,80,8.0,22
alfworld,rank,gemini-flash,ID,3,top2,0.01,0.2,0.0,10,30,3.0,30
alfworld,rank,gemini-flash,ID,3,top2,0.01,0.2,0.1,10,20,2.0,17
alfworld,rank,gemini-flash,ID,3,top2,0.01,0.2,0.2,10,20,2.0,14
alfworld,rank,gemini-flash,ID,3,top2,0.01,0.2,0.3,10,10,1.0,8
alfworld,rank,gemini-flash,ID,3,top2,0.01,0.2,0.5,10,50,5.0,25
alfworld,rank,gemini-flash,ID,3,top2,0.01,0.2,0.7,10,50,5.0,16
alfworld,rank,gemini-flash,ID,3,top2,0.01,0.3,0.0,10,50,5.0,50
alfworld,rank,gemini-flash,ID,3,top2,0.01,0.3,0.1,10,20,2.0,20
alfworld,rank,gemini-flash,ID,3,top2,0.01,0.3,0.2,10,100,10.0,83
alfworld,rank,gemini-flash,ID,3,top2,0.01,0.3,0.3,10,50,5.0,36
alfworld,rank,gemini-flash,ID,3,top2,0.01,0.3,0.5,10,100,10.0,45
alfworld,rank,gemini-flash,ID,3,top2,0.01,0.3,0.7,10,100,10.0,30
alfworld,rank,gemini-flash,ID,3,top2,0.01,0.5,0.0,10,,,0
alfworld,rank,gemini-flash,ID,3,top2,0.01,0.5,0.1,10,,,0
alfworld,rank,gemini-flash,ID,3,top2,0.01,0.5,0.2,10,,,0
alfworld,rank,gemini-flash,ID,3,top2,0.01,0.5,0.3,10,,,0
alfworld,rank,gemini-flash,ID,3,top2,0.01,0.5,0.5,10,,,0
alfworld,rank,gemini-flash,ID,3,top2,0.01,0.5,0.7,10,,,0
alfworld,rank,gemini-flash,ID,3,top3,0.01,0.0,0.0,10,10,1.0,10
alfworld,rank,gemini-flash,ID,3,top3,0.01,0.0,0.1,10,10,1.0,8
alfworld,rank,gemini-flash,ID,3,top3,0.01,0.0,0.2,10,10,1.0,9
alfworld,rank,gemini-flash,ID,3,top3,0.01,0.0,0.3,10,20,2.0,14
alfworld,rank,gemini-flash,ID,3,top3,0.01,0.0,0.5,10,30,3.0,15
alfworld,rank,gemini-flash,ID,3,top3,0.01,0.0,0.7,10,30,3.0,9
alfworld,rank,gemini-flash,ID,3,top3,0.01,0.05,0.0,10,10,1.0,10
alfworld,rank,gemini-flash,ID,3,top3,0.01,0.05,0.1,10,10,1.0,8
alfworld,rank,gemini-flash,ID,3,top3,0.01,0.05,0.2,10,10,1.0,9
alfworld,rank,gemini-flash,ID,3,top3,0.01,0.05,0.3,10,20,2.0,13
alfworld,rank,gemini-flash,ID,3,top3,0.01,0.05,0.5,10,20,2.0,11
alfworld,rank,gemini-flash,ID,3,top3,0.01,0.05,0.7,10,20,2.0,12
alfworld,rank,gemini-flash,ID,3,top3,0.01,0.1,0.0,10,20,2.0,20
alfworld,rank,gemini-flash,ID,3,top3,0.01,0.1,0.1,10,10,1.0,10
alfworld,rank,gemini-flash,ID,3,top3,0.01,0.1,0.2,10,20,2.0,16
alfworld,rank,gemini-flash,ID,3,top3,0.01,0.1,0.3,10,10,1.0,7
alfworld,rank,gemini-flash,ID,3,top3,0.01,0.1,0.5,10,20,2.0,9
alfworld,rank,gemini-flash,ID,3,top3,0.01,0.1,0.7,10,30,3.0,10
alfworld,rank,gemini-flash,ID,3,top3,0.01,0.15,0.0,10,30,3.0,30
alfworld,rank,gemini-flash,ID,3,top3,0.01,0.15,0.1,10,30,3.0,29
alfworld,rank,gemini-flash,ID,3,top3,0.01,0.15,0.2,10,20,2.0,16
alfworld,rank,gemini-flash,ID,3,top3,0.01,0.15,0.3,10,20,2.0,11
alfworld,rank,gemini-flash,ID,3,top3,0.01,0.15,0.5,10,20,2.0,8
alfworld,rank,gemini-flash,ID,3,top3,0.01,0.15,0.7,10,50,5.0,13
alfworld,rank,gemini-flash,ID,3,top3,0.01,0.2,0.0,10,20,2.0,20
alfworld,rank,gemini-flash,ID,3,top3,0.01,0.2,0.1,10,20,2.0,19
alfworld,rank,gemini-flash,ID,3,top3,0.01,0.2,0.2,10,30,3.0,27
alfworld,rank,gemini-flash,ID,3,top3,0.01,0.2,0.3,10,30,3.0,22
alfworld,rank,gemini-flash,ID,3,top3,0.01,0.2,0.5,10,30,3.0,13
alfworld,rank,gemini-flash,ID,3,top3,0.01,0.2,0.7,10,80,8.0,21
alfworld,rank,gemini-flash,ID,3,top3,0.01,0.3,0.0,10,50,5.0,50
alfworld,rank,gemini-flash,ID,3,top3,0.01,0.3,0.1,10,20,2.0,19
alfworld,rank,gemini-flash,ID,3,top3,0.01,0.3,0.2,10,100,10.0,84
alfworld,rank,gemini-flash,ID,3,top3,0.01,0.3,0.3,10,20,2.0,13
alfworld,rank,gemini-flash,ID,3,top3,0.01,0.3,0.5,10,30,3.0,21
alfworld,rank,gemini-flash,ID,3,top3,0.01,0.3,0.7,10,150,15.0,50
alfworld,rank,gemini-flash,ID,3,top3,0.01,0.5,0.0,10,,,0
alfworld,rank,gemini-flash,ID,3,top3,0.01,0.5,0.1,10,,,0
alfworld,rank,gemini-flash,ID,3,top3,0.01,0.5,0.2,10,,,0
alfworld,rank,gemini-flash,ID,3,top3,0.01,0.5,0.3,10,,,0
alfworld,rank,gemini-flash,ID,3,top3,0.01,0.5,0.5,10,,,0
alfworld,rank,gemini-flash,ID,3,top3,0.01,0.5,0.7,10,,,0
alfworld,rank,gemini-flash,ID,3,top5,0.01,0.0,0.0,10,10,1.0,10
alfworld,rank,gemini-flash,ID,3,top5,0.01,0.0,0.1,10,10,1.0,9
alfworld,rank,gemini-flash,ID,3,top5,0.01,0.0,0.2,10,10,1.0,9
alfworld,rank,gemini-flash,ID,3,top5,0.01,0.0,0.3,10,20,2.0,15
alfworld,rank,gemini-flash,ID,3,top5,0.01,0.0,0.5,10,20,2.0,11
alfworld,rank,gemini-flash,ID,3,top5,0.01,0.0,0.7,10,30,3.0,11
alfworld,rank,gemini-flash,ID,3,top5,0.01,0.05,0.0,10,20,2.0,20
alfworld,rank,gemini-flash,ID,3,top5,0.01,0.05,0.1,10,20,2.0,18
alfworld,rank,gemini-flash,ID,3,top5,0.01,0.05,0.2,10,10,1.0,8
alfworld,rank,gemini-flash,ID,3,top5,0.01,0.05,0.3,10,20,2.0,14
alfworld,rank,gemini-flash,ID,3,top5,0.01,0.05,0.5,10,30,3.0,13
alfworld,rank,gemini-flash,ID,3,top5,0.01,0.05,0.7,10,50,5.0,19
alfworld,rank,gemini-flash,ID,3,top5,0.01,0.1,0.0,10,10,1.0,10
alfworld,rank,gemini-flash,ID,3,top5,0.01,0.1,0.1,10,20,2.0,18
alfworld,rank,gemini-flash,ID,3,top5,0.01,0.1,0.2,10,20,2.0,16
alfworld,rank,gemini-flash,ID,3,top5,0.01,0.1,0.3,10,10,1.0,8
alfworld,rank,gemini-flash,ID,3,top5,0.01,0.1,0.5,10,50,5.0,31
alfworld,rank,gemini-flash,ID,3,top5,0.01,0.1,0.7,10,50,5.0,18
alfworld,rank,gemini-flash,ID,3,top5,0.01,0.15,0.0,10,20,2.0,20
alfworld,rank,gemini-flash,ID,3,top5,0.01,0.15,0.1,10,20,2.0,18
alfworld,rank,gemini-flash,ID,3,top5,0.01,0.15,0.2,10,20,2.0,15
alfworld,rank,gemini-flash,ID,3,top5,0.01,0.15,0.3,10,10,1.0,7
alfworld,rank,gemini-flash,ID,3,top5,0.01,0.15,0.5,10,30,3.0,14
alfworld,rank,gemini-flash,ID,3,top5,0.01,0.15,0.7,10,80,8.0,28
alfworld,rank,gemini-flash,ID,3,top5,0.01,0.2,0.0,10,20,2.0,20
alfworld,rank,gemini-flash,ID,3,top5,0.01,0.2,0.1,10,30,3.0,26
alfworld,rank,gemini-flash,ID,3,top5,0.01,0.2,0.2,10,10,1.0,8
alfworld,rank,gemini-flash,ID,3,top5,0.01,0.2,0.3,10,50,5.0,40
alfworld,rank,gemini-flash,ID,3,top5,0.01,0.2,0.5,10,10,1.0,8
alfworld,rank,gemini-flash,ID,3,top5,0.01,0.2,0.7,10,50,5.0,19
alfworld,rank,gemini-flash,ID,3,top5,0.01,0.3,0.0,10,20,2.0,20
alfworld,rank,gemini-flash,ID,3,top5,0.01,0.3,0.1,10,50,5.0,43
alfworld,rank,gemini-flash,ID,3,top5,0.01,0.3,0.2,10,30,3.0,24
alfworld,rank,gemini-flash,ID,3,top5,0.01,0.3,0.3,10,30,3.0,24
alfworld,rank,gemini-flash,ID,3,top5,0.01,0.3,0.5,10,100,10.0,63
alfworld,rank,gemini-flash,ID,3,top5,0.01,0.3,0.7,10,100,10.0,27
alfworld,rank,gemini-flash,ID,3,top5,0.01,0.5,0.0,10,,,0
alfworld,rank,gemini-flash,ID,3,top5,0.01,0.5,0.1,10,,,0
alfworld,rank,gemini-flash,ID,3,top5,0.01,0.5,0.2,10,,,0
alfworld,rank,gemini-flash,ID,3,top5,0.01,0.5,0.3,10,,,0
alfworld,rank,gemini-flash,ID,3,top5,0.01,0.5,0.5,10,,,0
alfworld,rank,gemini-flash,ID,3,top5,0.01,0.5,0.7,10,,,0
alfworld,rank,gemini-flash,OOD,1,full_rank,0.01,0.0,0.0,20,20,1.0,20
alfworld,rank,gemini-flash,OOD,1,full_rank,0.01,0.0,0.1,20,20,1.0,17
alfworld,rank,gemini-flash,OOD,1,full_rank,0.01,0.0,0.2,20,20,1.0,15
alfworld,rank,gemini-flash,OOD,1,full_rank,0.01,0.0,0.3,20,10,0.5,8
alfworld,rank,gemini-flash,OOD,1,full_rank,0.01,0.0,0.5,20,20,1.0,8
alfworld,rank,gemini-flash,OOD,1,full_rank,0.01,0.0,0.7,20,30,1.5,10
alfworld,rank,gemini-flash,OOD,1,full_rank,0.01,0.05,0.0,20,20,1.0,20
alfworld,rank,gemini-flash,OOD,1,full_rank,0.01,0.05,0.1,20,10,0.5,8
alfworld,rank,gemini-flash,OOD,1,full_rank,0.01,0.05,0.2,20,20,1.0,14
alfworld,rank,gemini-flash,OOD,1,full_rank,0.01,0.05,0.3,20,30,1.5,23
alfworld,rank,gemini-flash,OOD,1,full_rank,0.01,0.05,0.5,20,20,1.0,10
alfworld,rank,gemini-flash,OOD,1,full_rank,0.01,0.05,0.7,20,50,2.5,15
alfworld,rank,gemini-flash,OOD,1,full_rank,0.01,0.1,0.0,20,20,1.0,20
alfworld,rank,gemini-flash,OOD,1,full_rank,0.01,0.1,0.1,20,20,1.0,17
alfworld,rank,gemini-flash,OOD,1,full_rank,0.01,0.1,0.2,20,10,0.5,8
alfworld,rank,gemini-flash,OOD,1,full_rank,0.01,0.1,0.3,20,20,1.0,12
alfworld,rank,gemini-flash,OOD,1,full_rank,0.01,0.1,0.5,20,20,1.0,11
alfworld,rank,gemini-flash,OOD,1,full_rank,0.01,0.1,0.7,20,30,1.5,8
alfworld,rank,gemini-flash,OOD,1,full_rank,0.01,0.15,0.0,20,20,1.0,20
alfworld,rank,gemini-flash,OOD,1,full_rank,0.01,0.15,0.1,20,30,1.5,26
alfworld,rank,gemini-flash,OOD,1,full_rank,0.01,0.15,0.2,20,20,1.0,18
alfworld,rank,gemini-flash,OOD,1,full_rank,0.01,0.15,0.3,20,20,1.0,14
alfworld,rank,gemini-flash,OOD,1,full_rank,0.01,0.15,0.5,20,30,1.5,18
alfworld,rank,gemini-flash,OOD,1,full_rank,0.01,0.15,0.7,20,150,7.5,42
alfworld,rank,gemini-flash,OOD,1,full_rank,0.01,0.2,0.0,20,20,1.0,20
alfworld,rank,gemini-flash,OOD,1,full_rank,0.01,0.2,0.1,20,50,2.5,43
alfworld,rank,gemini-flash,OOD,1,full_rank,0.01,0.2,0.2,20,30,1.5,26
alfworld,rank,gemini-flash,OOD,1,full_rank,0.01,0.2,0.3,20,30,1.5,23
alfworld,rank,gemini-flash,OOD,1,full_rank,0.01,0.2,0.5,20,30,1.5,17
alfworld,rank,gemini-flash,OOD,1,full_rank,0.01,0.2,0.7,20,30,1.5,9
alfworld,rank,gemini-flash,OOD,1,full_rank,0.01,0.3,0.0,20,20,1.0,20
alfworld,rank,gemini-flash,OOD,1,full_rank,0.01,0.3,0.1,20,80,4.0,71
alfworld,rank,gemini-flash,OOD,1,full_rank,0.01,0.3,0.2,20,80,4.0,62
alfworld,rank,gemini-flash,OOD,1,full_rank,0.01,0.3,0.3,20,20,1.0,12
alfworld,rank,gemini-flash,OOD,1,full_rank,0.01,0.3,0.5,20,80,4.0,36
alfworld,rank,gemini-flash,OOD,1,full_rank,0.01,0.3,0.7,20,200,10.0,53
alfworld,rank,gemini-flash,OOD,1,full_rank,0.01,0.5,0.0,20,,,0
alfworld,rank,gemini-flash,OOD,1,full_rank,0.01,0.5,0.1,20,,,0
alfworld,rank,gemini-flash,OOD,1,full_rank,0.01,0.5,0.2,20,,,0
alfworld,rank,gemini-flash,OOD,1,full_rank,0.01,0.5,0.3,20,,,0
alfworld,rank,gemini-flash,OOD,1,full_rank,0.01,0.5,0.5,20,,,0
alfworld,rank,gemini-flash,OOD,1,full_rank,0.01,0.5,0.7,20,,,0
alfworld,rank,gemini-flash,OOD,1,top10,0.01,0.0,0.0,20,20,1.0,20
alfworld,rank,gemini-flash,OOD,1,top10,0.01,0.0,0.1,20,20,1.0,19
alfworld,rank,gemini-flash,OOD,1,top10,0.01,0.0,0.2,20,20,1.0,15
alfworld,rank,gemini-flash,OOD,1,top10,0.01,0.0,0.3,20,20,1.0,12
alfworld,rank,gemini-flash,OOD,1,top10,0.01,0.0,0.5,20,20,1.0,9
alfworld,rank,gemini-flash,OOD,1,top10,0.01,0.0,0.7,20,30,1.5,11
alfworld,rank,gemini-flash,OOD,1,top10,0.01,0.05,0.0,20,20,1.0,20
alfworld,rank,gemini-flash,OOD,1,top10,0.01,0.05,0.1,20,10,0.5,8
alfworld,rank,gemini-flash,OOD,1,top10,0.01,0.05,0.2,20,20,1.0,15
alfworld,rank,gemini-flash,OOD,1,top10,0.01,0.05,0.3,20,30,1.5,21
alfworld,rank,gemini-flash,OOD,1,top10,0.01,0.05,0.5,20,30,1.5,10
alfworld,rank,gemini-flash,OOD,1,top10,0.01,0.05,0.7,20,80,4.0,23
alfworld,rank,gemini-flash,OOD,1,top10,0.01,0.1,0.0,20,20,1.0,20
alfworld,rank,gemini-flash,OOD,1,top10,0.01,0.1,0.1,20,20,1.0,17
alfworld,rank,gemini-flash,OOD,1,top10,0.01,0.1,0.2,20,20,1.0,18
alfworld,rank,gemini-flash,OOD,1,top10,0.01,0.1,0.3,20,30,1.5,18
alfworld,rank,gemini-flash,OOD,1,top10,0.01,0.1,0.5,20,30,1.5,21
alfworld,rank,gemini-flash,OOD,1,top10,0.01,0.1,0.7,20,20,1.0,8
alfworld,rank,gemini-flash,OOD,1,top10,0.01,0.15,0.0,20,20,1.0,20
alfworld,rank,gemini-flash,OOD,1,top10,0.01,0.15,0.1,20,30,1.5,23
alfworld,rank,gemini-flash,OOD,1,top10,0.01,0.15,0.2,20,50,2.5,45
alfworld,rank,gemini-flash,OOD,1,top10,0.01,0.15,0.3,20,50,2.5,37
alfworld,rank,gemini-flash,OOD,1,top10,0.01,0.15,0.5,20,50,2.5,25
alfworld,rank,gemini-flash,OOD,1,top10,0.01,0.15,0.7,20,50,2.5,19
alfworld,rank,gemini-flash,OOD,1,top10,0.01,0.2,0.0,20,30,1.5,30
alfworld,rank,gemini-flash,OOD,1,top10,0.01,0.2,0.1,20,20,1.0,17
alfworld,rank,gemini-flash,OOD,1,top10,0.01,0.2,0.2,20,10,0.5,9
alfworld,rank,gemini-flash,OOD,1,top10,0.01,0.2,0.3,20,50,2.5,31
alfworld,rank,gemini-flash,OOD,1,top10,0.01,0.2,0.5,20,50,2.5,28
alfworld,rank,gemini-flash,OOD,1,top10,0.01,0.2,0.7,20,100,5.0,35
alfworld,rank,gemini-flash,OOD,1,top10,0.01,0.3,0.0,20,100,5.0,100
alfworld,rank,gemini-flash,OOD,1,top10,0.01,0.3,0.1,20,20,1.0,19
alfworld,rank,gemini-flash,OOD,1,top10,0.01,0.3,0.2,20,30,1.5,24
alfworld,rank,gemini-flash,OOD,1,top10,0.01,0.3,0.3,20,50,2.5,31
alfworld,rank,gemini-flash,OOD,1,top10,0.01,0.3,0.5,20,100,5.0,54
alfworld,rank,gemini-flash,OOD,1,top10,0.01,0.3,0.7,20,100,5.0,38
alfworld,rank,gemini-flash,OOD,1,top10,0.01,0.5,0.0,20,,,0
alfworld,rank,gemini-flash,OOD,1,top10,0.01,0.5,0.1,20,,,0
alfworld,rank,gemini-flash,OOD,1,top10,0.01,0.5,0.2,20,,,0
alfworld,rank,gemini-flash,OOD,1,top10,0.01,0.5,0.3,20,,,0
alfworld,rank,gemini-flash,OOD,1,top10,0.01,0.5,0.5,20,,,0
alfworld,rank,gemini-flash,OOD,1,top10,0.01,0.5,0.7,20,,,0
alfworld,rank,gemini-flash,OOD,1,top2,0.01,0.0,0.0,10,10,1.0,10
alfworld,rank,gemini-flash,OOD,1,top2,0.01,0.0,0.1,10,20,2.0,19
alfworld,rank,gemini-flash,OOD,1,top2,0.01,0.0,0.2,10,10,1.0,8
alfworld,rank,gemini-flash,OOD,1,top2,0.01,0.0,0.3,10,20,2.0,15
alfworld,rank,gemini-flash,OOD,1,top2,0.01,0.0,0.5,10,20,2.0,13
alfworld,rank,gemini-flash,OOD,1,top2,0.01,0.0,0.7,10,50,5.0,17
alfworld,rank,gemini-flash,OOD,1,top2,0.01,0.05,0.0,10,20,2.0,20
alfworld,rank,gemini-flash,OOD,1,top2,0.01,0.05,0.1,10,10,1.0,9
alfworld,rank,gemini-flash,OOD,1,top2,0.01,0.05,0.2,10,10,1.0,8
alfworld,rank,gemini-flash,OOD,1,top2,0.01,0.05,0.3,10,20,2.0,15
alfworld,rank,gemini-flash,OOD,1,top2,0.01,0.05,0.5,10,20,2.0,13
alfworld,rank,gemini-flash,OOD,1,top2,0.01,0.05,0.7,10,20,2.0,8
alfworld,rank,gemini-flash,OOD,1,top2,0.01,0.1,0.0,10,20,2.0,20
alfworld,rank,gemini-flash,OOD,1,top2,0.01,0.1,0.1,10,20,2.0,19
alfworld,rank,gemini-flash,OOD,1,top2,0.01,0.1,0.2,10,20,2.0,17
alfworld,rank,gemini-flash,OOD,1,top2,0.01,0.1,0.3,10,10,1.0,9
alfworld,rank,gemini-flash,OOD,1,top2,0.01,0.1,0.5,10,30,3.0,21
alfworld,rank,gemini-flash,OOD,1,top2,0.01,0.1,0.7,10,50,5.0,15
alfworld,rank,gemini-flash,OOD,1,top2,0.01,0.15,0.0,10,10,1.0,10
alfworld,rank,gemini-flash,OOD,1,top2,0.01,0.15,0.1,10,20,2.0,18
alfworld,rank,gemini-flash,OOD,1,top2,0.01,0.15,0.2,10,10,1.0,8
alfworld,rank,gemini-flash,OOD,1,top2,0.01,0.15,0.3,10,30,3.0,23
alfworld,rank,gemini-flash,OOD,1,top2,0.01,0.15,0.5,10,80,8.0,43
alfworld,rank,gemini-flash,OOD,1,top2,0.01,0.15,0.7,10,100,10.0,23
alfworld,rank,gemini-flash,OOD,1,top2,0.01,0.2,0.0,10,20,2.0,20
alfworld,rank,gemini-flash,OOD,1,top2,0.01,0.2,0.1,10,20,2.0,18
alfworld,rank,gemini-flash,OOD,1,top2,0.01,0.2,0.2,10,30,3.0,22
alfworld,rank,gemini-flash,OOD,1,top2,0.01,0.2,0.3,10,50,5.0,38
alfworld,rank,gemini-flash,OOD,1,top2,0.01,0.2,0.5,10,20,2.0,11
alfworld,rank,gemini-flash,OOD,1,top2,0.01,0.2,0.7,10,80,8.0,25
alfworld,rank,gemini-flash,OOD,1,top2,0.01,0.3,0.0,10,100,10.0,100
alfworld,rank,gemini-flash,OOD,1,top2,0.01,0.3,0.1,10,30,3.0,28
alfworld,rank,gemini-flash,OOD,1,top2,0.01,0.3,0.2,10,80,8.0,63
alfworld,rank,gemini-flash,OOD,1,top2,0.01,0.3,0.3,10,50,5.0,33
alfworld,rank,gemini-flash,OOD,1,top2,0.01,0.3,0.5,10,100,10.0,39
alfworld,rank,gemini-flash,OOD,1,top2,0.01,0.3,0.7,10,150,15.0,47
alfworld,rank,gemini-flash,OOD,1,top2,0.01,0.5,0.0,10,,,0
alfworld,rank,gemini-flash,OOD,1,top2,0.01,0.5,0.1,10,,,0
alfworld,rank,gemini-flash,OOD,1,top2,0.01,0.5,0.2,10,,,0
alfworld,rank,gemini-flash,OOD,1,top2,0.01,0.5,0.3,10,,,0
alfworld,rank,gemini-flash,OOD,1,top2,0.01,0.5,0.5,10,,,0
alfworld,rank,gemini-flash,OOD,1,top2,0.01,0.5,0.7,10,,,0
alfworld,rank,gemini-flash,OOD,1,top3,0.01,0.0,0.0,10,10,1.0,10
alfworld,rank,gemini-flash,OOD,1,top3,0.01,0.0,0.1,10,10,1.0,10
alfworld,rank,gemini-flash,OOD,1,top3,0.01,0.0,0.2,10,10,1.0,10
alfworld,rank,gemini-flash,OOD,1,top3,0.01,0.0,0.3,10,20,2.0,20
alfworld,rank,gemini-flash,OOD,1,top3,0.01,0.0,0.5,10,20,2.0,14
alfworld,rank,gemini-flash,OOD,1,top3,0.01,0.0,0.7,10,30,3.0,9
alfworld,rank,gemini-flash,OOD,1,top3,0.01,0.05,0.0,10,20,2.0,20
alfworld,rank,gemini-flash,OOD,1,top3,0.01,0.05,0.1,10,10,1.0,10
alfworld,rank,gemini-flash,OOD,1,top3,0.01,0.05,0.2,10,10,1.0,8
alfworld,rank,gemini-flash,OOD,1,top3,0.01,0.05,0.3,10,20,2.0,15
alfworld,rank,gemini-flash,OOD,1,top3,0.01,0.05,0.5,10,10,1.0,7
alfworld,rank,gemini-flash,OOD,1,top3,0.01,0.05,0.7,10,20,2.0,7
alfworld,rank,gemini-flash,OOD,1,top3,0.01,0.1,0.0,10,20,2.0,20
alfworld,rank,gemini-flash,OOD,1,top3,0.01,0.1,0.1,10,20,2.0,19
alfworld,rank,gemini-flash,OOD,1,top3,0.01,0.1,0.2,10,10,1.0,7
alfworld,rank,gemini-flash,OOD,1,top3,0.01,0.1,0.3,10,20,2.0,13
alfworld,rank,gemini-flash,OOD,1,top3,0.01,0.1,0.5,10,20,2.0,9
alfworld,rank,gemini-flash,OOD,1,top3,0.01,0.1,0.7,10,30,3.0,9
alfworld,rank,gemini-flash,OOD,1,top3,0.01,0.15,0.0,10,20,2.0,20
alfworld,rank,gemini-flash,OOD,1,top3,0.01,0.15,0.1,10,20,2.0,19
alfworld,rank,gemini-flash,OOD,1,top3,0.01,0.15,0.2,10,30,3.0,27
alfworld,rank,gemini-flash,OOD,1,top3,0.01,0.15,0.3,10,20,2.0,14
alfworld,rank,gemini-flash,OOD,1,top3,0.01,0.15,0.5,10,30,3.0,14
alfworld,rank,gemini-flash,OOD,1,top3,0.01,0.15,0.7,10,50,5.0,20
alfworld,rank,gemini-flash,OOD,1,top3,0.01,0.2,0.0,10,20,2.0,20
alfworld,rank,gemini-flash,OOD,1,top3,0.01,0.2,0.1,10,20,2.0,17
alfworld,rank,gemini-flash,OOD,1,top3,0.01,0.2,0.2,10,20,2.0,16
alfworld,rank,gemini-flash,OOD,1,top3,0.01,0.2,0.3,10,80,8.0,50
alfworld,rank,gemini-flash,OOD,1,top3,0.01,0.2,0.5,10,50,5.0,26
alfworld,rank,gemini-flash,OOD,1,top3,0.01,0.2,0.7,10,50,5.0,14
alfworld,rank,gemini-flash,OOD,1,top3,0.01,0.3,0.0,10,100,10.0,100
alfworld,rank,gemini-flash,OOD,1,top3,0.01,0.3,0.1,10,50,5.0,38
alfworld,rank,gemini-flash,OOD,1,top3,0.01,0.3,0.2,10,50,5.0,41
alfworld,rank,gemini-flash,OOD,1,top3,0.01,0.3,0.3,10,30,3.0,20
alfworld,rank,gemini-flash,OOD,1,top3,0.01,0.3,0.5,10,100,10.0,43
alfworld,rank,gemini-flash,OOD,1,top3,0.01,0.3,0.7,10,50,5.0,17
alfworld,rank,gemini-flash,OOD,1,top3,0.01,0.5,0.0,10,,,0
alfworld,rank,gemini-flash,OOD,1,top3,0.01,0.5,0.1,10,30,3.0,28
alfworld,rank,gemini-flash,OOD,1,top3,0.01,0.5,0.2,10,30,3.0,27
alfworld,rank,gemini-flash,OOD,1,top3,0.01,0.5,0.3,10,100,10.0,76
alfworld,rank,gemini-flash,OOD,1,top3,0.01,0.5,0.5,10,,,0
alfworld,rank,gemini-flash,OOD,1,top3,0.01,0.5,0.7,10,,,0
alfworld,rank,gemini-flash,OOD,1,top5,0.01,0.0,0.0,20,20,1.0,20
alfworld,rank,gemini-flash,OOD,1,top5,0.01,0.0,0.1,20,20,1.0,18
alfworld,rank,gemini-flash,OOD,1,top5,0.01,0.0,0.2,20,20,1.0,17
alfworld,rank,gemini-flash,OOD,1,top5,0.01,0.0,0.3,20,20,1.0,16
alfworld,rank,gemini-flash,OOD,1,top5,0.01,0.0,0.5,20,20,1.0,9
alfworld,rank,gemini-flash,OOD,1,top5,0.01,0.0,0.7,20,50,2.5,14
alfworld,rank,gemini-flash,OOD,1,top5,0.01,0.05,0.0,20,20,1.0,20
alfworld,rank,gemini-flash,OOD,1,top5,0.01,0.05,0.1,20,20,1.0,19
alfworld,rank,gemini-flash,OOD,1,top5,0.01,0.05,0.2,20,30,1.5,20
alfworld,rank,gemini-flash,OOD,1,top5,0.01,0.05,0.3,20,20,1.0,16
alfworld,rank,gemini-flash,OOD,1,top5,0.01,0.05,0.5,20,20,1.0,9
alfworld,rank,gemini-flash,OOD,1,top5,0.01,0.05,0.7,20,30,1.5,11
alfworld,rank,gemini-flash,OOD,1,top5,0.01,0.1,0.0,20,20,1.0,20
alfworld,rank,gemini-flash,OOD,1,top5,0.01,0.1,0.1,20,20,1.0,18
alfworld,rank,gemini-flash,OOD,1,top5,0.01,0.1,0.2,20,20,1.0,17
alfworld,rank,gemini-flash,OOD,1,top5,0.01,0.1,0.3,20,20,1.0,15
alfworld,rank,gemini-flash,OOD,1,top5,0.01,0.1,0.5,20,80,4.0,34
alfworld,rank,gemini-flash,OOD,1,top5,0.01,0.1,0.7,20,30,1.5,10
alfworld,rank,gemini-flash,OOD,1,top5,0.01,0.15,0.0,20,30,1.5,30
alfworld,rank,gemini-flash,OOD,1,top5,0.01,0.15,0.1,20,20,1.0,16
alfworld,rank,gemini-flash,OOD,1,top5,0.01,0.15,0.2,20,30,1.5,25
alfworld,rank,gemini-flash,OOD,1,top5,0.01,0.15,0.3,20,20,1.0,13
alfworld,rank,gemini-flash,OOD,1,top5,0.01,0.15,0.5,20,50,2.5,25
alfworld,rank,gemini-flash,OOD,1,top5,0.01,0.15,0.7,20,20,1.0,9
alfworld,rank,gemini-flash,OOD,1,top5,0.01,0.2,0.0,20,30,1.5,30
alfworld,rank,gemini-flash,OOD,1,top5,0.01,0.2,0.1,20,10,0.5,9
alfworld,rank,gemini-flash,OOD,1,top5,0.01,0.2,0.2,20,20,1.0,15
alfworld,rank,gemini-flash,OOD,1,top5,0.01,0.2,0.3,20,20,1.0,12
alfworld,rank,gemini-flash,OOD,1,top5,0.01,0.2,0.5,20,30,1.5,12
alfworld,rank,gemini-flash,OOD,1,top5,0.01,0.2,0.7,20,50,2.5,17
alfworld,rank,gemini-flash,OOD,1,top5,0.01,0.3,0.0,20,100,5.0,100
alfworld,rank,gemini-flash,OOD,1,top5,0.01,0.3,0.1,20,20,1.0,17
alfworld,rank,gemini-flash,OOD,1,top5,0.01,0.3,0.2,20,50,2.5,43
alfworld,rank,gemini-flash,OOD,1,top5,0.01,0.3,0.3,20,100,5.0,71
alfworld,rank,gemini-flash,OOD,1,top5,0.01,0.3,0.5,20,100,5.0,55
alfworld,rank,gemini-flash,OOD,1,top5,0.01,0.3,0.7,20,,,0
alfworld,rank,gemini-flash,OOD,1,top5,0.01,0.5,0.0,20,,,0
alfworld,rank,gemini-flash,OOD,1,top5,0.01,0.5,0.1,20,,,0
alfworld,rank,gemini-flash,OOD,1,top5,0.01,0.5,0.2,20,,,0
alfworld,rank,gemini-flash,OOD,1,top5,0.01,0.5,0.3,20,,,0
alfworld,rank,gemini-flash,OOD,1,top5,0.01,0.5,0.5,20,,,0
alfworld,rank,gemini-flash,OOD,1,top5,0.01,0.5,0.7,20,,,0
alfworld,rank,gemini-flash,OOD,2,full_rank,0.01,0.0,0.0,10,10,1.0,10
alfworld,rank,gemini-flash,OOD,2,full_rank,0.01,0.0,0.1,10,10,1.0,8
alfworld,rank,gemini-flash,OOD,2,full_rank,0.01,0.0,0.2,10,10,1.0,8
alfworld,rank,gemini-flash,OOD,2,full_rank,0.01,0.0,0.3,10,10,1.0,10
alfworld,rank,gemini-flash,OOD,2,full_rank,0.01,0.0,0.5,10,20,2.0,7
alfworld,rank,gemini-flash,OOD,2,full_rank,0.01,0.0,0.7,10,20,2.0,7
alfworld,rank,gemini-flash,OOD,2,full_rank,0.01,0.05,0.0,10,10,1.0,10
alfworld,rank,gemini-flash,OOD,2,full_rank,0.01,0.05,0.1,10,20,2.0,18
alfworld,rank,gemini-flash,OOD,2,full_rank,0.01,0.05,0.2,10,10,1.0,10
alfworld,rank,gemini-flash,OOD,2,full_rank,0.01,0.05,0.3,10,20,2.0,13
alfworld,rank,gemini-flash,OOD,2,full_rank,0.01,0.05,0.5,10,20,2.0,11
alfworld,rank,gemini-flash,OOD,2,full_rank,0.01,0.05,0.7,10,20,2.0,7
alfworld,rank,gemini-flash,OOD,2,full_rank,0.01,0.1,0.0,10,20,2.0,20
alfworld,rank,gemini-flash,OOD,2,full_rank,0.01,0.1,0.1,10,10,1.0,8
alfworld,rank,gemini-flash,OOD,2,full_rank,0.01,0.1,0.2,10,20,2.0,14
alfworld,rank,gemini-flash,OOD,2,full_rank,0.01,0.1,0.3,10,10,1.0,8
alfworld,rank,gemini-flash,OOD,2,full_rank,0.01,0.1,0.5,10,30,3.0,14
alfworld,rank,gemini-flash,OOD,2,full_rank,0.01,0.1,0.7,10,50,5.0,14
alfworld,rank,gemini-flash,OOD,2,full_rank,0.01,0.15,0.0,10,20,2.0,20
alfworld,rank,gemini-flash,OOD,2,full_rank,0.01,0.15,0.1,10,20,2.0,18
alfworld,rank,gemini-flash,OOD,2,full_rank,0.01,0.15,0.2,10,10,1.0,8
alfworld,rank,gemini-flash,OOD,2,full_rank,0.01,0.15,0.3,10,20,2.0,16
alfworld,rank,gemini-flash,OOD,2,full_rank,0.01,0.15,0.5,10,20,2.0,9
alfworld,rank,gemini-flash,OOD,2,full_rank,0.01,0.15,0.7,10,50,5.0,22
alfworld,rank,gemini-flash,OOD,2,full_rank,0.01,0.2,0.0,10,30,3.0,30
alfworld,rank,gemini-flash,OOD,2,full_rank,0.01,0.2,0.1,10,20,2.0,19
alfworld,rank,gemini-flash,OOD,2,full_rank,0.01,0.2,0.2,10,10,1.0,8
alfworld,rank,gemini-flash,OOD,2,full_rank,0.01,0.2,0.3,10,20,2.0,20
alfworld,rank,gemini-flash,OOD,2,full_rank,0.01,0.2,0.5,10,10,1.0,8
alfworld,rank,gemini-flash,OOD,2,full_rank,0.01,0.2,0.7,10,80,8.0,27
alfworld,rank,gemini-flash,OOD,2,full_rank,0.01,0.3,0.0,10,50,5.0,50
alfworld,rank,gemini-flash,OOD,2,full_rank,0.01,0.3,0.1,10,50,5.0,44
alfworld,rank,gemini-flash,OOD,2,full_rank,0.01,0.3,0.2,10,80,8.0,68
alfworld,rank,gemini-flash,OOD,2,full_rank,0.01,0.3,0.3,10,150,15.0,111
alfworld,rank,gemini-flash,OOD,2,full_rank,0.01,0.3,0.5,10,50,5.0,21
alfworld,rank,gemini-flash,OOD,2,full_rank,0.01,0.3,0.7,10,100,10.0,25
alfworld,rank,gemini-flash,OOD,2,full_rank,0.01,0.5,0.0,10,,,0
alfworld,rank,gemini-flash,OOD,2,full_rank,0.01,0.5,0.1,10,80,8.0,77
alfworld,rank,gemini-flash,OOD,2,full_rank,0.01,0.5,0.2,10,,,0
alfworld,rank,gemini-flash,OOD,2,full_rank,0.01,0.5,0.3,10,,,0
alfworld,rank,gemini-flash,OOD,2,full_rank,0.01,0.5,0.5,10,,,0
alfworld,rank,gemini-flash,OOD,2,full_rank,0.01,0.5,0.7,10,,,0
alfworld,rank,gemini-flash,OOD,2,top10,0.01,0.0,0.0,10,10,1.0,10
alfworld,rank,gemini-flash,OOD,2,top10,0.01,0.0,0.1,10,10,1.0,9
alfworld,rank,gemini-flash,OOD,2,top10,0.01,0.0,0.2,10,20,2.0,14
alfworld,rank,gemini-flash,OOD,2,top10,0.01,0.0,0.3,10,10,1.0,7
alfworld,rank,gemini-flash,OOD,2,top10,0.01,0.0,0.5,10,20,2.0,8
alfworld,rank,gemini-flash,OOD,2,top10,0.01,0.0,0.7,10,20,2.0,8
alfworld,rank,gemini-flash,OOD,2,top10,0.01,0.05,0.0,10,20,2.0,20
alfworld,rank,gemini-flash,OOD,2,top10,0.01,0.05,0.1,10,10,1.0,10
alfworld,rank,gemini-flash,OOD,2,top10,0.01,0.05,0.2,10,10,1.0,9
alfworld,rank,gemini-flash,OOD,2,top10,0.01,0.05,0.3,10,30,3.0,19
alfworld,rank,gemini-flash,OOD,2,top10,0.01,0.05,0.5,10,30,3.0,12
alfworld,rank,gemini-flash,OOD,2,top10,0.01,0.05,0.7,10,30,3.0,14
alfworld,rank,gemini-flash,OOD,2,top10,0.01,0.1,0.0,10,20,2.0,20
alfworld,rank,gemini-flash,OOD,2,top10,0.01,0.1,0.1,10,10,1.0,7
alfworld,rank,gemini-flash,OOD,2,top10,0.01,0.1,0.2,10,30,3.0,27
alfworld,rank,gemini-flash,OOD,2,top10,0.01,0.1,0.3,10,10,1.0,8
alfworld,rank,gemini-flash,OOD,2,top10,0.01,0.1,0.5,10,20,2.0,9
alfworld,rank,gemini-flash,OOD,2,top10,0.01,0.1,0.7,10,50,5.0,11
alfworld,rank,gemini-flash,OOD,2,top10,0.01,0.15,0.0,10,20,2.0,20
alfworld,rank,gemini-flash,OOD,2,top10,0.01,0.15,0.1,10,20,2.0,17
alfworld,rank,gemini-flash,OOD,2,top10,0.01,0.15,0.2,10,10,1.0,8
alfworld,rank,gemini-flash,OOD,2,top10,0.01,0.15,0.3,10,30,3.0,24
alfworld,rank,gemini-flash,OOD,2,top10,0.01,0.15,0.5,10,20,2.0,14
alfworld,rank,gemini-flash,OOD,2,top10,0.01,0.15,0.7,10,50,5.0,14
alfworld,rank,gemini-flash,OOD,2,top10,0.01,0.2,0.0,10,30,3.0,30
alfworld,rank,gemini-flash,OOD,2,top10,0.01,0.2,0.1,10,20,2.0,18
alfworld,rank,gemini-flash,OOD,2,top10,0.01,0.2,0.2,10,30,3.0,26
alfworld,rank,gemini-flash,OOD,2,top10,0.01,0.2,0.3,10,30,3.0,21
alfworld,rank,gemini-flash,OOD,2,top10,0.01,0.2,0.5,10,50,5.0,25
alfworld,rank,gemini-flash,OOD,2,top10,0.01,0.2,0.7,10,100,10.0,34
alfworld,rank,gemini-flash,OOD,2,top10,0.01,0.3,0.0,10,30,3.0,30
alfworld,rank,gemini-flash,OOD,2,top10,0.01,0.3,0.1,10,20,2.0,19
alfworld,rank,gemini-flash,OOD,2,top10,0.01,0.3,0.2,10,50,5.0,43
alfworld,rank,gemini-flash,OOD,2,top10,0.01,0.3,0.3,10,80,8.0,56
alfworld,rank,gemini-flash,OOD,2,top10,0.01,0.3,0.5,10,200,20.0,98
alfworld,rank,gemini-flash,OOD,2,top10,0.01,0.3,0.7,10,100,10.0,36
alfworld,rank,gemini-flash,OOD,2,top10,0.01,0.5,0.0,10,,,0
alfworld,rank,gemini-flash,OOD,2,top10,0.01,0.5,0.1,10,,,0
alfworld,rank,gemini-flash,OOD,2,top10,0.01,0.5,0.2,10,,,0
alfworld,rank,gemini-flash,OOD,2,top10,0.01,0.5,0.3,10,150,15.0,105
alfworld,rank,gemini-flash,OOD,2,top10,0.01,0.5,0.5,10,,,0
alfworld,rank,gemini-flash,OOD,2,top10,0.01,0.5,0.7,10,,,0
alfworld,rank,gemini-flash,OOD,2,top2,0.01,0.0,0.0,20,20,1.0,20
alfworld,rank,gemini-flash,OOD,2,top2,0.01,0.0,0.1,20,20,1.0,17
alfworld,rank,gemini-flash,OOD,2,top2,0.01,0.0,0.2,20,20,1.0,19
alfworld,rank,gemini-flash,OOD,2,top2,0.01,0.0,0.3,20,20,1.0,16
alfworld,rank,gemini-flash,OOD,2,top2,0.01,0.0,0.5,20,30,1.5,16
alfworld,rank,gemini-flash,OOD,2,top2,0.01,0.0,0.7,20,30,1.5,8
alfworld,rank,gemini-flash,OOD,2,top2,0.01,0.05,0.0,20,20,1.0,20
alfworld,rank,gemini-flash,OOD,2,top2,0.01,0.05,0.1,20,20,1.0,17
alfworld,rank,gemini-flash,OOD,2,top2,0.01,0.05,0.2,20,20,1.0,15
alfworld,rank,gemini-flash,OOD,2,top2,0.01,0.05,0.3,20,20,1.0,14
alfworld,rank,gemini-flash,OOD,2,top2,0.01,0.05,0.5,20,20,1.0,12
alfworld,rank,gemini-flash,OOD,2,top2,0.01,0.05,0.7,20,80,4.0,23
alfworld,rank,gemini-flash,OOD,2,top2,0.01,0.1,0.0,20,20,1.0,20
alfworld,rank,gemini-flash,OOD,2,top2,0.01,0.1,0.1,20,30,1.5,27
alfworld,rank,gemini-flash,OOD,2,top2,0.01,0.1,0.2,20,20,1.0,18
alfworld,rank,gemini-flash,OOD,2,top2,0.01,0.1,0.3,20,10,0.5,7
alfworld,rank,gemini-flash,OOD,2,top2,0.01,0.1,0.5,20,30,1.5,15
alfworld,rank,gemini-flash,OOD,2,top2,0.01,0.1,0.7,20,80,4.0,25
alfworld,rank,gemini-flash,OOD,2,top2,0.01,0.15,0.0,20,50,2.5,50
alfworld,rank,gemini-flash,OOD,2,top2,0.01,0.15,0.1,20,20,1.0,18
alfworld,rank,gemini-flash,OOD,2,top2,0.01,0.15,0.2,20,20,1.0,17
alfworld,rank,gemini-flash,OOD,2,top2,0.01,0.15,0.3,20,50,2.5,32
alfworld,rank,gemini-flash,OOD,2,top2,0.01,0.15,0.5,20,50,2.5,19
alfworld,rank,gemini-flash,OOD,2,top2,0.01,0.15,0.7,20,50,2.5,20
alfworld,rank,gemini-flash,OOD,2,top2,0.01,0.2,0.0,20,50,2.5,50
alfworld,rank,gemini-flash,OOD,2,top2,0.01,0.2,0.1,20,10,0.5,9
alfworld,rank,gemini-flash,OOD,2,top2,0.01,0.2,0.2,20,50,2.5,39
alfworld,rank,gemini-flash,OOD,2,top2,0.01,0.2,0.3,20,30,1.5,20
alfworld,rank,gemini-flash,OOD,2,top2,0.01,0.2,0.5,20,50,2.5,26
alfworld,rank,gemini-flash,OOD,2,top2,0.01,0.2,0.7,20,50,2.5,15
alfworld,rank,gemini-flash,OOD,2,top2,0.01,0.3,0.0,20,20,1.0,20
alfworld,rank,gemini-flash,OOD,2,top2,0.01,0.3,0.1,20,80,4.0,68
alfworld,rank,gemini-flash,OOD,2,top2,0.01,0.3,0.2,20,100,5.0,74
alfworld,rank,gemini-flash,OOD,2,top2,0.01,0.3,0.3,20,100,5.0,70
alfworld,rank,gemini-flash,OOD,2,top2,0.01,0.3,0.5,20,50,2.5,30
alfworld,rank,gemini-flash,OOD,2,top2,0.01,0.3,0.7,20,100,5.0,31
alfworld,rank,gemini-flash,OOD,2,top2,0.01,0.5,0.0,20,,,0
alfworld,rank,gemini-flash,OOD,2,top2,0.01,0.5,0.1,20,,,0
alfworld,rank,gemini-flash,OOD,2,top2,0.01,0.5,0.2,20,,,0
alfworld,rank,gemini-flash,OOD,2,top2,0.01,0.5,0.3,20,,,0
alfworld,rank,gemini-flash,OOD,2,top2,0.01,0.5,0.5,20,,,0
alfworld,rank,gemini-flash,OOD,2,top2,0.01,0.5,0.7,20,,,0
alfworld,rank,gemini-flash,OOD,2,top3,0.01,0.0,0.0,20,20,1.0,20
alfworld,rank,gemini-flash,OOD,2,top3,0.01,0.0,0.1,20,20,1.0,19
alfworld,rank,gemini-flash,OOD,2,top3,0.01,0.0,0.2,20,10,0.5,7
alfworld,rank,gemini-flash,OOD,2,top3,0.01,0.0,0.3,20,20,1.0,16
alfworld,rank,gemini-flash,OOD,2,top3,0.01,0.0,0.5,20,30,1.5,14
alfworld,rank,gemini-flash,OOD,2,top3,0.01,0.0,0.7,20,30,1.5,9
alfworld,rank,gemini-flash,OOD,2,top3,0.01,0.05,0.0,20,20,1.0,20
alfworld,rank,gemini-flash,OOD,2,top3,0.01,0.05,0.1,20,10,0.5,8
alfworld,rank,gemini-flash,OOD,2,top3,0.01,0.05,0.2,20,20,1.0,16
alfworld,rank,gemini-flash,OOD,2,top3,0.01,0.05,0.3,20,20,1.0,13
alfworld,rank,gemini-flash,OOD,2,top3,0.01,0.05,0.5,20,50,2.5,28
alfworld,rank,gemini-flash,OOD,2,top3,0.01,0.05,0.7,20,50,2.5,14
alfworld,rank,gemini-flash,OOD,2,top3,0.01,0.1,0.0,20,20,1.0,20
alfworld,rank,gemini-flash,OOD,2,top3,0.01,0.1,0.1,20,20,1.0,20
alfworld,rank,gemini-flash,OOD,2,top3,0.01,0.1,0.2,20,20,1.0,15
alfworld,rank,gemini-flash,OOD,2,top3,0.01,0.1,0.3,20,30,1.5,23
alfworld,rank,gemini-flash,OOD,2,top3,0.01,0.1,0.5,20,50,2.5,22
alfworld,rank,gemini-flash,OOD,2,top3,0.01,0.1,0.7,20,50,2.5,16
alfworld,rank,gemini-flash,OOD,2,top3,0.01,0.15,0.0,20,30,1.5,30
alfworld,rank,gemini-flash,OOD,2,top3,0.01,0.15,0.1,20,20,1.0,17
alfworld,rank,gemini-flash,OOD,2,top3,0.01,0.15,0.2,20,50,2.5,42
alfworld,rank,gemini-flash,OOD,2,top3,0.01,0.15,0.3,20,20,1.0,11
alfworld,rank,gemini-flash,OOD,2,top3,0.01,0.15,0.5,20,20,1.0,9
alfworld,rank,gemini-flash,OOD,2,top3,0.01,0.15,0.7,20,80,4.0,20
alfworld,rank,gemini-flash,OOD,2,top3,0.01,0.2,0.0,20,20,1.0,20
alfworld,rank,gemini-flash,OOD,2,top3,0.01,0.2,0.1,20,50,2.5,46
alfworld,rank,gemini-flash,OOD,2,top3,0.01,0.2,0.2,20,20,1.0,17
alfworld,rank,gemini-flash,OOD,2,top3,0.01,0.2,0.3,20,20,1.0,8
alfworld,rank,gemini-flash,OOD,2,top3,0.01,0.2,0.5,20,50,2.5,24
alfworld,rank,gemini-flash,OOD,2,top3,0.01,0.2,0.7,20,50,2.5,16
alfworld,rank,gemini-flash,OOD,2,top3,0.01,0.3,0.0,20,100,5.0,100
alfworld,rank,gemini-flash,OOD,2,top3,0.01,0.3,0.1,20,80,4.0,70
alfworld,rank,gemini-flash,OOD,2,top3,0.01,0.3,0.2,20,50,2.5,38
alfworld,rank,gemini-flash,OOD,2,top3,0.01,0.3,0.3,20,30,1.5,21
alfworld,rank,gemini-flash,OOD,2,top3,0.01,0.3,0.5,20,50,2.5,25
alfworld,rank,gemini-flash,OOD,2,top3,0.01,0.3,0.7,20,100,5.0,28
alfworld,rank,gemini-flash,OOD,2,top3,0.01,0.5,0.0,20,,,0
alfworld,rank,gemini-flash,OOD,2,top3,0.01,0.5,0.1,20,,,0
alfworld,rank,gemini-flash,OOD,2,top3,0.01,0.5,0.2,20,,,0
alfworld,rank,gemini-flash,OOD,2,top3,0.01,0.5,0.3,20,,,0
alfworld,rank,gemini-flash,OOD,2,top3,0.01,0.5,0.5,20,,,0
alfworld,rank,gemini-flash,OOD,2,top3,0.01,0.5,0.7,20,,,0
alfworld,rank,gemini-flash,OOD,2,top5,0.01,0.0,0.0,20,20,1.0,20
alfworld,rank,gemini-flash,OOD,2,top5,0.01,0.0,0.1,20,20,1.0,20
alfworld,rank,gemini-flash,OOD,2,top5,0.01,0.0,0.2,20,20,1.0,19
alfworld,rank,gemini-flash,OOD,2,top5,0.01,0.0,0.3,20,20,1.0,13
alfworld,rank,gemini-flash,OOD,2,top5,0.01,0.0,0.5,20,10,0.5,7
alfworld,rank,gemini-flash,OOD,2,top5,0.01,0.0,0.7,20,20,1.0,7
alfworld,rank,gemini-flash,OOD,2,top5,0.01,0.05,0.0,20,20,1.0,20
alfworld,rank,gemini-flash,OOD,2,top5,0.01,0.05,0.1,20,20,1.0,15
alfworld,rank,gemini-flash,OOD,2,top5,0.01,0.05,0.2,20,30,1.5,27
alfworld,rank,gemini-flash,OOD,2,top5,0.01,0.05,0.3,20,20,1.0,15
alfworld,rank,gemini-flash,OOD,2,top5,0.01,0.05,0.5,20,20,1.0,12
alfworld,rank,gemini-flash,OOD,2,top5,0.01,0.05,0.7,20,50,2.5,19
alfworld,rank,gemini-flash,OOD,2,top5,0.01,0.1,0.0,20,30,1.5,30
alfworld,rank,gemini-flash,OOD,2,top5,0.01,0.1,0.1,20,20,1.0,19
alfworld,rank,gemini-flash,OOD,2,top5,0.01,0.1,0.2,20,30,1.5,25
alfworld,rank,gemini-flash,OOD,2,top5,0.01,0.1,0.3,20,30,1.5,19
alfworld,rank,gemini-flash,OOD,2,top5,0.01,0.1,0.5,20,30,1.5,16
alfworld,rank,gemini-flash,OOD,2,top5,0.01,0.1,0.7,20,50,2.5,19
alfworld,rank,gemini-flash,OOD,2,top5,0.01,0.15,0.0,20,10,0.5,10
alfworld,rank,gemini-flash,OOD,2,top5,0.01,0.15,0.1,20,30,1.5,27
alfworld,rank,gemini-flash,OOD,2,top5,0.01,0.15,0.2,20,30,1.5,25
alfworld,rank,gemini-flash,OOD,2,top5,0.01,0.15,0.3,20,30,1.5,23
alfworld,rank,gemini-flash,OOD,2,top5,0.01,0.15,0.5,20,20,1.0,12
alfworld,rank,gemini-flash,OOD,2,top5,0.01,0.15,0.7,20,30,1.5,10
alfworld,rank,gemini-flash,OOD,2,top5,0.01,0.2,0.0,20,50,2.5,50
alfworld,rank,gemini-flash,OOD,2,top5,0.01,0.2,0.1,20,20,1.0,17
alfworld,rank,gemini-flash,OOD,2,top5,0.01,0.2,0.2,20,20,1.0,18
alfworld,rank,gemini-flash,OOD,2,top5,0.01,0.2,0.3,20,20,1.0,14
alfworld,rank,gemini-flash,OOD,2,top5,0.01,0.2,0.5,20,20,1.0,11
alfworld,rank,gemini-flash,OOD,2,top5,0.01,0.2,0.7,20,150,7.5,49
alfworld,rank,gemini-flash,OOD,2,top5,0.01,0.3,0.0,20,50,2.5,50
alfworld,rank,gemini-flash,OOD,2,top5,0.01,0.3,0.1,20,80,4.0,71
alfworld,rank,gemini-flash,OOD,2,top5,0.01,0.3,0.2,20,100,5.0,86
alfworld,rank,gemini-flash,OOD,2,top5,0.01,0.3,0.3,20,150,7.5,97
alfworld,rank,gemini-flash,OOD,2,top5,0.01,0.3,0.5,20,100,5.0,42
alfworld,rank,gemini-flash,OOD,2,top5,0.01,0.3,0.7,20,150,7.5,33
alfworld,rank,gemini-flash,OOD,2,top5,0.01,0.5,0.0,20,,,0
alfworld,rank,gemini-flash,OOD,2,top5,0.01,0.5,0.1,20,,,0
alfworld,rank,gemini-flash,OOD,2,top5,0.01,0.5,0.2,20,,,0
alfworld,rank,gemini-flash,OOD,2,top5,0.01,0.5,0.3,20,,,0
alfworld,rank,gemini-flash,OOD,2,top5,0.01,0.5,0.5,20,,,0
alfworld,rank,gemini-flash,OOD,2,top5,0.01,0.5,0.7,20,,,0
alfworld,rank,gemini-flash,OOD,3,full_rank,0.01,0.0,0.0,10,10,1.0,10
alfworld,rank,gemini-flash,OOD,3,full_rank,0.01,0.0,0.1,10,10,1.0,9
alfworld,rank,gemini-flash,OOD,3,full_rank,0.01,0.0,0.2,10,10,1.0,8
alfworld,rank,gemini-flash,OOD,3,full_rank,0.01,0.0,0.3,10,20,2.0,12
alfworld,rank,gemini-flash,OOD,3,full_rank,0.01,0.0,0.5,10,10,1.0,8
alfworld,rank,gemini-flash,OOD,3,full_rank,0.01,0.0,0.7,10,50,5.0,13
alfworld,rank,gemini-flash,OOD,3,full_rank,0.01,0.05,0.0,10,10,1.0,10
alfworld,rank,gemini-flash,OOD,3,full_rank,0.01,0.05,0.1,10,20,2.0,20
alfworld,rank,gemini-flash,OOD,3,full_rank,0.01,0.05,0.2,10,10,1.0,9
alfworld,rank,gemini-flash,OOD,3,full_rank,0.01,0.05,0.3,10,10,1.0,7
alfworld,rank,gemini-flash,OOD,3,full_rank,0.01,0.05,0.5,10,20,2.0,12
alfworld,rank,gemini-flash,OOD,3,full_rank,0.01,0.05,0.7,10,30,3.0,11
alfworld,rank,gemini-flash,OOD,3,full_rank,0.01,0.1,0.0,10,20,2.0,20
alfworld,rank,gemini-flash,OOD,3,full_rank,0.01,0.1,0.1,10,20,2.0,19
alfworld,rank,gemini-flash,OOD,3,full_rank,0.01,0.1,0.2,10,20,2.0,11
alfworld,rank,gemini-flash,OOD,3,full_rank,0.01,0.1,0.3,10,20,2.0,12
alfworld,rank,gemini-flash,OOD,3,full_rank,0.01,0.1,0.5,10,30,3.0,16
alfworld,rank,gemini-flash,OOD,3,full_rank,0.01,0.1,0.7,10,50,5.0,17
alfworld,rank,gemini-flash,OOD,3,full_rank,0.01,0.15,0.0,10,30,3.0,30
alfworld,rank,gemini-flash,OOD,3,full_rank,0.01,0.15,0.1,10,30,3.0,26
alfworld,rank,gemini-flash,OOD,3,full_rank,0.01,0.15,0.2,10,30,3.0,26
alfworld,rank,gemini-flash,OOD,3,full_rank,0.01,0.15,0.3,10,30,3.0,18
alfworld,rank,gemini-flash,OOD,3,full_rank,0.01,0.15,0.5,10,20,2.0,15
alfworld,rank,gemini-flash,OOD,3,full_rank,0.01,0.15,0.7,10,80,8.0,21
alfworld,rank,gemini-flash,OOD,3,full_rank,0.01,0.2,0.0,10,30,3.0,30
alfworld,rank,gemini-flash,OOD,3,full_rank,0.01,0.2,0.1,10,10,1.0,9
alfworld,rank,gemini-flash,OOD,3,full_rank,0.01,0.2,0.2,10,20,2.0,16
alfworld,rank,gemini-flash,OOD,3,full_rank,0.01,0.2,0.3,10,30,3.0,21
alfworld,rank,gemini-flash,OOD,3,full_rank,0.01,0.2,0.5,10,80,8.0,36
alfworld,rank,gemini-flash,OOD,3,full_rank,0.01,0.2,0.7,10,100,10.0,27
alfworld,rank,gemini-flash,OOD,3,full_rank,0.01,0.3,0.0,10,20,2.0,20
alfworld,rank,gemini-flash,OOD,3,full_rank,0.01,0.3,0.1,10,30,3.0,27
alfworld,rank,gemini-flash,OOD,3,full_rank,0.01,0.3,0.2,10,200,20.0,156
alfworld,rank,gemini-flash,OOD,3,full_rank,0.01,0.3,0.3,10,50,5.0,38
alfworld,rank,gemini-flash,OOD,3,full_rank,0.01,0.3,0.5,10,100,10.0,43
alfworld,rank,gemini-flash,OOD,3,full_rank,0.01,0.3,0.7,10,100,10.0,25
alfworld,rank,gemini-flash,OOD,3,full_rank,0.01,0.5,0.0,10,,,0
alfworld,rank,gemini-flash,OOD,3,full_rank,0.01,0.5,0.1,10,,,0
alfworld,rank,gemini-flash,OOD,3,full_rank,0.01,0.5,0.2,10,,,0
alfworld,rank,gemini-flash,OOD,3,full_rank,0.01,0.5,0.3,10,,,0
alfworld,rank,gemini-flash,OOD,3,full_rank,0.01,0.5,0.5,10,,,0
alfworld,rank,gemini-flash,OOD,3,full_rank,0.01,0.5,0.7,10,,,0
alfworld,rank,gemini-flash,OOD,3,top10,0.01,0.0,0.0,10,10,1.0,10
alfworld,rank,gemini-flash,OOD,3,top10,0.01,0.0,0.1,10,10,1.0,10
alfworld,rank,gemini-flash,OOD,3,top10,0.01,0.0,0.2,10,10,1.0,9
alfworld,rank,gemini-flash,OOD,3,top10,0.01,0.0,0.3,10,10,1.0,9
alfworld,rank,gemini-flash,OOD,3,top10,0.01,0.0,0.5,10,20,2.0,11
alfworld,rank,gemini-flash,OOD,3,top10,0.01,0.0,0.7,10,20,2.0,9
alfworld,rank,gemini-flash,OOD,3,top10,0.01,0.05,0.0,10,10,1.0,10
alfworld,rank,gemini-flash,OOD,3,top10,0.01,0.05,0.1,10,20,2.0,18
alfworld,rank,gemini-flash,OOD,3,top10,0.01,0.05,0.2,10,10,1.0,9
alfworld,rank,gemini-flash,OOD,3,top10,0.01,0.05,0.3,10,20,2.0,14
alfworld,rank,gemini-flash,OOD,3,top10,0.01,0.05,0.5,10,30,3.0,12
alfworld,rank,gemini-flash,OOD,3,top10,0.01,0.05,0.7,10,30,3.0,11
alfworld,rank,gemini-flash,OOD,3,top10,0.01,0.1,0.0,10,10,1.0,10
alfworld,rank,gemini-flash,OOD,3,top10,0.01,0.1,0.1,10,20,2.0,18
alfworld,rank,gemini-flash,OOD,3,top10,0.01,0.1,0.2,10,20,2.0,14
alfworld,rank,gemini-flash,OOD,3,top10,0.01,0.1,0.3,10,10,1.0,7
alfworld,rank,gemini-flash,OOD,3,top10,0.01,0.1,0.5,10,30,3.0,16
alfworld,rank,gemini-flash,OOD,3,top10,0.01,0.1,0.7,10,50,5.0,19
alfworld,rank,gemini-flash,OOD,3,top10,0.01,0.15,0.0,10,20,2.0,20
alfworld,rank,gemini-flash,OOD,3,top10,0.01,0.15,0.1,10,20,2.0,18
alfworld,rank,gemini-flash,OOD,3,top10,0.01,0.15,0.2,10,10,1.0,9
alfworld,rank,gemini-flash,OOD,3,top10,0.01,0.15,0.3,10,30,3.0,17
alfworld,rank,gemini-flash,OOD,3,top10,0.01,0.15,0.5,10,50,5.0,24
alfworld,rank,gemini-flash,OOD,3,top10,0.01,0.15,0.7,10,50,5.0,18
alfworld,rank,gemini-flash,OOD,3,top10,0.01,0.2,0.0,10,10,1.0,10
alfworld,rank,gemini-flash,OOD,3,top10,0.01,0.2,0.1,10,20,2.0,18
alfworld,rank,gemini-flash,OOD,3,top10,0.01,0.2,0.2,10,50,5.0,42
alfworld,rank,gemini-flash,OOD,3,top10,0.01,0.2,0.3,10,30,3.0,23
alfworld,rank,gemini-flash,OOD,3,top10,0.01,0.2,0.5,10,50,5.0,21
alfworld,rank,gemini-flash,OOD,3,top10,0.01,0.2,0.7,10,50,5.0,14
alfworld,rank,gemini-flash,OOD,3,top10,0.01,0.3,0.0,10,50,5.0,50
alfworld,rank,gemini-flash,OOD,3,top10,0.01,0.3,0.1,10,30,3.0,28
alfworld,rank,gemini-flash,OOD,3,top10,0.01,0.3,0.2,10,20,2.0,17
alfworld,rank,gemini-flash,OOD,3,top10,0.01,0.3,0.3,10,30,3.0,25
alfworld,rank,gemini-flash,OOD,3,top10,0.01,0.3,0.5,10,150,15.0,78
alfworld,rank,gemini-flash,OOD,3,top10,0.01,0.3,0.7,10,100,10.0,36
alfworld,rank,gemini-flash,OOD,3,top10,0.01,0.5,0.0,10,,,0
alfworld,rank,gemini-flash,OOD,3,top10,0.01,0.5,0.1,10,30,3.0,27
alfworld,rank,gemini-flash,OOD,3,top10,0.01,0.5,0.2,10,,,0
alfworld,rank,gemini-flash,OOD,3,top10,0.01,0.5,0.3,10,,,0
alfworld,rank,gemini-flash,OOD,3,top10,0.01,0.5,0.5,10,,,0
alfworld,rank,gemini-flash,OOD,3,top10,0.01,0.5,0.7,10,,,0
alfworld,rank,gemini-flash,OOD,3,top2,0.01,0.0,0.0,10,10,1.0,10
alfworld,rank,gemini-flash,OOD,3,top2,0.01,0.0,0.1,10,10,1.0,10
alfworld,rank,gemini-flash,OOD,3,top2,0.01,0.0,0.2,10,10,1.0,8
alfworld,rank,gemini-flash,OOD,3,top2,0.01,0.0,0.3,10,10,1.0,8
alfworld,rank,gemini-flash,OOD,3,top2,0.01,0.0,0.5,10,20,2.0,9
alfworld,rank,gemini-flash,OOD,3,top2,0.01,0.0,0.7,10,20,2.0,8
alfworld,rank,gemini-flash,OOD,3,top2,0.01,0.05,0.0,10,20,2.0,20
alfworld,rank,gemini-flash,OOD,3,top2,0.01,0.05,0.1,10,20,2.0,17
alfworld,rank,gemini-flash,OOD,3,top2,0.01,0.05,0.2,10,10,1.0,9
alfworld,rank,gemini-flash,OOD,3,top2,0.01,0.05,0.3,10,20,2.0,14
alfworld,rank,gemini-flash,OOD,3,top2,0.01,0.05,0.5,10,30,3.0,14
alfworld,rank,gemini-flash,OOD,3,top2,0.01,0.05,0.7,10,30,3.0,12
alfworld,rank,gemini-flash,OOD,3,top2,0.01,0.1,0.0,10,10,1.0,10
alfworld,rank,gemini-flash,OOD,3,top2,0.01,0.1,0.1,10,10,1.0,9
alfworld,rank,gemini-flash,OOD,3,top2,0.01,0.1,0.2,10,20,2.0,17
alfworld,rank,gemini-flash,OOD,3,top2,0.01,0.1,0.3,10,20,2.0,15
alfworld,rank,gemini-flash,OOD,3,top2,0.01,0.1,0.5,10,20,2.0,8
alfworld,rank,gemini-flash,OOD,3,top2,0.01,0.1,0.7,10,50,5.0,15
alfworld,rank,gemini-flash,OOD,3,top2,0.01,0.15,0.0,10,30,3.0,30
alfworld,rank,gemini-flash,OOD,3,top2,0.01,0.15,0.1,10,20,2.0,19
alfworld,rank,gemini-flash,OOD,3,top2,0.01,0.15,0.2,10,30,3.0,27
alfworld,rank,gemini-flash,OOD,3,top2,0.01,0.15,0.3,10,30,3.0,20
alfworld,rank,gemini-flash,OOD,3,top2,0.01,0.15,0.5,10,30,3.0,14
alfworld,rank,gemini-flash,OOD,3,top2,0.01,0.15,0.7,10,50,5.0,18
alfworld,rank,gemini-flash,OOD,3,top2,0.01,0.2,0.0,10,30,3.0,30
alfworld,rank,gemini-flash,OOD,3,top2,0.01,0.2,0.1,10,20,2.0,18
alfworld,rank,gemini-flash,OOD,3,top2,0.01,0.2,0.2,10,50,5.0,45
alfworld,rank,gemini-flash,OOD,3,top2,0.01,0.2,0.3,10,30,3.0,22
alfworld,rank,gemini-flash,OOD,3,top2,0.01,0.2,0.5,10,50,5.0,22
alfworld,rank,gemini-flash,OOD,3,top2,0.01,0.2,0.7,10,100,10.0,33
alfworld,rank,gemini-flash,OOD,3,top2,0.01,0.3,0.0,10,20,2.0,20
alfworld,rank,gemini-flash,OOD,3,top2,0.01,0.3,0.1,10,10,1.0,10
alfworld,rank,gemini-flash,OOD,3,top2,0.01,0.3,0.2,10,30,3.0,23
alfworld,rank,gemini-flash,OOD,3,top2,0.01,0.3,0.3,10,100,10.0,72
alfworld,rank,gemini-flash,OOD,3,top2,0.01,0.3,0.5,10,50,5.0,22
alfworld,rank,gemini-flash,OOD,3,top2,0.01,0.3,0.7,10,100,10.0,28
alfworld,rank,gemini-flash,OOD,3,top2,0.01,0.5,0.0,10,,,0
alfworld,rank,gemini-flash,OOD,3,top2,0.01,0.5,0.1,10,,,0
alfworld,rank,gemini-flash,OOD,3,top2,0.01,0.5,0.2,10,80,8.0,64
alfworld,rank,gemini-flash,OOD,3,top2,0.01,0.5,0.3,10,,,0
alfworld,rank,gemini-flash,OOD,3,top2,0.01,0.5,0.5,10,,,0
alfworld,rank,gemini-flash,OOD,3,top2,0.01,0.5,0.7,10,,,0
alfworld,rank,gemini-flash,OOD,3,top3,0.01,0.0,0.0,10,10,1.0,10
alfworld,rank,gemini-flash,OOD,3,top3,0.01,0.0,0.1,10,10,1.0,10
alfworld,rank,gemini-flash,OOD,3,top3,0.01,0.0,0.2,10,10,1.0,9
alfworld,rank,gemini-flash,OOD,3,top3,0.01,0.0,0.3,10,20,2.0,11
alfworld,rank,gemini-flash,OOD,3,top3,0.01,0.0,0.5,10,30,3.0,21
alfworld,rank,gemini-flash,OOD,3,top3,0.01,0.0,0.7,10,20,2.0,8
alfworld,rank,gemini-flash,OOD,3,top3,0.01,0.05,0.0,10,20,2.0,20
alfworld,rank,gemini-flash,OOD,3,top3,0.01,0.05,0.1,10,20,2.0,18
alfworld,rank,gemini-flash,OOD,3,top3,0.01,0.05,0.2,10,10,1.0,9
alfworld,rank,gemini-flash,OOD,3,top3,0.01,0.05,0.3,10,20,2.0,14
alfworld,rank,gemini-flash,OOD,3,top3,0.01,0.05,0.5,10,10,1.0,8
alfworld,rank,gemini-flash,OOD,3,top3,0.01,0.05,0.7,10,20,2.0,7
alfworld,rank,gemini-flash,OOD,3,top3,0.01,0.1,0.0,10,10,1.0,10
alfworld,rank,gemini-flash,OOD,3,top3,0.01,0.1,0.1,10,20,2.0,19
alfworld,rank,gemini-flash,OOD,3,top3,0.01,0.1,0.2,10,10,1.0,9
alfworld,rank,gemini-flash,OOD,3,top3,0.01,0.1,0.3,10,30,3.0,21
alfworld,rank,gemini-flash,OOD,3,top3,0.01,0.1,0.5,10,20,2.0,9
alfworld,rank,gemini-flash,OOD,3,top3,0.01,0.1,0.7,10,50,5.0,23
alfworld,rank,gemini-flash,OOD,3,top3,0.01,0.15,0.0,10,10,1.0,10
alfworld,rank,gemini-flash,OOD,3,top3,0.01,0.15,0.1,10,20,2.0,19
alfworld,rank,gemini-flash,OOD,3,top3,0.01,0.15,0.2,10,10,1.0,8
alfworld,rank,gemini-flash,OOD,3,top3,0.01,0.15,0.3,10,10,1.0,8
alfworld,rank,gemini-flash,OOD,3,top3,0.01,0.15,0.5,10,50,5.0,32
alfworld,rank,gemini-flash,OOD,3,top3,0.01,0.15,0.7,10,30,3.0,8
alfworld,rank,gemini-flash,OOD,3,top3,0.01,0.2,0.0,10,30,3.0,30
alfworld,rank,gemini-flash,OOD,3,top3,0.01,0.2,0.1,10,30,3.0,28
alfworld,rank,gemini-flash,OOD,3,top3,0.01,0.2,0.2,10,10,1.0,8
alfworld,rank,gemini-flash,OOD,3,top3,0.01,0.2,0.3,10,10,1.0,7
alfworld,rank,gemini-flash,OOD,3,top3,0.01,0.2,0.5,10,30,3.0,13
alfworld,rank,gemini-flash,OOD,3,top3,0.01,0.2,0.7,10,50,5.0,18
alfworld,rank,gemini-flash,OOD,3,top3,0.01,0.3,0.0,10,20,2.0,20
alfworld,rank,gemini-flash,OOD,3,top3,0.01,0.3,0.1,10,50,5.0,48
alfworld,rank,gemini-flash,OOD,3,top3,0.01,0.3,0.2,10,50,5.0,37
alfworld,rank,gemini-flash,OOD,3,top3,0.01,0.3,0.3,10,50,5.0,38
alfworld,rank,gemini-flash,OOD,3,top3,0.01,0.3,0.5,10,80,8.0,39
alfworld,rank,gemini-flash,OOD,3,top3,0.01,0.3,0.7,10,150,15.0,40
alfworld,rank,gemini-flash,OOD,3,top3,0.01,0.5,0.0,10,,,0
alfworld,rank,gemini-flash,OOD,3,top3,0.01,0.5,0.1,10,,,0
alfworld,rank,gemini-flash,OOD,3,top3,0.01,0.5,0.2,10,,,0
alfworld,rank,gemini-flash,OOD,3,top3,0.01,0.5,0.3,10,,,0
alfworld,rank,gemini-flash,OOD,3,top3,0.01,0.5,0.5,10,,,0
alfworld,rank,gemini-flash,OOD,3,top3,0.01,0.5,0.7,10,,,0
alfworld,rank,gemini-flash,OOD,3,top5,0.01,0.0,0.0,10,10,1.0,10
alfworld,rank,gemini-flash,OOD,3,top5,0.01,0.0,0.1,10,10,1.0,9
alfworld,rank,gemini-flash,OOD,3,top5,0.01,0.0,0.2,10,10,1.0,9
alfworld,rank,gemini-flash,OOD,3,top5,0.01,0.0,0.3,10,20,2.0,15
alfworld,rank,gemini-flash,OOD,3,top5,0.01,0.0,0.5,10,20,2.0,10
alfworld,rank,gemini-flash,OOD,3,top5,0.01,0.0,0.7,10,20,2.0,9
alfworld,rank,gemini-flash,OOD,3,top5,0.01,0.05,0.0,10,10,1.0,10
alfworld,rank,gemini-flash,OOD,3,top5,0.01,0.05,0.1,10,20,2.0,17
alfworld,rank,gemini-flash,OOD,3,top5,0.01,0.05,0.2,10,10,1.0,9
alfworld,rank,gemini-flash,OOD,3,top5,0.01,0.05,0.3,10,10,1.0,7
alfworld,rank,gemini-flash,OOD,3,top5,0.01,0.05,0.5,10,30,3.0,12
alfworld,rank,gemini-flash,OOD,3,top5,0.01,0.05,0.7,10,50,5.0,12
alfworld,rank,gemini-flash,OOD,3,top5,0.01,0.1,0.0,10,20,2.0,20
alfworld,rank,gemini-flash,OOD,3,top5,0.01,0.1,0.1,10,20,2.0,18
alfworld,rank,gemini-flash,OOD,3,top5,0.01,0.1,0.2,10,30,3.0,24
alfworld,rank,gemini-flash,OOD,3,top5,0.01,0.1,0.3,10,10,1.0,8
alfworld,rank,gemini-flash,OOD,3,top5,0.01,0.1,0.5,10,30,3.0,16
alfworld,rank,gemini-flash,OOD,3,top5,0.01,0.1,0.7,10,30,3.0,11
alfworld,rank,gemini-flash,OOD,3,top5,0.01,0.15,0.0,10,20,2.0,20
alfworld,rank,gemini-flash,OOD,3,top5,0.01,0.15,0.1,10,20,2.0,19
alfworld,rank,gemini-flash,OOD,3,top5,0.01,0.15,0.2,10,30,3.0,25
alfworld,rank,gemini-flash,OOD,3,top5,0.01,0.15,0.3,10,20,2.0,16
alfworld,rank,gemini-flash,OOD,3,top5,0.01,0.15,0.5,10,30,3.0,19
alfworld,rank,gemini-flash,OOD,3,top5,0.01,0.15,0.7,10,150,15.0,58
alfworld,rank,gemini-flash,OOD,3,top5,0.01,0.2,0.0,10,50,5.0,50
alfworld,rank,gemini-flash,OOD,3,top5,0.01,0.2,0.1,10,30,3.0,27
alfworld,rank,gemini-flash,OOD,3,top5,0.01,0.2,0.2,10,30,3.0,24
alfworld,rank,gemini-flash,OOD,3,top5,0.01,0.2,0.3,10,20,2.0,14
alfworld,rank,gemini-flash,OOD,3,top5,0.01,0.2,0.5,10,50,5.0,22
alfworld,rank,gemini-flash,OOD,3,top5,0.01,0.2,0.7,10,50,5.0,23
alfworld,rank,gemini-flash,OOD,3,top5,0.01,0.3,0.0,10,50,5.0,50
alfworld,rank,gemini-flash,OOD,3,top5,0.01,0.3,0.1,10,80,8.0,71
alfworld,rank,gemini-flash,OOD,3,top5,0.01,0.3,0.2,10,50,5.0,41
alfworld,rank,gemini-flash,OOD,3,top5,0.01,0.3,0.3,10,100,10.0,72
alfworld,rank,gemini-flash,OOD,3,top5,0.01,0.3,0.5,10,150,15.0,74
alfworld,rank,gemini-flash,OOD,3,top5,0.01,0.3,0.7,10,50,5.0,22
alfworld,rank,gemini-flash,OOD,3,top5,0.01,0.5,0.0,10,,,0
alfworld,rank,gemini-flash,OOD,3,top5,0.01,0.5,0.1,10,,,0
alfworld,rank,gemini-flash,OOD,3,top5,0.01,0.5,0.2,10,,,0
alfworld,rank,gemini-flash,OOD,3,top5,0.01,0.5,0.3,10,,,0
alfworld,rank,gemini-flash,OOD,3,top5,0.01,0.5,0.5,10,,,0
alfworld,rank,gemini-flash,OOD,3,top5,0.01,0.5,0.7,10,,,0
toolbench,rank,deepseek,G1_category,1,full_rank,0.01,0.0,0.0,10,10,1.0,10
toolbench,rank,deepseek,G1_category,1,full_rank,0.01,0.0,0.1,10,10,1.0,9
toolbench,rank,deepseek,G1_category,1,full_rank,0.01,0.0,0.2,10,10,1.0,9
toolbench,rank,deepseek,G1_category,1,full_rank,0.01,0.0,0.3,10,10,1.0,8
toolbench,rank,deepseek,G1_category,1,full_rank,0.01,0.0,0.5,10,,,0
toolbench,rank,deepseek,G1_category,1,full_rank,0.01,0.0,0.7,10,,,0
toolbench,rank,deepseek,G1_category,1,full_rank,0.01,0.05,0.0,10,10,1.0,10
toolbench,rank,deepseek,G1_category,1,full_rank,0.01,0.05,0.1,10,10,1.0,9
toolbench,rank,deepseek,G1_category,1,full_rank,0.01,0.05,0.2,10,,,0
toolbench,rank,deepseek,G1_category,1,full_rank,0.01,0.05,0.3,10,,,0
toolbench,rank,deepseek,G1_category,1,full_rank,0.01,0.05,0.5,10,,,0
toolbench,rank,deepseek,G1_category,1,full_rank,0.01,0.05,0.7,10,,,0
toolbench,rank,deepseek,G1_category,1,full_rank,0.01,0.1,0.0,10,10,1.0,10
toolbench,rank,deepseek,G1_category,1,full_rank,0.01,0.1,0.1,10,10,1.0,8
toolbench,rank,deepseek,G1_category,1,full_rank,0.01,0.1,0.2,10,10,1.0,9
toolbench,rank,deepseek,G1_category,1,full_rank,0.01,0.1,0.3,10,10,1.0,10
toolbench,rank,deepseek,G1_category,1,full_rank,0.01,0.1,0.5,10,,,0
toolbench,rank,deepseek,G1_category,1,full_rank,0.01,0.1,0.7,10,,,0
toolbench,rank,deepseek,G1_category,1,full_rank,0.01,0.15,0.0,10,,,0
toolbench,rank,deepseek,G1_category,1,full_rank,0.01,0.15,0.1,10,,,0
toolbench,rank,deepseek,G1_category,1,full_rank,0.01,0.15,0.2,10,,,0
toolbench,rank,deepseek,G1_category,1,full_rank,0.01,0.15,0.3,10,,,0
toolbench,rank,deepseek,G1_category,1,full_rank,0.01,0.15,0.5,10,,,0
toolbench,rank,deepseek,G1_category,1,full_rank,0.01,0.15,0.7,10,,,0
toolbench,rank,deepseek,G1_category,1,full_rank,0.01,0.2,0.0,10,,,0
toolbench,rank,deepseek,G1_category,1,full_rank,0.01,0.2,0.1,10,10,1.0,10
toolbench,rank,deepseek,G1_category,1,full_rank,0.01,0.2,0.2,10,10,1.0,9
toolbench,rank,deepseek,G1_category,1,full_rank,0.01,0.2,0.3,10,,,0
toolbench,rank,deepseek,G1_category,1,full_rank,0.01,0.2,0.5,10,,,0
toolbench,rank,deepseek,G1_category,1,full_rank,0.01,0.2,0.7,10,,,0
toolbench,rank,deepseek,G1_category,1,full_rank,0.01,0.3,0.0,10,,,0
toolbench,rank,deepseek,G1_category,1,full_rank,0.01,0.3,0.1,10,,,0
toolbench,rank,deepseek,G1_category,1,full_rank,0.01,0.3,0.2,10,,,0
toolbench,rank,deepseek,G1_category,1,full_rank,0.01,0.3,0.3,10,,,0
toolbench,rank,deepseek,G1_category,1,full_rank,0.01,0.3,0.5,10,,,0
toolbench,rank,deepseek,G1_category,1,full_rank,0.01,0.3,0.7,10,,,0
toolbench,rank,deepseek,G1_category,1,full_rank,0.01,0.5,0.0,10,,,0
toolbench,rank,deepseek,G1_category,1,full_rank,0.01,0.5,0.1,10,,,0
toolbench,rank,deepseek,G1_category,1,full_rank,0.01,0.5,0.2,10,,,0
toolbench,rank,deepseek,G1_category,1,full_rank,0.01,0.5,0.3,10,,,0
toolbench,rank,deepseek,G1_category,1,full_rank,0.01,0.5,0.5,10,,,0
toolbench,rank,deepseek,G1_category,1,full_rank,0.01,0.5,0.7,10,,,0
toolbench,rank,deepseek,G1_category,1,top10,0.01,0.0,0.0,10,10,1.0,10
toolbench,rank,deepseek,G1_category,1,top10,0.01,0.0,0.1,10,10,1.0,10
toolbench,rank,deepseek,G1_category,1,top10,0.01,0.0,0.2,10,10,1.0,9
toolbench,rank,deepseek,G1_category,1,top10,0.01,0.0,0.3,10,,,0
toolbench,rank,deepseek,G1_category,1,top10,0.01,0.0,0.5,10,,,0
toolbench,rank,deepseek,G1_category,1,top10,0.01,0.0,0.7,10,,,0
toolbench,rank,deepseek,G1_category,1,top10,0.01,0.05,0.0,10,,,0
toolbench,rank,deepseek,G1_category,1,top10,0.01,0.05,0.1,10,10,1.0,10
toolbench,rank,deepseek,G1_category,1,top10,0.01,0.05,0.2,10,10,1.0,9
toolbench,rank,deepseek,G1_category,1,top10,0.01,0.05,0.3,10,,,0
toolbench,rank,deepseek,G1_category,1,top10,0.01,0.05,0.5,10,,,0
toolbench,rank,deepseek,G1_category,1,top10,0.01,0.05,0.7,10,,,0
toolbench,rank,deepseek,G1_category,1,top10,0.01,0.1,0.0,10,10,1.0,10
toolbench,rank,deepseek,G1_category,1,top10,0.01,0.1,0.1,10,,,0
toolbench,rank,deepseek,G1_category,1,top10,0.01,0.1,0.2,10,,,0
toolbench,rank,deepseek,G1_category,1,top10,0.01,0.1,0.3,10,,,0
toolbench,rank,deepseek,G1_category,1,top10,0.01,0.1,0.5,10,,,0
toolbench,rank,deepseek,G1_category,1,top10,0.01,0.1,0.7,10,,,0
toolbench,rank,deepseek,G1_category,1,top10,0.01,0.15,0.0,10,10,1.0,10
toolbench,rank,deepseek,G1_category,1,top10,0.01,0.15,0.1,10,10,1.0,9
toolbench,rank,deepseek,G1_category,1,top10,0.01,0.15,0.2,10,,,0
toolbench,rank,deepseek,G1_category,1,top10,0.01,0.15,0.3,10,,,0
toolbench,rank,deepseek,G1_category,1,top10,0.01,0.15,0.5,10,,,0
toolbench,rank,deepseek,G1_category,1,top10,0.01,0.15,0.7,10,,,0
toolbench,rank,deepseek,G1_category,1,top10,0.01,0.2,0.0,10,,,0
toolbench,rank,deepseek,G1_category,1,top10,0.01,0.2,0.1,10,,,0
toolbench,rank,deepseek,G1_category,1,top10,0.01,0.2,0.2,10,,,0
toolbench,rank,deepseek,G1_category,1,top10,0.01,0.2,0.3,10,,,0
toolbench,rank,deepseek,G1_category,1,top10,0.01,0.2,0.5,10,,,0
toolbench,rank,deepseek,G1_category,1,top10,0.01,0.2,0.7,10,,,0
toolbench,rank,deepseek,G1_category,1,top10,0.01,0.3,0.0,10,,,0
toolbench,rank,deepseek,G1_category,1,top10,0.01,0.3,0.1,10,,,0
toolbench,rank,deepseek,G1_category,1,top10,0.01,0.3,0.2,10,,,0
toolbench,rank,deepseek,G1_category,1,top10,0.01,0.3,0.3,10,10,1.0,8
toolbench,rank,deepseek,G1_category,1,top10,0.01,0.3,0.5,10,,,0
toolbench,rank,deepseek,G1_category,1,top10,0.01,0.3,0.7,10,,,0
toolbench,rank,deepseek,G1_category,1,top10,0.01,0.5,0.0,10,,,0
toolbench,rank,deepseek,G1_category,1,top10,0.01,0.5,0.1,10,,,0
toolbench,rank,deepseek,G1_category,1,top10,0.01,0.5,0.2,10,,,0
toolbench,rank,deepseek,G1_category,1,top10,0.01,0.5,0.3,10,,,0
toolbench,rank,deepseek,G1_category,1,top10,0.01,0.5,0.5,10,,,0
toolbench,rank,deepseek,G1_category,1,top10,0.01,0.5,0.7,10,,,0
toolbench,rank,deepseek,G1_category,1,top2,0.01,0.0,0.0,,,,0
toolbench,rank,deepseek,G1_category,1,top2,0.01,0.0,0.1,,,,0
toolbench,rank,deepseek,G1_category,1,top2,0.01,0.0,0.2,,,,0
toolbench,rank,deepseek,G1_category,1,top2,0.01,0.0,0.3,,,,0
toolbench,rank,deepseek,G1_category,1,top2,0.01,0.0,0.5,,,,0
toolbench,rank,deepseek,G1_category,1,top2,0.01,0.0,0.7,,,,0
toolbench,rank,deepseek,G1_category,1,top2,0.01,0.05,0.0,,,,0
toolbench,rank,deepseek,G1_category,1,top2,0.01,0.05,0.1,,,,0
toolbench,rank,deepseek,G1_category,1,top2,0.01,0.05,0.2,,,,0
toolbench,rank,deepseek,G1_category,1,top2,0.01,0.05,0.3,,,,0
toolbench,rank,deepseek,G1_category,1,top2,0.01,0.05,0.5,,,,0
toolbench,rank,deepseek,G1_category,1,top2,0.01,0.05,0.7,,,,0
toolbench,rank,deepseek,G1_category,1,top2,0.01,0.1,0.0,,,,0
toolbench,rank,deepseek,G1_category,1,top2,0.01,0.1,0.1,,,,0
toolbench,rank,deepseek,G1_category,1,top2,0.01,0.1,0.2,,,,0
toolbench,rank,deepseek,G1_category,1,top2,0.01,0.1,0.3,,,,0
toolbench,rank,deepseek,G1_category,1,top2,0.01,0.1,0.5,,,,0
toolbench,rank,deepseek,G1_category,1,top2,0.01,0.1,0.7,,,,0
toolbench,rank,deepseek,G1_category,1,top2,0.01,0.15,0.0,,,,0
toolbench,rank,deepseek,G1_category,1,top2,0.01,0.15,0.1,,,,0
toolbench,rank,deepseek,G1_category,1,top2,0.01,0.15,0.2,,,,0
toolbench,rank,deepseek,G1_category,1,top2,0.01,0.15,0.3,,,,0
toolbench,rank,deepseek,G1_category,1,top2,0.01,0.15,0.5,,,,0
toolbench,rank,deepseek,G1_category,1,top2,0.01,0.15,0.7,,,,0
toolbench,rank,deepseek,G1_category,1,top2,0.01,0.2,0.0,,,,0
toolbench,rank,deepseek,G1_category,1,top2,0.01,0.2,0.1,,,,0
toolbench,rank,deepseek,G1_category,1,top2,0.01,0.2,0.2,,,,0
toolbench,rank,deepseek,G1_category,1,top2,0.01,0.2,0.3,,,,0
toolbench,rank,deepseek,G1_category,1,top2,0.01,0.2,0.5,,,,0
toolbench,rank,deepseek,G1_category,1,top2,0.01,0.2,0.7,,,,0
toolbench,rank,deepseek,G1_category,1,top2,0.01,0.3,0.0,,,,0
toolbench,rank,deepseek,G1_category,1,top2,0.01,0.3,0.1,,,,0
toolbench,rank,deepseek,G1_category,1,top2,0.01,0.3,0.2,,,,0
toolbench,rank,deepseek,G1_category,1,top2,0.01,0.3,0.3,,,,0
toolbench,rank,deepseek,G1_category,1,top2,0.01,0.3,0.5,,,,0
toolbench,rank,deepseek,G1_category,1,top2,0.01,0.3,0.7,,,,0
toolbench,rank,deepseek,G1_category,1,top2,0.01,0.5,0.0,,,,0
toolbench,rank,deepseek,G1_category,1,top2,0.01,0.5,0.1,,,,0
toolbench,rank,deepseek,G1_category,1,top2,0.01,0.5,0.2,,,,0
toolbench,rank,deepseek,G1_category,1,top2,0.01,0.5,0.3,,,,0
toolbench,rank,deepseek,G1_category,1,top2,0.01,0.5,0.5,,,,0
toolbench,rank,deepseek,G1_category,1,top2,0.01,0.5,0.7,,,,0
toolbench,rank,deepseek,G1_category,1,top3,0.01,0.0,0.0,,,,0
toolbench,rank,deepseek,G1_category,1,top3,0.01,0.0,0.1,,,,0
toolbench,rank,deepseek,G1_category,1,top3,0.01,0.0,0.2,,,,0
toolbench,rank,deepseek,G1_category,1,top3,0.01,0.0,0.3,,,,0
toolbench,rank,deepseek,G1_category,1,top3,0.01,0.0,0.5,,,,0
toolbench,rank,deepseek,G1_category,1,top3,0.01,0.0,0.7,,,,0
toolbench,rank,deepseek,G1_category,1,top3,0.01,0.05,0.0,,,,0
toolbench,rank,deepseek,G1_category,1,top3,0.01,0.05,0.1,,,,0
toolbench,rank,deepseek,G1_category,1,top3,0.01,0.05,0.2,,,,0
toolbench,rank,deepseek,G1_category,1,top3,0.01,0.05,0.3,,,,0
toolbench,rank,deepseek,G1_category,1,top3,0.01,0.05,0.5,,,,0
toolbench,rank,deepseek,G1_category,1,top3,0.01,0.05,0.7,,,,0
toolbench,rank,deepseek,G1_category,1,top3,0.01,0.1,0.0,,,,0
toolbench,rank,deepseek,G1_category,1,top3,0.01,0.1,0.1,,,,0
toolbench,rank,deepseek,G1_category,1,top3,0.01,0.1,0.2,,,,0
toolbench,rank,deepseek,G1_category,1,top3,0.01,0.1,0.3,,,,0
toolbench,rank,deepseek,G1_category,1,top3,0.01,0.1,0.5,,,,0
toolbench,rank,deepseek,G1_category,1,top3,0.01,0.1,0.7,,,,0
toolbench,rank,deepseek,G1_category,1,top3,0.01,0.15,0.0,,,,0
toolbench,rank,deepseek,G1_category,1,top3,0.01,0.15,0.1,,,,0
toolbench,rank,deepseek,G1_category,1,top3,0.01,0.15,0.2,,,,0
toolbench,rank,deepseek,G1_category,1,top3,0.01,0.15,0.3,,,,0
toolbench,rank,deepseek,G1_category,1,top3,0.01,0.15,0.5,,,,0
toolbench,rank,deepseek,G1_category,1,top3,0.01,0.15,0.7,,,,0
toolbench,rank,deepseek,G1_category,1,top3,0.01,0.2,0.0,,,,0
toolbench,rank,deepseek,G1_category,1,top3,0.01,0.2,0.1,,,,0
toolbench,rank,deepseek,G1_category,1,top3,0.01,0.2,0.2,,,,0
toolbench,rank,deepseek,G1_category,1,top3,0.01,0.2,0.3,,,,0
toolbench,rank,deepseek,G1_category,1,top3,0.01,0.2,0.5,,,,0
toolbench,rank,deepseek,G1_category,1,top3,0.01,0.2,0.7,,,,0
toolbench,rank,deepseek,G1_category,1,top3,0.01,0.3,0.0,,,,0
toolbench,rank,deepseek,G1_category,1,top3,0.01,0.3,0.1,,,,0
toolbench,rank,deepseek,G1_category,1,top3,0.01,0.3,0.2,,,,0
toolbench,rank,deepseek,G1_category,1,top3,0.01,0.3,0.3,,,,0
toolbench,rank,deepseek,G1_category,1,top3,0.01,0.3,0.5,,,,0
toolbench,rank,deepseek,G1_category,1,top3,0.01,0.3,0.7,,,,0
toolbench,rank,deepseek,G1_category,1,top3,0.01,0.5,0.0,,,,0
toolbench,rank,deepseek,G1_category,1,top3,0.01,0.5,0.1,,,,0
toolbench,rank,deepseek,G1_category,1,top3,0.01,0.5,0.2,,,,0
toolbench,rank,deepseek,G1_category,1,top3,0.01,0.5,0.3,,,,0
toolbench,rank,deepseek,G1_category,1,top3,0.01,0.5,0.5,,,,0
toolbench,rank,deepseek,G1_category,1,top3,0.01,0.5,0.7,,,,0
toolbench,rank,deepseek,G1_category,1,top5,0.01,0.0,0.0,,,,0
toolbench,rank,deepseek,G1_category,1,top5,0.01,0.0,0.1,,,,0
toolbench,rank,deepseek,G1_category,1,top5,0.01,0.0,0.2,,,,0
toolbench,rank,deepseek,G1_category,1,top5,0.01,0.0,0.3,,,,0
toolbench,rank,deepseek,G1_category,1,top5,0.01,0.0,0.5,,,,0
toolbench,rank,deepseek,G1_category,1,top5,0.01,0.0,0.7,,,,0
toolbench,rank,deepseek,G1_category,1,top5,0.01,0.05,0.0,,,,0
toolbench,rank,deepseek,G1_category,1,top5,0.01,0.05,0.1,,,,0
toolbench,rank,deepseek,G1_category,1,top5,0.01,0.05,0.2,,,,0
toolbench,rank,deepseek,G1_category,1,top5,0.01,0.05,0.3,,,,0
toolbench,rank,deepseek,G1_category,1,top5,0.01,0.05,0.5,,,,0
toolbench,rank,deepseek,G1_category,1,top5,0.01,0.05,0.7,,,,0
toolbench,rank,deepseek,G1_category,1,top5,0.01,0.1,0.0,,,,0
toolbench,rank,deepseek,G1_category,1,top5,0.01,0.1,0.1,,,,0
toolbench,rank,deepseek,G1_category,1,top5,0.01,0.1,0.2,,,,0
toolbench,rank,deepseek,G1_category,1,top5,0.01,0.1,0.3,,,,0
toolbench,rank,deepseek,G1_category,1,top5,0.01,0.1,0.5,,,,0
toolbench,rank,deepseek,G1_category,1,top5,0.01,0.1,0.7,,,,0
toolbench,rank,deepseek,G1_category,1,top5,0.01,0.15,0.0,,,,0
toolbench,rank,deepseek,G1_category,1,top5,0.01,0.15,0.1,,,,0
toolbench,rank,deepseek,G1_category,1,top5,0.01,0.15,0.2,,,,0
toolbench,rank,deepseek,G1_category,1,top5,0.01,0.15,0.3,,,,0
toolbench,rank,deepseek,G1_category,1,top5,0.01,0.15,0.5,,,,0
toolbench,rank,deepseek,G1_category,1,top5,0.01,0.15,0.7,,,,0
toolbench,rank,deepseek,G1_category,1,top5,0.01,0.2,0.0,,,,0
toolbench,rank,deepseek,G1_category,1,top5,0.01,0.2,0.1,,,,0
toolbench,rank,deepseek,G1_category,1,top5,0.01,0.2,0.2,,,,0
toolbench,rank,deepseek,G1_category,1,top5,0.01,0.2,0.3,,,,0
toolbench,rank,deepseek,G1_category,1,top5,0.01,0.2,0.5,,,,0
toolbench,rank,deepseek,G1_category,1,top5,0.01,0.2,0.7,,,,0
toolbench,rank,deepseek,G1_category,1,top5,0.01,0.3,0.0,,,,0
toolbench,rank,deepseek,G1_category,1,top5,0.01,0.3,0.1,,,,0
toolbench,rank,deepseek,G1_category,1,top5,0.01,0.3,0.2,,,,0
toolbench,rank,deepseek,G1_category,1,top5,0.01,0.3,0.3,,,,0
toolbench,rank,deepseek,G1_category,1,top5,0.01,0.3,0.5,,,,0
toolbench,rank,deepseek,G1_category,1,top5,0.01,0.3,0.7,,,,0
toolbench,rank,deepseek,G1_category,1,top5,0.01,0.5,0.0,,,,0
toolbench,rank,deepseek,G1_category,1,top5,0.01,0.5,0.1,,,,0
toolbench,rank,deepseek,G1_category,1,top5,0.01,0.5,0.2,,,,0
toolbench,rank,deepseek,G1_category,1,top5,0.01,0.5,0.3,,,,0
toolbench,rank,deepseek,G1_category,1,top5,0.01,0.5,0.5,,,,0
toolbench,rank,deepseek,G1_category,1,top5,0.01,0.5,0.7,,,,0
toolbench,rank,deepseek,G1_category,2,full_rank,0.01,0.0,0.0,10,10,1.0,10
toolbench,rank,deepseek,G1_category,2,full_rank,0.01,0.0,0.1,10,10,1.0,10
toolbench,rank,deepseek,G1_category,2,full_rank,0.01,0.0,0.2,10,10,1.0,8
toolbench,rank,deepseek,G1_category,2,full_rank,0.01,0.0,0.3,10,20,2.0,19
toolbench,rank,deepseek,G1_category,2,full_rank,0.01,0.0,0.5,10,10,1.0,7
toolbench,rank,deepseek,G1_category,2,full_rank,0.01,0.0,0.7,10,,,0
toolbench,rank,deepseek,G1_category,2,full_rank,0.01,0.05,0.0,10,20,2.0,20
toolbench,rank,deepseek,G1_category,2,full_rank,0.01,0.05,0.1,10,20,2.0,19
toolbench,rank,deepseek,G1_category,2,full_rank,0.01,0.05,0.2,10,10,1.0,7
toolbench,rank,deepseek,G1_category,2,full_rank,0.01,0.05,0.3,10,20,2.0,16
toolbench,rank,deepseek,G1_category,2,full_rank,0.01,0.05,0.5,10,,,0
toolbench,rank,deepseek,G1_category,2,full_rank,0.01,0.05,0.7,10,20,2.0,9
toolbench,rank,deepseek,G1_category,2,full_rank,0.01,0.1,0.0,10,10,1.0,10
toolbench,rank,deepseek,G1_category,2,full_rank,0.01,0.1,0.1,10,20,2.0,16
toolbench,rank,deepseek,G1_category,2,full_rank,0.01,0.1,0.2,10,,,0
toolbench,rank,deepseek,G1_category,2,full_rank,0.01,0.1,0.3,10,20,2.0,12
toolbench,rank,deepseek,G1_category,2,full_rank,0.01,0.1,0.5,10,20,2.0,7
toolbench,rank,deepseek,G1_category,2,full_rank,0.01,0.1,0.7,10,20,2.0,7
toolbench,rank,deepseek,G1_category,2,full_rank,0.01,0.15,0.0,10,20,2.0,20
toolbench,rank,deepseek,G1_category,2,full_rank,0.01,0.15,0.1,10,,,0
toolbench,rank,deepseek,G1_category,2,full_rank,0.01,0.15,0.2,10,20,2.0,16
toolbench,rank,deepseek,G1_category,2,full_rank,0.01,0.15,0.3,10,20,2.0,15
toolbench,rank,deepseek,G1_category,2,full_rank,0.01,0.15,0.5,10,,,0
toolbench,rank,deepseek,G1_category,2,full_rank,0.01,0.15,0.7,10,,,0
toolbench,rank,deepseek,G1_category,2,full_rank,0.01,0.2,0.0,10,20,2.0,20
toolbench,rank,deepseek,G1_category,2,full_rank,0.01,0.2,0.1,10,,,0
toolbench,rank,deepseek,G1_category,2,full_rank,0.01,0.2,0.2,10,10,1.0,9
toolbench,rank,deepseek,G1_category,2,full_rank,0.01,0.2,0.3,10,20,2.0,16
toolbench,rank,deepseek,G1_category,2,full_rank,0.01,0.2,0.5,10,,,0
toolbench,rank,deepseek,G1_category,2,full_rank,0.01,0.2,0.7,10,,,0
toolbench,rank,deepseek,G1_category,2,full_rank,0.01,0.3,0.0,10,,,0
toolbench,rank,deepseek,G1_category,2,full_rank,0.01,0.3,0.1,10,,,0
toolbench,rank,deepseek,G1_category,2,full_rank,0.01,0.3,0.2,10,,,0
toolbench,rank,deepseek,G1_category,2,full_rank,0.01,0.3,0.3,10,,,0
toolbench,rank,deepseek,G1_category,2,full_rank,0.01,0.3,0.5,10,,,0
toolbench,rank,deepseek,G1_category,2,full_rank,0.01,0.3,0.7,10,,,0
toolbench,rank,deepseek,G1_category,2,full_rank,0.01,0.5,0.0,10,,,0
toolbench,rank,deepseek,G1_category,2,full_rank,0.01,0.5,0.1,10,,,0
toolbench,rank,deepseek,G1_category,2,full_rank,0.01,0.5,0.2,10,,,0
toolbench,rank,deepseek,G1_category,2,full_rank,0.01,0.5,0.3,10,,,0
toolbench,rank,deepseek,G1_category,2,full_rank,0.01,0.5,0.5,10,,,0
toolbench,rank,deepseek,G1_category,2,full_rank,0.01,0.5,0.7,10,,,0
toolbench,rank,deepseek,G1_category,2,top10,0.01,0.0,0.0,10,10,1.0,10
toolbench,rank,deepseek,G1_category,2,top10,0.01,0.0,0.1,10,10,1.0,10
toolbench,rank,deepseek,G1_category,2,top10,0.01,0.0,0.2,10,10,1.0,7
toolbench,rank,deepseek,G1_category,2,top10,0.01,0.0,0.3,10,20,2.0,15
toolbench,rank,deepseek,G1_category,2,top10,0.01,0.0,0.5,10,20,2.0,8
toolbench,rank,deepseek,G1_category,2,top10,0.01,0.0,0.7,10,,,0
toolbench,rank,deepseek,G1_category,2,top10,0.01,0.05,0.0,10,10,1.0,10
toolbench,rank,deepseek,G1_category,2,top10,0.01,0.05,0.1,10,10,1.0,9
toolbench,rank,deepseek,G1_category,2,top10,0.01,0.05,0.2,10,10,1.0,10
toolbench,rank,deepseek,G1_category,2,top10,0.01,0.05,0.3,10,10,1.0,8
toolbench,rank,deepseek,G1_category,2,top10,0.01,0.05,0.5,10,,,0
toolbench,rank,deepseek,G1_category,2,top10,0.01,0.05,0.7,10,,,0
toolbench,rank,deepseek,G1_category,2,top10,0.01,0.1,0.0,10,20,2.0,20
toolbench,rank,deepseek,G1_category,2,top10,0.01,0.1,0.1,10,20,2.0,18
toolbench,rank,deepseek,G1_category,2,top10,0.01,0.1,0.2,10,,,0
toolbench,rank,deepseek,G1_category,2,top10,0.01,0.1,0.3,10,20,2.0,11
toolbench,rank,deepseek,G1_category,2,top10,0.01,0.1,0.5,10,,,0
toolbench,rank,deepseek,G1_category,2,top10,0.01,0.1,0.7,10,,,0
toolbench,rank,deepseek,G1_category,2,top10,0.01,0.15,0.0,10,20,2.0,20
toolbench,rank,deepseek,G1_category,2,top10,0.01,0.15,0.1,10,20,2.0,20
toolbench,rank,deepseek,G1_category,2,top10,0.01,0.15,0.2,10,10,1.0,10
toolbench,rank,deepseek,G1_category,2,top10,0.01,0.15,0.3,10,20,2.0,13
toolbench,rank,deepseek,G1_category,2,top10,0.01,0.15,0.5,10,,,0
toolbench,rank,deepseek,G1_category,2,top10,0.01,0.15,0.7,10,,,0
toolbench,rank,deepseek,G1_category,2,top10,0.01,0.2,0.0,10,,,0
toolbench,rank,deepseek,G1_category,2,top10,0.01,0.2,0.1,10,20,2.0,17
toolbench,rank,deepseek,G1_category,2,top10,0.01,0.2,0.2,10,20,2.0,15
toolbench,rank,deepseek,G1_category,2,top10,0.01,0.2,0.3,10,,,0
toolbench,rank,deepseek,G1_category,2,top10,0.01,0.2,0.5,10,,,0
toolbench,rank,deepseek,G1_category,2,top10,0.01,0.2,0.7,10,,,0
toolbench,rank,deepseek,G1_category,2,top10,0.01,0.3,0.0,10,20,2.0,20
toolbench,rank,deepseek,G1_category,2,top10,0.01,0.3,0.1,10,,,0
toolbench,rank,deepseek,G1_category,2,top10,0.01,0.3,0.2,10,,,0
toolbench,rank,deepseek,G1_category,2,top10,0.01,0.3,0.3,10,20,2.0,17
toolbench,rank,deepseek,G1_category,2,top10,0.01,0.3,0.5,10,,,0
toolbench,rank,deepseek,G1_category,2,top10,0.01,0.3,0.7,10,,,0
toolbench,rank,deepseek,G1_category,2,top10,0.01,0.5,0.0,10,,,0
toolbench,rank,deepseek,G1_category,2,top10,0.01,0.5,0.1,10,,,0
toolbench,rank,deepseek,G1_category,2,top10,0.01,0.5,0.2,10,,,0
toolbench,rank,deepseek,G1_category,2,top10,0.01,0.5,0.3,10,,,0
toolbench,rank,deepseek,G1_category,2,top10,0.01,0.5,0.5,10,,,0
toolbench,rank,deepseek,G1_category,2,top10,0.01,0.5,0.7,10,,,0
toolbench,rank,deepseek,G1_category,2,top2,0.01,0.0,0.0,,,,0
toolbench,rank,deepseek,G1_category,2,top2,0.01,0.0,0.1,,,,0
toolbench,rank,deepseek,G1_category,2,top2,0.01,0.0,0.2,,,,0
toolbench,rank,deepseek,G1_category,2,top2,0.01,0.0,0.3,,,,0
toolbench,rank,deepseek,G1_category,2,top2,0.01,0.0,0.5,,,,0
toolbench,rank,deepseek,G1_category,2,top2,0.01,0.0,0.7,,,,0
toolbench,rank,deepseek,G1_category,2,top2,0.01,0.05,0.0,,,,0
toolbench,rank,deepseek,G1_category,2,top2,0.01,0.05,0.1,,,,0
toolbench,rank,deepseek,G1_category,2,top2,0.01,0.05,0.2,,,,0
toolbench,rank,deepseek,G1_category,2,top2,0.01,0.05,0.3,,,,0
toolbench,rank,deepseek,G1_category,2,top2,0.01,0.05,0.5,,,,0
toolbench,rank,deepseek,G1_category,2,top2,0.01,0.05,0.7,,,,0
toolbench,rank,deepseek,G1_category,2,top2,0.01,0.1,0.0,,,,0
toolbench,rank,deepseek,G1_category,2,top2,0.01,0.1,0.1,,,,0
toolbench,rank,deepseek,G1_category,2,top2,0.01,0.1,0.2,,,,0
toolbench,rank,deepseek,G1_category,2,top2,0.01,0.1,0.3,,,,0
toolbench,rank,deepseek,G1_category,2,top2,0.01,0.1,0.5,,,,0
toolbench,rank,deepseek,G1_category,2,top2,0.01,0.1,0.7,,,,0
toolbench,rank,deepseek,G1_category,2,top2,0.01,0.15,0.0,,,,0
toolbench,rank,deepseek,G1_category,2,top2,0.01,0.15,0.1,,,,0
toolbench,rank,deepseek,G1_category,2,top2,0.01,0.15,0.2,,,,0
toolbench,rank,deepseek,G1_category,2,top2,0.01,0.15,0.3,,,,0
toolbench,rank,deepseek,G1_category,2,top2,0.01,0.15,0.5,,,,0
toolbench,rank,deepseek,G1_category,2,top2,0.01,0.15,0.7,,,,0
toolbench,rank,deepseek,G1_category,2,top2,0.01,0.2,0.0,,,,0
toolbench,rank,deepseek,G1_category,2,top2,0.01,0.2,0.1,,,,0
toolbench,rank,deepseek,G1_category,2,top2,0.01,0.2,0.2,,,,0
toolbench,rank,deepseek,G1_category,2,top2,0.01,0.2,0.3,,,,0
toolbench,rank,deepseek,G1_category,2,top2,0.01,0.2,0.5,,,,0
toolbench,rank,deepseek,G1_category,2,top2,0.01,0.2,0.7,,,,0
toolbench,rank,deepseek,G1_category,2,top2,0.01,0.3,0.0,,,,0
toolbench,rank,deepseek,G1_category,2,top2,0.01,0.3,0.1,,,,0
toolbench,rank,deepseek,G1_category,2,top2,0.01,0.3,0.2,,,,0
toolbench,rank,deepseek,G1_category,2,top2,0.01,0.3,0.3,,,,0
toolbench,rank,deepseek,G1_category,2,top2,0.01,0.3,0.5,,,,0
toolbench,rank,deepseek,G1_category,2,top2,0.01,0.3,0.7,,,,0
toolbench,rank,deepseek,G1_category,2,top2,0.01,0.5,0.0,,,,0
toolbench,rank,deepseek,G1_category,2,top2,0.01,0.5,0.1,,,,0
toolbench,rank,deepseek,G1_category,2,top2,0.01,0.5,0.2,,,,0
toolbench,rank,deepseek,G1_category,2,top2,0.01,0.5,0.3,,,,0
toolbench,rank,deepseek,G1_category,2,top2,0.01,0.5,0.5,,,,0
toolbench,rank,deepseek,G1_category,2,top2,0.01,0.5,0.7,,,,0
toolbench,rank,deepseek,G1_category,2,top3,0.01,0.0,0.0,,,,0
toolbench,rank,deepseek,G1_category,2,top3,0.01,0.0,0.1,,,,0
toolbench,rank,deepseek,G1_category,2,top3,0.01,0.0,0.2,,,,0
toolbench,rank,deepseek,G1_category,2,top3,0.01,0.0,0.3,,,,0
toolbench,rank,deepseek,G1_category,2,top3,0.01,0.0,0.5,,,,0
toolbench,rank,deepseek,G1_category,2,top3,0.01,0.0,0.7,,,,0
toolbench,rank,deepseek,G1_category,2,top3,0.01,0.05,0.0,,,,0
toolbench,rank,deepseek,G1_category,2,top3,0.01,0.05,0.1,,,,0
toolbench,rank,deepseek,G1_category,2,top3,0.01,0.05,0.2,,,,0
toolbench,rank,deepseek,G1_category,2,top3,0.01,0.05,0.3,,,,0
toolbench,rank,deepseek,G1_category,2,top3,0.01,0.05,0.5,,,,0
toolbench,rank,deepseek,G1_category,2,top3,0.01,0.05,0.7,,,,0
toolbench,rank,deepseek,G1_category,2,top3,0.01,0.1,0.0,,,,0
toolbench,rank,deepseek,G1_category,2,top3,0.01,0.1,0.1,,,,0
toolbench,rank,deepseek,G1_category,2,top3,0.01,0.1,0.2,,,,0
toolbench,rank,deepseek,G1_category,2,top3,0.01,0.1,0.3,,,,0
toolbench,rank,deepseek,G1_category,2,top3,0.01,0.1,0.5,,,,0
toolbench,rank,deepseek,G1_category,2,top3,0.01,0.1,0.7,,,,0
toolbench,rank,deepseek,G1_category,2,top3,0.01,0.15,0.0,,,,0
toolbench,rank,deepseek,G1_category,2,top3,0.01,0.15,0.1,,,,0
toolbench,rank,deepseek,G1_category,2,top3,0.01,0.15,0.2,,,,0
toolbench,rank,deepseek,G1_category,2,top3,0.01,0.15,0.3,,,,0
toolbench,rank,deepseek,G1_category,2,top3,0.01,0.15,0.5,,,,0
toolbench,rank,deepseek,G1_category,2,top3,0.01,0.15,0.7,,,,0
toolbench,rank,deepseek,G1_category,2,top3,0.01,0.2,0.0,,,,0
toolbench,rank,deepseek,G1_category,2,top3,0.01,0.2,0.1,,,,0
toolbench,rank,deepseek,G1_category,2,top3,0.01,0.2,0.2,,,,0
toolbench,rank,deepseek,G1_category,2,top3,0.01,0.2,0.3,,,,0
toolbench,rank,deepseek,G1_category,2,top3,0.01,0.2,0.5,,,,0
toolbench,rank,deepseek,G1_category,2,top3,0.01,0.2,0.7,,,,0
toolbench,rank,deepseek,G1_category,2,top3,0.01,0.3,0.0,,,,0
toolbench,rank,deepseek,G1_category,2,top3,0.01,0.3,0.1,,,,0
toolbench,rank,deepseek,G1_category,2,top3,0.01,0.3,0.2,,,,0
toolbench,rank,deepseek,G1_category,2,top3,0.01,0.3,0.3,,,,0
toolbench,rank,deepseek,G1_category,2,top3,0.01,0.3,0.5,,,,0
toolbench,rank,deepseek,G1_category,2,top3,0.01,0.3,0.7,,,,0
toolbench,rank,deepseek,G1_category,2,top3,0.01,0.5,0.0,,,,0
toolbench,rank,deepseek,G1_category,2,top3,0.01,0.5,0.1,,,,0
toolbench,rank,deepseek,G1_category,2,top3,0.01,0.5,0.2,,,,0
toolbench,rank,deepseek,G1_category,2,top3,0.01,0.5,0.3,,,,0
toolbench,rank,deepseek,G1_category,2,top3,0.01,0.5,0.5,,,,0
toolbench,rank,deepseek,G1_category,2,top3,0.01,0.5,0.7,,,,0
toolbench,rank,deepseek,G1_category,2,top5,0.01,0.0,0.0,10,10,1.0,10
toolbench,rank,deepseek,G1_category,2,top5,0.01,0.0,0.1,10,10,1.0,8
toolbench,rank,deepseek,G1_category,2,top5,0.01,0.0,0.2,10,10,1.0,8
toolbench,rank,deepseek,G1_category,2,top5,0.01,0.0,0.3,10,10,1.0,7
toolbench,rank,deepseek,G1_category,2,top5,0.01,0.0,0.5,10,,,0
toolbench,rank,deepseek,G1_category,2,top5,0.01,0.0,0.7,10,,,0
toolbench,rank,deepseek,G1_category,2,top5,0.01,0.05,0.0,10,,,0
toolbench,rank,deepseek,G1_category,2,top5,0.01,0.05,0.1,10,10,1.0,8
toolbench,rank,deepseek,G1_category,2,top5,0.01,0.05,0.2,10,10,1.0,9
toolbench,rank,deepseek,G1_category,2,top5,0.01,0.05,0.3,10,,,0
toolbench,rank,deepseek,G1_category,2,top5,0.01,0.05,0.5,10,10,1.0,7
toolbench,rank,deepseek,G1_category,2,top5,0.01,0.05,0.7,10,,,0
toolbench,rank,deepseek,G1_category,2,top5,0.01,0.1,0.0,10,10,1.0,10
toolbench,rank,deepseek,G1_category,2,top5,0.01,0.1,0.1,10,,,0
toolbench,rank,deepseek,G1_category,2,top5,0.01,0.1,0.2,10,10,1.0,8
toolbench,rank,deepseek,G1_category,2,top5,0.01,0.1,0.3,10,,,0
toolbench,rank,deepseek,G1_category,2,top5,0.01,0.1,0.5,10,,,0
toolbench,rank,deepseek,G1_category,2,top5,0.01,0.1,0.7,10,,,0
toolbench,rank,deepseek,G1_category,2,top5,0.01,0.15,0.0,10,,,0
toolbench,rank,deepseek,G1_category,2,top5,0.01,0.15,0.1,10,,,0
toolbench,rank,deepseek,G1_category,2,top5,0.01,0.15,0.2,10,,,0
toolbench,rank,deepseek,G1_category,2,top5,0.01,0.15,0.3,10,,,0
toolbench,rank,deepseek,G1_category,2,top5,0.01,0.15,0.5,10,,,0
toolbench,rank,deepseek,G1_category,2,top5,0.01,0.15,0.7,10,,,0
toolbench,rank,deepseek,G1_category,2,top5,0.01,0.2,0.0,10,,,0
toolbench,rank,deepseek,G1_category,2,top5,0.01,0.2,0.1,10,10,1.0,9
toolbench,rank,deepseek,G1_category,2,top5,0.01,0.2,0.2,10,,,0
toolbench,rank,deepseek,G1_category,2,top5,0.01,0.2,0.3,10,,,0
toolbench,rank,deepseek,G1_category,2,top5,0.01,0.2,0.5,10,,,0
toolbench,rank,deepseek,G1_category,2,top5,0.01,0.2,0.7,10,,,0
toolbench,rank,deepseek,G1_category,2,top5,0.01,0.3,0.0,10,,,0
toolbench,rank,deepseek,G1_category,2,top5,0.01,0.3,0.1,10,,,0
toolbench,rank,deepseek,G1_category,2,top5,0.01,0.3,0.2,10,,,0
toolbench,rank,deepseek,G1_category,2,top5,0.01,0.3,0.3,10,,,0
toolbench,rank,deepseek,G1_category,2,top5,0.01,0.3,0.5,10,,,0
toolbench,rank,deepseek,G1_category,2,top5,0.01,0.3,0.7,10,,,0
toolbench,rank,deepseek,G1_category,2,top5,0.01,0.5,0.0,10,,,0
toolbench,rank,deepseek,G1_category,2,top5,0.01,0.5,0.1,10,,,0
toolbench,rank,deepseek,G1_category,2,top5,0.01,0.5,0.2,10,,,0
toolbench,rank,deepseek,G1_category,2,top5,0.01,0.5,0.3,10,,,0
toolbench,rank,deepseek,G1_category,2,top5,0.01,0.5,0.5,10,,,0
toolbench,rank,deepseek,G1_category,2,top5,0.01,0.5,0.7,10,,,0
toolbench,rank,deepseek,G1_category,3,full_rank,0.01,0.0,0.0,10,10,1.0,10
toolbench,rank,deepseek,G1_category,3,full_rank,0.01,0.0,0.1,10,10,1.0,10
toolbench,rank,deepseek,G1_category,3,full_rank,0.01,0.0,0.2,10,10,1.0,8
toolbench,rank,deepseek,G1_category,3,full_rank,0.01,0.0,0.3,10,10,1.0,8
toolbench,rank,deepseek,G1_category,3,full_rank,0.01,0.0,0.5,10,,,0
toolbench,rank,deepseek,G1_category,3,full_rank,0.01,0.0,0.7,10,,,0
toolbench,rank,deepseek,G1_category,3,full_rank,0.01,0.05,0.0,10,10,1.0,10
toolbench,rank,deepseek,G1_category,3,full_rank,0.01,0.05,0.1,10,,,0
toolbench,rank,deepseek,G1_category,3,full_rank,0.01,0.05,0.2,10,,,0
toolbench,rank,deepseek,G1_category,3,full_rank,0.01,0.05,0.3,10,10,1.0,7
toolbench,rank,deepseek,G1_category,3,full_rank,0.01,0.05,0.5,10,10,1.0,7
toolbench,rank,deepseek,G1_category,3,full_rank,0.01,0.05,0.7,10,,,0
toolbench,rank,deepseek,G1_category,3,full_rank,0.01,0.1,0.0,10,,,0
toolbench,rank,deepseek,G1_category,3,full_rank,0.01,0.1,0.1,10,,,0
toolbench,rank,deepseek,G1_category,3,full_rank,0.01,0.1,0.2,10,10,1.0,8
toolbench,rank,deepseek,G1_category,3,full_rank,0.01,0.1,0.3,10,,,0
toolbench,rank,deepseek,G1_category,3,full_rank,0.01,0.1,0.5,10,,,0
toolbench,rank,deepseek,G1_category,3,full_rank,0.01,0.1,0.7,10,,,0
toolbench,rank,deepseek,G1_category,3,full_rank,0.01,0.15,0.0,10,,,0
toolbench,rank,deepseek,G1_category,3,full_rank,0.01,0.15,0.1,10,,,0
toolbench,rank,deepseek,G1_category,3,full_rank,0.01,0.15,0.2,10,,,0
toolbench,rank,deepseek,G1_category,3,full_rank,0.01,0.15,0.3,10,,,0
toolbench,rank,deepseek,G1_category,3,full_rank,0.01,0.15,0.5,10,,,0
toolbench,rank,deepseek,G1_category,3,full_rank,0.01,0.15,0.7,10,,,0
toolbench,rank,deepseek,G1_category,3,full_rank,0.01,0.2,0.0,10,,,0
toolbench,rank,deepseek,G1_category,3,full_rank,0.01,0.2,0.1,10,,,0
toolbench,rank,deepseek,G1_category,3,full_rank,0.01,0.2,0.2,10,,,0
toolbench,rank,deepseek,G1_category,3,full_rank,0.01,0.2,0.3,10,,,0
toolbench,rank,deepseek,G1_category,3,full_rank,0.01,0.2,0.5,10,,,0
toolbench,rank,deepseek,G1_category,3,full_rank,0.01,0.2,0.7,10,,,0
toolbench,rank,deepseek,G1_category,3,full_rank,0.01,0.3,0.0,10,,,0
toolbench,rank,deepseek,G1_category,3,full_rank,0.01,0.3,0.1,10,,,0
toolbench,rank,deepseek,G1_category,3,full_rank,0.01,0.3,0.2,10,,,0
toolbench,rank,deepseek,G1_category,3,full_rank,0.01,0.3,0.3,10,,,0
toolbench,rank,deepseek,G1_category,3,full_rank,0.01,0.3,0.5,10,,,0
toolbench,rank,deepseek,G1_category,3,full_rank,0.01,0.3,0.7,10,,,0
toolbench,rank,deepseek,G1_category,3,full_rank,0.01,0.5,0.0,10,,,0
toolbench,rank,deepseek,G1_category,3,full_rank,0.01,0.5,0.1,10,,,0
toolbench,rank,deepseek,G1_category,3,full_rank,0.01,0.5,0.2,10,,,0
toolbench,rank,deepseek,G1_category,3,full_rank,0.01,0.5,0.3,10,,,0
toolbench,rank,deepseek,G1_category,3,full_rank,0.01,0.5,0.5,10,,,0
toolbench,rank,deepseek,G1_category,3,full_rank,0.01,0.5,0.7,10,,,0
toolbench,rank,deepseek,G1_category,3,top10,0.01,0.0,0.0,10,10,1.0,10
toolbench,rank,deepseek,G1_category,3,top10,0.01,0.0,0.1,10,10,1.0,9
toolbench,rank,deepseek,G1_category,3,top10,0.01,0.0,0.2,10,10,1.0,8
toolbench,rank,deepseek,G1_category,3,top10,0.01,0.0,0.3,10,10,1.0,8
toolbench,rank,deepseek,G1_category,3,top10,0.01,0.0,0.5,10,,,0
toolbench,rank,deepseek,G1_category,3,top10,0.01,0.0,0.7,10,,,0
toolbench,rank,deepseek,G1_category,3,top10,0.01,0.05,0.0,10,10,1.0,10
toolbench,rank,deepseek,G1_category,3,top10,0.01,0.05,0.1,10,,,0
toolbench,rank,deepseek,G1_category,3,top10,0.01,0.05,0.2,10,10,1.0,8
toolbench,rank,deepseek,G1_category,3,top10,0.01,0.05,0.3,10,,,0
toolbench,rank,deepseek,G1_category,3,top10,0.01,0.05,0.5,10,,,0
toolbench,rank,deepseek,G1_category,3,top10,0.01,0.05,0.7,10,,,0
toolbench,rank,deepseek,G1_category,3,top10,0.01,0.1,0.0,10,,,0
toolbench,rank,deepseek,G1_category,3,top10,0.01,0.1,0.1,10,,,0
toolbench,rank,deepseek,G1_category,3,top10,0.01,0.1,0.2,10,,,0
toolbench,rank,deepseek,G1_category,3,top10,0.01,0.1,0.3,10,,,0
toolbench,rank,deepseek,G1_category,3,top10,0.01,0.1,0.5,10,,,0
toolbench,rank,deepseek,G1_category,3,top10,0.01,0.1,0.7,10,,,0
toolbench,rank,deepseek,G1_category,3,top10,0.01,0.15,0.0,10,,,0
toolbench,rank,deepseek,G1_category,3,top10,0.01,0.15,0.1,10,10,1.0,9
toolbench,rank,deepseek,G1_category,3,top10,0.01,0.15,0.2,10,,,0
toolbench,rank,deepseek,G1_category,3,top10,0.01,0.15,0.3,10,,,0
toolbench,rank,deepseek,G1_category,3,top10,0.01,0.15,0.5,10,,,0
toolbench,rank,deepseek,G1_category,3,top10,0.01,0.15,0.7,10,,,0
toolbench,rank,deepseek,G1_category,3,top10,0.01,0.2,0.0,10,,,0
toolbench,rank,deepseek,G1_category,3,top10,0.01,0.2,0.1,10,,,0
toolbench,rank,deepseek,G1_category,3,top10,0.01,0.2,0.2,10,,,0
toolbench,rank,deepseek,G1_category,3,top10,0.01,0.2,0.3,10,,,0
toolbench,rank,deepseek,G1_category,3,top10,0.01,0.2,0.5,10,,,0
toolbench,rank,deepseek,G1_category,3,top10,0.01,0.2,0.7,10,,,0
toolbench,rank,deepseek,G1_category,3,top10,0.01,0.3,0.0,10,,,0
toolbench,rank,deepseek,G1_category,3,top10,0.01,0.3,0.1,10,,,0
toolbench,rank,deepseek,G1_category,3,top10,0.01,0.3,0.2,10,,,0
toolbench,rank,deepseek,G1_category,3,top10,0.01,0.3,0.3,10,10,1.0,8
toolbench,rank,deepseek,G1_category,3,top10,0.01,0.3,0.5,10,,,0
toolbench,rank,deepseek,G1_category,3,top10,0.01,0.3,0.7,10,,,0
toolbench,rank,deepseek,G1_category,3,top10,0.01,0.5,0.0,10,,,0
toolbench,rank,deepseek,G1_category,3,top10,0.01,0.5,0.1,10,,,0
toolbench,rank,deepseek,G1_category,3,top10,0.01,0.5,0.2,10,,,0
toolbench,rank,deepseek,G1_category,3,top10,0.01,0.5,0.3,10,,,0
toolbench,rank,deepseek,G1_category,3,top10,0.01,0.5,0.5,10,,,0
toolbench,rank,deepseek,G1_category,3,top10,0.01,0.5,0.7,10,,,0
toolbench,rank,deepseek,G1_category,3,top2,0.01,0.0,0.0,,,,0
toolbench,rank,deepseek,G1_category,3,top2,0.01,0.0,0.1,,,,0
toolbench,rank,deepseek,G1_category,3,top2,0.01,0.0,0.2,,,,0
toolbench,rank,deepseek,G1_category,3,top2,0.01,0.0,0.3,,,,0
toolbench,rank,deepseek,G1_category,3,top2,0.01,0.0,0.5,,,,0
toolbench,rank,deepseek,G1_category,3,top2,0.01,0.0,0.7,,,,0
toolbench,rank,deepseek,G1_category,3,top2,0.01,0.05,0.0,,,,0
toolbench,rank,deepseek,G1_category,3,top2,0.01,0.05,0.1,,,,0
toolbench,rank,deepseek,G1_category,3,top2,0.01,0.05,0.2,,,,0
toolbench,rank,deepseek,G1_category,3,top2,0.01,0.05,0.3,,,,0
toolbench,rank,deepseek,G1_category,3,top2,0.01,0.05,0.5,,,,0
toolbench,rank,deepseek,G1_category,3,top2,0.01,0.05,0.7,,,,0
toolbench,rank,deepseek,G1_category,3,top2,0.01,0.1,0.0,,,,0
toolbench,rank,deepseek,G1_category,3,top2,0.01,0.1,0.1,,,,0
toolbench,rank,deepseek,G1_category,3,top2,0.01,0.1,0.2,,,,0
toolbench,rank,deepseek,G1_category,3,top2,0.01,0.1,0.3,,,,0
toolbench,rank,deepseek,G1_category,3,top2,0.01,0.1,0.5,,,,0
toolbench,rank,deepseek,G1_category,3,top2,0.01,0.1,0.7,,,,0
toolbench,rank,deepseek,G1_category,3,top2,0.01,0.15,0.0,,,,0
toolbench,rank,deepseek,G1_category,3,top2,0.01,0.15,0.1,,,,0
toolbench,rank,deepseek,G1_category,3,top2,0.01,0.15,0.2,,,,0
toolbench,rank,deepseek,G1_category,3,top2,0.01,0.15,0.3,,,,0
toolbench,rank,deepseek,G1_category,3,top2,0.01,0.15,0.5,,,,0
toolbench,rank,deepseek,G1_category,3,top2,0.01,0.15,0.7,,,,0
toolbench,rank,deepseek,G1_category,3,top2,0.01,0.2,0.0,,,,0
toolbench,rank,deepseek,G1_category,3,top2,0.01,0.2,0.1,,,,0
toolbench,rank,deepseek,G1_category,3,top2,0.01,0.2,0.2,,,,0
toolbench,rank,deepseek,G1_category,3,top2,0.01,0.2,0.3,,,,0
toolbench,rank,deepseek,G1_category,3,top2,0.01,0.2,0.5,,,,0
toolbench,rank,deepseek,G1_category,3,top2,0.01,0.2,0.7,,,,0
toolbench,rank,deepseek,G1_category,3,top2,0.01,0.3,0.0,,,,0
toolbench,rank,deepseek,G1_category,3,top2,0.01,0.3,0.1,,,,0
toolbench,rank,deepseek,G1_category,3,top2,0.01,0.3,0.2,,,,0
toolbench,rank,deepseek,G1_category,3,top2,0.01,0.3,0.3,,,,0
toolbench,rank,deepseek,G1_category,3,top2,0.01,0.3,0.5,,,,0
toolbench,rank,deepseek,G1_category,3,top2,0.01,0.3,0.7,,,,0
toolbench,rank,deepseek,G1_category,3,top2,0.01,0.5,0.0,,,,0
toolbench,rank,deepseek,G1_category,3,top2,0.01,0.5,0.1,,,,0
toolbench,rank,deepseek,G1_category,3,top2,0.01,0.5,0.2,,,,0
toolbench,rank,deepseek,G1_category,3,top2,0.01,0.5,0.3,,,,0
toolbench,rank,deepseek,G1_category,3,top2,0.01,0.5,0.5,,,,0
toolbench,rank,deepseek,G1_category,3,top2,0.01,0.5,0.7,,,,0
toolbench,rank,deepseek,G1_category,3,top3,0.01,0.0,0.0,,,,0
toolbench,rank,deepseek,G1_category,3,top3,0.01,0.0,0.1,,,,0
toolbench,rank,deepseek,G1_category,3,top3,0.01,0.0,0.2,,,,0
toolbench,rank,deepseek,G1_category,3,top3,0.01,0.0,0.3,,,,0
toolbench,rank,deepseek,G1_category,3,top3,0.01,0.0,0.5,,,,0
toolbench,rank,deepseek,G1_category,3,top3,0.01,0.0,0.7,,,,0
toolbench,rank,deepseek,G1_category,3,top3,0.01,0.05,0.0,,,,0
toolbench,rank,deepseek,G1_category,3,top3,0.01,0.05,0.1,,,,0
toolbench,rank,deepseek,G1_category,3,top3,0.01,0.05,0.2,,,,0
toolbench,rank,deepseek,G1_category,3,top3,0.01,0.05,0.3,,,,0
toolbench,rank,deepseek,G1_category,3,top3,0.01,0.05,0.5,,,,0
toolbench,rank,deepseek,G1_category,3,top3,0.01,0.05,0.7,,,,0
toolbench,rank,deepseek,G1_category,3,top3,0.01,0.1,0.0,,,,0
toolbench,rank,deepseek,G1_category,3,top3,0.01,0.1,0.1,,,,0
toolbench,rank,deepseek,G1_category,3,top3,0.01,0.1,0.2,,,,0
toolbench,rank,deepseek,G1_category,3,top3,0.01,0.1,0.3,,,,0
toolbench,rank,deepseek,G1_category,3,top3,0.01,0.1,0.5,,,,0
toolbench,rank,deepseek,G1_category,3,top3,0.01,0.1,0.7,,,,0
toolbench,rank,deepseek,G1_category,3,top3,0.01,0.15,0.0,,,,0
toolbench,rank,deepseek,G1_category,3,top3,0.01,0.15,0.1,,,,0
toolbench,rank,deepseek,G1_category,3,top3,0.01,0.15,0.2,,,,0
toolbench,rank,deepseek,G1_category,3,top3,0.01,0.15,0.3,,,,0
toolbench,rank,deepseek,G1_category,3,top3,0.01,0.15,0.5,,,,0
toolbench,rank,deepseek,G1_category,3,top3,0.01,0.15,0.7,,,,0
toolbench,rank,deepseek,G1_category,3,top3,0.01,0.2,0.0,,,,0
toolbench,rank,deepseek,G1_category,3,top3,0.01,0.2,0.1,,,,0
toolbench,rank,deepseek,G1_category,3,top3,0.01,0.2,0.2,,,,0
toolbench,rank,deepseek,G1_category,3,top3,0.01,0.2,0.3,,,,0
toolbench,rank,deepseek,G1_category,3,top3,0.01,0.2,0.5,,,,0
toolbench,rank,deepseek,G1_category,3,top3,0.01,0.2,0.7,,,,0
toolbench,rank,deepseek,G1_category,3,top3,0.01,0.3,0.0,,,,0
toolbench,rank,deepseek,G1_category,3,top3,0.01,0.3,0.1,,,,0
toolbench,rank,deepseek,G1_category,3,top3,0.01,0.3,0.2,,,,0
toolbench,rank,deepseek,G1_category,3,top3,0.01,0.3,0.3,,,,0
toolbench,rank,deepseek,G1_category,3,top3,0.01,0.3,0.5,,,,0
toolbench,rank,deepseek,G1_category,3,top3,0.01,0.3,0.7,,,,0
toolbench,rank,deepseek,G1_category,3,top3,0.01,0.5,0.0,,,,0
toolbench,rank,deepseek,G1_category,3,top3,0.01,0.5,0.1,,,,0
toolbench,rank,deepseek,G1_category,3,top3,0.01,0.5,0.2,,,,0
toolbench,rank,deepseek,G1_category,3,top3,0.01,0.5,0.3,,,,0
toolbench,rank,deepseek,G1_category,3,top3,0.01,0.5,0.5,,,,0
toolbench,rank,deepseek,G1_category,3,top3,0.01,0.5,0.7,,,,0
toolbench,rank,deepseek,G1_category,3,top5,0.01,0.0,0.0,10,10,1.0,10
toolbench,rank,deepseek,G1_category,3,top5,0.01,0.0,0.1,10,10,1.0,8
toolbench,rank,deepseek,G1_category,3,top5,0.01,0.0,0.2,10,10,1.0,9
toolbench,rank,deepseek,G1_category,3,top5,0.01,0.0,0.3,10,,,0
toolbench,rank,deepseek,G1_category,3,top5,0.01,0.0,0.5,10,,,0
toolbench,rank,deepseek,G1_category,3,top5,0.01,0.0,0.7,10,,,0
toolbench,rank,deepseek,G1_category,3,top5,0.01,0.05,0.0,10,10,1.0,10
toolbench,rank,deepseek,G1_category,3,top5,0.01,0.05,0.1,10,,,0
toolbench,rank,deepseek,G1_category,3,top5,0.01,0.05,0.2,10,,,0
toolbench,rank,deepseek,G1_category,3,top5,0.01,0.05,0.3,10,10,1.0,8
toolbench,rank,deepseek,G1_category,3,top5,0.01,0.05,0.5,10,,,0
toolbench,rank,deepseek,G1_category,3,top5,0.01,0.05,0.7,10,,,0
toolbench,rank,deepseek,G1_category,3,top5,0.01,0.1,0.0,10,,,0
toolbench,rank,deepseek,G1_category,3,top5,0.01,0.1,0.1,10,10,1.0,10
toolbench,rank,deepseek,G1_category,3,top5,0.01,0.1,0.2,10,,,0
toolbench,rank,deepseek,G1_category,3,top5,0.01,0.1,0.3,10,,,0
toolbench,rank,deepseek,G1_category,3,top5,0.01,0.1,0.5,10,10,1.0,7
toolbench,rank,deepseek,G1_category,3,top5,0.01,0.1,0.7,10,,,0
toolbench,rank,deepseek,G1_category,3,top5,0.01,0.15,0.0,10,10,1.0,10
toolbench,rank,deepseek,G1_category,3,top5,0.01,0.15,0.1,10,10,1.0,9
toolbench,rank,deepseek,G1_category,3,top5,0.01,0.15,0.2,10,,,0
toolbench,rank,deepseek,G1_category,3,top5,0.01,0.15,0.3,10,,,0
toolbench,rank,deepseek,G1_category,3,top5,0.01,0.15,0.5,10,,,0
toolbench,rank,deepseek,G1_category,3,top5,0.01,0.15,0.7,10,,,0
toolbench,rank,deepseek,G1_category,3,top5,0.01,0.2,0.0,10,,,0
toolbench,rank,deepseek,G1_category,3,top5,0.01,0.2,0.1,10,,,0
toolbench,rank,deepseek,G1_category,3,top5,0.01,0.2,0.2,10,10,1.0,9
toolbench,rank,deepseek,G1_category,3,top5,0.01,0.2,0.3,10,,,0
toolbench,rank,deepseek,G1_category,3,top5,0.01,0.2,0.5,10,,,0
toolbench,rank,deepseek,G1_category,3,top5,0.01,0.2,0.7,10,,,0
toolbench,rank,deepseek,G1_category,3,top5,0.01,0.3,0.0,10,,,0
toolbench,rank,deepseek,G1_category,3,top5,0.01,0.3,0.1,10,,,0
toolbench,rank,deepseek,G1_category,3,top5,0.01,0.3,0.2,10,,,0
toolbench,rank,deepseek,G1_category,3,top5,0.01,0.3,0.3,10,,,0
toolbench,rank,deepseek,G1_category,3,top5,0.01,0.3,0.5,10,,,0
toolbench,rank,deepseek,G1_category,3,top5,0.01,0.3,0.7,10,,,0
toolbench,rank,deepseek,G1_category,3,top5,0.01,0.5,0.0,10,,,0
toolbench,rank,deepseek,G1_category,3,top5,0.01,0.5,0.1,10,,,0
toolbench,rank,deepseek,G1_category,3,top5,0.01,0.5,0.2,10,,,0
toolbench,rank,deepseek,G1_category,3,top5,0.01,0.5,0.3,10,10,1.0,7
toolbench,rank,deepseek,G1_category,3,top5,0.01,0.5,0.5,10,,,0
toolbench,rank,deepseek,G1_category,3,top5,0.01,0.5,0.7,10,,,0
toolbench,rank,deepseek,G1_instruction,1,full_rank,0.01,0.0,0.0,10,10,1.0,10
toolbench,rank,deepseek,G1_instruction,1,full_rank,0.01,0.0,0.1,10,10,1.0,8
toolbench,rank,deepseek,G1_instruction,1,full_rank,0.01,0.0,0.2,10,10,1.0,9
toolbench,rank,deepseek,G1_instruction,1,full_rank,0.01,0.0,0.3,10,20,2.0,14
toolbench,rank,deepseek,G1_instruction,1,full_rank,0.01,0.0,0.5,10,10,1.0,7
toolbench,rank,deepseek,G1_instruction,1,full_rank,0.01,0.0,0.7,10,30,3.0,11
toolbench,rank,deepseek,G1_instruction,1,full_rank,0.01,0.05,0.0,10,20,2.0,20
toolbench,rank,deepseek,G1_instruction,1,full_rank,0.01,0.05,0.1,10,10,1.0,10
toolbench,rank,deepseek,G1_instruction,1,full_rank,0.01,0.05,0.2,10,10,1.0,9
toolbench,rank,deepseek,G1_instruction,1,full_rank,0.01,0.05,0.3,10,20,2.0,16
toolbench,rank,deepseek,G1_instruction,1,full_rank,0.01,0.05,0.5,10,20,2.0,9
toolbench,rank,deepseek,G1_instruction,1,full_rank,0.01,0.05,0.7,10,20,2.0,8
toolbench,rank,deepseek,G1_instruction,1,full_rank,0.01,0.1,0.0,10,20,2.0,20
toolbench,rank,deepseek,G1_instruction,1,full_rank,0.01,0.1,0.1,10,10,1.0,9
toolbench,rank,deepseek,G1_instruction,1,full_rank,0.01,0.1,0.2,10,20,2.0,17
toolbench,rank,deepseek,G1_instruction,1,full_rank,0.01,0.1,0.3,10,10,1.0,7
toolbench,rank,deepseek,G1_instruction,1,full_rank,0.01,0.1,0.5,10,30,3.0,13
toolbench,rank,deepseek,G1_instruction,1,full_rank,0.01,0.1,0.7,10,20,2.0,7
toolbench,rank,deepseek,G1_instruction,1,full_rank,0.01,0.15,0.0,10,10,1.0,10
toolbench,rank,deepseek,G1_instruction,1,full_rank,0.01,0.15,0.1,10,20,2.0,16
toolbench,rank,deepseek,G1_instruction,1,full_rank,0.01,0.15,0.2,10,30,3.0,25
toolbench,rank,deepseek,G1_instruction,1,full_rank,0.01,0.15,0.3,10,20,2.0,11
toolbench,rank,deepseek,G1_instruction,1,full_rank,0.01,0.15,0.5,10,,,0
toolbench,rank,deepseek,G1_instruction,1,full_rank,0.01,0.15,0.7,10,,,0
toolbench,rank,deepseek,G1_instruction,1,full_rank,0.01,0.2,0.0,10,10,1.0,10
toolbench,rank,deepseek,G1_instruction,1,full_rank,0.01,0.2,0.1,10,20,2.0,19
toolbench,rank,deepseek,G1_instruction,1,full_rank,0.01,0.2,0.2,10,,,0
toolbench,rank,deepseek,G1_instruction,1,full_rank,0.01,0.2,0.3,10,30,3.0,21
toolbench,rank,deepseek,G1_instruction,1,full_rank,0.01,0.2,0.5,10,20,2.0,11
toolbench,rank,deepseek,G1_instruction,1,full_rank,0.01,0.2,0.7,10,,,0
toolbench,rank,deepseek,G1_instruction,1,full_rank,0.01,0.3,0.0,10,20,2.0,20
toolbench,rank,deepseek,G1_instruction,1,full_rank,0.01,0.3,0.1,10,,,0
toolbench,rank,deepseek,G1_instruction,1,full_rank,0.01,0.3,0.2,10,,,0
toolbench,rank,deepseek,G1_instruction,1,full_rank,0.01,0.3,0.3,10,,,0
toolbench,rank,deepseek,G1_instruction,1,full_rank,0.01,0.3,0.5,10,,,0
toolbench,rank,deepseek,G1_instruction,1,full_rank,0.01,0.3,0.7,10,,,0
toolbench,rank,deepseek,G1_instruction,1,full_rank,0.01,0.5,0.0,10,,,0
toolbench,rank,deepseek,G1_instruction,1,full_rank,0.01,0.5,0.1,10,,,0
toolbench,rank,deepseek,G1_instruction,1,full_rank,0.01,0.5,0.2,10,,,0
toolbench,rank,deepseek,G1_instruction,1,full_rank,0.01,0.5,0.3,10,,,0
toolbench,rank,deepseek,G1_instruction,1,full_rank,0.01,0.5,0.5,10,,,0
toolbench,rank,deepseek,G1_instruction,1,full_rank,0.01,0.5,0.7,10,,,0
toolbench,rank,deepseek,G1_instruction,1,top10,0.01,0.0,0.0,10,10,1.0,10
toolbench,rank,deepseek,G1_instruction,1,top10,0.01,0.0,0.1,10,10,1.0,9
toolbench,rank,deepseek,G1_instruction,1,top10,0.01,0.0,0.2,10,10,1.0,8
toolbench,rank,deepseek,G1_instruction,1,top10,0.01,0.0,0.3,10,10,1.0,8
toolbench,rank,deepseek,G1_instruction,1,top10,0.01,0.0,0.5,10,10,1.0,7
toolbench,rank,deepseek,G1_instruction,1,top10,0.01,0.0,0.7,10,20,2.0,8
toolbench,rank,deepseek,G1_instruction,1,top10,0.01,0.05,0.0,10,10,1.0,10
toolbench,rank,deepseek,G1_instruction,1,top10,0.01,0.05,0.1,10,20,2.0,19
toolbench,rank,deepseek,G1_instruction,1,top10,0.01,0.05,0.2,10,20,2.0,13
toolbench,rank,deepseek,G1_instruction,1,top10,0.01,0.05,0.3,10,30,3.0,16
toolbench,rank,deepseek,G1_instruction,1,top10,0.01,0.05,0.5,10,10,1.0,7
toolbench,rank,deepseek,G1_instruction,1,top10,0.01,0.05,0.7,10,,,0
toolbench,rank,deepseek,G1_instruction,1,top10,0.01,0.1,0.0,10,10,1.0,10
toolbench,rank,deepseek,G1_instruction,1,top10,0.01,0.1,0.1,10,30,3.0,29
toolbench,rank,deepseek,G1_instruction,1,top10,0.01,0.1,0.2,10,30,3.0,20
toolbench,rank,deepseek,G1_instruction,1,top10,0.01,0.1,0.3,10,20,2.0,17
toolbench,rank,deepseek,G1_instruction,1,top10,0.01,0.1,0.5,10,20,2.0,8
toolbench,rank,deepseek,G1_instruction,1,top10,0.01,0.1,0.7,10,,,0
toolbench,rank,deepseek,G1_instruction,1,top10,0.01,0.15,0.0,10,10,1.0,10
toolbench,rank,deepseek,G1_instruction,1,top10,0.01,0.15,0.1,10,10,1.0,10
toolbench,rank,deepseek,G1_instruction,1,top10,0.01,0.15,0.2,10,20,2.0,16
toolbench,rank,deepseek,G1_instruction,1,top10,0.01,0.15,0.3,10,20,2.0,13
toolbench,rank,deepseek,G1_instruction,1,top10,0.01,0.15,0.5,10,30,3.0,13
toolbench,rank,deepseek,G1_instruction,1,top10,0.01,0.15,0.7,10,,,0
toolbench,rank,deepseek,G1_instruction,1,top10,0.01,0.2,0.0,10,20,2.0,20
toolbench,rank,deepseek,G1_instruction,1,top10,0.01,0.2,0.1,10,,,0
toolbench,rank,deepseek,G1_instruction,1,top10,0.01,0.2,0.2,10,20,2.0,18
toolbench,rank,deepseek,G1_instruction,1,top10,0.01,0.2,0.3,10,10,1.0,8
toolbench,rank,deepseek,G1_instruction,1,top10,0.01,0.2,0.5,10,30,3.0,18
toolbench,rank,deepseek,G1_instruction,1,top10,0.01,0.2,0.7,10,,,0
toolbench,rank,deepseek,G1_instruction,1,top10,0.01,0.3,0.0,10,30,3.0,30
toolbench,rank,deepseek,G1_instruction,1,top10,0.01,0.3,0.1,10,30,3.0,26
toolbench,rank,deepseek,G1_instruction,1,top10,0.01,0.3,0.2,10,30,3.0,24
toolbench,rank,deepseek,G1_instruction,1,top10,0.01,0.3,0.3,10,,,0
toolbench,rank,deepseek,G1_instruction,1,top10,0.01,0.3,0.5,10,,,0
toolbench,rank,deepseek,G1_instruction,1,top10,0.01,0.3,0.7,10,,,0
toolbench,rank,deepseek,G1_instruction,1,top10,0.01,0.5,0.0,10,,,0
toolbench,rank,deepseek,G1_instruction,1,top10,0.01,0.5,0.1,10,,,0
toolbench,rank,deepseek,G1_instruction,1,top10,0.01,0.5,0.2,10,,,0
toolbench,rank,deepseek,G1_instruction,1,top10,0.01,0.5,0.3,10,,,0
toolbench,rank,deepseek,G1_instruction,1,top10,0.01,0.5,0.5,10,,,0
toolbench,rank,deepseek,G1_instruction,1,top10,0.01,0.5,0.7,10,,,0
toolbench,rank,deepseek,G1_instruction,1,top2,0.01,0.0,0.0,10,10,1.0,10
toolbench,rank,deepseek,G1_instruction,1,top2,0.01,0.0,0.1,10,10,1.0,9
toolbench,rank,deepseek,G1_instruction,1,top2,0.01,0.0,0.2,10,,,0
toolbench,rank,deepseek,G1_instruction,1,top2,0.01,0.0,0.3,10,10,1.0,7
toolbench,rank,deepseek,G1_instruction,1,top2,0.01,0.0,0.5,10,,,0
toolbench,rank,deepseek,G1_instruction,1,top2,0.01,0.0,0.7,10,,,0
toolbench,rank,deepseek,G1_instruction,1,top2,0.01,0.05,0.0,10,,,0
toolbench,rank,deepseek,G1_instruction,1,top2,0.01,0.05,0.1,10,10,1.0,8
toolbench,rank,deepseek,G1_instruction,1,top2,0.01,0.05,0.2,10,,,0
toolbench,rank,deepseek,G1_instruction,1,top2,0.01,0.05,0.3,10,,,0
toolbench,rank,deepseek,G1_instruction,1,top2,0.01,0.05,0.5,10,,,0
toolbench,rank,deepseek,G1_instruction,1,top2,0.01,0.05,0.7,10,,,0
toolbench,rank,deepseek,G1_instruction,1,top2,0.01,0.1,0.0,10,,,0
toolbench,rank,deepseek,G1_instruction,1,top2,0.01,0.1,0.1,10,,,0
toolbench,rank,deepseek,G1_instruction,1,top2,0.01,0.1,0.2,10,,,0
toolbench,rank,deepseek,G1_instruction,1,top2,0.01,0.1,0.3,10,,,0
toolbench,rank,deepseek,G1_instruction,1,top2,0.01,0.1,0.5,10,,,0
toolbench,rank,deepseek,G1_instruction,1,top2,0.01,0.1,0.7,10,,,0
toolbench,rank,deepseek,G1_instruction,1,top2,0.01,0.15,0.0,10,10,1.0,10
toolbench,rank,deepseek,G1_instruction,1,top2,0.01,0.15,0.1,10,,,0
toolbench,rank,deepseek,G1_instruction,1,top2,0.01,0.15,0.2,10,10,1.0,8
toolbench,rank,deepseek,G1_instruction,1,top2,0.01,0.15,0.3,10,,,0
toolbench,rank,deepseek,G1_instruction,1,top2,0.01,0.15,0.5,10,10,1.0,7
toolbench,rank,deepseek,G1_instruction,1,top2,0.01,0.15,0.7,10,,,0
toolbench,rank,deepseek,G1_instruction,1,top2,0.01,0.2,0.0,10,,,0
toolbench,rank,deepseek,G1_instruction,1,top2,0.01,0.2,0.1,10,,,0
toolbench,rank,deepseek,G1_instruction,1,top2,0.01,0.2,0.2,10,,,0
toolbench,rank,deepseek,G1_instruction,1,top2,0.01,0.2,0.3,10,,,0
toolbench,rank,deepseek,G1_instruction,1,top2,0.01,0.2,0.5,10,,,0
toolbench,rank,deepseek,G1_instruction,1,top2,0.01,0.2,0.7,10,,,0
toolbench,rank,deepseek,G1_instruction,1,top2,0.01,0.3,0.0,10,,,0
toolbench,rank,deepseek,G1_instruction,1,top2,0.01,0.3,0.1,10,,,0
toolbench,rank,deepseek,G1_instruction,1,top2,0.01,0.3,0.2,10,,,0
toolbench,rank,deepseek,G1_instruction,1,top2,0.01,0.3,0.3,10,,,0
toolbench,rank,deepseek,G1_instruction,1,top2,0.01,0.3,0.5,10,,,0
toolbench,rank,deepseek,G1_instruction,1,top2,0.01,0.3,0.7,10,,,0
toolbench,rank,deepseek,G1_instruction,1,top2,0.01,0.5,0.0,10,,,0
toolbench,rank,deepseek,G1_instruction,1,top2,0.01,0.5,0.1,10,,,0
toolbench,rank,deepseek,G1_instruction,1,top2,0.01,0.5,0.2,10,,,0
toolbench,rank,deepseek,G1_instruction,1,top2,0.01,0.5,0.3,10,,,0
toolbench,rank,deepseek,G1_instruction,1,top2,0.01,0.5,0.5,10,,,0
toolbench,rank,deepseek,G1_instruction,1,top2,0.01,0.5,0.7,10,,,0
toolbench,rank,deepseek,G1_instruction,1,top3,0.01,0.0,0.0,10,10,1.0,10
toolbench,rank,deepseek,G1_instruction,1,top3,0.01,0.0,0.1,10,10,1.0,8
toolbench,rank,deepseek,G1_instruction,1,top3,0.01,0.0,0.2,10,10,1.0,8
toolbench,rank,deepseek,G1_instruction,1,top3,0.01,0.0,0.3,10,20,2.0,12
toolbench,rank,deepseek,G1_instruction,1,top3,0.01,0.0,0.5,10,20,2.0,8
toolbench,rank,deepseek,G1_instruction,1,top3,0.01,0.0,0.7,10,,,0
toolbench,rank,deepseek,G1_instruction,1,top3,0.01,0.05,0.0,10,10,1.0,10
toolbench,rank,deepseek,G1_instruction,1,top3,0.01,0.05,0.1,10,10,1.0,9
toolbench,rank,deepseek,G1_instruction,1,top3,0.01,0.05,0.2,10,20,2.0,15
toolbench,rank,deepseek,G1_instruction,1,top3,0.01,0.05,0.3,10,20,2.0,12
toolbench,rank,deepseek,G1_instruction,1,top3,0.01,0.05,0.5,10,20,2.0,12
toolbench,rank,deepseek,G1_instruction,1,top3,0.01,0.05,0.7,10,,,0
toolbench,rank,deepseek,G1_instruction,1,top3,0.01,0.1,0.0,10,10,1.0,10
toolbench,rank,deepseek,G1_instruction,1,top3,0.01,0.1,0.1,10,20,2.0,17
toolbench,rank,deepseek,G1_instruction,1,top3,0.01,0.1,0.2,10,20,2.0,19
toolbench,rank,deepseek,G1_instruction,1,top3,0.01,0.1,0.3,10,20,2.0,16
toolbench,rank,deepseek,G1_instruction,1,top3,0.01,0.1,0.5,10,10,1.0,8
toolbench,rank,deepseek,G1_instruction,1,top3,0.01,0.1,0.7,10,,,0
toolbench,rank,deepseek,G1_instruction,1,top3,0.01,0.15,0.0,10,20,2.0,20
toolbench,rank,deepseek,G1_instruction,1,top3,0.01,0.15,0.1,10,,,0
toolbench,rank,deepseek,G1_instruction,1,top3,0.01,0.15,0.2,10,20,2.0,19
toolbench,rank,deepseek,G1_instruction,1,top3,0.01,0.15,0.3,10,20,2.0,11
toolbench,rank,deepseek,G1_instruction,1,top3,0.01,0.15,0.5,10,,,0
toolbench,rank,deepseek,G1_instruction,1,top3,0.01,0.15,0.7,10,,,0
toolbench,rank,deepseek,G1_instruction,1,top3,0.01,0.2,0.0,10,20,2.0,20
toolbench,rank,deepseek,G1_instruction,1,top3,0.01,0.2,0.1,10,,,0
toolbench,rank,deepseek,G1_instruction,1,top3,0.01,0.2,0.2,10,20,2.0,15
toolbench,rank,deepseek,G1_instruction,1,top3,0.01,0.2,0.3,10,,,0
toolbench,rank,deepseek,G1_instruction,1,top3,0.01,0.2,0.5,10,,,0
toolbench,rank,deepseek,G1_instruction,1,top3,0.01,0.2,0.7,10,,,0
toolbench,rank,deepseek,G1_instruction,1,top3,0.01,0.3,0.0,10,,,0
toolbench,rank,deepseek,G1_instruction,1,top3,0.01,0.3,0.1,10,,,0
toolbench,rank,deepseek,G1_instruction,1,top3,0.01,0.3,0.2,10,,,0
toolbench,rank,deepseek,G1_instruction,1,top3,0.01,0.3,0.3,10,,,0
toolbench,rank,deepseek,G1_instruction,1,top3,0.01,0.3,0.5,10,,,0
toolbench,rank,deepseek,G1_instruction,1,top3,0.01,0.3,0.7,10,,,0
toolbench,rank,deepseek,G1_instruction,1,top3,0.01,0.5,0.0,10,,,0
toolbench,rank,deepseek,G1_instruction,1,top3,0.01,0.5,0.1,10,,,0
toolbench,rank,deepseek,G1_instruction,1,top3,0.01,0.5,0.2,10,,,0
toolbench,rank,deepseek,G1_instruction,1,top3,0.01,0.5,0.3,10,,,0
toolbench,rank,deepseek,G1_instruction,1,top3,0.01,0.5,0.5,10,,,0
toolbench,rank,deepseek,G1_instruction,1,top3,0.01,0.5,0.7,10,,,0
toolbench,rank,deepseek,G1_instruction,1,top5,0.01,0.0,0.0,10,10,1.0,10
toolbench,rank,deepseek,G1_instruction,1,top5,0.01,0.0,0.1,10,10,1.0,10
toolbench,rank,deepseek,G1_instruction,1,top5,0.01,0.0,0.2,10,10,1.0,9
toolbench,rank,deepseek,G1_instruction,1,top5,0.01,0.0,0.3,10,10,1.0,7
toolbench,rank,deepseek,G1_instruction,1,top5,0.01,0.0,0.5,10,20,2.0,7
toolbench,rank,deepseek,G1_instruction,1,top5,0.01,0.0,0.7,10,20,2.0,7
toolbench,rank,deepseek,G1_instruction,1,top5,0.01,0.05,0.0,10,10,1.0,10
toolbench,rank,deepseek,G1_instruction,1,top5,0.01,0.05,0.1,10,10,1.0,7
toolbench,rank,deepseek,G1_instruction,1,top5,0.01,0.05,0.2,10,10,1.0,10
toolbench,rank,deepseek,G1_instruction,1,top5,0.01,0.05,0.3,10,10,1.0,7
toolbench,rank,deepseek,G1_instruction,1,top5,0.01,0.05,0.5,10,20,2.0,11
toolbench,rank,deepseek,G1_instruction,1,top5,0.01,0.05,0.7,10,30,3.0,8
toolbench,rank,deepseek,G1_instruction,1,top5,0.01,0.1,0.0,10,10,1.0,10
toolbench,rank,deepseek,G1_instruction,1,top5,0.01,0.1,0.1,10,20,2.0,19
toolbench,rank,deepseek,G1_instruction,1,top5,0.01,0.1,0.2,10,10,1.0,9
toolbench,rank,deepseek,G1_instruction,1,top5,0.01,0.1,0.3,10,30,3.0,21
toolbench,rank,deepseek,G1_instruction,1,top5,0.01,0.1,0.5,10,20,2.0,8
toolbench,rank,deepseek,G1_instruction,1,top5,0.01,0.1,0.7,10,30,3.0,10
toolbench,rank,deepseek,G1_instruction,1,top5,0.01,0.15,0.0,10,20,2.0,20
toolbench,rank,deepseek,G1_instruction,1,top5,0.01,0.15,0.1,10,20,2.0,16
toolbench,rank,deepseek,G1_instruction,1,top5,0.01,0.15,0.2,10,20,2.0,14
toolbench,rank,deepseek,G1_instruction,1,top5,0.01,0.15,0.3,10,10,1.0,7
toolbench,rank,deepseek,G1_instruction,1,top5,0.01,0.15,0.5,10,20,2.0,10
toolbench,rank,deepseek,G1_instruction,1,top5,0.01,0.15,0.7,10,,,0
toolbench,rank,deepseek,G1_instruction,1,top5,0.01,0.2,0.0,10,30,3.0,30
toolbench,rank,deepseek,G1_instruction,1,top5,0.01,0.2,0.1,10,,,0
toolbench,rank,deepseek,G1_instruction,1,top5,0.01,0.2,0.2,10,20,2.0,18
toolbench,rank,deepseek,G1_instruction,1,top5,0.01,0.2,0.3,10,20,2.0,18
toolbench,rank,deepseek,G1_instruction,1,top5,0.01,0.2,0.5,10,20,2.0,12
toolbench,rank,deepseek,G1_instruction,1,top5,0.01,0.2,0.7,10,,,0
toolbench,rank,deepseek,G1_instruction,1,top5,0.01,0.3,0.0,10,30,3.0,30
toolbench,rank,deepseek,G1_instruction,1,top5,0.01,0.3,0.1,10,,,0
toolbench,rank,deepseek,G1_instruction,1,top5,0.01,0.3,0.2,10,,,0
toolbench,rank,deepseek,G1_instruction,1,top5,0.01,0.3,0.3,10,30,3.0,22
toolbench,rank,deepseek,G1_instruction,1,top5,0.01,0.3,0.5,10,,,0
toolbench,rank,deepseek,G1_instruction,1,top5,0.01,0.3,0.7,10,,,0
toolbench,rank,deepseek,G1_instruction,1,top5,0.01,0.5,0.0,10,,,0
toolbench,rank,deepseek,G1_instruction,1,top5,0.01,0.5,0.1,10,,,0
toolbench,rank,deepseek,G1_instruction,1,top5,0.01,0.5,0.2,10,,,0
toolbench,rank,deepseek,G1_instruction,1,top5,0.01,0.5,0.3,10,,,0
toolbench,rank,deepseek,G1_instruction,1,top5,0.01,0.5,0.5,10,,,0
toolbench,rank,deepseek,G1_instruction,1,top5,0.01,0.5,0.7,10,,,0
toolbench,rank,deepseek,G1_instruction,2,full_rank,0.01,0.0,0.0,10,10,1.0,10
toolbench,rank,deepseek,G1_instruction,2,full_rank,0.01,0.0,0.1,10,10,1.0,10
toolbench,rank,deepseek,G1_instruction,2,full_rank,0.01,0.0,0.2,10,20,2.0,14
toolbench,rank,deepseek,G1_instruction,2,full_rank,0.01,0.0,0.3,10,10,1.0,8
toolbench,rank,deepseek,G1_instruction,2,full_rank,0.01,0.0,0.5,10,20,2.0,14
toolbench,rank,deepseek,G1_instruction,2,full_rank,0.01,0.0,0.7,10,30,3.0,7
toolbench,rank,deepseek,G1_instruction,2,full_rank,0.01,0.05,0.0,10,20,2.0,20
toolbench,rank,deepseek,G1_instruction,2,full_rank,0.01,0.05,0.1,10,30,3.0,28
toolbench,rank,deepseek,G1_instruction,2,full_rank,0.01,0.05,0.2,10,10,1.0,10
toolbench,rank,deepseek,G1_instruction,2,full_rank,0.01,0.05,0.3,10,20,2.0,12
toolbench,rank,deepseek,G1_instruction,2,full_rank,0.01,0.05,0.5,10,30,3.0,17
toolbench,rank,deepseek,G1_instruction,2,full_rank,0.01,0.05,0.7,10,,,0
toolbench,rank,deepseek,G1_instruction,2,full_rank,0.01,0.1,0.0,10,20,2.0,20
toolbench,rank,deepseek,G1_instruction,2,full_rank,0.01,0.1,0.1,10,20,2.0,18
toolbench,rank,deepseek,G1_instruction,2,full_rank,0.01,0.1,0.2,10,20,2.0,17
toolbench,rank,deepseek,G1_instruction,2,full_rank,0.01,0.1,0.3,10,20,2.0,16
toolbench,rank,deepseek,G1_instruction,2,full_rank,0.01,0.1,0.5,10,20,2.0,7
toolbench,rank,deepseek,G1_instruction,2,full_rank,0.01,0.1,0.7,10,30,3.0,10
toolbench,rank,deepseek,G1_instruction,2,full_rank,0.01,0.15,0.0,10,10,1.0,10
toolbench,rank,deepseek,G1_instruction,2,full_rank,0.01,0.15,0.1,10,10,1.0,8
toolbench,rank,deepseek,G1_instruction,2,full_rank,0.01,0.15,0.2,10,20,2.0,17
toolbench,rank,deepseek,G1_instruction,2,full_rank,0.01,0.15,0.3,10,20,2.0,14
toolbench,rank,deepseek,G1_instruction,2,full_rank,0.01,0.15,0.5,10,20,2.0,10
toolbench,rank,deepseek,G1_instruction,2,full_rank,0.01,0.15,0.7,10,30,3.0,9
toolbench,rank,deepseek,G1_instruction,2,full_rank,0.01,0.2,0.0,10,30,3.0,30
toolbench,rank,deepseek,G1_instruction,2,full_rank,0.01,0.2,0.1,10,20,2.0,19
toolbench,rank,deepseek,G1_instruction,2,full_rank,0.01,0.2,0.2,10,30,3.0,24
toolbench,rank,deepseek,G1_instruction,2,full_rank,0.01,0.2,0.3,10,20,2.0,16
toolbench,rank,deepseek,G1_instruction,2,full_rank,0.01,0.2,0.5,10,,,0
toolbench,rank,deepseek,G1_instruction,2,full_rank,0.01,0.2,0.7,10,30,3.0,10
toolbench,rank,deepseek,G1_instruction,2,full_rank,0.01,0.3,0.0,10,,,0
toolbench,rank,deepseek,G1_instruction,2,full_rank,0.01,0.3,0.1,10,20,2.0,19
toolbench,rank,deepseek,G1_instruction,2,full_rank,0.01,0.3,0.2,10,20,2.0,16
toolbench,rank,deepseek,G1_instruction,2,full_rank,0.01,0.3,0.3,10,10,1.0,7
toolbench,rank,deepseek,G1_instruction,2,full_rank,0.01,0.3,0.5,10,,,0
toolbench,rank,deepseek,G1_instruction,2,full_rank,0.01,0.3,0.7,10,,,0
toolbench,rank,deepseek,G1_instruction,2,full_rank,0.01,0.5,0.0,10,,,0
toolbench,rank,deepseek,G1_instruction,2,full_rank,0.01,0.5,0.1,10,,,0
toolbench,rank,deepseek,G1_instruction,2,full_rank,0.01,0.5,0.2,10,,,0
toolbench,rank,deepseek,G1_instruction,2,full_rank,0.01,0.5,0.3,10,,,0
toolbench,rank,deepseek,G1_instruction,2,full_rank,0.01,0.5,0.5,10,,,0
toolbench,rank,deepseek,G1_instruction,2,full_rank,0.01,0.5,0.7,10,,,0
toolbench,rank,deepseek,G1_instruction,2,top10,0.01,0.0,0.0,10,10,1.0,10
toolbench,rank,deepseek,G1_instruction,2,top10,0.01,0.0,0.1,10,10,1.0,10
toolbench,rank,deepseek,G1_instruction,2,top10,0.01,0.0,0.2,10,20,2.0,16
toolbench,rank,deepseek,G1_instruction,2,top10,0.01,0.0,0.3,10,10,1.0,7
toolbench,rank,deepseek,G1_instruction,2,top10,0.01,0.0,0.5,10,20,2.0,10
toolbench,rank,deepseek,G1_instruction,2,top10,0.01,0.0,0.7,10,20,2.0,8
toolbench,rank,deepseek,G1_instruction,2,top10,0.01,0.05,0.0,10,10,1.0,10
toolbench,rank,deepseek,G1_instruction,2,top10,0.01,0.05,0.1,10,10,1.0,9
toolbench,rank,deepseek,G1_instruction,2,top10,0.01,0.05,0.2,10,20,2.0,12
toolbench,rank,deepseek,G1_instruction,2,top10,0.01,0.05,0.3,10,20,2.0,14
toolbench,rank,deepseek,G1_instruction,2,top10,0.01,0.05,0.5,10,20,2.0,7
toolbench,rank,deepseek,G1_instruction,2,top10,0.01,0.05,0.7,10,20,2.0,7
toolbench,rank,deepseek,G1_instruction,2,top10,0.01,0.1,0.0,10,20,2.0,20
toolbench,rank,deepseek,G1_instruction,2,top10,0.01,0.1,0.1,10,10,1.0,8
toolbench,rank,deepseek,G1_instruction,2,top10,0.01,0.1,0.2,10,20,2.0,13
toolbench,rank,deepseek,G1_instruction,2,top10,0.01,0.1,0.3,10,20,2.0,12
toolbench,rank,deepseek,G1_instruction,2,top10,0.01,0.1,0.5,10,20,2.0,13
toolbench,rank,deepseek,G1_instruction,2,top10,0.01,0.1,0.7,10,30,3.0,9
toolbench,rank,deepseek,G1_instruction,2,top10,0.01,0.15,0.0,10,20,2.0,20
toolbench,rank,deepseek,G1_instruction,2,top10,0.01,0.15,0.1,10,10,1.0,10
toolbench,rank,deepseek,G1_instruction,2,top10,0.01,0.15,0.2,10,20,2.0,16
toolbench,rank,deepseek,G1_instruction,2,top10,0.01,0.15,0.3,10,10,1.0,8
toolbench,rank,deepseek,G1_instruction,2,top10,0.01,0.15,0.5,10,30,3.0,23
toolbench,rank,deepseek,G1_instruction,2,top10,0.01,0.15,0.7,10,20,2.0,7
toolbench,rank,deepseek,G1_instruction,2,top10,0.01,0.2,0.0,10,,,0
toolbench,rank,deepseek,G1_instruction,2,top10,0.01,0.2,0.1,10,,,0
toolbench,rank,deepseek,G1_instruction,2,top10,0.01,0.2,0.2,10,30,3.0,24
toolbench,rank,deepseek,G1_instruction,2,top10,0.01,0.2,0.3,10,30,3.0,20
toolbench,rank,deepseek,G1_instruction,2,top10,0.01,0.2,0.5,10,20,2.0,11
toolbench,rank,deepseek,G1_instruction,2,top10,0.01,0.2,0.7,10,,,0
toolbench,rank,deepseek,G1_instruction,2,top10,0.01,0.3,0.0,10,30,3.0,30
toolbench,rank,deepseek,G1_instruction,2,top10,0.01,0.3,0.1,10,,,0
toolbench,rank,deepseek,G1_instruction,2,top10,0.01,0.3,0.2,10,,,0
toolbench,rank,deepseek,G1_instruction,2,top10,0.01,0.3,0.3,10,,,0
toolbench,rank,deepseek,G1_instruction,2,top10,0.01,0.3,0.5,10,30,3.0,17
toolbench,rank,deepseek,G1_instruction,2,top10,0.01,0.3,0.7,10,,,0
toolbench,rank,deepseek,G1_instruction,2,top10,0.01,0.5,0.0,10,,,0
toolbench,rank,deepseek,G1_instruction,2,top10,0.01,0.5,0.1,10,,,0
toolbench,rank,deepseek,G1_instruction,2,top10,0.01,0.5,0.2,10,,,0
toolbench,rank,deepseek,G1_instruction,2,top10,0.01,0.5,0.3,10,,,0
toolbench,rank,deepseek,G1_instruction,2,top10,0.01,0.5,0.5,10,10,1.0,7
toolbench,rank,deepseek,G1_instruction,2,top10,0.01,0.5,0.7,10,,,0
toolbench,rank,deepseek,G1_instruction,2,top2,0.01,0.0,0.0,10,10,1.0,10
toolbench,rank,deepseek,G1_instruction,2,top2,0.01,0.0,0.1,10,10,1.0,8
toolbench,rank,deepseek,G1_instruction,2,top2,0.01,0.0,0.2,10,10,1.0,10
toolbench,rank,deepseek,G1_instruction,2,top2,0.01,0.0,0.3,10,10,1.0,8
toolbench,rank,deepseek,G1_instruction,2,top2,0.01,0.0,0.5,10,,,0
toolbench,rank,deepseek,G1_instruction,2,top2,0.01,0.0,0.7,10,,,0
toolbench,rank,deepseek,G1_instruction,2,top2,0.01,0.05,0.0,10,10,1.0,10
toolbench,rank,deepseek,G1_instruction,2,top2,0.01,0.05,0.1,10,10,1.0,9
toolbench,rank,deepseek,G1_instruction,2,top2,0.01,0.05,0.2,10,,,0
toolbench,rank,deepseek,G1_instruction,2,top2,0.01,0.05,0.3,10,,,0
toolbench,rank,deepseek,G1_instruction,2,top2,0.01,0.05,0.5,10,,,0
toolbench,rank,deepseek,G1_instruction,2,top2,0.01,0.05,0.7,10,,,0
toolbench,rank,deepseek,G1_instruction,2,top2,0.01,0.1,0.0,10,10,1.0,10
toolbench,rank,deepseek,G1_instruction,2,top2,0.01,0.1,0.1,10,10,1.0,8
toolbench,rank,deepseek,G1_instruction,2,top2,0.01,0.1,0.2,10,,,0
toolbench,rank,deepseek,G1_instruction,2,top2,0.01,0.1,0.3,10,,,0
toolbench,rank,deepseek,G1_instruction,2,top2,0.01,0.1,0.5,10,,,0
toolbench,rank,deepseek,G1_instruction,2,top2,0.01,0.1,0.7,10,,,0
toolbench,rank,deepseek,G1_instruction,2,top2,0.01,0.15,0.0,10,,,0
toolbench,rank,deepseek,G1_instruction,2,top2,0.01,0.15,0.1,10,10,1.0,10
toolbench,rank,deepseek,G1_instruction,2,top2,0.01,0.15,0.2,10,,,0
toolbench,rank,deepseek,G1_instruction,2,top2,0.01,0.15,0.3,10,,,0
toolbench,rank,deepseek,G1_instruction,2,top2,0.01,0.15,0.5,10,,,0
toolbench,rank,deepseek,G1_instruction,2,top2,0.01,0.15,0.7,10,,,0
toolbench,rank,deepseek,G1_instruction,2,top2,0.01,0.2,0.0,10,,,0
toolbench,rank,deepseek,G1_instruction,2,top2,0.01,0.2,0.1,10,,,0
toolbench,rank,deepseek,G1_instruction,2,top2,0.01,0.2,0.2,10,,,0
toolbench,rank,deepseek,G1_instruction,2,top2,0.01,0.2,0.3,10,,,0
toolbench,rank,deepseek,G1_instruction,2,top2,0.01,0.2,0.5,10,,,0
toolbench,rank,deepseek,G1_instruction,2,top2,0.01,0.2,0.7,10,,,0
toolbench,rank,deepseek,G1_instruction,2,top2,0.01,0.3,0.0,10,,,0
toolbench,rank,deepseek,G1_instruction,2,top2,0.01,0.3,0.1,10,,,0
toolbench,rank,deepseek,G1_instruction,2,top2,0.01,0.3,0.2,10,,,0
toolbench,rank,deepseek,G1_instruction,2,top2,0.01,0.3,0.3,10,,,0
toolbench,rank,deepseek,G1_instruction,2,top2,0.01,0.3,0.5,10,,,0
toolbench,rank,deepseek,G1_instruction,2,top2,0.01,0.3,0.7,10,,,0
toolbench,rank,deepseek,G1_instruction,2,top2,0.01,0.5,0.0,10,,,0
toolbench,rank,deepseek,G1_instruction,2,top2,0.01,0.5,0.1,10,,,0
toolbench,rank,deepseek,G1_instruction,2,top2,0.01,0.5,0.2,10,,,0
toolbench,rank,deepseek,G1_instruction,2,top2,0.01,0.5,0.3,10,,,0
toolbench,rank,deepseek,G1_instruction,2,top2,0.01,0.5,0.5,10,,,0
toolbench,rank,deepseek,G1_instruction,2,top2,0.01,0.5,0.7,10,,,0
toolbench,rank,deepseek,G1_instruction,2,top3,0.01,0.0,0.0,10,10,1.0,10
toolbench,rank,deepseek,G1_instruction,2,top3,0.01,0.0,0.1,10,10,1.0,10
toolbench,rank,deepseek,G1_instruction,2,top3,0.01,0.0,0.2,10,10,1.0,9
toolbench,rank,deepseek,G1_instruction,2,top3,0.01,0.0,0.3,10,10,1.0,7
toolbench,rank,deepseek,G1_instruction,2,top3,0.01,0.0,0.5,10,20,2.0,12
toolbench,rank,deepseek,G1_instruction,2,top3,0.01,0.0,0.7,10,20,2.0,9
toolbench,rank,deepseek,G1_instruction,2,top3,0.01,0.05,0.0,10,20,2.0,20
toolbench,rank,deepseek,G1_instruction,2,top3,0.01,0.05,0.1,10,10,1.0,10
toolbench,rank,deepseek,G1_instruction,2,top3,0.01,0.05,0.2,10,20,2.0,18
toolbench,rank,deepseek,G1_instruction,2,top3,0.01,0.05,0.3,10,10,1.0,7
toolbench,rank,deepseek,G1_instruction,2,top3,0.01,0.05,0.5,10,20,2.0,11
toolbench,rank,deepseek,G1_instruction,2,top3,0.01,0.05,0.7,10,,,0
toolbench,rank,deepseek,G1_instruction,2,top3,0.01,0.1,0.0,10,10,1.0,10
toolbench,rank,deepseek,G1_instruction,2,top3,0.01,0.1,0.1,10,20,2.0,18
toolbench,rank,deepseek,G1_instruction,2,top3,0.01,0.1,0.2,10,20,2.0,16
toolbench,rank,deepseek,G1_instruction,2,top3,0.01,0.1,0.3,10,10,1.0,8
toolbench,rank,deepseek,G1_instruction,2,top3,0.01,0.1,0.5,10,,,0
toolbench,rank,deepseek,G1_instruction,2,top3,0.01,0.1,0.7,10,,,0
toolbench,rank,deepseek,G1_instruction,2,top3,0.01,0.15,0.0,10,20,2.0,20
toolbench,rank,deepseek,G1_instruction,2,top3,0.01,0.15,0.1,10,,,0
toolbench,rank,deepseek,G1_instruction,2,top3,0.01,0.15,0.2,10,,,0
toolbench,rank,deepseek,G1_instruction,2,top3,0.01,0.15,0.3,10,,,0
toolbench,rank,deepseek,G1_instruction,2,top3,0.01,0.15,0.5,10,,,0
toolbench,rank,deepseek,G1_instruction,2,top3,0.01,0.15,0.7,10,,,0
toolbench,rank,deepseek,G1_instruction,2,top3,0.01,0.2,0.0,10,20,2.0,20
toolbench,rank,deepseek,G1_instruction,2,top3,0.01,0.2,0.1,10,20,2.0,17
toolbench,rank,deepseek,G1_instruction,2,top3,0.01,0.2,0.2,10,,,0
toolbench,rank,deepseek,G1_instruction,2,top3,0.01,0.2,0.3,10,,,0
toolbench,rank,deepseek,G1_instruction,2,top3,0.01,0.2,0.5,10,,,0
toolbench,rank,deepseek,G1_instruction,2,top3,0.01,0.2,0.7,10,,,0
toolbench,rank,deepseek,G1_instruction,2,top3,0.01,0.3,0.0,10,20,2.0,20
toolbench,rank,deepseek,G1_instruction,2,top3,0.01,0.3,0.1,10,,,0
toolbench,rank,deepseek,G1_instruction,2,top3,0.01,0.3,0.2,10,,,0
toolbench,rank,deepseek,G1_instruction,2,top3,0.01,0.3,0.3,10,,,0
toolbench,rank,deepseek,G1_instruction,2,top3,0.01,0.3,0.5,10,,,0
toolbench,rank,deepseek,G1_instruction,2,top3,0.01,0.3,0.7,10,,,0
toolbench,rank,deepseek,G1_instruction,2,top3,0.01,0.5,0.0,10,,,0
toolbench,rank,deepseek,G1_instruction,2,top3,0.01,0.5,0.1,10,,,0
toolbench,rank,deepseek,G1_instruction,2,top3,0.01,0.5,0.2,10,,,0
toolbench,rank,deepseek,G1_instruction,2,top3,0.01,0.5,0.3,10,,,0
toolbench,rank,deepseek,G1_instruction,2,top3,0.01,0.5,0.5,10,,,0
toolbench,rank,deepseek,G1_instruction,2,top3,0.01,0.5,0.7,10,,,0
toolbench,rank,deepseek,G1_instruction,2,top5,0.01,0.0,0.0,10,10,1.0,10
toolbench,rank,deepseek,G1_instruction,2,top5,0.01,0.0,0.1,10,10,1.0,8
toolbench,rank,deepseek,G1_instruction,2,top5,0.01,0.0,0.2,10,10,1.0,9
toolbench,rank,deepseek,G1_instruction,2,top5,0.01,0.0,0.3,10,10,1.0,7
toolbench,rank,deepseek,G1_instruction,2,top5,0.01,0.0,0.5,10,20,2.0,9
toolbench,rank,deepseek,G1_instruction,2,top5,0.01,0.0,0.7,10,30,3.0,8
toolbench,rank,deepseek,G1_instruction,2,top5,0.01,0.05,0.0,10,10,1.0,10
toolbench,rank,deepseek,G1_instruction,2,top5,0.01,0.05,0.1,10,20,2.0,20
toolbench,rank,deepseek,G1_instruction,2,top5,0.01,0.05,0.2,10,20,2.0,16
toolbench,rank,deepseek,G1_instruction,2,top5,0.01,0.05,0.3,10,10,1.0,7
toolbench,rank,deepseek,G1_instruction,2,top5,0.01,0.05,0.5,10,20,2.0,11
toolbench,rank,deepseek,G1_instruction,2,top5,0.01,0.05,0.7,10,30,3.0,10
toolbench,rank,deepseek,G1_instruction,2,top5,0.01,0.1,0.0,10,10,1.0,10
toolbench,rank,deepseek,G1_instruction,2,top5,0.01,0.1,0.1,10,20,2.0,20
toolbench,rank,deepseek,G1_instruction,2,top5,0.01,0.1,0.2,10,20,2.0,17
toolbench,rank,deepseek,G1_instruction,2,top5,0.01,0.1,0.3,10,20,2.0,12
toolbench,rank,deepseek,G1_instruction,2,top5,0.01,0.1,0.5,10,30,3.0,13
toolbench,rank,deepseek,G1_instruction,2,top5,0.01,0.1,0.7,10,,,0
toolbench,rank,deepseek,G1_instruction,2,top5,0.01,0.15,0.0,10,20,2.0,20
toolbench,rank,deepseek,G1_instruction,2,top5,0.01,0.15,0.1,10,20,2.0,17
toolbench,rank,deepseek,G1_instruction,2,top5,0.01,0.15,0.2,10,30,3.0,24
toolbench,rank,deepseek,G1_instruction,2,top5,0.01,0.15,0.3,10,20,2.0,15
toolbench,rank,deepseek,G1_instruction,2,top5,0.01,0.15,0.5,10,,,0
toolbench,rank,deepseek,G1_instruction,2,top5,0.01,0.15,0.7,10,30,3.0,12
toolbench,rank,deepseek,G1_instruction,2,top5,0.01,0.2,0.0,10,30,3.0,30
toolbench,rank,deepseek,G1_instruction,2,top5,0.01,0.2,0.1,10,30,3.0,29
toolbench,rank,deepseek,G1_instruction,2,top5,0.01,0.2,0.2,10,20,2.0,13
toolbench,rank,deepseek,G1_instruction,2,top5,0.01,0.2,0.3,10,,,0
toolbench,rank,deepseek,G1_instruction,2,top5,0.01,0.2,0.5,10,,,0
toolbench,rank,deepseek,G1_instruction,2,top5,0.01,0.2,0.7,10,,,0
toolbench,rank,deepseek,G1_instruction,2,top5,0.01,0.3,0.0,10,30,3.0,30
toolbench,rank,deepseek,G1_instruction,2,top5,0.01,0.3,0.1,10,10,1.0,10
toolbench,rank,deepseek,G1_instruction,2,top5,0.01,0.3,0.2,10,,,0
toolbench,rank,deepseek,G1_instruction,2,top5,0.01,0.3,0.3,10,,,0
toolbench,rank,deepseek,G1_instruction,2,top5,0.01,0.3,0.5,10,20,2.0,14
toolbench,rank,deepseek,G1_instruction,2,top5,0.01,0.3,0.7,10,20,2.0,7
toolbench,rank,deepseek,G1_instruction,2,top5,0.01,0.5,0.0,10,,,0
toolbench,rank,deepseek,G1_instruction,2,top5,0.01,0.5,0.1,10,,,0
toolbench,rank,deepseek,G1_instruction,2,top5,0.01,0.5,0.2,10,,,0
toolbench,rank,deepseek,G1_instruction,2,top5,0.01,0.5,0.3,10,,,0
toolbench,rank,deepseek,G1_instruction,2,top5,0.01,0.5,0.5,10,,,0
toolbench,rank,deepseek,G1_instruction,2,top5,0.01,0.5,0.7,10,,,0
toolbench,rank,deepseek,G1_instruction,3,full_rank,0.01,0.0,0.0,10,10,1.0,10
toolbench,rank,deepseek,G1_instruction,3,full_rank,0.01,0.0,0.1,10,10,1.0,9
toolbench,rank,deepseek,G1_instruction,3,full_rank,0.01,0.0,0.2,10,10,1.0,10
toolbench,rank,deepseek,G1_instruction,3,full_rank,0.01,0.0,0.3,10,10,1.0,7
toolbench,rank,deepseek,G1_instruction,3,full_rank,0.01,0.0,0.5,10,20,2.0,10
toolbench,rank,deepseek,G1_instruction,3,full_rank,0.01,0.0,0.7,10,20,2.0,7
toolbench,rank,deepseek,G1_instruction,3,full_rank,0.01,0.05,0.0,10,20,2.0,20
toolbench,rank,deepseek,G1_instruction,3,full_rank,0.01,0.05,0.1,10,10,1.0,10
toolbench,rank,deepseek,G1_instruction,3,full_rank,0.01,0.05,0.2,10,10,1.0,8
toolbench,rank,deepseek,G1_instruction,3,full_rank,0.01,0.05,0.3,10,,,0
toolbench,rank,deepseek,G1_instruction,3,full_rank,0.01,0.05,0.5,10,20,2.0,13
toolbench,rank,deepseek,G1_instruction,3,full_rank,0.01,0.05,0.7,10,,,0
toolbench,rank,deepseek,G1_instruction,3,full_rank,0.01,0.1,0.0,10,20,2.0,20
toolbench,rank,deepseek,G1_instruction,3,full_rank,0.01,0.1,0.1,10,20,2.0,20
toolbench,rank,deepseek,G1_instruction,3,full_rank,0.01,0.1,0.2,10,,,0
toolbench,rank,deepseek,G1_instruction,3,full_rank,0.01,0.1,0.3,10,10,1.0,7
toolbench,rank,deepseek,G1_instruction,3,full_rank,0.01,0.1,0.5,10,,,0
toolbench,rank,deepseek,G1_instruction,3,full_rank,0.01,0.1,0.7,10,,,0
toolbench,rank,deepseek,G1_instruction,3,full_rank,0.01,0.15,0.0,10,20,2.0,20
toolbench,rank,deepseek,G1_instruction,3,full_rank,0.01,0.15,0.1,10,20,2.0,15
toolbench,rank,deepseek,G1_instruction,3,full_rank,0.01,0.15,0.2,10,,,0
toolbench,rank,deepseek,G1_instruction,3,full_rank,0.01,0.15,0.3,10,10,1.0,9
toolbench,rank,deepseek,G1_instruction,3,full_rank,0.01,0.15,0.5,10,,,0
toolbench,rank,deepseek,G1_instruction,3,full_rank,0.01,0.15,0.7,10,,,0
toolbench,rank,deepseek,G1_instruction,3,full_rank,0.01,0.2,0.0,10,,,0
toolbench,rank,deepseek,G1_instruction,3,full_rank,0.01,0.2,0.1,10,20,2.0,19
toolbench,rank,deepseek,G1_instruction,3,full_rank,0.01,0.2,0.2,10,,,0
toolbench,rank,deepseek,G1_instruction,3,full_rank,0.01,0.2,0.3,10,,,0
toolbench,rank,deepseek,G1_instruction,3,full_rank,0.01,0.2,0.5,10,,,0
toolbench,rank,deepseek,G1_instruction,3,full_rank,0.01,0.2,0.7,10,,,0
toolbench,rank,deepseek,G1_instruction,3,full_rank,0.01,0.3,0.0,10,,,0
toolbench,rank,deepseek,G1_instruction,3,full_rank,0.01,0.3,0.1,10,,,0
toolbench,rank,deepseek,G1_instruction,3,full_rank,0.01,0.3,0.2,10,10,1.0,8
toolbench,rank,deepseek,G1_instruction,3,full_rank,0.01,0.3,0.3,10,,,0
toolbench,rank,deepseek,G1_instruction,3,full_rank,0.01,0.3,0.5,10,,,0
toolbench,rank,deepseek,G1_instruction,3,full_rank,0.01,0.3,0.7,10,,,0
toolbench,rank,deepseek,G1_instruction,3,full_rank,0.01,0.5,0.0,10,,,0
toolbench,rank,deepseek,G1_instruction,3,full_rank,0.01,0.5,0.1,10,,,0
toolbench,rank,deepseek,G1_instruction,3,full_rank,0.01,0.5,0.2,10,,,0
toolbench,rank,deepseek,G1_instruction,3,full_rank,0.01,0.5,0.3,10,,,0
toolbench,rank,deepseek,G1_instruction,3,full_rank,0.01,0.5,0.5,10,,,0
toolbench,rank,deepseek,G1_instruction,3,full_rank,0.01,0.5,0.7,10,,,0
toolbench,rank,deepseek,G1_instruction,3,top10,0.01,0.0,0.0,10,10,1.0,10
toolbench,rank,deepseek,G1_instruction,3,top10,0.01,0.0,0.1,10,10,1.0,9
toolbench,rank,deepseek,G1_instruction,3,top10,0.01,0.0,0.2,10,10,1.0,8
toolbench,rank,deepseek,G1_instruction,3,top10,0.01,0.0,0.3,10,20,2.0,14
toolbench,rank,deepseek,G1_instruction,3,top10,0.01,0.0,0.5,10,20,2.0,9
toolbench,rank,deepseek,G1_instruction,3,top10,0.01,0.0,0.7,10,,,0
toolbench,rank,deepseek,G1_instruction,3,top10,0.01,0.05,0.0,10,20,2.0,20
toolbench,rank,deepseek,G1_instruction,3,top10,0.01,0.05,0.1,10,10,1.0,9
toolbench,rank,deepseek,G1_instruction,3,top10,0.01,0.05,0.2,10,20,2.0,18
toolbench,rank,deepseek,G1_instruction,3,top10,0.01,0.05,0.3,10,10,1.0,7
toolbench,rank,deepseek,G1_instruction,3,top10,0.01,0.05,0.5,10,,,0
toolbench,rank,deepseek,G1_instruction,3,top10,0.01,0.05,0.7,10,,,0
toolbench,rank,deepseek,G1_instruction,3,top10,0.01,0.1,0.0,10,10,1.0,10
toolbench,rank,deepseek,G1_instruction,3,top10,0.01,0.1,0.1,10,10,1.0,8
toolbench,rank,deepseek,G1_instruction,3,top10,0.01,0.1,0.2,10,10,1.0,9
toolbench,rank,deepseek,G1_instruction,3,top10,0.01,0.1,0.3,10,20,2.0,15
toolbench,rank,deepseek,G1_instruction,3,top10,0.01,0.1,0.5,10,20,2.0,12
toolbench,rank,deepseek,G1_instruction,3,top10,0.01,0.1,0.7,10,,,0
toolbench,rank,deepseek,G1_instruction,3,top10,0.01,0.15,0.0,10,20,2.0,20
toolbench,rank,deepseek,G1_instruction,3,top10,0.01,0.15,0.1,10,10,1.0,7
toolbench,rank,deepseek,G1_instruction,3,top10,0.01,0.15,0.2,10,20,2.0,17
toolbench,rank,deepseek,G1_instruction,3,top10,0.01,0.15,0.3,10,,,0
toolbench,rank,deepseek,G1_instruction,3,top10,0.01,0.15,0.5,10,,,0
toolbench,rank,deepseek,G1_instruction,3,top10,0.01,0.15,0.7,10,,,0
toolbench,rank,deepseek,G1_instruction,3,top10,0.01,0.2,0.0,10,20,2.0,20
toolbench,rank,deepseek,G1_instruction,3,top10,0.01,0.2,0.1,10,20,2.0,20
toolbench,rank,deepseek,G1_instruction,3,top10,0.01,0.2,0.2,10,10,1.0,9
toolbench,rank,deepseek,G1_instruction,3,top10,0.01,0.2,0.3,10,10,1.0,7
toolbench,rank,deepseek,G1_instruction,3,top10,0.01,0.2,0.5,10,,,0
toolbench,rank,deepseek,G1_instruction,3,top10,0.01,0.2,0.7,10,20,2.0,7
toolbench,rank,deepseek,G1_instruction,3,top10,0.01,0.3,0.0,10,,,0
toolbench,rank,deepseek,G1_instruction,3,top10,0.01,0.3,0.1,10,,,0
toolbench,rank,deepseek,G1_instruction,3,top10,0.01,0.3,0.2,10,,,0
toolbench,rank,deepseek,G1_instruction,3,top10,0.01,0.3,0.3,10,,,0
toolbench,rank,deepseek,G1_instruction,3,top10,0.01,0.3,0.5,10,,,0
toolbench,rank,deepseek,G1_instruction,3,top10,0.01,0.3,0.7,10,,,0
toolbench,rank,deepseek,G1_instruction,3,top10,0.01,0.5,0.0,10,,,0
toolbench,rank,deepseek,G1_instruction,3,top10,0.01,0.5,0.1,10,,,0
toolbench,rank,deepseek,G1_instruction,3,top10,0.01,0.5,0.2,10,,,0
toolbench,rank,deepseek,G1_instruction,3,top10,0.01,0.5,0.3,10,,,0
toolbench,rank,deepseek,G1_instruction,3,top10,0.01,0.5,0.5,10,,,0
toolbench,rank,deepseek,G1_instruction,3,top10,0.01,0.5,0.7,10,,,0
toolbench,rank,deepseek,G1_instruction,3,top2,0.01,0.0,0.0,,,,0
toolbench,rank,deepseek,G1_instruction,3,top2,0.01,0.0,0.1,,,,0
toolbench,rank,deepseek,G1_instruction,3,top2,0.01,0.0,0.2,,,,0
toolbench,rank,deepseek,G1_instruction,3,top2,0.01,0.0,0.3,,,,0
toolbench,rank,deepseek,G1_instruction,3,top2,0.01,0.0,0.5,,,,0
toolbench,rank,deepseek,G1_instruction,3,top2,0.01,0.0,0.7,,,,0
toolbench,rank,deepseek,G1_instruction,3,top2,0.01,0.05,0.0,,,,0
toolbench,rank,deepseek,G1_instruction,3,top2,0.01,0.05,0.1,,,,0
toolbench,rank,deepseek,G1_instruction,3,top2,0.01,0.05,0.2,,,,0
toolbench,rank,deepseek,G1_instruction,3,top2,0.01,0.05,0.3,,,,0
toolbench,rank,deepseek,G1_instruction,3,top2,0.01,0.05,0.5,,,,0
toolbench,rank,deepseek,G1_instruction,3,top2,0.01,0.05,0.7,,,,0
toolbench,rank,deepseek,G1_instruction,3,top2,0.01,0.1,0.0,,,,0
toolbench,rank,deepseek,G1_instruction,3,top2,0.01,0.1,0.1,,,,0
toolbench,rank,deepseek,G1_instruction,3,top2,0.01,0.1,0.2,,,,0
toolbench,rank,deepseek,G1_instruction,3,top2,0.01,0.1,0.3,,,,0
toolbench,rank,deepseek,G1_instruction,3,top2,0.01,0.1,0.5,,,,0
toolbench,rank,deepseek,G1_instruction,3,top2,0.01,0.1,0.7,,,,0
toolbench,rank,deepseek,G1_instruction,3,top2,0.01,0.15,0.0,,,,0
toolbench,rank,deepseek,G1_instruction,3,top2,0.01,0.15,0.1,,,,0
toolbench,rank,deepseek,G1_instruction,3,top2,0.01,0.15,0.2,,,,0
toolbench,rank,deepseek,G1_instruction,3,top2,0.01,0.15,0.3,,,,0
toolbench,rank,deepseek,G1_instruction,3,top2,0.01,0.15,0.5,,,,0
toolbench,rank,deepseek,G1_instruction,3,top2,0.01,0.15,0.7,,,,0
toolbench,rank,deepseek,G1_instruction,3,top2,0.01,0.2,0.0,,,,0
toolbench,rank,deepseek,G1_instruction,3,top2,0.01,0.2,0.1,,,,0
toolbench,rank,deepseek,G1_instruction,3,top2,0.01,0.2,0.2,,,,0
toolbench,rank,deepseek,G1_instruction,3,top2,0.01,0.2,0.3,,,,0
toolbench,rank,deepseek,G1_instruction,3,top2,0.01,0.2,0.5,,,,0
toolbench,rank,deepseek,G1_instruction,3,top2,0.01,0.2,0.7,,,,0
toolbench,rank,deepseek,G1_instruction,3,top2,0.01,0.3,0.0,,,,0
toolbench,rank,deepseek,G1_instruction,3,top2,0.01,0.3,0.1,,,,0
toolbench,rank,deepseek,G1_instruction,3,top2,0.01,0.3,0.2,,,,0
toolbench,rank,deepseek,G1_instruction,3,top2,0.01,0.3,0.3,,,,0
toolbench,rank,deepseek,G1_instruction,3,top2,0.01,0.3,0.5,,,,0
toolbench,rank,deepseek,G1_instruction,3,top2,0.01,0.3,0.7,,,,0
toolbench,rank,deepseek,G1_instruction,3,top2,0.01,0.5,0.0,,,,0
toolbench,rank,deepseek,G1_instruction,3,top2,0.01,0.5,0.1,,,,0
toolbench,rank,deepseek,G1_instruction,3,top2,0.01,0.5,0.2,,,,0
toolbench,rank,deepseek,G1_instruction,3,top2,0.01,0.5,0.3,,,,0
toolbench,rank,deepseek,G1_instruction,3,top2,0.01,0.5,0.5,,,,0
toolbench,rank,deepseek,G1_instruction,3,top2,0.01,0.5,0.7,,,,0
toolbench,rank,deepseek,G1_instruction,3,top3,0.01,0.0,0.0,10,10,1.0,10
toolbench,rank,deepseek,G1_instruction,3,top3,0.01,0.0,0.1,10,10,1.0,9
toolbench,rank,deepseek,G1_instruction,3,top3,0.01,0.0,0.2,10,10,1.0,10
toolbench,rank,deepseek,G1_instruction,3,top3,0.01,0.0,0.3,10,10,1.0,9
toolbench,rank,deepseek,G1_instruction,3,top3,0.01,0.0,0.5,10,,,0
toolbench,rank,deepseek,G1_instruction,3,top3,0.01,0.0,0.7,10,,,0
toolbench,rank,deepseek,G1_instruction,3,top3,0.01,0.05,0.0,10,10,1.0,10
toolbench,rank,deepseek,G1_instruction,3,top3,0.01,0.05,0.1,10,10,1.0,9
toolbench,rank,deepseek,G1_instruction,3,top3,0.01,0.05,0.2,10,10,1.0,9
toolbench,rank,deepseek,G1_instruction,3,top3,0.01,0.05,0.3,10,,,0
toolbench,rank,deepseek,G1_instruction,3,top3,0.01,0.05,0.5,10,,,0
toolbench,rank,deepseek,G1_instruction,3,top3,0.01,0.05,0.7,10,,,0
toolbench,rank,deepseek,G1_instruction,3,top3,0.01,0.1,0.0,10,,,0
toolbench,rank,deepseek,G1_instruction,3,top3,0.01,0.1,0.1,10,,,0
toolbench,rank,deepseek,G1_instruction,3,top3,0.01,0.1,0.2,10,10,1.0,7
toolbench,rank,deepseek,G1_instruction,3,top3,0.01,0.1,0.3,10,10,1.0,7
toolbench,rank,deepseek,G1_instruction,3,top3,0.01,0.1,0.5,10,,,0
toolbench,rank,deepseek,G1_instruction,3,top3,0.01,0.1,0.7,10,,,0
toolbench,rank,deepseek,G1_instruction,3,top3,0.01,0.15,0.0,10,10,1.0,10
toolbench,rank,deepseek,G1_instruction,3,top3,0.01,0.15,0.1,10,,,0
toolbench,rank,deepseek,G1_instruction,3,top3,0.01,0.15,0.2,10,,,0
toolbench,rank,deepseek,G1_instruction,3,top3,0.01,0.15,0.3,10,,,0
toolbench,rank,deepseek,G1_instruction,3,top3,0.01,0.15,0.5,10,,,0
toolbench,rank,deepseek,G1_instruction,3,top3,0.01,0.15,0.7,10,,,0
toolbench,rank,deepseek,G1_instruction,3,top3,0.01,0.2,0.0,10,,,0
toolbench,rank,deepseek,G1_instruction,3,top3,0.01,0.2,0.1,10,,,0
toolbench,rank,deepseek,G1_instruction,3,top3,0.01,0.2,0.2,10,,,0
toolbench,rank,deepseek,G1_instruction,3,top3,0.01,0.2,0.3,10,,,0
toolbench,rank,deepseek,G1_instruction,3,top3,0.01,0.2,0.5,10,,,0
toolbench,rank,deepseek,G1_instruction,3,top3,0.01,0.2,0.7,10,,,0
toolbench,rank,deepseek,G1_instruction,3,top3,0.01,0.3,0.0,10,,,0
toolbench,rank,deepseek,G1_instruction,3,top3,0.01,0.3,0.1,10,,,0
toolbench,rank,deepseek,G1_instruction,3,top3,0.01,0.3,0.2,10,,,0
toolbench,rank,deepseek,G1_instruction,3,top3,0.01,0.3,0.3,10,10,1.0,8
toolbench,rank,deepseek,G1_instruction,3,top3,0.01,0.3,0.5,10,,,0
toolbench,rank,deepseek,G1_instruction,3,top3,0.01,0.3,0.7,10,,,0
toolbench,rank,deepseek,G1_instruction,3,top3,0.01,0.5,0.0,10,,,0
toolbench,rank,deepseek,G1_instruction,3,top3,0.01,0.5,0.1,10,,,0
toolbench,rank,deepseek,G1_instruction,3,top3,0.01,0.5,0.2,10,,,0
toolbench,rank,deepseek,G1_instruction,3,top3,0.01,0.5,0.3,10,,,0
toolbench,rank,deepseek,G1_instruction,3,top3,0.01,0.5,0.5,10,,,0
toolbench,rank,deepseek,G1_instruction,3,top3,0.01,0.5,0.7,10,,,0
toolbench,rank,deepseek,G1_instruction,3,top5,0.01,0.0,0.0,10,10,1.0,10
toolbench,rank,deepseek,G1_instruction,3,top5,0.01,0.0,0.1,10,10,1.0,9
toolbench,rank,deepseek,G1_instruction,3,top5,0.01,0.0,0.2,10,10,1.0,7
toolbench,rank,deepseek,G1_instruction,3,top5,0.01,0.0,0.3,10,10,1.0,8
toolbench,rank,deepseek,G1_instruction,3,top5,0.01,0.0,0.5,10,20,2.0,10
toolbench,rank,deepseek,G1_instruction,3,top5,0.01,0.0,0.7,10,,,0
toolbench,rank,deepseek,G1_instruction,3,top5,0.01,0.05,0.0,10,20,2.0,20
toolbench,rank,deepseek,G1_instruction,3,top5,0.01,0.05,0.1,10,20,2.0,18
toolbench,rank,deepseek,G1_instruction,3,top5,0.01,0.05,0.2,10,20,2.0,16
toolbench,rank,deepseek,G1_instruction,3,top5,0.01,0.05,0.3,10,10,1.0,10
toolbench,rank,deepseek,G1_instruction,3,top5,0.01,0.05,0.5,10,20,2.0,14
toolbench,rank,deepseek,G1_instruction,3,top5,0.01,0.05,0.7,10,,,0
toolbench,rank,deepseek,G1_instruction,3,top5,0.01,0.1,0.0,10,20,2.0,20
toolbench,rank,deepseek,G1_instruction,3,top5,0.01,0.1,0.1,10,10,1.0,9
toolbench,rank,deepseek,G1_instruction,3,top5,0.01,0.1,0.2,10,10,1.0,8
toolbench,rank,deepseek,G1_instruction,3,top5,0.01,0.1,0.3,10,10,1.0,7
toolbench,rank,deepseek,G1_instruction,3,top5,0.01,0.1,0.5,10,20,2.0,9
toolbench,rank,deepseek,G1_instruction,3,top5,0.01,0.1,0.7,10,,,0
toolbench,rank,deepseek,G1_instruction,3,top5,0.01,0.15,0.0,10,20,2.0,20
toolbench,rank,deepseek,G1_instruction,3,top5,0.01,0.15,0.1,10,20,2.0,20
toolbench,rank,deepseek,G1_instruction,3,top5,0.01,0.15,0.2,10,20,2.0,15
toolbench,rank,deepseek,G1_instruction,3,top5,0.01,0.15,0.3,10,20,2.0,13
toolbench,rank,deepseek,G1_instruction,3,top5,0.01,0.15,0.5,10,,,0
toolbench,rank,deepseek,G1_instruction,3,top5,0.01,0.15,0.7,10,,,0
toolbench,rank,deepseek,G1_instruction,3,top5,0.01,0.2,0.0,10,20,2.0,20
toolbench,rank,deepseek,G1_instruction,3,top5,0.01,0.2,0.1,10,,,0
toolbench,rank,deepseek,G1_instruction,3,top5,0.01,0.2,0.2,10,,,0
toolbench,rank,deepseek,G1_instruction,3,top5,0.01,0.2,0.3,10,,,0
toolbench,rank,deepseek,G1_instruction,3,top5,0.01,0.2,0.5,10,,,0
toolbench,rank,deepseek,G1_instruction,3,top5,0.01,0.2,0.7,10,,,0
toolbench,rank,deepseek,G1_instruction,3,top5,0.01,0.3,0.0,10,,,0
toolbench,rank,deepseek,G1_instruction,3,top5,0.01,0.3,0.1,10,10,1.0,10
toolbench,rank,deepseek,G1_instruction,3,top5,0.01,0.3,0.2,10,,,0
toolbench,rank,deepseek,G1_instruction,3,top5,0.01,0.3,0.3,10,10,1.0,9
toolbench,rank,deepseek,G1_instruction,3,top5,0.01,0.3,0.5,10,20,2.0,11
toolbench,rank,deepseek,G1_instruction,3,top5,0.01,0.3,0.7,10,,,0
toolbench,rank,deepseek,G1_instruction,3,top5,0.01,0.5,0.0,10,,,0
toolbench,rank,deepseek,G1_instruction,3,top5,0.01,0.5,0.1,10,,,0
toolbench,rank,deepseek,G1_instruction,3,top5,0.01,0.5,0.2,10,,,0
toolbench,rank,deepseek,G1_instruction,3,top5,0.01,0.5,0.3,10,,,0
toolbench,rank,deepseek,G1_instruction,3,top5,0.01,0.5,0.5,10,,,0
toolbench,rank,deepseek,G1_instruction,3,top5,0.01,0.5,0.7,10,,,0
toolbench,rank,deepseek,G1_tool,1,full_rank,0.01,0.0,0.0,10,10,1.0,10
toolbench,rank,deepseek,G1_tool,1,full_rank,0.01,0.0,0.1,10,10,1.0,10
toolbench,rank,deepseek,G1_tool,1,full_rank,0.01,0.0,0.2,10,10,1.0,7
toolbench,rank,deepseek,G1_tool,1,full_rank,0.01,0.0,0.3,10,20,2.0,13
toolbench,rank,deepseek,G1_tool,1,full_rank,0.01,0.0,0.5,10,20,2.0,11
toolbench,rank,deepseek,G1_tool,1,full_rank,0.01,0.0,0.7,10,30,3.0,12
toolbench,rank,deepseek,G1_tool,1,full_rank,0.01,0.05,0.0,10,10,1.0,10
toolbench,rank,deepseek,G1_tool,1,full_rank,0.01,0.05,0.1,10,20,2.0,18
toolbench,rank,deepseek,G1_tool,1,full_rank,0.01,0.05,0.2,10,10,1.0,7
toolbench,rank,deepseek,G1_tool,1,full_rank,0.01,0.05,0.3,10,20,2.0,12
toolbench,rank,deepseek,G1_tool,1,full_rank,0.01,0.05,0.5,10,20,2.0,9
toolbench,rank,deepseek,G1_tool,1,full_rank,0.01,0.05,0.7,10,30,3.0,9
toolbench,rank,deepseek,G1_tool,1,full_rank,0.01,0.1,0.0,10,20,2.0,20
toolbench,rank,deepseek,G1_tool,1,full_rank,0.01,0.1,0.1,10,10,1.0,8
toolbench,rank,deepseek,G1_tool,1,full_rank,0.01,0.1,0.2,10,10,1.0,7
toolbench,rank,deepseek,G1_tool,1,full_rank,0.01,0.1,0.3,10,20,2.0,10
toolbench,rank,deepseek,G1_tool,1,full_rank,0.01,0.1,0.5,10,30,3.0,20
toolbench,rank,deepseek,G1_tool,1,full_rank,0.01,0.1,0.7,10,,,0
toolbench,rank,deepseek,G1_tool,1,full_rank,0.01,0.15,0.0,10,20,2.0,20
toolbench,rank,deepseek,G1_tool,1,full_rank,0.01,0.15,0.1,10,20,2.0,18
toolbench,rank,deepseek,G1_tool,1,full_rank,0.01,0.15,0.2,10,10,1.0,8
toolbench,rank,deepseek,G1_tool,1,full_rank,0.01,0.15,0.3,10,20,2.0,14
toolbench,rank,deepseek,G1_tool,1,full_rank,0.01,0.15,0.5,10,,,0
toolbench,rank,deepseek,G1_tool,1,full_rank,0.01,0.15,0.7,10,20,2.0,7
toolbench,rank,deepseek,G1_tool,1,full_rank,0.01,0.2,0.0,10,20,2.0,20
toolbench,rank,deepseek,G1_tool,1,full_rank,0.01,0.2,0.1,10,30,3.0,29
toolbench,rank,deepseek,G1_tool,1,full_rank,0.01,0.2,0.2,10,30,3.0,24
toolbench,rank,deepseek,G1_tool,1,full_rank,0.01,0.2,0.3,10,30,3.0,20
toolbench,rank,deepseek,G1_tool,1,full_rank,0.01,0.2,0.5,10,30,3.0,20
toolbench,rank,deepseek,G1_tool,1,full_rank,0.01,0.2,0.7,10,,,0
toolbench,rank,deepseek,G1_tool,1,full_rank,0.01,0.3,0.0,10,30,3.0,30
toolbench,rank,deepseek,G1_tool,1,full_rank,0.01,0.3,0.1,10,20,2.0,19
toolbench,rank,deepseek,G1_tool,1,full_rank,0.01,0.3,0.2,10,20,2.0,17
toolbench,rank,deepseek,G1_tool,1,full_rank,0.01,0.3,0.3,10,20,2.0,16
toolbench,rank,deepseek,G1_tool,1,full_rank,0.01,0.3,0.5,10,,,0
toolbench,rank,deepseek,G1_tool,1,full_rank,0.01,0.3,0.7,10,20,2.0,7
toolbench,rank,deepseek,G1_tool,1,full_rank,0.01,0.5,0.0,10,,,0
toolbench,rank,deepseek,G1_tool,1,full_rank,0.01,0.5,0.1,10,,,0
toolbench,rank,deepseek,G1_tool,1,full_rank,0.01,0.5,0.2,10,,,0
toolbench,rank,deepseek,G1_tool,1,full_rank,0.01,0.5,0.3,10,,,0
toolbench,rank,deepseek,G1_tool,1,full_rank,0.01,0.5,0.5,10,,,0
toolbench,rank,deepseek,G1_tool,1,full_rank,0.01,0.5,0.7,10,,,0
toolbench,rank,deepseek,G1_tool,1,top10,0.01,0.0,0.0,10,10,1.0,10
toolbench,rank,deepseek,G1_tool,1,top10,0.01,0.0,0.1,10,10,1.0,8
toolbench,rank,deepseek,G1_tool,1,top10,0.01,0.0,0.2,10,20,2.0,15
toolbench,rank,deepseek,G1_tool,1,top10,0.01,0.0,0.3,10,20,2.0,17
toolbench,rank,deepseek,G1_tool,1,top10,0.01,0.0,0.5,10,20,2.0,13
toolbench,rank,deepseek,G1_tool,1,top10,0.01,0.0,0.7,10,10,1.0,7
toolbench,rank,deepseek,G1_tool,1,top10,0.01,0.05,0.0,10,10,1.0,10
toolbench,rank,deepseek,G1_tool,1,top10,0.01,0.05,0.1,10,10,1.0,9
toolbench,rank,deepseek,G1_tool,1,top10,0.01,0.05,0.2,10,20,2.0,13
toolbench,rank,deepseek,G1_tool,1,top10,0.01,0.05,0.3,10,20,2.0,14
toolbench,rank,deepseek,G1_tool,1,top10,0.01,0.05,0.5,10,10,1.0,9
toolbench,rank,deepseek,G1_tool,1,top10,0.01,0.05,0.7,10,30,3.0,11
toolbench,rank,deepseek,G1_tool,1,top10,0.01,0.1,0.0,10,10,1.0,10
toolbench,rank,deepseek,G1_tool,1,top10,0.01,0.1,0.1,10,10,1.0,8
toolbench,rank,deepseek,G1_tool,1,top10,0.01,0.1,0.2,10,10,1.0,8
toolbench,rank,deepseek,G1_tool,1,top10,0.01,0.1,0.3,10,10,1.0,10
toolbench,rank,deepseek,G1_tool,1,top10,0.01,0.1,0.5,10,30,3.0,11
toolbench,rank,deepseek,G1_tool,1,top10,0.01,0.1,0.7,10,,,0
toolbench,rank,deepseek,G1_tool,1,top10,0.01,0.15,0.0,10,30,3.0,30
toolbench,rank,deepseek,G1_tool,1,top10,0.01,0.15,0.1,10,30,3.0,26
toolbench,rank,deepseek,G1_tool,1,top10,0.01,0.15,0.2,10,20,2.0,16
toolbench,rank,deepseek,G1_tool,1,top10,0.01,0.15,0.3,10,30,3.0,23
toolbench,rank,deepseek,G1_tool,1,top10,0.01,0.15,0.5,10,20,2.0,8
toolbench,rank,deepseek,G1_tool,1,top10,0.01,0.15,0.7,10,,,0
toolbench,rank,deepseek,G1_tool,1,top10,0.01,0.2,0.0,10,20,2.0,20
toolbench,rank,deepseek,G1_tool,1,top10,0.01,0.2,0.1,10,20,2.0,20
toolbench,rank,deepseek,G1_tool,1,top10,0.01,0.2,0.2,10,,,0
toolbench,rank,deepseek,G1_tool,1,top10,0.01,0.2,0.3,10,,,0
toolbench,rank,deepseek,G1_tool,1,top10,0.01,0.2,0.5,10,,,0
toolbench,rank,deepseek,G1_tool,1,top10,0.01,0.2,0.7,10,30,3.0,9
toolbench,rank,deepseek,G1_tool,1,top10,0.01,0.3,0.0,10,,,0
toolbench,rank,deepseek,G1_tool,1,top10,0.01,0.3,0.1,10,,,0
toolbench,rank,deepseek,G1_tool,1,top10,0.01,0.3,0.2,10,,,0
toolbench,rank,deepseek,G1_tool,1,top10,0.01,0.3,0.3,10,30,3.0,21
toolbench,rank,deepseek,G1_tool,1,top10,0.01,0.3,0.5,10,,,0
toolbench,rank,deepseek,G1_tool,1,top10,0.01,0.3,0.7,10,20,2.0,7
toolbench,rank,deepseek,G1_tool,1,top10,0.01,0.5,0.0,10,,,0
toolbench,rank,deepseek,G1_tool,1,top10,0.01,0.5,0.1,10,,,0
toolbench,rank,deepseek,G1_tool,1,top10,0.01,0.5,0.2,10,,,0
toolbench,rank,deepseek,G1_tool,1,top10,0.01,0.5,0.3,10,,,0
toolbench,rank,deepseek,G1_tool,1,top10,0.01,0.5,0.5,10,,,0
toolbench,rank,deepseek,G1_tool,1,top10,0.01,0.5,0.7,10,,,0
toolbench,rank,deepseek,G1_tool,1,top2,0.01,0.0,0.0,10,10,1.0,10
toolbench,rank,deepseek,G1_tool,1,top2,0.01,0.0,0.1,10,10,1.0,7
toolbench,rank,deepseek,G1_tool,1,top2,0.01,0.0,0.2,10,10,1.0,8
toolbench,rank,deepseek,G1_tool,1,top2,0.01,0.0,0.3,10,10,1.0,7
toolbench,rank,deepseek,G1_tool,1,top2,0.01,0.0,0.5,10,,,0
toolbench,rank,deepseek,G1_tool,1,top2,0.01,0.0,0.7,10,,,0
toolbench,rank,deepseek,G1_tool,1,top2,0.01,0.05,0.0,10,10,1.0,10
toolbench,rank,deepseek,G1_tool,1,top2,0.01,0.05,0.1,10,,,0
toolbench,rank,deepseek,G1_tool,1,top2,0.01,0.05,0.2,10,,,0
toolbench,rank,deepseek,G1_tool,1,top2,0.01,0.05,0.3,10,10,1.0,7
toolbench,rank,deepseek,G1_tool,1,top2,0.01,0.05,0.5,10,,,0
toolbench,rank,deepseek,G1_tool,1,top2,0.01,0.05,0.7,10,,,0
toolbench,rank,deepseek,G1_tool,1,top2,0.01,0.1,0.0,10,10,1.0,10
toolbench,rank,deepseek,G1_tool,1,top2,0.01,0.1,0.1,10,10,1.0,9
toolbench,rank,deepseek,G1_tool,1,top2,0.01,0.1,0.2,10,,,0
toolbench,rank,deepseek,G1_tool,1,top2,0.01,0.1,0.3,10,,,0
toolbench,rank,deepseek,G1_tool,1,top2,0.01,0.1,0.5,10,,,0
toolbench,rank,deepseek,G1_tool,1,top2,0.01,0.1,0.7,10,,,0
toolbench,rank,deepseek,G1_tool,1,top2,0.01,0.15,0.0,10,,,0
toolbench,rank,deepseek,G1_tool,1,top2,0.01,0.15,0.1,10,,,0
toolbench,rank,deepseek,G1_tool,1,top2,0.01,0.15,0.2,10,10,1.0,8
toolbench,rank,deepseek,G1_tool,1,top2,0.01,0.15,0.3,10,,,0
toolbench,rank,deepseek,G1_tool,1,top2,0.01,0.15,0.5,10,,,0
toolbench,rank,deepseek,G1_tool,1,top2,0.01,0.15,0.7,10,,,0
toolbench,rank,deepseek,G1_tool,1,top2,0.01,0.2,0.0,10,,,0
toolbench,rank,deepseek,G1_tool,1,top2,0.01,0.2,0.1,10,,,0
toolbench,rank,deepseek,G1_tool,1,top2,0.01,0.2,0.2,10,,,0
toolbench,rank,deepseek,G1_tool,1,top2,0.01,0.2,0.3,10,,,0
toolbench,rank,deepseek,G1_tool,1,top2,0.01,0.2,0.5,10,,,0
toolbench,rank,deepseek,G1_tool,1,top2,0.01,0.2,0.7,10,,,0
toolbench,rank,deepseek,G1_tool,1,top2,0.01,0.3,0.0,10,,,0
toolbench,rank,deepseek,G1_tool,1,top2,0.01,0.3,0.1,10,,,0
toolbench,rank,deepseek,G1_tool,1,top2,0.01,0.3,0.2,10,,,0
toolbench,rank,deepseek,G1_tool,1,top2,0.01,0.3,0.3,10,,,0
toolbench,rank,deepseek,G1_tool,1,top2,0.01,0.3,0.5,10,,,0
toolbench,rank,deepseek,G1_tool,1,top2,0.01,0.3,0.7,10,,,0
toolbench,rank,deepseek,G1_tool,1,top2,0.01,0.5,0.0,10,,,0
toolbench,rank,deepseek,G1_tool,1,top2,0.01,0.5,0.1,10,,,0
toolbench,rank,deepseek,G1_tool,1,top2,0.01,0.5,0.2,10,,,0
toolbench,rank,deepseek,G1_tool,1,top2,0.01,0.5,0.3,10,,,0
toolbench,rank,deepseek,G1_tool,1,top2,0.01,0.5,0.5,10,,,0
toolbench,rank,deepseek,G1_tool,1,top2,0.01,0.5,0.7,10,,,0
toolbench,rank,deepseek,G1_tool,1,top3,0.01,0.0,0.0,10,10,1.0,10
toolbench,rank,deepseek,G1_tool,1,top3,0.01,0.0,0.1,10,10,1.0,8
toolbench,rank,deepseek,G1_tool,1,top3,0.01,0.0,0.2,10,10,1.0,8
toolbench,rank,deepseek,G1_tool,1,top3,0.01,0.0,0.3,10,20,2.0,13
toolbench,rank,deepseek,G1_tool,1,top3,0.01,0.0,0.5,10,20,2.0,11
toolbench,rank,deepseek,G1_tool,1,top3,0.01,0.0,0.7,10,20,2.0,7
toolbench,rank,deepseek,G1_tool,1,top3,0.01,0.05,0.0,10,20,2.0,20
toolbench,rank,deepseek,G1_tool,1,top3,0.01,0.05,0.1,10,10,1.0,10
toolbench,rank,deepseek,G1_tool,1,top3,0.01,0.05,0.2,10,10,1.0,7
toolbench,rank,deepseek,G1_tool,1,top3,0.01,0.05,0.3,10,20,2.0,16
toolbench,rank,deepseek,G1_tool,1,top3,0.01,0.05,0.5,10,20,2.0,10
toolbench,rank,deepseek,G1_tool,1,top3,0.01,0.05,0.7,10,20,2.0,8
toolbench,rank,deepseek,G1_tool,1,top3,0.01,0.1,0.0,10,10,1.0,10
toolbench,rank,deepseek,G1_tool,1,top3,0.01,0.1,0.1,10,10,1.0,8
toolbench,rank,deepseek,G1_tool,1,top3,0.01,0.1,0.2,10,20,2.0,18
toolbench,rank,deepseek,G1_tool,1,top3,0.01,0.1,0.3,10,10,1.0,9
toolbench,rank,deepseek,G1_tool,1,top3,0.01,0.1,0.5,10,,,0
toolbench,rank,deepseek,G1_tool,1,top3,0.01,0.1,0.7,10,,,0
toolbench,rank,deepseek,G1_tool,1,top3,0.01,0.15,0.0,10,20,2.0,20
toolbench,rank,deepseek,G1_tool,1,top3,0.01,0.15,0.1,10,20,2.0,19
toolbench,rank,deepseek,G1_tool,1,top3,0.01,0.15,0.2,10,20,2.0,14
toolbench,rank,deepseek,G1_tool,1,top3,0.01,0.15,0.3,10,10,1.0,8
toolbench,rank,deepseek,G1_tool,1,top3,0.01,0.15,0.5,10,20,2.0,11
toolbench,rank,deepseek,G1_tool,1,top3,0.01,0.15,0.7,10,,,0
toolbench,rank,deepseek,G1_tool,1,top3,0.01,0.2,0.0,10,20,2.0,20
toolbench,rank,deepseek,G1_tool,1,top3,0.01,0.2,0.1,10,10,1.0,8
toolbench,rank,deepseek,G1_tool,1,top3,0.01,0.2,0.2,10,20,2.0,13
toolbench,rank,deepseek,G1_tool,1,top3,0.01,0.2,0.3,10,20,2.0,14
toolbench,rank,deepseek,G1_tool,1,top3,0.01,0.2,0.5,10,,,0
toolbench,rank,deepseek,G1_tool,1,top3,0.01,0.2,0.7,10,,,0
toolbench,rank,deepseek,G1_tool,1,top3,0.01,0.3,0.0,10,,,0
toolbench,rank,deepseek,G1_tool,1,top3,0.01,0.3,0.1,10,,,0
toolbench,rank,deepseek,G1_tool,1,top3,0.01,0.3,0.2,10,,,0
toolbench,rank,deepseek,G1_tool,1,top3,0.01,0.3,0.3,10,,,0
toolbench,rank,deepseek,G1_tool,1,top3,0.01,0.3,0.5,10,,,0
toolbench,rank,deepseek,G1_tool,1,top3,0.01,0.3,0.7,10,,,0
toolbench,rank,deepseek,G1_tool,1,top3,0.01,0.5,0.0,10,,,0
toolbench,rank,deepseek,G1_tool,1,top3,0.01,0.5,0.1,10,,,0
toolbench,rank,deepseek,G1_tool,1,top3,0.01,0.5,0.2,10,,,0
toolbench,rank,deepseek,G1_tool,1,top3,0.01,0.5,0.3,10,,,0
toolbench,rank,deepseek,G1_tool,1,top3,0.01,0.5,0.5,10,,,0
toolbench,rank,deepseek,G1_tool,1,top3,0.01,0.5,0.7,10,,,0
toolbench,rank,deepseek,G1_tool,1,top5,0.01,0.0,0.0,10,10,1.0,10
toolbench,rank,deepseek,G1_tool,1,top5,0.01,0.0,0.1,10,10,1.0,10
toolbench,rank,deepseek,G1_tool,1,top5,0.01,0.0,0.2,10,10,1.0,7
toolbench,rank,deepseek,G1_tool,1,top5,0.01,0.0,0.3,10,10,1.0,8
toolbench,rank,deepseek,G1_tool,1,top5,0.01,0.0,0.5,10,20,2.0,8
toolbench,rank,deepseek,G1_tool,1,top5,0.01,0.0,0.7,10,20,2.0,7
toolbench,rank,deepseek,G1_tool,1,top5,0.01,0.05,0.0,10,10,1.0,10
toolbench,rank,deepseek,G1_tool,1,top5,0.01,0.05,0.1,10,20,2.0,18
toolbench,rank,deepseek,G1_tool,1,top5,0.01,0.05,0.2,10,20,2.0,16
toolbench,rank,deepseek,G1_tool,1,top5,0.01,0.05,0.3,10,10,1.0,9
toolbench,rank,deepseek,G1_tool,1,top5,0.01,0.05,0.5,10,20,2.0,8
toolbench,rank,deepseek,G1_tool,1,top5,0.01,0.05,0.7,10,,,0
toolbench,rank,deepseek,G1_tool,1,top5,0.01,0.1,0.0,10,10,1.0,10
toolbench,rank,deepseek,G1_tool,1,top5,0.01,0.1,0.1,10,20,2.0,17
toolbench,rank,deepseek,G1_tool,1,top5,0.01,0.1,0.2,10,10,1.0,7
toolbench,rank,deepseek,G1_tool,1,top5,0.01,0.1,0.3,10,,,0
toolbench,rank,deepseek,G1_tool,1,top5,0.01,0.1,0.5,10,20,2.0,9
toolbench,rank,deepseek,G1_tool,1,top5,0.01,0.1,0.7,10,,,0
toolbench,rank,deepseek,G1_tool,1,top5,0.01,0.15,0.0,10,20,2.0,20
toolbench,rank,deepseek,G1_tool,1,top5,0.01,0.15,0.1,10,,,0
toolbench,rank,deepseek,G1_tool,1,top5,0.01,0.15,0.2,10,20,2.0,16
toolbench,rank,deepseek,G1_tool,1,top5,0.01,0.15,0.3,10,,,0
toolbench,rank,deepseek,G1_tool,1,top5,0.01,0.15,0.5,10,,,0
toolbench,rank,deepseek,G1_tool,1,top5,0.01,0.15,0.7,10,,,0
toolbench,rank,deepseek,G1_tool,1,top5,0.01,0.2,0.0,10,,,0
toolbench,rank,deepseek,G1_tool,1,top5,0.01,0.2,0.1,10,,,0
toolbench,rank,deepseek,G1_tool,1,top5,0.01,0.2,0.2,10,20,2.0,19
toolbench,rank,deepseek,G1_tool,1,top5,0.01,0.2,0.3,10,20,2.0,12
toolbench,rank,deepseek,G1_tool,1,top5,0.01,0.2,0.5,10,,,0
toolbench,rank,deepseek,G1_tool,1,top5,0.01,0.2,0.7,10,,,0
toolbench,rank,deepseek,G1_tool,1,top5,0.01,0.3,0.0,10,,,0
toolbench,rank,deepseek,G1_tool,1,top5,0.01,0.3,0.1,10,,,0
toolbench,rank,deepseek,G1_tool,1,top5,0.01,0.3,0.2,10,20,2.0,17
toolbench,rank,deepseek,G1_tool,1,top5,0.01,0.3,0.3,10,,,0
toolbench,rank,deepseek,G1_tool,1,top5,0.01,0.3,0.5,10,,,0
toolbench,rank,deepseek,G1_tool,1,top5,0.01,0.3,0.7,10,,,0
toolbench,rank,deepseek,G1_tool,1,top5,0.01,0.5,0.0,10,,,0
toolbench,rank,deepseek,G1_tool,1,top5,0.01,0.5,0.1,10,,,0
toolbench,rank,deepseek,G1_tool,1,top5,0.01,0.5,0.2,10,,,0
toolbench,rank,deepseek,G1_tool,1,top5,0.01,0.5,0.3,10,,,0
toolbench,rank,deepseek,G1_tool,1,top5,0.01,0.5,0.5,10,,,0
toolbench,rank,deepseek,G1_tool,1,top5,0.01,0.5,0.7,10,,,0
toolbench,rank,deepseek,G1_tool,2,full_rank,0.01,0.0,0.0,10,10,1.0,10
toolbench,rank,deepseek,G1_tool,2,full_rank,0.01,0.0,0.1,10,10,1.0,9
toolbench,rank,deepseek,G1_tool,2,full_rank,0.01,0.0,0.2,10,10,1.0,8
toolbench,rank,deepseek,G1_tool,2,full_rank,0.01,0.0,0.3,10,20,2.0,13
toolbench,rank,deepseek,G1_tool,2,full_rank,0.01,0.0,0.5,10,20,2.0,11
toolbench,rank,deepseek,G1_tool,2,full_rank,0.01,0.0,0.7,10,20,2.0,9
toolbench,rank,deepseek,G1_tool,2,full_rank,0.01,0.05,0.0,10,10,1.0,10
toolbench,rank,deepseek,G1_tool,2,full_rank,0.01,0.05,0.1,10,20,2.0,19
toolbench,rank,deepseek,G1_tool,2,full_rank,0.01,0.05,0.2,10,10,1.0,8
toolbench,rank,deepseek,G1_tool,2,full_rank,0.01,0.05,0.3,10,20,2.0,13
toolbench,rank,deepseek,G1_tool,2,full_rank,0.01,0.05,0.5,10,30,3.0,11
toolbench,rank,deepseek,G1_tool,2,full_rank,0.01,0.05,0.7,10,20,2.0,9
toolbench,rank,deepseek,G1_tool,2,full_rank,0.01,0.1,0.0,10,20,2.0,20
toolbench,rank,deepseek,G1_tool,2,full_rank,0.01,0.1,0.1,10,20,2.0,19
toolbench,rank,deepseek,G1_tool,2,full_rank,0.01,0.1,0.2,10,10,1.0,7
toolbench,rank,deepseek,G1_tool,2,full_rank,0.01,0.1,0.3,10,10,1.0,7
toolbench,rank,deepseek,G1_tool,2,full_rank,0.01,0.1,0.5,10,30,3.0,16
toolbench,rank,deepseek,G1_tool,2,full_rank,0.01,0.1,0.7,10,,,0
toolbench,rank,deepseek,G1_tool,2,full_rank,0.01,0.15,0.0,10,20,2.0,20
toolbench,rank,deepseek,G1_tool,2,full_rank,0.01,0.15,0.1,10,20,2.0,19
toolbench,rank,deepseek,G1_tool,2,full_rank,0.01,0.15,0.2,10,10,1.0,7
toolbench,rank,deepseek,G1_tool,2,full_rank,0.01,0.15,0.3,10,30,3.0,22
toolbench,rank,deepseek,G1_tool,2,full_rank,0.01,0.15,0.5,10,,,0
toolbench,rank,deepseek,G1_tool,2,full_rank,0.01,0.15,0.7,10,,,0
toolbench,rank,deepseek,G1_tool,2,full_rank,0.01,0.2,0.0,10,30,3.0,30
toolbench,rank,deepseek,G1_tool,2,full_rank,0.01,0.2,0.1,10,20,2.0,20
toolbench,rank,deepseek,G1_tool,2,full_rank,0.01,0.2,0.2,10,20,2.0,19
toolbench,rank,deepseek,G1_tool,2,full_rank,0.01,0.2,0.3,10,30,3.0,23
toolbench,rank,deepseek,G1_tool,2,full_rank,0.01,0.2,0.5,10,30,3.0,17
toolbench,rank,deepseek,G1_tool,2,full_rank,0.01,0.2,0.7,10,,,0
toolbench,rank,deepseek,G1_tool,2,full_rank,0.01,0.3,0.0,10,,,0
toolbench,rank,deepseek,G1_tool,2,full_rank,0.01,0.3,0.1,10,30,3.0,25
toolbench,rank,deepseek,G1_tool,2,full_rank,0.01,0.3,0.2,10,,,0
toolbench,rank,deepseek,G1_tool,2,full_rank,0.01,0.3,0.3,10,,,0
toolbench,rank,deepseek,G1_tool,2,full_rank,0.01,0.3,0.5,10,,,0
toolbench,rank,deepseek,G1_tool,2,full_rank,0.01,0.3,0.7,10,,,0
toolbench,rank,deepseek,G1_tool,2,full_rank,0.01,0.5,0.0,10,,,0
toolbench,rank,deepseek,G1_tool,2,full_rank,0.01,0.5,0.1,10,,,0
toolbench,rank,deepseek,G1_tool,2,full_rank,0.01,0.5,0.2,10,,,0
toolbench,rank,deepseek,G1_tool,2,full_rank,0.01,0.5,0.3,10,,,0
toolbench,rank,deepseek,G1_tool,2,full_rank,0.01,0.5,0.5,10,,,0
toolbench,rank,deepseek,G1_tool,2,full_rank,0.01,0.5,0.7,10,,,0
toolbench,rank,deepseek,G1_tool,2,top10,0.01,0.0,0.0,10,10,1.0,10
toolbench,rank,deepseek,G1_tool,2,top10,0.01,0.0,0.1,10,10,1.0,10
toolbench,rank,deepseek,G1_tool,2,top10,0.01,0.0,0.2,10,10,1.0,7
toolbench,rank,deepseek,G1_tool,2,top10,0.01,0.0,0.3,10,10,1.0,9
toolbench,rank,deepseek,G1_tool,2,top10,0.01,0.0,0.5,10,10,1.0,7
toolbench,rank,deepseek,G1_tool,2,top10,0.01,0.0,0.7,10,30,3.0,16
toolbench,rank,deepseek,G1_tool,2,top10,0.01,0.05,0.0,10,20,2.0,20
toolbench,rank,deepseek,G1_tool,2,top10,0.01,0.05,0.1,10,10,1.0,8
toolbench,rank,deepseek,G1_tool,2,top10,0.01,0.05,0.2,10,10,1.0,7
toolbench,rank,deepseek,G1_tool,2,top10,0.01,0.05,0.3,10,20,2.0,12
toolbench,rank,deepseek,G1_tool,2,top10,0.01,0.05,0.5,10,10,1.0,7
toolbench,rank,deepseek,G1_tool,2,top10,0.01,0.05,0.7,10,20,2.0,7
toolbench,rank,deepseek,G1_tool,2,top10,0.01,0.1,0.0,10,20,2.0,20
toolbench,rank,deepseek,G1_tool,2,top10,0.01,0.1,0.1,10,10,1.0,10
toolbench,rank,deepseek,G1_tool,2,top10,0.01,0.1,0.2,10,10,1.0,9
toolbench,rank,deepseek,G1_tool,2,top10,0.01,0.1,0.3,10,30,3.0,23
toolbench,rank,deepseek,G1_tool,2,top10,0.01,0.1,0.5,10,20,2.0,11
toolbench,rank,deepseek,G1_tool,2,top10,0.01,0.1,0.7,10,,,0
toolbench,rank,deepseek,G1_tool,2,top10,0.01,0.15,0.0,10,10,1.0,10
toolbench,rank,deepseek,G1_tool,2,top10,0.01,0.15,0.1,10,20,2.0,16
toolbench,rank,deepseek,G1_tool,2,top10,0.01,0.15,0.2,10,20,2.0,18
toolbench,rank,deepseek,G1_tool,2,top10,0.01,0.15,0.3,10,30,3.0,25
toolbench,rank,deepseek,G1_tool,2,top10,0.01,0.15,0.5,10,30,3.0,17
toolbench,rank,deepseek,G1_tool,2,top10,0.01,0.15,0.7,10,30,3.0,12
toolbench,rank,deepseek,G1_tool,2,top10,0.01,0.2,0.0,10,10,1.0,10
toolbench,rank,deepseek,G1_tool,2,top10,0.01,0.2,0.1,10,20,2.0,19
toolbench,rank,deepseek,G1_tool,2,top10,0.01,0.2,0.2,10,,,0
toolbench,rank,deepseek,G1_tool,2,top10,0.01,0.2,0.3,10,30,3.0,22
toolbench,rank,deepseek,G1_tool,2,top10,0.01,0.2,0.5,10,30,3.0,14
toolbench,rank,deepseek,G1_tool,2,top10,0.01,0.2,0.7,10,30,3.0,7
toolbench,rank,deepseek,G1_tool,2,top10,0.01,0.3,0.0,10,30,3.0,30
toolbench,rank,deepseek,G1_tool,2,top10,0.01,0.3,0.1,10,,,0
toolbench,rank,deepseek,G1_tool,2,top10,0.01,0.3,0.2,10,,,0
toolbench,rank,deepseek,G1_tool,2,top10,0.01,0.3,0.3,10,,,0
toolbench,rank,deepseek,G1_tool,2,top10,0.01,0.3,0.5,10,,,0
toolbench,rank,deepseek,G1_tool,2,top10,0.01,0.3,0.7,10,,,0
toolbench,rank,deepseek,G1_tool,2,top10,0.01,0.5,0.0,10,,,0
toolbench,rank,deepseek,G1_tool,2,top10,0.01,0.5,0.1,10,,,0
toolbench,rank,deepseek,G1_tool,2,top10,0.01,0.5,0.2,10,,,0
toolbench,rank,deepseek,G1_tool,2,top10,0.01,0.5,0.3,10,,,0
toolbench,rank,deepseek,G1_tool,2,top10,0.01,0.5,0.5,10,,,0
toolbench,rank,deepseek,G1_tool,2,top10,0.01,0.5,0.7,10,,,0
toolbench,rank,deepseek,G1_tool,2,top2,0.01,0.0,0.0,10,10,1.0,10
toolbench,rank,deepseek,G1_tool,2,top2,0.01,0.0,0.1,10,10,1.0,9
toolbench,rank,deepseek,G1_tool,2,top2,0.01,0.0,0.2,10,10,1.0,7
toolbench,rank,deepseek,G1_tool,2,top2,0.01,0.0,0.3,10,10,1.0,8
toolbench,rank,deepseek,G1_tool,2,top2,0.01,0.0,0.5,10,,,0
toolbench,rank,deepseek,G1_tool,2,top2,0.01,0.0,0.7,10,,,0
toolbench,rank,deepseek,G1_tool,2,top2,0.01,0.05,0.0,10,10,1.0,10
toolbench,rank,deepseek,G1_tool,2,top2,0.01,0.05,0.1,10,10,1.0,9
toolbench,rank,deepseek,G1_tool,2,top2,0.01,0.05,0.2,10,,,0
toolbench,rank,deepseek,G1_tool,2,top2,0.01,0.05,0.3,10,10,1.0,7
toolbench,rank,deepseek,G1_tool,2,top2,0.01,0.05,0.5,10,,,0
toolbench,rank,deepseek,G1_tool,2,top2,0.01,0.05,0.7,10,,,0
toolbench,rank,deepseek,G1_tool,2,top2,0.01,0.1,0.0,10,,,0
toolbench,rank,deepseek,G1_tool,2,top2,0.01,0.1,0.1,10,10,1.0,10
toolbench,rank,deepseek,G1_tool,2,top2,0.01,0.1,0.2,10,10,1.0,8
toolbench,rank,deepseek,G1_tool,2,top2,0.01,0.1,0.3,10,10,1.0,8
toolbench,rank,deepseek,G1_tool,2,top2,0.01,0.1,0.5,10,10,1.0,8
toolbench,rank,deepseek,G1_tool,2,top2,0.01,0.1,0.7,10,,,0
toolbench,rank,deepseek,G1_tool,2,top2,0.01,0.15,0.0,10,,,0
toolbench,rank,deepseek,G1_tool,2,top2,0.01,0.15,0.1,10,,,0
toolbench,rank,deepseek,G1_tool,2,top2,0.01,0.15,0.2,10,,,0
toolbench,rank,deepseek,G1_tool,2,top2,0.01,0.15,0.3,10,,,0
toolbench,rank,deepseek,G1_tool,2,top2,0.01,0.15,0.5,10,,,0
toolbench,rank,deepseek,G1_tool,2,top2,0.01,0.15,0.7,10,,,0
toolbench,rank,deepseek,G1_tool,2,top2,0.01,0.2,0.0,10,,,0
toolbench,rank,deepseek,G1_tool,2,top2,0.01,0.2,0.1,10,,,0
toolbench,rank,deepseek,G1_tool,2,top2,0.01,0.2,0.2,10,10,1.0,10
toolbench,rank,deepseek,G1_tool,2,top2,0.01,0.2,0.3,10,,,0
toolbench,rank,deepseek,G1_tool,2,top2,0.01,0.2,0.5,10,,,0
toolbench,rank,deepseek,G1_tool,2,top2,0.01,0.2,0.7,10,,,0
toolbench,rank,deepseek,G1_tool,2,top2,0.01,0.3,0.0,10,,,0
toolbench,rank,deepseek,G1_tool,2,top2,0.01,0.3,0.1,10,,,0
toolbench,rank,deepseek,G1_tool,2,top2,0.01,0.3,0.2,10,,,0
toolbench,rank,deepseek,G1_tool,2,top2,0.01,0.3,0.3,10,,,0
toolbench,rank,deepseek,G1_tool,2,top2,0.01,0.3,0.5,10,,,0
toolbench,rank,deepseek,G1_tool,2,top2,0.01,0.3,0.7,10,,,0
toolbench,rank,deepseek,G1_tool,2,top2,0.01,0.5,0.0,10,,,0
toolbench,rank,deepseek,G1_tool,2,top2,0.01,0.5,0.1,10,,,0
toolbench,rank,deepseek,G1_tool,2,top2,0.01,0.5,0.2,10,,,0
toolbench,rank,deepseek,G1_tool,2,top2,0.01,0.5,0.3,10,,,0
toolbench,rank,deepseek,G1_tool,2,top2,0.01,0.5,0.5,10,,,0
toolbench,rank,deepseek,G1_tool,2,top2,0.01,0.5,0.7,10,,,0
toolbench,rank,deepseek,G1_tool,2,top3,0.01,0.0,0.0,10,10,1.0,10
toolbench,rank,deepseek,G1_tool,2,top3,0.01,0.0,0.1,10,10,1.0,8
toolbench,rank,deepseek,G1_tool,2,top3,0.01,0.0,0.2,10,10,1.0,10
toolbench,rank,deepseek,G1_tool,2,top3,0.01,0.0,0.3,10,10,1.0,7
toolbench,rank,deepseek,G1_tool,2,top3,0.01,0.0,0.5,10,20,2.0,9
toolbench,rank,deepseek,G1_tool,2,top3,0.01,0.0,0.7,10,,,0
toolbench,rank,deepseek,G1_tool,2,top3,0.01,0.05,0.0,10,20,2.0,20
toolbench,rank,deepseek,G1_tool,2,top3,0.01,0.05,0.1,10,10,1.0,9
toolbench,rank,deepseek,G1_tool,2,top3,0.01,0.05,0.2,10,10,1.0,8
toolbench,rank,deepseek,G1_tool,2,top3,0.01,0.05,0.3,10,10,1.0,7
toolbench,rank,deepseek,G1_tool,2,top3,0.01,0.05,0.5,10,20,2.0,7
toolbench,rank,deepseek,G1_tool,2,top3,0.01,0.05,0.7,10,,,0
toolbench,rank,deepseek,G1_tool,2,top3,0.01,0.1,0.0,10,20,2.0,20
toolbench,rank,deepseek,G1_tool,2,top3,0.01,0.1,0.1,10,10,1.0,7
toolbench,rank,deepseek,G1_tool,2,top3,0.01,0.1,0.2,10,20,2.0,16
toolbench,rank,deepseek,G1_tool,2,top3,0.01,0.1,0.3,10,20,2.0,14
toolbench,rank,deepseek,G1_tool,2,top3,0.01,0.1,0.5,10,20,2.0,9
toolbench,rank,deepseek,G1_tool,2,top3,0.01,0.1,0.7,10,,,0
toolbench,rank,deepseek,G1_tool,2,top3,0.01,0.15,0.0,10,20,2.0,20
toolbench,rank,deepseek,G1_tool,2,top3,0.01,0.15,0.1,10,20,2.0,19
toolbench,rank,deepseek,G1_tool,2,top3,0.01,0.15,0.2,10,20,2.0,18
toolbench,rank,deepseek,G1_tool,2,top3,0.01,0.15,0.3,10,20,2.0,12
toolbench,rank,deepseek,G1_tool,2,top3,0.01,0.15,0.5,10,,,0
toolbench,rank,deepseek,G1_tool,2,top3,0.01,0.15,0.7,10,,,0
toolbench,rank,deepseek,G1_tool,2,top3,0.01,0.2,0.0,10,20,2.0,20
toolbench,rank,deepseek,G1_tool,2,top3,0.01,0.2,0.1,10,20,2.0,19
toolbench,rank,deepseek,G1_tool,2,top3,0.01,0.2,0.2,10,,,0
toolbench,rank,deepseek,G1_tool,2,top3,0.01,0.2,0.3,10,,,0
toolbench,rank,deepseek,G1_tool,2,top3,0.01,0.2,0.5,10,20,2.0,12
toolbench,rank,deepseek,G1_tool,2,top3,0.01,0.2,0.7,10,,,0
toolbench,rank,deepseek,G1_tool,2,top3,0.01,0.3,0.0,10,,,0
toolbench,rank,deepseek,G1_tool,2,top3,0.01,0.3,0.1,10,20,2.0,18
toolbench,rank,deepseek,G1_tool,2,top3,0.01,0.3,0.2,10,,,0
toolbench,rank,deepseek,G1_tool,2,top3,0.01,0.3,0.3,10,20,2.0,12
toolbench,rank,deepseek,G1_tool,2,top3,0.01,0.3,0.5,10,,,0
toolbench,rank,deepseek,G1_tool,2,top3,0.01,0.3,0.7,10,,,0
toolbench,rank,deepseek,G1_tool,2,top3,0.01,0.5,0.0,10,,,0
toolbench,rank,deepseek,G1_tool,2,top3,0.01,0.5,0.1,10,,,0
toolbench,rank,deepseek,G1_tool,2,top3,0.01,0.5,0.2,10,,,0
toolbench,rank,deepseek,G1_tool,2,top3,0.01,0.5,0.3,10,,,0
toolbench,rank,deepseek,G1_tool,2,top3,0.01,0.5,0.5,10,,,0
toolbench,rank,deepseek,G1_tool,2,top3,0.01,0.5,0.7,10,,,0
toolbench,rank,deepseek,G1_tool,2,top5,0.01,0.0,0.0,10,10,1.0,10
toolbench,rank,deepseek,G1_tool,2,top5,0.01,0.0,0.1,10,10,1.0,8
toolbench,rank,deepseek,G1_tool,2,top5,0.01,0.0,0.2,10,10,1.0,10
toolbench,rank,deepseek,G1_tool,2,top5,0.01,0.0,0.3,10,10,1.0,8
toolbench,rank,deepseek,G1_tool,2,top5,0.01,0.0,0.5,10,20,2.0,11
toolbench,rank,deepseek,G1_tool,2,top5,0.01,0.0,0.7,10,,,0
toolbench,rank,deepseek,G1_tool,2,top5,0.01,0.05,0.0,10,10,1.0,10
toolbench,rank,deepseek,G1_tool,2,top5,0.01,0.05,0.1,10,10,1.0,9
toolbench,rank,deepseek,G1_tool,2,top5,0.01,0.05,0.2,10,10,1.0,9
toolbench,rank,deepseek,G1_tool,2,top5,0.01,0.05,0.3,10,10,1.0,7
toolbench,rank,deepseek,G1_tool,2,top5,0.01,0.05,0.5,10,20,2.0,13
toolbench,rank,deepseek,G1_tool,2,top5,0.01,0.05,0.7,10,,,0
toolbench,rank,deepseek,G1_tool,2,top5,0.01,0.1,0.0,10,10,1.0,10
toolbench,rank,deepseek,G1_tool,2,top5,0.01,0.1,0.1,10,20,2.0,19
toolbench,rank,deepseek,G1_tool,2,top5,0.01,0.1,0.2,10,20,2.0,19
toolbench,rank,deepseek,G1_tool,2,top5,0.01,0.1,0.3,10,20,2.0,18
toolbench,rank,deepseek,G1_tool,2,top5,0.01,0.1,0.5,10,20,2.0,12
toolbench,rank,deepseek,G1_tool,2,top5,0.01,0.1,0.7,10,20,2.0,7
toolbench,rank,deepseek,G1_tool,2,top5,0.01,0.15,0.0,10,10,1.0,10
toolbench,rank,deepseek,G1_tool,2,top5,0.01,0.15,0.1,10,20,2.0,20
toolbench,rank,deepseek,G1_tool,2,top5,0.01,0.15,0.2,10,,,0
toolbench,rank,deepseek,G1_tool,2,top5,0.01,0.15,0.3,10,10,1.0,8
toolbench,rank,deepseek,G1_tool,2,top5,0.01,0.15,0.5,10,,,0
toolbench,rank,deepseek,G1_tool,2,top5,0.01,0.15,0.7,10,,,0
toolbench,rank,deepseek,G1_tool,2,top5,0.01,0.2,0.0,10,10,1.0,10
toolbench,rank,deepseek,G1_tool,2,top5,0.01,0.2,0.1,10,,,0
toolbench,rank,deepseek,G1_tool,2,top5,0.01,0.2,0.2,10,,,0
toolbench,rank,deepseek,G1_tool,2,top5,0.01,0.2,0.3,10,,,0
toolbench,rank,deepseek,G1_tool,2,top5,0.01,0.2,0.5,10,,,0
toolbench,rank,deepseek,G1_tool,2,top5,0.01,0.2,0.7,10,,,0
toolbench,rank,deepseek,G1_tool,2,top5,0.01,0.3,0.0,10,,,0
toolbench,rank,deepseek,G1_tool,2,top5,0.01,0.3,0.1,10,,,0
toolbench,rank,deepseek,G1_tool,2,top5,0.01,0.3,0.2,10,,,0
toolbench,rank,deepseek,G1_tool,2,top5,0.01,0.3,0.3,10,,,0
toolbench,rank,deepseek,G1_tool,2,top5,0.01,0.3,0.5,10,,,0
toolbench,rank,deepseek,G1_tool,2,top5,0.01,0.3,0.7,10,,,0
toolbench,rank,deepseek,G1_tool,2,top5,0.01,0.5,0.0,10,,,0
toolbench,rank,deepseek,G1_tool,2,top5,0.01,0.5,0.1,10,,,0
toolbench,rank,deepseek,G1_tool,2,top5,0.01,0.5,0.2,10,,,0
toolbench,rank,deepseek,G1_tool,2,top5,0.01,0.5,0.3,10,,,0
toolbench,rank,deepseek,G1_tool,2,top5,0.01,0.5,0.5,10,,,0
toolbench,rank,deepseek,G1_tool,2,top5,0.01,0.5,0.7,10,,,0
toolbench,rank,deepseek,G1_tool,3,full_rank,0.01,0.0,0.0,10,10,1.0,10
toolbench,rank,deepseek,G1_tool,3,full_rank,0.01,0.0,0.1,10,10,1.0,9
toolbench,rank,deepseek,G1_tool,3,full_rank,0.01,0.0,0.2,10,10,1.0,9
toolbench,rank,deepseek,G1_tool,3,full_rank,0.01,0.0,0.3,10,10,1.0,9
toolbench,rank,deepseek,G1_tool,3,full_rank,0.01,0.0,0.5,10,20,2.0,11
toolbench,rank,deepseek,G1_tool,3,full_rank,0.01,0.0,0.7,10,,,0
toolbench,rank,deepseek,G1_tool,3,full_rank,0.01,0.05,0.0,10,10,1.0,10
toolbench,rank,deepseek,G1_tool,3,full_rank,0.01,0.05,0.1,10,10,1.0,9
toolbench,rank,deepseek,G1_tool,3,full_rank,0.01,0.05,0.2,10,20,2.0,13
toolbench,rank,deepseek,G1_tool,3,full_rank,0.01,0.05,0.3,10,10,1.0,8
toolbench,rank,deepseek,G1_tool,3,full_rank,0.01,0.05,0.5,10,20,2.0,15
toolbench,rank,deepseek,G1_tool,3,full_rank,0.01,0.05,0.7,10,20,2.0,7
toolbench,rank,deepseek,G1_tool,3,full_rank,0.01,0.1,0.0,10,10,1.0,10
toolbench,rank,deepseek,G1_tool,3,full_rank,0.01,0.1,0.1,10,10,1.0,9
toolbench,rank,deepseek,G1_tool,3,full_rank,0.01,0.1,0.2,10,10,1.0,9
toolbench,rank,deepseek,G1_tool,3,full_rank,0.01,0.1,0.3,10,,,0
toolbench,rank,deepseek,G1_tool,3,full_rank,0.01,0.1,0.5,10,,,0
toolbench,rank,deepseek,G1_tool,3,full_rank,0.01,0.1,0.7,10,,,0
toolbench,rank,deepseek,G1_tool,3,full_rank,0.01,0.15,0.0,10,20,2.0,20
toolbench,rank,deepseek,G1_tool,3,full_rank,0.01,0.15,0.1,10,20,2.0,19
toolbench,rank,deepseek,G1_tool,3,full_rank,0.01,0.15,0.2,10,20,2.0,15
toolbench,rank,deepseek,G1_tool,3,full_rank,0.01,0.15,0.3,10,,,0
toolbench,rank,deepseek,G1_tool,3,full_rank,0.01,0.15,0.5,10,,,0
toolbench,rank,deepseek,G1_tool,3,full_rank,0.01,0.15,0.7,10,,,0
toolbench,rank,deepseek,G1_tool,3,full_rank,0.01,0.2,0.0,10,20,2.0,20
toolbench,rank,deepseek,G1_tool,3,full_rank,0.01,0.2,0.1,10,,,0
toolbench,rank,deepseek,G1_tool,3,full_rank,0.01,0.2,0.2,10,,,0
toolbench,rank,deepseek,G1_tool,3,full_rank,0.01,0.2,0.3,10,,,0
toolbench,rank,deepseek,G1_tool,3,full_rank,0.01,0.2,0.5,10,,,0
toolbench,rank,deepseek,G1_tool,3,full_rank,0.01,0.2,0.7,10,20,2.0,11
toolbench,rank,deepseek,G1_tool,3,full_rank,0.01,0.3,0.0,10,,,0
toolbench,rank,deepseek,G1_tool,3,full_rank,0.01,0.3,0.1,10,,,0
toolbench,rank,deepseek,G1_tool,3,full_rank,0.01,0.3,0.2,10,,,0
toolbench,rank,deepseek,G1_tool,3,full_rank,0.01,0.3,0.3,10,,,0
toolbench,rank,deepseek,G1_tool,3,full_rank,0.01,0.3,0.5,10,,,0
toolbench,rank,deepseek,G1_tool,3,full_rank,0.01,0.3,0.7,10,,,0
toolbench,rank,deepseek,G1_tool,3,full_rank,0.01,0.5,0.0,10,,,0
toolbench,rank,deepseek,G1_tool,3,full_rank,0.01,0.5,0.1,10,,,0
toolbench,rank,deepseek,G1_tool,3,full_rank,0.01,0.5,0.2,10,,,0
toolbench,rank,deepseek,G1_tool,3,full_rank,0.01,0.5,0.3,10,,,0
toolbench,rank,deepseek,G1_tool,3,full_rank,0.01,0.5,0.5,10,,,0
toolbench,rank,deepseek,G1_tool,3,full_rank,0.01,0.5,0.7,10,,,0
toolbench,rank,deepseek,G1_tool,3,top10,0.01,0.0,0.0,10,10,1.0,10
toolbench,rank,deepseek,G1_tool,3,top10,0.01,0.0,0.1,10,10,1.0,9
toolbench,rank,deepseek,G1_tool,3,top10,0.01,0.0,0.2,10,10,1.0,8
toolbench,rank,deepseek,G1_tool,3,top10,0.01,0.0,0.3,10,10,1.0,9
toolbench,rank,deepseek,G1_tool,3,top10,0.01,0.0,0.5,10,20,2.0,13
toolbench,rank,deepseek,G1_tool,3,top10,0.01,0.0,0.7,10,20,2.0,7
toolbench,rank,deepseek,G1_tool,3,top10,0.01,0.05,0.0,10,20,2.0,20
toolbench,rank,deepseek,G1_tool,3,top10,0.01,0.05,0.1,10,10,1.0,9
toolbench,rank,deepseek,G1_tool,3,top10,0.01,0.05,0.2,10,10,1.0,8
toolbench,rank,deepseek,G1_tool,3,top10,0.01,0.05,0.3,10,10,1.0,7
toolbench,rank,deepseek,G1_tool,3,top10,0.01,0.05,0.5,10,20,2.0,12
toolbench,rank,deepseek,G1_tool,3,top10,0.01,0.05,0.7,10,,,0
toolbench,rank,deepseek,G1_tool,3,top10,0.01,0.1,0.0,10,10,1.0,10
toolbench,rank,deepseek,G1_tool,3,top10,0.01,0.1,0.1,10,,,0
toolbench,rank,deepseek,G1_tool,3,top10,0.01,0.1,0.2,10,20,2.0,15
toolbench,rank,deepseek,G1_tool,3,top10,0.01,0.1,0.3,10,10,1.0,7
toolbench,rank,deepseek,G1_tool,3,top10,0.01,0.1,0.5,10,20,2.0,14
toolbench,rank,deepseek,G1_tool,3,top10,0.01,0.1,0.7,10,,,0
toolbench,rank,deepseek,G1_tool,3,top10,0.01,0.15,0.0,10,20,2.0,20
toolbench,rank,deepseek,G1_tool,3,top10,0.01,0.15,0.1,10,20,2.0,19
toolbench,rank,deepseek,G1_tool,3,top10,0.01,0.15,0.2,10,,,0
toolbench,rank,deepseek,G1_tool,3,top10,0.01,0.15,0.3,10,,,0
toolbench,rank,deepseek,G1_tool,3,top10,0.01,0.15,0.5,10,20,2.0,12
toolbench,rank,deepseek,G1_tool,3,top10,0.01,0.15,0.7,10,,,0
toolbench,rank,deepseek,G1_tool,3,top10,0.01,0.2,0.0,10,20,2.0,20
toolbench,rank,deepseek,G1_tool,3,top10,0.01,0.2,0.1,10,,,0
toolbench,rank,deepseek,G1_tool,3,top10,0.01,0.2,0.2,10,,,0
toolbench,rank,deepseek,G1_tool,3,top10,0.01,0.2,0.3,10,,,0
toolbench,rank,deepseek,G1_tool,3,top10,0.01,0.2,0.5,10,,,0
toolbench,rank,deepseek,G1_tool,3,top10,0.01,0.2,0.7,10,,,0
toolbench,rank,deepseek,G1_tool,3,top10,0.01,0.3,0.0,10,10,1.0,10
toolbench,rank,deepseek,G1_tool,3,top10,0.01,0.3,0.1,10,,,0
toolbench,rank,deepseek,G1_tool,3,top10,0.01,0.3,0.2,10,,,0
toolbench,rank,deepseek,G1_tool,3,top10,0.01,0.3,0.3,10,,,0
toolbench,rank,deepseek,G1_tool,3,top10,0.01,0.3,0.5,10,,,0
toolbench,rank,deepseek,G1_tool,3,top10,0.01,0.3,0.7,10,,,0
toolbench,rank,deepseek,G1_tool,3,top10,0.01,0.5,0.0,10,,,0
toolbench,rank,deepseek,G1_tool,3,top10,0.01,0.5,0.1,10,,,0
toolbench,rank,deepseek,G1_tool,3,top10,0.01,0.5,0.2,10,,,0
toolbench,rank,deepseek,G1_tool,3,top10,0.01,0.5,0.3,10,20,2.0,14
toolbench,rank,deepseek,G1_tool,3,top10,0.01,0.5,0.5,10,,,0
toolbench,rank,deepseek,G1_tool,3,top10,0.01,0.5,0.7,10,,,0
toolbench,rank,deepseek,G1_tool,3,top2,0.01,0.0,0.0,,,,0
toolbench,rank,deepseek,G1_tool,3,top2,0.01,0.0,0.1,,,,0
toolbench,rank,deepseek,G1_tool,3,top2,0.01,0.0,0.2,,,,0
toolbench,rank,deepseek,G1_tool,3,top2,0.01,0.0,0.3,,,,0
toolbench,rank,deepseek,G1_tool,3,top2,0.01,0.0,0.5,,,,0
toolbench,rank,deepseek,G1_tool,3,top2,0.01,0.0,0.7,,,,0
toolbench,rank,deepseek,G1_tool,3,top2,0.01,0.05,0.0,,,,0
toolbench,rank,deepseek,G1_tool,3,top2,0.01,0.05,0.1,,,,0
toolbench,rank,deepseek,G1_tool,3,top2,0.01,0.05,0.2,,,,0
toolbench,rank,deepseek,G1_tool,3,top2,0.01,0.05,0.3,,,,0
toolbench,rank,deepseek,G1_tool,3,top2,0.01,0.05,0.5,,,,0
toolbench,rank,deepseek,G1_tool,3,top2,0.01,0.05,0.7,,,,0
toolbench,rank,deepseek,G1_tool,3,top2,0.01,0.1,0.0,,,,0
toolbench,rank,deepseek,G1_tool,3,top2,0.01,0.1,0.1,,,,0
toolbench,rank,deepseek,G1_tool,3,top2,0.01,0.1,0.2,,,,0
toolbench,rank,deepseek,G1_tool,3,top2,0.01,0.1,0.3,,,,0
toolbench,rank,deepseek,G1_tool,3,top2,0.01,0.1,0.5,,,,0
toolbench,rank,deepseek,G1_tool,3,top2,0.01,0.1,0.7,,,,0
toolbench,rank,deepseek,G1_tool,3,top2,0.01,0.15,0.0,,,,0
toolbench,rank,deepseek,G1_tool,3,top2,0.01,0.15,0.1,,,,0
toolbench,rank,deepseek,G1_tool,3,top2,0.01,0.15,0.2,,,,0
toolbench,rank,deepseek,G1_tool,3,top2,0.01,0.15,0.3,,,,0
toolbench,rank,deepseek,G1_tool,3,top2,0.01,0.15,0.5,,,,0
toolbench,rank,deepseek,G1_tool,3,top2,0.01,0.15,0.7,,,,0
toolbench,rank,deepseek,G1_tool,3,top2,0.01,0.2,0.0,,,,0
toolbench,rank,deepseek,G1_tool,3,top2,0.01,0.2,0.1,,,,0
toolbench,rank,deepseek,G1_tool,3,top2,0.01,0.2,0.2,,,,0
toolbench,rank,deepseek,G1_tool,3,top2,0.01,0.2,0.3,,,,0
toolbench,rank,deepseek,G1_tool,3,top2,0.01,0.2,0.5,,,,0
toolbench,rank,deepseek,G1_tool,3,top2,0.01,0.2,0.7,,,,0
toolbench,rank,deepseek,G1_tool,3,top2,0.01,0.3,0.0,,,,0
toolbench,rank,deepseek,G1_tool,3,top2,0.01,0.3,0.1,,,,0
toolbench,rank,deepseek,G1_tool,3,top2,0.01,0.3,0.2,,,,0
toolbench,rank,deepseek,G1_tool,3,top2,0.01,0.3,0.3,,,,0
toolbench,rank,deepseek,G1_tool,3,top2,0.01,0.3,0.5,,,,0
toolbench,rank,deepseek,G1_tool,3,top2,0.01,0.3,0.7,,,,0
toolbench,rank,deepseek,G1_tool,3,top2,0.01,0.5,0.0,,,,0
toolbench,rank,deepseek,G1_tool,3,top2,0.01,0.5,0.1,,,,0
toolbench,rank,deepseek,G1_tool,3,top2,0.01,0.5,0.2,,,,0
toolbench,rank,deepseek,G1_tool,3,top2,0.01,0.5,0.3,,,,0
toolbench,rank,deepseek,G1_tool,3,top2,0.01,0.5,0.5,,,,0
toolbench,rank,deepseek,G1_tool,3,top2,0.01,0.5,0.7,,,,0
toolbench,rank,deepseek,G1_tool,3,top3,0.01,0.0,0.0,10,10,1.0,10
toolbench,rank,deepseek,G1_tool,3,top3,0.01,0.0,0.1,10,10,1.0,9
toolbench,rank,deepseek,G1_tool,3,top3,0.01,0.0,0.2,10,10,1.0,8
toolbench,rank,deepseek,G1_tool,3,top3,0.01,0.0,0.3,10,10,1.0,9
toolbench,rank,deepseek,G1_tool,3,top3,0.01,0.0,0.5,10,,,0
toolbench,rank,deepseek,G1_tool,3,top3,0.01,0.0,0.7,10,10,1.0,7
toolbench,rank,deepseek,G1_tool,3,top3,0.01,0.05,0.0,10,10,1.0,10
toolbench,rank,deepseek,G1_tool,3,top3,0.01,0.05,0.1,10,10,1.0,10
toolbench,rank,deepseek,G1_tool,3,top3,0.01,0.05,0.2,10,,,0
toolbench,rank,deepseek,G1_tool,3,top3,0.01,0.05,0.3,10,10,1.0,7
toolbench,rank,deepseek,G1_tool,3,top3,0.01,0.05,0.5,10,,,0
toolbench,rank,deepseek,G1_tool,3,top3,0.01,0.05,0.7,10,,,0
toolbench,rank,deepseek,G1_tool,3,top3,0.01,0.1,0.0,10,,,0
toolbench,rank,deepseek,G1_tool,3,top3,0.01,0.1,0.1,10,,,0
toolbench,rank,deepseek,G1_tool,3,top3,0.01,0.1,0.2,10,,,0
toolbench,rank,deepseek,G1_tool,3,top3,0.01,0.1,0.3,10,,,0
toolbench,rank,deepseek,G1_tool,3,top3,0.01,0.1,0.5,10,,,0
toolbench,rank,deepseek,G1_tool,3,top3,0.01,0.1,0.7,10,,,0
toolbench,rank,deepseek,G1_tool,3,top3,0.01,0.15,0.0,10,,,0
toolbench,rank,deepseek,G1_tool,3,top3,0.01,0.15,0.1,10,10,1.0,9
toolbench,rank,deepseek,G1_tool,3,top3,0.01,0.15,0.2,10,10,1.0,8
toolbench,rank,deepseek,G1_tool,3,top3,0.01,0.15,0.3,10,,,0
toolbench,rank,deepseek,G1_tool,3,top3,0.01,0.15,0.5,10,,,0
toolbench,rank,deepseek,G1_tool,3,top3,0.01,0.15,0.7,10,,,0
toolbench,rank,deepseek,G1_tool,3,top3,0.01,0.2,0.0,10,,,0
toolbench,rank,deepseek,G1_tool,3,top3,0.01,0.2,0.1,10,,,0
toolbench,rank,deepseek,G1_tool,3,top3,0.01,0.2,0.2,10,,,0
toolbench,rank,deepseek,G1_tool,3,top3,0.01,0.2,0.3,10,,,0
toolbench,rank,deepseek,G1_tool,3,top3,0.01,0.2,0.5,10,,,0
toolbench,rank,deepseek,G1_tool,3,top3,0.01,0.2,0.7,10,,,0
toolbench,rank,deepseek,G1_tool,3,top3,0.01,0.3,0.0,10,,,0
toolbench,rank,deepseek,G1_tool,3,top3,0.01,0.3,0.1,10,,,0
toolbench,rank,deepseek,G1_tool,3,top3,0.01,0.3,0.2,10,,,0
toolbench,rank,deepseek,G1_tool,3,top3,0.01,0.3,0.3,10,,,0
toolbench,rank,deepseek,G1_tool,3,top3,0.01,0.3,0.5,10,,,0
toolbench,rank,deepseek,G1_tool,3,top3,0.01,0.3,0.7,10,,,0
toolbench,rank,deepseek,G1_tool,3,top3,0.01,0.5,0.0,10,,,0
toolbench,rank,deepseek,G1_tool,3,top3,0.01,0.5,0.1,10,,,0
toolbench,rank,deepseek,G1_tool,3,top3,0.01,0.5,0.2,10,,,0
toolbench,rank,deepseek,G1_tool,3,top3,0.01,0.5,0.3,10,10,1.0,7
toolbench,rank,deepseek,G1_tool,3,top3,0.01,0.5,0.5,10,,,0
toolbench,rank,deepseek,G1_tool,3,top3,0.01,0.5,0.7,10,,,0
toolbench,rank,deepseek,G1_tool,3,top5,0.01,0.0,0.0,10,10,1.0,10
toolbench,rank,deepseek,G1_tool,3,top5,0.01,0.0,0.1,10,10,1.0,10
toolbench,rank,deepseek,G1_tool,3,top5,0.01,0.0,0.2,10,10,1.0,10
toolbench,rank,deepseek,G1_tool,3,top5,0.01,0.0,0.3,10,10,1.0,7
toolbench,rank,deepseek,G1_tool,3,top5,0.01,0.0,0.5,10,,,0
toolbench,rank,deepseek,G1_tool,3,top5,0.01,0.0,0.7,10,,,0
toolbench,rank,deepseek,G1_tool,3,top5,0.01,0.05,0.0,10,10,1.0,10
toolbench,rank,deepseek,G1_tool,3,top5,0.01,0.05,0.1,10,10,1.0,10
toolbench,rank,deepseek,G1_tool,3,top5,0.01,0.05,0.2,10,10,1.0,9
toolbench,rank,deepseek,G1_tool,3,top5,0.01,0.05,0.3,10,,,0
toolbench,rank,deepseek,G1_tool,3,top5,0.01,0.05,0.5,10,,,0
toolbench,rank,deepseek,G1_tool,3,top5,0.01,0.05,0.7,10,,,0
toolbench,rank,deepseek,G1_tool,3,top5,0.01,0.1,0.0,10,10,1.0,10
toolbench,rank,deepseek,G1_tool,3,top5,0.01,0.1,0.1,10,,,0
toolbench,rank,deepseek,G1_tool,3,top5,0.01,0.1,0.2,10,,,0
toolbench,rank,deepseek,G1_tool,3,top5,0.01,0.1,0.3,10,,,0
toolbench,rank,deepseek,G1_tool,3,top5,0.01,0.1,0.5,10,,,0
toolbench,rank,deepseek,G1_tool,3,top5,0.01,0.1,0.7,10,,,0
toolbench,rank,deepseek,G1_tool,3,top5,0.01,0.15,0.0,10,,,0
toolbench,rank,deepseek,G1_tool,3,top5,0.01,0.15,0.1,10,,,0
toolbench,rank,deepseek,G1_tool,3,top5,0.01,0.15,0.2,10,,,0
toolbench,rank,deepseek,G1_tool,3,top5,0.01,0.15,0.3,10,10,1.0,7
toolbench,rank,deepseek,G1_tool,3,top5,0.01,0.15,0.5,10,,,0
toolbench,rank,deepseek,G1_tool,3,top5,0.01,0.15,0.7,10,,,0
toolbench,rank,deepseek,G1_tool,3,top5,0.01,0.2,0.0,10,,,0
toolbench,rank,deepseek,G1_tool,3,top5,0.01,0.2,0.1,10,10,1.0,8
toolbench,rank,deepseek,G1_tool,3,top5,0.01,0.2,0.2,10,,,0
toolbench,rank,deepseek,G1_tool,3,top5,0.01,0.2,0.3,10,,,0
toolbench,rank,deepseek,G1_tool,3,top5,0.01,0.2,0.5,10,,,0
toolbench,rank,deepseek,G1_tool,3,top5,0.01,0.2,0.7,10,,,0
toolbench,rank,deepseek,G1_tool,3,top5,0.01,0.3,0.0,10,,,0
toolbench,rank,deepseek,G1_tool,3,top5,0.01,0.3,0.1,10,,,0
toolbench,rank,deepseek,G1_tool,3,top5,0.01,0.3,0.2,10,,,0
toolbench,rank,deepseek,G1_tool,3,top5,0.01,0.3,0.3,10,,,0
toolbench,rank,deepseek,G1_tool,3,top5,0.01,0.3,0.5,10,,,0
toolbench,rank,deepseek,G1_tool,3,top5,0.01,0.3,0.7,10,,,0
toolbench,rank,deepseek,G1_tool,3,top5,0.01,0.5,0.0,10,,,0
toolbench,rank,deepseek,G1_tool,3,top5,0.01,0.5,0.1,10,,,0
toolbench,rank,deepseek,G1_tool,3,top5,0.01,0.5,0.2,10,,,0
toolbench,rank,deepseek,G1_tool,3,top5,0.01,0.5,0.3,10,,,0
toolbench,rank,deepseek,G1_tool,3,top5,0.01,0.5,0.5,10,,,0
toolbench,rank,deepseek,G1_tool,3,top5,0.01,0.5,0.7,10,,,0
toolbench,rank,deepseek,G2_category,1,full_rank,0.01,0.0,0.0,10,10,1.0,10
toolbench,rank,deepseek,G2_category,1,full_rank,0.01,0.0,0.1,10,10,1.0,8
toolbench,rank,deepseek,G2_category,1,full_rank,0.01,0.0,0.2,10,10,1.0,9
toolbench,rank,deepseek,G2_category,1,full_rank,0.01,0.0,0.3,10,10,1.0,7
toolbench,rank,deepseek,G2_category,1,full_rank,0.01,0.0,0.5,10,10,1.0,7
toolbench,rank,deepseek,G2_category,1,full_rank,0.01,0.0,0.7,10,,,0
toolbench,rank,deepseek,G2_category,1,full_rank,0.01,0.05,0.0,10,10,1.0,10
toolbench,rank,deepseek,G2_category,1,full_rank,0.01,0.05,0.1,10,10,1.0,9
toolbench,rank,deepseek,G2_category,1,full_rank,0.01,0.05,0.2,10,20,2.0,13
toolbench,rank,deepseek,G2_category,1,full_rank,0.01,0.05,0.3,10,20,2.0,14
toolbench,rank,deepseek,G2_category,1,full_rank,0.01,0.05,0.5,10,20,2.0,8
toolbench,rank,deepseek,G2_category,1,full_rank,0.01,0.05,0.7,10,,,0
toolbench,rank,deepseek,G2_category,1,full_rank,0.01,0.1,0.0,10,20,2.0,20
toolbench,rank,deepseek,G2_category,1,full_rank,0.01,0.1,0.1,10,10,1.0,8
toolbench,rank,deepseek,G2_category,1,full_rank,0.01,0.1,0.2,10,20,2.0,15
toolbench,rank,deepseek,G2_category,1,full_rank,0.01,0.1,0.3,10,20,2.0,16
toolbench,rank,deepseek,G2_category,1,full_rank,0.01,0.1,0.5,10,20,2.0,11
toolbench,rank,deepseek,G2_category,1,full_rank,0.01,0.1,0.7,10,,,0
toolbench,rank,deepseek,G2_category,1,full_rank,0.01,0.15,0.0,10,10,1.0,10
toolbench,rank,deepseek,G2_category,1,full_rank,0.01,0.15,0.1,10,20,2.0,20
toolbench,rank,deepseek,G2_category,1,full_rank,0.01,0.15,0.2,10,20,2.0,15
toolbench,rank,deepseek,G2_category,1,full_rank,0.01,0.15,0.3,10,,,0
toolbench,rank,deepseek,G2_category,1,full_rank,0.01,0.15,0.5,10,,,0
toolbench,rank,deepseek,G2_category,1,full_rank,0.01,0.15,0.7,10,,,0
toolbench,rank,deepseek,G2_category,1,full_rank,0.01,0.2,0.0,10,20,2.0,20
toolbench,rank,deepseek,G2_category,1,full_rank,0.01,0.2,0.1,10,,,0
toolbench,rank,deepseek,G2_category,1,full_rank,0.01,0.2,0.2,10,20,2.0,18
toolbench,rank,deepseek,G2_category,1,full_rank,0.01,0.2,0.3,10,,,0
toolbench,rank,deepseek,G2_category,1,full_rank,0.01,0.2,0.5,10,,,0
toolbench,rank,deepseek,G2_category,1,full_rank,0.01,0.2,0.7,10,,,0
toolbench,rank,deepseek,G2_category,1,full_rank,0.01,0.3,0.0,10,,,0
toolbench,rank,deepseek,G2_category,1,full_rank,0.01,0.3,0.1,10,,,0
toolbench,rank,deepseek,G2_category,1,full_rank,0.01,0.3,0.2,10,,,0
toolbench,rank,deepseek,G2_category,1,full_rank,0.01,0.3,0.3,10,,,0
toolbench,rank,deepseek,G2_category,1,full_rank,0.01,0.3,0.5,10,,,0
toolbench,rank,deepseek,G2_category,1,full_rank,0.01,0.3,0.7,10,,,0
toolbench,rank,deepseek,G2_category,1,full_rank,0.01,0.5,0.0,10,,,0
toolbench,rank,deepseek,G2_category,1,full_rank,0.01,0.5,0.1,10,,,0
toolbench,rank,deepseek,G2_category,1,full_rank,0.01,0.5,0.2,10,,,0
toolbench,rank,deepseek,G2_category,1,full_rank,0.01,0.5,0.3,10,,,0
toolbench,rank,deepseek,G2_category,1,full_rank,0.01,0.5,0.5,10,,,0
toolbench,rank,deepseek,G2_category,1,full_rank,0.01,0.5,0.7,10,,,0
toolbench,rank,deepseek,G2_category,1,top10,0.01,0.0,0.0,10,10,1.0,10
toolbench,rank,deepseek,G2_category,1,top10,0.01,0.0,0.1,10,10,1.0,8
toolbench,rank,deepseek,G2_category,1,top10,0.01,0.0,0.2,10,10,1.0,7
toolbench,rank,deepseek,G2_category,1,top10,0.01,0.0,0.3,10,10,1.0,7
toolbench,rank,deepseek,G2_category,1,top10,0.01,0.0,0.5,10,20,2.0,7
toolbench,rank,deepseek,G2_category,1,top10,0.01,0.0,0.7,10,,,0
toolbench,rank,deepseek,G2_category,1,top10,0.01,0.05,0.0,10,10,1.0,10
toolbench,rank,deepseek,G2_category,1,top10,0.01,0.05,0.1,10,20,2.0,16
toolbench,rank,deepseek,G2_category,1,top10,0.01,0.05,0.2,10,10,1.0,8
toolbench,rank,deepseek,G2_category,1,top10,0.01,0.05,0.3,10,10,1.0,8
toolbench,rank,deepseek,G2_category,1,top10,0.01,0.05,0.5,10,20,2.0,12
toolbench,rank,deepseek,G2_category,1,top10,0.01,0.05,0.7,10,,,0
toolbench,rank,deepseek,G2_category,1,top10,0.01,0.1,0.0,10,20,2.0,20
toolbench,rank,deepseek,G2_category,1,top10,0.01,0.1,0.1,10,10,1.0,8
toolbench,rank,deepseek,G2_category,1,top10,0.01,0.1,0.2,10,20,2.0,16
toolbench,rank,deepseek,G2_category,1,top10,0.01,0.1,0.3,10,,,0
toolbench,rank,deepseek,G2_category,1,top10,0.01,0.1,0.5,10,20,2.0,7
toolbench,rank,deepseek,G2_category,1,top10,0.01,0.1,0.7,10,,,0
toolbench,rank,deepseek,G2_category,1,top10,0.01,0.15,0.0,10,20,2.0,20
toolbench,rank,deepseek,G2_category,1,top10,0.01,0.15,0.1,10,,,0
toolbench,rank,deepseek,G2_category,1,top10,0.01,0.15,0.2,10,,,0
toolbench,rank,deepseek,G2_category,1,top10,0.01,0.15,0.3,10,,,0
toolbench,rank,deepseek,G2_category,1,top10,0.01,0.15,0.5,10,,,0
toolbench,rank,deepseek,G2_category,1,top10,0.01,0.15,0.7,10,,,0
toolbench,rank,deepseek,G2_category,1,top10,0.01,0.2,0.0,10,,,0
toolbench,rank,deepseek,G2_category,1,top10,0.01,0.2,0.1,10,10,1.0,7
toolbench,rank,deepseek,G2_category,1,top10,0.01,0.2,0.2,10,20,2.0,13
toolbench,rank,deepseek,G2_category,1,top10,0.01,0.2,0.3,10,20,2.0,18
toolbench,rank,deepseek,G2_category,1,top10,0.01,0.2,0.5,10,,,0
toolbench,rank,deepseek,G2_category,1,top10,0.01,0.2,0.7,10,,,0
toolbench,rank,deepseek,G2_category,1,top10,0.01,0.3,0.0,10,20,2.0,20
toolbench,rank,deepseek,G2_category,1,top10,0.01,0.3,0.1,10,20,2.0,20
toolbench,rank,deepseek,G2_category,1,top10,0.01,0.3,0.2,10,10,1.0,8
toolbench,rank,deepseek,G2_category,1,top10,0.01,0.3,0.3,10,,,0
toolbench,rank,deepseek,G2_category,1,top10,0.01,0.3,0.5,10,,,0
toolbench,rank,deepseek,G2_category,1,top10,0.01,0.3,0.7,10,,,0
toolbench,rank,deepseek,G2_category,1,top10,0.01,0.5,0.0,10,,,0
toolbench,rank,deepseek,G2_category,1,top10,0.01,0.5,0.1,10,,,0
toolbench,rank,deepseek,G2_category,1,top10,0.01,0.5,0.2,10,,,0
toolbench,rank,deepseek,G2_category,1,top10,0.01,0.5,0.3,10,,,0
toolbench,rank,deepseek,G2_category,1,top10,0.01,0.5,0.5,10,,,0
toolbench,rank,deepseek,G2_category,1,top10,0.01,0.5,0.7,10,,,0
toolbench,rank,deepseek,G2_category,1,top2,0.01,0.0,0.0,10,10,1.0,10
toolbench,rank,deepseek,G2_category,1,top2,0.01,0.0,0.1,10,10,1.0,9
toolbench,rank,deepseek,G2_category,1,top2,0.01,0.0,0.2,10,10,1.0,7
toolbench,rank,deepseek,G2_category,1,top2,0.01,0.0,0.3,10,10,1.0,7
toolbench,rank,deepseek,G2_category,1,top2,0.01,0.0,0.5,10,10,1.0,9
toolbench,rank,deepseek,G2_category,1,top2,0.01,0.0,0.7,10,,,0
toolbench,rank,deepseek,G2_category,1,top2,0.01,0.05,0.0,10,,,0
toolbench,rank,deepseek,G2_category,1,top2,0.01,0.05,0.1,10,10,1.0,7
toolbench,rank,deepseek,G2_category,1,top2,0.01,0.05,0.2,10,10,1.0,9
toolbench,rank,deepseek,G2_category,1,top2,0.01,0.05,0.3,10,10,1.0,8
toolbench,rank,deepseek,G2_category,1,top2,0.01,0.05,0.5,10,,,0
toolbench,rank,deepseek,G2_category,1,top2,0.01,0.05,0.7,10,,,0
toolbench,rank,deepseek,G2_category,1,top2,0.01,0.1,0.0,10,,,0
toolbench,rank,deepseek,G2_category,1,top2,0.01,0.1,0.1,10,10,1.0,10
toolbench,rank,deepseek,G2_category,1,top2,0.01,0.1,0.2,10,10,1.0,10
toolbench,rank,deepseek,G2_category,1,top2,0.01,0.1,0.3,10,,,0
toolbench,rank,deepseek,G2_category,1,top2,0.01,0.1,0.5,10,,,0
toolbench,rank,deepseek,G2_category,1,top2,0.01,0.1,0.7,10,,,0
toolbench,rank,deepseek,G2_category,1,top2,0.01,0.15,0.0,10,,,0
toolbench,rank,deepseek,G2_category,1,top2,0.01,0.15,0.1,10,,,0
toolbench,rank,deepseek,G2_category,1,top2,0.01,0.15,0.2,10,,,0
toolbench,rank,deepseek,G2_category,1,top2,0.01,0.15,0.3,10,,,0
toolbench,rank,deepseek,G2_category,1,top2,0.01,0.15,0.5,10,,,0
toolbench,rank,deepseek,G2_category,1,top2,0.01,0.15,0.7,10,,,0
toolbench,rank,deepseek,G2_category,1,top2,0.01,0.2,0.0,10,,,0
toolbench,rank,deepseek,G2_category,1,top2,0.01,0.2,0.1,10,,,0
toolbench,rank,deepseek,G2_category,1,top2,0.01,0.2,0.2,10,,,0
toolbench,rank,deepseek,G2_category,1,top2,0.01,0.2,0.3,10,,,0
toolbench,rank,deepseek,G2_category,1,top2,0.01,0.2,0.5,10,,,0
toolbench,rank,deepseek,G2_category,1,top2,0.01,0.2,0.7,10,,,0
toolbench,rank,deepseek,G2_category,1,top2,0.01,0.3,0.0,10,,,0
toolbench,rank,deepseek,G2_category,1,top2,0.01,0.3,0.1,10,,,0
toolbench,rank,deepseek,G2_category,1,top2,0.01,0.3,0.2,10,,,0
toolbench,rank,deepseek,G2_category,1,top2,0.01,0.3,0.3,10,,,0
toolbench,rank,deepseek,G2_category,1,top2,0.01,0.3,0.5,10,,,0
toolbench,rank,deepseek,G2_category,1,top2,0.01,0.3,0.7,10,,,0
toolbench,rank,deepseek,G2_category,1,top2,0.01,0.5,0.0,10,,,0
toolbench,rank,deepseek,G2_category,1,top2,0.01,0.5,0.1,10,,,0
toolbench,rank,deepseek,G2_category,1,top2,0.01,0.5,0.2,10,,,0
toolbench,rank,deepseek,G2_category,1,top2,0.01,0.5,0.3,10,,,0
toolbench,rank,deepseek,G2_category,1,top2,0.01,0.5,0.5,10,,,0
toolbench,rank,deepseek,G2_category,1,top2,0.01,0.5,0.7,10,,,0
toolbench,rank,deepseek,G2_category,1,top3,0.01,0.0,0.0,10,10,1.0,10
toolbench,rank,deepseek,G2_category,1,top3,0.01,0.0,0.1,10,10,1.0,9
toolbench,rank,deepseek,G2_category,1,top3,0.01,0.0,0.2,10,10,1.0,9
toolbench,rank,deepseek,G2_category,1,top3,0.01,0.0,0.3,10,10,1.0,7
toolbench,rank,deepseek,G2_category,1,top3,0.01,0.0,0.5,10,,,0
toolbench,rank,deepseek,G2_category,1,top3,0.01,0.0,0.7,10,,,0
toolbench,rank,deepseek,G2_category,1,top3,0.01,0.05,0.0,10,,,0
toolbench,rank,deepseek,G2_category,1,top3,0.01,0.05,0.1,10,10,1.0,9
toolbench,rank,deepseek,G2_category,1,top3,0.01,0.05,0.2,10,10,1.0,10
toolbench,rank,deepseek,G2_category,1,top3,0.01,0.05,0.3,10,10,1.0,7
toolbench,rank,deepseek,G2_category,1,top3,0.01,0.05,0.5,10,,,0
toolbench,rank,deepseek,G2_category,1,top3,0.01,0.05,0.7,10,,,0
toolbench,rank,deepseek,G2_category,1,top3,0.01,0.1,0.0,10,,,0
toolbench,rank,deepseek,G2_category,1,top3,0.01,0.1,0.1,10,,,0
toolbench,rank,deepseek,G2_category,1,top3,0.01,0.1,0.2,10,,,0
toolbench,rank,deepseek,G2_category,1,top3,0.01,0.1,0.3,10,,,0
toolbench,rank,deepseek,G2_category,1,top3,0.01,0.1,0.5,10,10,1.0,8
toolbench,rank,deepseek,G2_category,1,top3,0.01,0.1,0.7,10,,,0
toolbench,rank,deepseek,G2_category,1,top3,0.01,0.15,0.0,10,10,1.0,10
toolbench,rank,deepseek,G2_category,1,top3,0.01,0.15,0.1,10,,,0
toolbench,rank,deepseek,G2_category,1,top3,0.01,0.15,0.2,10,,,0
toolbench,rank,deepseek,G2_category,1,top3,0.01,0.15,0.3,10,,,0
toolbench,rank,deepseek,G2_category,1,top3,0.01,0.15,0.5,10,,,0
toolbench,rank,deepseek,G2_category,1,top3,0.01,0.15,0.7,10,,,0
toolbench,rank,deepseek,G2_category,1,top3,0.01,0.2,0.0,10,10,1.0,10
toolbench,rank,deepseek,G2_category,1,top3,0.01,0.2,0.1,10,,,0
toolbench,rank,deepseek,G2_category,1,top3,0.01,0.2,0.2,10,,,0
toolbench,rank,deepseek,G2_category,1,top3,0.01,0.2,0.3,10,,,0
toolbench,rank,deepseek,G2_category,1,top3,0.01,0.2,0.5,10,,,0
toolbench,rank,deepseek,G2_category,1,top3,0.01,0.2,0.7,10,,,0
toolbench,rank,deepseek,G2_category,1,top3,0.01,0.3,0.0,10,,,0
toolbench,rank,deepseek,G2_category,1,top3,0.01,0.3,0.1,10,,,0
toolbench,rank,deepseek,G2_category,1,top3,0.01,0.3,0.2,10,,,0
toolbench,rank,deepseek,G2_category,1,top3,0.01,0.3,0.3,10,,,0
toolbench,rank,deepseek,G2_category,1,top3,0.01,0.3,0.5,10,,,0
toolbench,rank,deepseek,G2_category,1,top3,0.01,0.3,0.7,10,,,0
toolbench,rank,deepseek,G2_category,1,top3,0.01,0.5,0.0,10,,,0
toolbench,rank,deepseek,G2_category,1,top3,0.01,0.5,0.1,10,,,0
toolbench,rank,deepseek,G2_category,1,top3,0.01,0.5,0.2,10,,,0
toolbench,rank,deepseek,G2_category,1,top3,0.01,0.5,0.3,10,,,0
toolbench,rank,deepseek,G2_category,1,top3,0.01,0.5,0.5,10,,,0
toolbench,rank,deepseek,G2_category,1,top3,0.01,0.5,0.7,10,,,0
toolbench,rank,deepseek,G2_category,1,top5,0.01,0.0,0.0,10,10,1.0,10
toolbench,rank,deepseek,G2_category,1,top5,0.01,0.0,0.1,10,10,1.0,9
toolbench,rank,deepseek,G2_category,1,top5,0.01,0.0,0.2,10,10,1.0,8
toolbench,rank,deepseek,G2_category,1,top5,0.01,0.0,0.3,10,20,2.0,12
toolbench,rank,deepseek,G2_category,1,top5,0.01,0.0,0.5,10,20,2.0,11
toolbench,rank,deepseek,G2_category,1,top5,0.01,0.0,0.7,10,,,0
toolbench,rank,deepseek,G2_category,1,top5,0.01,0.05,0.0,10,10,1.0,10
toolbench,rank,deepseek,G2_category,1,top5,0.01,0.05,0.1,10,10,1.0,9
toolbench,rank,deepseek,G2_category,1,top5,0.01,0.05,0.2,10,20,2.0,17
toolbench,rank,deepseek,G2_category,1,top5,0.01,0.05,0.3,10,10,1.0,7
toolbench,rank,deepseek,G2_category,1,top5,0.01,0.05,0.5,10,20,2.0,15
toolbench,rank,deepseek,G2_category,1,top5,0.01,0.05,0.7,10,,,0
toolbench,rank,deepseek,G2_category,1,top5,0.01,0.1,0.0,10,10,1.0,10
toolbench,rank,deepseek,G2_category,1,top5,0.01,0.1,0.1,10,20,2.0,19
toolbench,rank,deepseek,G2_category,1,top5,0.01,0.1,0.2,10,20,2.0,16
toolbench,rank,deepseek,G2_category,1,top5,0.01,0.1,0.3,10,10,1.0,8
toolbench,rank,deepseek,G2_category,1,top5,0.01,0.1,0.5,10,,,0
toolbench,rank,deepseek,G2_category,1,top5,0.01,0.1,0.7,10,,,0
toolbench,rank,deepseek,G2_category,1,top5,0.01,0.15,0.0,10,20,2.0,20
toolbench,rank,deepseek,G2_category,1,top5,0.01,0.15,0.1,10,20,2.0,19
toolbench,rank,deepseek,G2_category,1,top5,0.01,0.15,0.2,10,,,0
toolbench,rank,deepseek,G2_category,1,top5,0.01,0.15,0.3,10,,,0
toolbench,rank,deepseek,G2_category,1,top5,0.01,0.15,0.5,10,20,2.0,14
toolbench,rank,deepseek,G2_category,1,top5,0.01,0.15,0.7,10,,,0
toolbench,rank,deepseek,G2_category,1,top5,0.01,0.2,0.0,10,,,0
toolbench,rank,deepseek,G2_category,1,top5,0.01,0.2,0.1,10,,,0
toolbench,rank,deepseek,G2_category,1,top5,0.01,0.2,0.2,10,,,0
toolbench,rank,deepseek,G2_category,1,top5,0.01,0.2,0.3,10,20,2.0,15
toolbench,rank,deepseek,G2_category,1,top5,0.01,0.2,0.5,10,,,0
toolbench,rank,deepseek,G2_category,1,top5,0.01,0.2,0.7,10,,,0
toolbench,rank,deepseek,G2_category,1,top5,0.01,0.3,0.0,10,,,0
toolbench,rank,deepseek,G2_category,1,top5,0.01,0.3,0.1,10,,,0
toolbench,rank,deepseek,G2_category,1,top5,0.01,0.3,0.2,10,,,0
toolbench,rank,deepseek,G2_category,1,top5,0.01,0.3,0.3,10,,,0
toolbench,rank,deepseek,G2_category,1,top5,0.01,0.3,0.5,10,,,0
toolbench,rank,deepseek,G2_category,1,top5,0.01,0.3,0.7,10,,,0
toolbench,rank,deepseek,G2_category,1,top5,0.01,0.5,0.0,10,,,0
toolbench,rank,deepseek,G2_category,1,top5,0.01,0.5,0.1,10,,,0
toolbench,rank,deepseek,G2_category,1,top5,0.01,0.5,0.2,10,,,0
toolbench,rank,deepseek,G2_category,1,top5,0.01,0.5,0.3,10,,,0
toolbench,rank,deepseek,G2_category,1,top5,0.01,0.5,0.5,10,,,0
toolbench,rank,deepseek,G2_category,1,top5,0.01,0.5,0.7,10,,,0
toolbench,rank,deepseek,G2_category,2,full_rank,0.01,0.0,0.0,10,10,1.0,10
toolbench,rank,deepseek,G2_category,2,full_rank,0.01,0.0,0.1,10,10,1.0,8
toolbench,rank,deepseek,G2_category,2,full_rank,0.01,0.0,0.2,10,10,1.0,10
toolbench,rank,deepseek,G2_category,2,full_rank,0.01,0.0,0.3,10,20,2.0,12
toolbench,rank,deepseek,G2_category,2,full_rank,0.01,0.0,0.5,10,10,1.0,7
toolbench,rank,deepseek,G2_category,2,full_rank,0.01,0.0,0.7,10,30,3.0,8
toolbench,rank,deepseek,G2_category,2,full_rank,0.01,0.05,0.0,10,10,1.0,10
toolbench,rank,deepseek,G2_category,2,full_rank,0.01,0.05,0.1,10,10,1.0,8
toolbench,rank,deepseek,G2_category,2,full_rank,0.01,0.05,0.2,10,10,1.0,9
toolbench,rank,deepseek,G2_category,2,full_rank,0.01,0.05,0.3,10,20,2.0,16
toolbench,rank,deepseek,G2_category,2,full_rank,0.01,0.05,0.5,10,20,2.0,9
toolbench,rank,deepseek,G2_category,2,full_rank,0.01,0.05,0.7,10,30,3.0,11
toolbench,rank,deepseek,G2_category,2,full_rank,0.01,0.1,0.0,10,20,2.0,20
toolbench,rank,deepseek,G2_category,2,full_rank,0.01,0.1,0.1,10,20,2.0,18
toolbench,rank,deepseek,G2_category,2,full_rank,0.01,0.1,0.2,10,10,1.0,7
toolbench,rank,deepseek,G2_category,2,full_rank,0.01,0.1,0.3,10,20,2.0,14
toolbench,rank,deepseek,G2_category,2,full_rank,0.01,0.1,0.5,10,,,0
toolbench,rank,deepseek,G2_category,2,full_rank,0.01,0.1,0.7,10,,,0
toolbench,rank,deepseek,G2_category,2,full_rank,0.01,0.15,0.0,10,10,1.0,10
toolbench,rank,deepseek,G2_category,2,full_rank,0.01,0.15,0.1,10,30,3.0,26
toolbench,rank,deepseek,G2_category,2,full_rank,0.01,0.15,0.2,10,20,2.0,19
toolbench,rank,deepseek,G2_category,2,full_rank,0.01,0.15,0.3,10,20,2.0,13
toolbench,rank,deepseek,G2_category,2,full_rank,0.01,0.15,0.5,10,30,3.0,15
toolbench,rank,deepseek,G2_category,2,full_rank,0.01,0.15,0.7,10,,,0
toolbench,rank,deepseek,G2_category,2,full_rank,0.01,0.2,0.0,10,20,2.0,20
toolbench,rank,deepseek,G2_category,2,full_rank,0.01,0.2,0.1,10,,,0
toolbench,rank,deepseek,G2_category,2,full_rank,0.01,0.2,0.2,10,,,0
toolbench,rank,deepseek,G2_category,2,full_rank,0.01,0.2,0.3,10,20,2.0,14
toolbench,rank,deepseek,G2_category,2,full_rank,0.01,0.2,0.5,10,20,2.0,12
toolbench,rank,deepseek,G2_category,2,full_rank,0.01,0.2,0.7,10,20,2.0,7
toolbench,rank,deepseek,G2_category,2,full_rank,0.01,0.3,0.0,10,30,3.0,30
toolbench,rank,deepseek,G2_category,2,full_rank,0.01,0.3,0.1,10,30,3.0,29
toolbench,rank,deepseek,G2_category,2,full_rank,0.01,0.3,0.2,10,,,0
toolbench,rank,deepseek,G2_category,2,full_rank,0.01,0.3,0.3,10,10,1.0,7
toolbench,rank,deepseek,G2_category,2,full_rank,0.01,0.3,0.5,10,20,2.0,11
toolbench,rank,deepseek,G2_category,2,full_rank,0.01,0.3,0.7,10,,,0
toolbench,rank,deepseek,G2_category,2,full_rank,0.01,0.5,0.0,10,,,0
toolbench,rank,deepseek,G2_category,2,full_rank,0.01,0.5,0.1,10,,,0
toolbench,rank,deepseek,G2_category,2,full_rank,0.01,0.5,0.2,10,,,0
toolbench,rank,deepseek,G2_category,2,full_rank,0.01,0.5,0.3,10,,,0
toolbench,rank,deepseek,G2_category,2,full_rank,0.01,0.5,0.5,10,,,0
toolbench,rank,deepseek,G2_category,2,full_rank,0.01,0.5,0.7,10,30,3.0,8
toolbench,rank,deepseek,G2_category,2,top10,0.01,0.0,0.0,10,10,1.0,10
toolbench,rank,deepseek,G2_category,2,top10,0.01,0.0,0.1,10,10,1.0,10
toolbench,rank,deepseek,G2_category,2,top10,0.01,0.0,0.2,10,10,1.0,7
toolbench,rank,deepseek,G2_category,2,top10,0.01,0.0,0.3,10,10,1.0,8
toolbench,rank,deepseek,G2_category,2,top10,0.01,0.0,0.5,10,20,2.0,8
toolbench,rank,deepseek,G2_category,2,top10,0.01,0.0,0.7,10,20,2.0,7
toolbench,rank,deepseek,G2_category,2,top10,0.01,0.05,0.0,10,10,1.0,10
toolbench,rank,deepseek,G2_category,2,top10,0.01,0.05,0.1,10,10,1.0,8
toolbench,rank,deepseek,G2_category,2,top10,0.01,0.05,0.2,10,20,2.0,17
toolbench,rank,deepseek,G2_category,2,top10,0.01,0.05,0.3,10,20,2.0,14
toolbench,rank,deepseek,G2_category,2,top10,0.01,0.05,0.5,10,20,2.0,8
toolbench,rank,deepseek,G2_category,2,top10,0.01,0.05,0.7,10,,,0
toolbench,rank,deepseek,G2_category,2,top10,0.01,0.1,0.0,10,20,2.0,20
toolbench,rank,deepseek,G2_category,2,top10,0.01,0.1,0.1,10,10,1.0,10
toolbench,rank,deepseek,G2_category,2,top10,0.01,0.1,0.2,10,10,1.0,8
toolbench,rank,deepseek,G2_category,2,top10,0.01,0.1,0.3,10,30,3.0,18
toolbench,rank,deepseek,G2_category,2,top10,0.01,0.1,0.5,10,,,0
toolbench,rank,deepseek,G2_category,2,top10,0.01,0.1,0.7,10,30,3.0,10
toolbench,rank,deepseek,G2_category,2,top10,0.01,0.15,0.0,10,30,3.0,30
toolbench,rank,deepseek,G2_category,2,top10,0.01,0.15,0.1,10,20,2.0,19
toolbench,rank,deepseek,G2_category,2,top10,0.01,0.15,0.2,10,20,2.0,17
toolbench,rank,deepseek,G2_category,2,top10,0.01,0.15,0.3,10,30,3.0,21
toolbench,rank,deepseek,G2_category,2,top10,0.01,0.15,0.5,10,20,2.0,13
toolbench,rank,deepseek,G2_category,2,top10,0.01,0.15,0.7,10,,,0
toolbench,rank,deepseek,G2_category,2,top10,0.01,0.2,0.0,10,20,2.0,20
toolbench,rank,deepseek,G2_category,2,top10,0.01,0.2,0.1,10,20,2.0,18
toolbench,rank,deepseek,G2_category,2,top10,0.01,0.2,0.2,10,,,0
toolbench,rank,deepseek,G2_category,2,top10,0.01,0.2,0.3,10,10,1.0,9
toolbench,rank,deepseek,G2_category,2,top10,0.01,0.2,0.5,10,30,3.0,13
toolbench,rank,deepseek,G2_category,2,top10,0.01,0.2,0.7,10,,,0
toolbench,rank,deepseek,G2_category,2,top10,0.01,0.3,0.0,10,10,1.0,10
toolbench,rank,deepseek,G2_category,2,top10,0.01,0.3,0.1,10,,,0
toolbench,rank,deepseek,G2_category,2,top10,0.01,0.3,0.2,10,30,3.0,27
toolbench,rank,deepseek,G2_category,2,top10,0.01,0.3,0.3,10,,,0
toolbench,rank,deepseek,G2_category,2,top10,0.01,0.3,0.5,10,20,2.0,11
toolbench,rank,deepseek,G2_category,2,top10,0.01,0.3,0.7,10,,,0
toolbench,rank,deepseek,G2_category,2,top10,0.01,0.5,0.0,10,,,0
toolbench,rank,deepseek,G2_category,2,top10,0.01,0.5,0.1,10,,,0
toolbench,rank,deepseek,G2_category,2,top10,0.01,0.5,0.2,10,,,0
toolbench,rank,deepseek,G2_category,2,top10,0.01,0.5,0.3,10,,,0
toolbench,rank,deepseek,G2_category,2,top10,0.01,0.5,0.5,10,,,0
toolbench,rank,deepseek,G2_category,2,top10,0.01,0.5,0.7,10,,,0
toolbench,rank,deepseek,G2_category,2,top2,0.01,0.0,0.0,,,,0
toolbench,rank,deepseek,G2_category,2,top2,0.01,0.0,0.1,,,,0
toolbench,rank,deepseek,G2_category,2,top2,0.01,0.0,0.2,,,,0
toolbench,rank,deepseek,G2_category,2,top2,0.01,0.0,0.3,,,,0
toolbench,rank,deepseek,G2_category,2,top2,0.01,0.0,0.5,,,,0
toolbench,rank,deepseek,G2_category,2,top2,0.01,0.0,0.7,,,,0
toolbench,rank,deepseek,G2_category,2,top2,0.01,0.05,0.0,,,,0
toolbench,rank,deepseek,G2_category,2,top2,0.01,0.05,0.1,,,,0
toolbench,rank,deepseek,G2_category,2,top2,0.01,0.05,0.2,,,,0
toolbench,rank,deepseek,G2_category,2,top2,0.01,0.05,0.3,,,,0
toolbench,rank,deepseek,G2_category,2,top2,0.01,0.05,0.5,,,,0
toolbench,rank,deepseek,G2_category,2,top2,0.01,0.05,0.7,,,,0
toolbench,rank,deepseek,G2_category,2,top2,0.01,0.1,0.0,,,,0
toolbench,rank,deepseek,G2_category,2,top2,0.01,0.1,0.1,,,,0
toolbench,rank,deepseek,G2_category,2,top2,0.01,0.1,0.2,,,,0
toolbench,rank,deepseek,G2_category,2,top2,0.01,0.1,0.3,,,,0
toolbench,rank,deepseek,G2_category,2,top2,0.01,0.1,0.5,,,,0
toolbench,rank,deepseek,G2_category,2,top2,0.01,0.1,0.7,,,,0
toolbench,rank,deepseek,G2_category,2,top2,0.01,0.15,0.0,,,,0
toolbench,rank,deepseek,G2_category,2,top2,0.01,0.15,0.1,,,,0
toolbench,rank,deepseek,G2_category,2,top2,0.01,0.15,0.2,,,,0
toolbench,rank,deepseek,G2_category,2,top2,0.01,0.15,0.3,,,,0
toolbench,rank,deepseek,G2_category,2,top2,0.01,0.15,0.5,,,,0
toolbench,rank,deepseek,G2_category,2,top2,0.01,0.15,0.7,,,,0
toolbench,rank,deepseek,G2_category,2,top2,0.01,0.2,0.0,,,,0
toolbench,rank,deepseek,G2_category,2,top2,0.01,0.2,0.1,,,,0
toolbench,rank,deepseek,G2_category,2,top2,0.01,0.2,0.2,,,,0
toolbench,rank,deepseek,G2_category,2,top2,0.01,0.2,0.3,,,,0
toolbench,rank,deepseek,G2_category,2,top2,0.01,0.2,0.5,,,,0
toolbench,rank,deepseek,G2_category,2,top2,0.01,0.2,0.7,,,,0
toolbench,rank,deepseek,G2_category,2,top2,0.01,0.3,0.0,,,,0
toolbench,rank,deepseek,G2_category,2,top2,0.01,0.3,0.1,,,,0
toolbench,rank,deepseek,G2_category,2,top2,0.01,0.3,0.2,,,,0
toolbench,rank,deepseek,G2_category,2,top2,0.01,0.3,0.3,,,,0
toolbench,rank,deepseek,G2_category,2,top2,0.01,0.3,0.5,,,,0
toolbench,rank,deepseek,G2_category,2,top2,0.01,0.3,0.7,,,,0
toolbench,rank,deepseek,G2_category,2,top2,0.01,0.5,0.0,,,,0
toolbench,rank,deepseek,G2_category,2,top2,0.01,0.5,0.1,,,,0
toolbench,rank,deepseek,G2_category,2,top2,0.01,0.5,0.2,,,,0
toolbench,rank,deepseek,G2_category,2,top2,0.01,0.5,0.3,,,,0
toolbench,rank,deepseek,G2_category,2,top2,0.01,0.5,0.5,,,,0
toolbench,rank,deepseek,G2_category,2,top2,0.01,0.5,0.7,,,,0
toolbench,rank,deepseek,G2_category,2,top3,0.01,0.0,0.0,10,10,1.0,10
toolbench,rank,deepseek,G2_category,2,top3,0.01,0.0,0.1,10,10,1.0,10
toolbench,rank,deepseek,G2_category,2,top3,0.01,0.0,0.2,10,10,1.0,9
toolbench,rank,deepseek,G2_category,2,top3,0.01,0.0,0.3,10,,,0
toolbench,rank,deepseek,G2_category,2,top3,0.01,0.0,0.5,10,,,0
toolbench,rank,deepseek,G2_category,2,top3,0.01,0.0,0.7,10,,,0
toolbench,rank,deepseek,G2_category,2,top3,0.01,0.05,0.0,10,,,0
toolbench,rank,deepseek,G2_category,2,top3,0.01,0.05,0.1,10,,,0
toolbench,rank,deepseek,G2_category,2,top3,0.01,0.05,0.2,10,,,0
toolbench,rank,deepseek,G2_category,2,top3,0.01,0.05,0.3,10,,,0
toolbench,rank,deepseek,G2_category,2,top3,0.01,0.05,0.5,10,,,0
toolbench,rank,deepseek,G2_category,2,top3,0.01,0.05,0.7,10,,,0
toolbench,rank,deepseek,G2_category,2,top3,0.01,0.1,0.0,10,10,1.0,10
toolbench,rank,deepseek,G2_category,2,top3,0.01,0.1,0.1,10,,,0
toolbench,rank,deepseek,G2_category,2,top3,0.01,0.1,0.2,10,,,0
toolbench,rank,deepseek,G2_category,2,top3,0.01,0.1,0.3,10,,,0
toolbench,rank,deepseek,G2_category,2,top3,0.01,0.1,0.5,10,,,0
toolbench,rank,deepseek,G2_category,2,top3,0.01,0.1,0.7,10,,,0
toolbench,rank,deepseek,G2_category,2,top3,0.01,0.15,0.0,10,,,0
toolbench,rank,deepseek,G2_category,2,top3,0.01,0.15,0.1,10,,,0
toolbench,rank,deepseek,G2_category,2,top3,0.01,0.15,0.2,10,10,1.0,8
toolbench,rank,deepseek,G2_category,2,top3,0.01,0.15,0.3,10,10,1.0,9
toolbench,rank,deepseek,G2_category,2,top3,0.01,0.15,0.5,10,,,0
toolbench,rank,deepseek,G2_category,2,top3,0.01,0.15,0.7,10,,,0
toolbench,rank,deepseek,G2_category,2,top3,0.01,0.2,0.0,10,,,0
toolbench,rank,deepseek,G2_category,2,top3,0.01,0.2,0.1,10,,,0
toolbench,rank,deepseek,G2_category,2,top3,0.01,0.2,0.2,10,,,0
toolbench,rank,deepseek,G2_category,2,top3,0.01,0.2,0.3,10,,,0
toolbench,rank,deepseek,G2_category,2,top3,0.01,0.2,0.5,10,,,0
toolbench,rank,deepseek,G2_category,2,top3,0.01,0.2,0.7,10,,,0
toolbench,rank,deepseek,G2_category,2,top3,0.01,0.3,0.0,10,,,0
toolbench,rank,deepseek,G2_category,2,top3,0.01,0.3,0.1,10,,,0
toolbench,rank,deepseek,G2_category,2,top3,0.01,0.3,0.2,10,,,0
toolbench,rank,deepseek,G2_category,2,top3,0.01,0.3,0.3,10,,,0
toolbench,rank,deepseek,G2_category,2,top3,0.01,0.3,0.5,10,,,0
toolbench,rank,deepseek,G2_category,2,top3,0.01,0.3,0.7,10,,,0
toolbench,rank,deepseek,G2_category,2,top3,0.01,0.5,0.0,10,,,0
toolbench,rank,deepseek,G2_category,2,top3,0.01,0.5,0.1,10,,,0
toolbench,rank,deepseek,G2_category,2,top3,0.01,0.5,0.2,10,,,0
toolbench,rank,deepseek,G2_category,2,top3,0.01,0.5,0.3,10,,,0
toolbench,rank,deepseek,G2_category,2,top3,0.01,0.5,0.5,10,,,0
toolbench,rank,deepseek,G2_category,2,top3,0.01,0.5,0.7,10,,,0
toolbench,rank,deepseek,G2_category,2,top5,0.01,0.0,0.0,10,10,1.0,10
toolbench,rank,deepseek,G2_category,2,top5,0.01,0.0,0.1,10,10,1.0,10
toolbench,rank,deepseek,G2_category,2,top5,0.01,0.0,0.2,10,10,1.0,7
toolbench,rank,deepseek,G2_category,2,top5,0.01,0.0,0.3,10,,,0
toolbench,rank,deepseek,G2_category,2,top5,0.01,0.0,0.5,10,,,0
toolbench,rank,deepseek,G2_category,2,top5,0.01,0.0,0.7,10,,,0
toolbench,rank,deepseek,G2_category,2,top5,0.01,0.05,0.0,10,,,0
toolbench,rank,deepseek,G2_category,2,top5,0.01,0.05,0.1,10,10,1.0,10
toolbench,rank,deepseek,G2_category,2,top5,0.01,0.05,0.2,10,10,1.0,7
toolbench,rank,deepseek,G2_category,2,top5,0.01,0.05,0.3,10,,,0
toolbench,rank,deepseek,G2_category,2,top5,0.01,0.05,0.5,10,,,0
toolbench,rank,deepseek,G2_category,2,top5,0.01,0.05,0.7,10,,,0
toolbench,rank,deepseek,G2_category,2,top5,0.01,0.1,0.0,10,,,0
toolbench,rank,deepseek,G2_category,2,top5,0.01,0.1,0.1,10,,,0
toolbench,rank,deepseek,G2_category,2,top5,0.01,0.1,0.2,10,,,0
toolbench,rank,deepseek,G2_category,2,top5,0.01,0.1,0.3,10,10,1.0,7
toolbench,rank,deepseek,G2_category,2,top5,0.01,0.1,0.5,10,,,0
toolbench,rank,deepseek,G2_category,2,top5,0.01,0.1,0.7,10,,,0
toolbench,rank,deepseek,G2_category,2,top5,0.01,0.15,0.0,10,,,0
toolbench,rank,deepseek,G2_category,2,top5,0.01,0.15,0.1,10,10,1.0,10
toolbench,rank,deepseek,G2_category,2,top5,0.01,0.15,0.2,10,,,0
toolbench,rank,deepseek,G2_category,2,top5,0.01,0.15,0.3,10,10,1.0,8
toolbench,rank,deepseek,G2_category,2,top5,0.01,0.15,0.5,10,,,0
toolbench,rank,deepseek,G2_category,2,top5,0.01,0.15,0.7,10,,,0
toolbench,rank,deepseek,G2_category,2,top5,0.01,0.2,0.0,10,,,0
toolbench,rank,deepseek,G2_category,2,top5,0.01,0.2,0.1,10,,,0
toolbench,rank,deepseek,G2_category,2,top5,0.01,0.2,0.2,10,,,0
toolbench,rank,deepseek,G2_category,2,top5,0.01,0.2,0.3,10,,,0
toolbench,rank,deepseek,G2_category,2,top5,0.01,0.2,0.5,10,,,0
toolbench,rank,deepseek,G2_category,2,top5,0.01,0.2,0.7,10,,,0
toolbench,rank,deepseek,G2_category,2,top5,0.01,0.3,0.0,10,,,0
toolbench,rank,deepseek,G2_category,2,top5,0.01,0.3,0.1,10,,,0
toolbench,rank,deepseek,G2_category,2,top5,0.01,0.3,0.2,10,,,0
toolbench,rank,deepseek,G2_category,2,top5,0.01,0.3,0.3,10,,,0
toolbench,rank,deepseek,G2_category,2,top5,0.01,0.3,0.5,10,,,0
toolbench,rank,deepseek,G2_category,2,top5,0.01,0.3,0.7,10,,,0
toolbench,rank,deepseek,G2_category,2,top5,0.01,0.5,0.0,10,,,0
toolbench,rank,deepseek,G2_category,2,top5,0.01,0.5,0.1,10,,,0
toolbench,rank,deepseek,G2_category,2,top5,0.01,0.5,0.2,10,,,0
toolbench,rank,deepseek,G2_category,2,top5,0.01,0.5,0.3,10,,,0
toolbench,rank,deepseek,G2_category,2,top5,0.01,0.5,0.5,10,,,0
toolbench,rank,deepseek,G2_category,2,top5,0.01,0.5,0.7,10,,,0
toolbench,rank,deepseek,G2_category,3,full_rank,0.01,0.0,0.0,10,10,1.0,10
toolbench,rank,deepseek,G2_category,3,full_rank,0.01,0.0,0.1,10,10,1.0,10
toolbench,rank,deepseek,G2_category,3,full_rank,0.01,0.0,0.2,10,10,1.0,8
toolbench,rank,deepseek,G2_category,3,full_rank,0.01,0.0,0.3,10,10,1.0,9
toolbench,rank,deepseek,G2_category,3,full_rank,0.01,0.0,0.5,10,20,2.0,11
toolbench,rank,deepseek,G2_category,3,full_rank,0.01,0.0,0.7,10,20,2.0,8
toolbench,rank,deepseek,G2_category,3,full_rank,0.01,0.05,0.0,10,10,1.0,10
toolbench,rank,deepseek,G2_category,3,full_rank,0.01,0.05,0.1,10,10,1.0,9
toolbench,rank,deepseek,G2_category,3,full_rank,0.01,0.05,0.2,10,20,2.0,17
toolbench,rank,deepseek,G2_category,3,full_rank,0.01,0.05,0.3,10,20,2.0,13
toolbench,rank,deepseek,G2_category,3,full_rank,0.01,0.05,0.5,10,20,2.0,9
toolbench,rank,deepseek,G2_category,3,full_rank,0.01,0.05,0.7,10,20,2.0,9
toolbench,rank,deepseek,G2_category,3,full_rank,0.01,0.1,0.0,10,20,2.0,20
toolbench,rank,deepseek,G2_category,3,full_rank,0.01,0.1,0.1,10,20,2.0,18
toolbench,rank,deepseek,G2_category,3,full_rank,0.01,0.1,0.2,10,20,2.0,19
toolbench,rank,deepseek,G2_category,3,full_rank,0.01,0.1,0.3,10,10,1.0,8
toolbench,rank,deepseek,G2_category,3,full_rank,0.01,0.1,0.5,10,20,2.0,12
toolbench,rank,deepseek,G2_category,3,full_rank,0.01,0.1,0.7,10,,,0
toolbench,rank,deepseek,G2_category,3,full_rank,0.01,0.15,0.0,10,20,2.0,20
toolbench,rank,deepseek,G2_category,3,full_rank,0.01,0.15,0.1,10,30,3.0,26
toolbench,rank,deepseek,G2_category,3,full_rank,0.01,0.15,0.2,10,10,1.0,7
toolbench,rank,deepseek,G2_category,3,full_rank,0.01,0.15,0.3,10,10,1.0,7
toolbench,rank,deepseek,G2_category,3,full_rank,0.01,0.15,0.5,10,30,3.0,15
toolbench,rank,deepseek,G2_category,3,full_rank,0.01,0.15,0.7,10,30,3.0,7
toolbench,rank,deepseek,G2_category,3,full_rank,0.01,0.2,0.0,10,20,2.0,20
toolbench,rank,deepseek,G2_category,3,full_rank,0.01,0.2,0.1,10,20,2.0,18
toolbench,rank,deepseek,G2_category,3,full_rank,0.01,0.2,0.2,10,20,2.0,16
toolbench,rank,deepseek,G2_category,3,full_rank,0.01,0.2,0.3,10,,,0
toolbench,rank,deepseek,G2_category,3,full_rank,0.01,0.2,0.5,10,30,3.0,14
toolbench,rank,deepseek,G2_category,3,full_rank,0.01,0.2,0.7,10,,,0
toolbench,rank,deepseek,G2_category,3,full_rank,0.01,0.3,0.0,10,,,0
toolbench,rank,deepseek,G2_category,3,full_rank,0.01,0.3,0.1,10,,,0
toolbench,rank,deepseek,G2_category,3,full_rank,0.01,0.3,0.2,10,20,2.0,17
toolbench,rank,deepseek,G2_category,3,full_rank,0.01,0.3,0.3,10,,,0
toolbench,rank,deepseek,G2_category,3,full_rank,0.01,0.3,0.5,10,,,0
toolbench,rank,deepseek,G2_category,3,full_rank,0.01,0.3,0.7,10,,,0
toolbench,rank,deepseek,G2_category,3,full_rank,0.01,0.5,0.0,10,,,0
toolbench,rank,deepseek,G2_category,3,full_rank,0.01,0.5,0.1,10,,,0
toolbench,rank,deepseek,G2_category,3,full_rank,0.01,0.5,0.2,10,,,0
toolbench,rank,deepseek,G2_category,3,full_rank,0.01,0.5,0.3,10,,,0
toolbench,rank,deepseek,G2_category,3,full_rank,0.01,0.5,0.5,10,,,0
toolbench,rank,deepseek,G2_category,3,full_rank,0.01,0.5,0.7,10,,,0
toolbench,rank,deepseek,G2_category,3,top10,0.01,0.0,0.0,10,10,1.0,10
toolbench,rank,deepseek,G2_category,3,top10,0.01,0.0,0.1,10,10,1.0,10
toolbench,rank,deepseek,G2_category,3,top10,0.01,0.0,0.2,10,10,1.0,10
toolbench,rank,deepseek,G2_category,3,top10,0.01,0.0,0.3,10,10,1.0,7
toolbench,rank,deepseek,G2_category,3,top10,0.01,0.0,0.5,10,20,2.0,9
toolbench,rank,deepseek,G2_category,3,top10,0.01,0.0,0.7,10,30,3.0,7
toolbench,rank,deepseek,G2_category,3,top10,0.01,0.05,0.0,10,20,2.0,20
toolbench,rank,deepseek,G2_category,3,top10,0.01,0.05,0.1,10,20,2.0,18
toolbench,rank,deepseek,G2_category,3,top10,0.01,0.05,0.2,10,20,2.0,16
toolbench,rank,deepseek,G2_category,3,top10,0.01,0.05,0.3,10,20,2.0,10
toolbench,rank,deepseek,G2_category,3,top10,0.01,0.05,0.5,10,20,2.0,13
toolbench,rank,deepseek,G2_category,3,top10,0.01,0.05,0.7,10,20,2.0,9
toolbench,rank,deepseek,G2_category,3,top10,0.01,0.1,0.0,10,20,2.0,20
toolbench,rank,deepseek,G2_category,3,top10,0.01,0.1,0.1,10,20,2.0,19
toolbench,rank,deepseek,G2_category,3,top10,0.01,0.1,0.2,10,10,1.0,8
toolbench,rank,deepseek,G2_category,3,top10,0.01,0.1,0.3,10,10,1.0,7
toolbench,rank,deepseek,G2_category,3,top10,0.01,0.1,0.5,10,20,2.0,12
toolbench,rank,deepseek,G2_category,3,top10,0.01,0.1,0.7,10,,,0
toolbench,rank,deepseek,G2_category,3,top10,0.01,0.15,0.0,10,30,3.0,30
toolbench,rank,deepseek,G2_category,3,top10,0.01,0.15,0.1,10,30,3.0,28
toolbench,rank,deepseek,G2_category,3,top10,0.01,0.15,0.2,10,30,3.0,25
toolbench,rank,deepseek,G2_category,3,top10,0.01,0.15,0.3,10,10,1.0,7
toolbench,rank,deepseek,G2_category,3,top10,0.01,0.15,0.5,10,30,3.0,17
toolbench,rank,deepseek,G2_category,3,top10,0.01,0.15,0.7,10,,,0
toolbench,rank,deepseek,G2_category,3,top10,0.01,0.2,0.0,10,20,2.0,20
toolbench,rank,deepseek,G2_category,3,top10,0.01,0.2,0.1,10,20,2.0,19
toolbench,rank,deepseek,G2_category,3,top10,0.01,0.2,0.2,10,,,0
toolbench,rank,deepseek,G2_category,3,top10,0.01,0.2,0.3,10,20,2.0,14
toolbench,rank,deepseek,G2_category,3,top10,0.01,0.2,0.5,10,20,2.0,8
toolbench,rank,deepseek,G2_category,3,top10,0.01,0.2,0.7,10,,,0
toolbench,rank,deepseek,G2_category,3,top10,0.01,0.3,0.0,10,,,0
toolbench,rank,deepseek,G2_category,3,top10,0.01,0.3,0.1,10,,,0
toolbench,rank,deepseek,G2_category,3,top10,0.01,0.3,0.2,10,30,3.0,21
toolbench,rank,deepseek,G2_category,3,top10,0.01,0.3,0.3,10,,,0
toolbench,rank,deepseek,G2_category,3,top10,0.01,0.3,0.5,10,10,1.0,7
toolbench,rank,deepseek,G2_category,3,top10,0.01,0.3,0.7,10,,,0
toolbench,rank,deepseek,G2_category,3,top10,0.01,0.5,0.0,10,,,0
toolbench,rank,deepseek,G2_category,3,top10,0.01,0.5,0.1,10,,,0
toolbench,rank,deepseek,G2_category,3,top10,0.01,0.5,0.2,10,,,0
toolbench,rank,deepseek,G2_category,3,top10,0.01,0.5,0.3,10,,,0
toolbench,rank,deepseek,G2_category,3,top10,0.01,0.5,0.5,10,,,0
toolbench,rank,deepseek,G2_category,3,top10,0.01,0.5,0.7,10,,,0
toolbench,rank,deepseek,G2_category,3,top2,0.01,0.0,0.0,10,10,1.0,10
toolbench,rank,deepseek,G2_category,3,top2,0.01,0.0,0.1,10,10,1.0,10
toolbench,rank,deepseek,G2_category,3,top2,0.01,0.0,0.2,10,10,1.0,9
toolbench,rank,deepseek,G2_category,3,top2,0.01,0.0,0.3,10,,,0
toolbench,rank,deepseek,G2_category,3,top2,0.01,0.0,0.5,10,,,0
toolbench,rank,deepseek,G2_category,3,top2,0.01,0.0,0.7,10,,,0
toolbench,rank,deepseek,G2_category,3,top2,0.01,0.05,0.0,10,10,1.0,10
toolbench,rank,deepseek,G2_category,3,top2,0.01,0.05,0.1,10,,,0
toolbench,rank,deepseek,G2_category,3,top2,0.01,0.05,0.2,10,10,1.0,8
toolbench,rank,deepseek,G2_category,3,top2,0.01,0.05,0.3,10,,,0
toolbench,rank,deepseek,G2_category,3,top2,0.01,0.05,0.5,10,,,0
toolbench,rank,deepseek,G2_category,3,top2,0.01,0.05,0.7,10,,,0
toolbench,rank,deepseek,G2_category,3,top2,0.01,0.1,0.0,10,,,0
toolbench,rank,deepseek,G2_category,3,top2,0.01,0.1,0.1,10,10,1.0,9
toolbench,rank,deepseek,G2_category,3,top2,0.01,0.1,0.2,10,,,0
toolbench,rank,deepseek,G2_category,3,top2,0.01,0.1,0.3,10,10,1.0,7
toolbench,rank,deepseek,G2_category,3,top2,0.01,0.1,0.5,10,,,0
toolbench,rank,deepseek,G2_category,3,top2,0.01,0.1,0.7,10,,,0
toolbench,rank,deepseek,G2_category,3,top2,0.01,0.15,0.0,10,,,0
toolbench,rank,deepseek,G2_category,3,top2,0.01,0.15,0.1,10,10,1.0,8
toolbench,rank,deepseek,G2_category,3,top2,0.01,0.15,0.2,10,,,0
toolbench,rank,deepseek,G2_category,3,top2,0.01,0.15,0.3,10,,,0
toolbench,rank,deepseek,G2_category,3,top2,0.01,0.15,0.5,10,,,0
toolbench,rank,deepseek,G2_category,3,top2,0.01,0.15,0.7,10,,,0
toolbench,rank,deepseek,G2_category,3,top2,0.01,0.2,0.0,10,,,0
toolbench,rank,deepseek,G2_category,3,top2,0.01,0.2,0.1,10,,,0
toolbench,rank,deepseek,G2_category,3,top2,0.01,0.2,0.2,10,,,0
toolbench,rank,deepseek,G2_category,3,top2,0.01,0.2,0.3,10,,,0
toolbench,rank,deepseek,G2_category,3,top2,0.01,0.2,0.5,10,,,0
toolbench,rank,deepseek,G2_category,3,top2,0.01,0.2,0.7,10,,,0
toolbench,rank,deepseek,G2_category,3,top2,0.01,0.3,0.0,10,,,0
toolbench,rank,deepseek,G2_category,3,top2,0.01,0.3,0.1,10,,,0
toolbench,rank,deepseek,G2_category,3,top2,0.01,0.3,0.2,10,,,0
toolbench,rank,deepseek,G2_category,3,top2,0.01,0.3,0.3,10,,,0
toolbench,rank,deepseek,G2_category,3,top2,0.01,0.3,0.5,10,,,0
toolbench,rank,deepseek,G2_category,3,top2,0.01,0.3,0.7,10,,,0
toolbench,rank,deepseek,G2_category,3,top2,0.01,0.5,0.0,10,,,0
toolbench,rank,deepseek,G2_category,3,top2,0.01,0.5,0.1,10,,,0
toolbench,rank,deepseek,G2_category,3,top2,0.01,0.5,0.2,10,,,0
toolbench,rank,deepseek,G2_category,3,top2,0.01,0.5,0.3,10,,,0
toolbench,rank,deepseek,G2_category,3,top2,0.01,0.5,0.5,10,,,0
toolbench,rank,deepseek,G2_category,3,top2,0.01,0.5,0.7,10,,,0
toolbench,rank,deepseek,G2_category,3,top3,0.01,0.0,0.0,10,10,1.0,10
toolbench,rank,deepseek,G2_category,3,top3,0.01,0.0,0.1,10,10,1.0,9
toolbench,rank,deepseek,G2_category,3,top3,0.01,0.0,0.2,10,10,1.0,7
toolbench,rank,deepseek,G2_category,3,top3,0.01,0.0,0.3,10,10,1.0,8
toolbench,rank,deepseek,G2_category,3,top3,0.01,0.0,0.5,10,10,1.0,8
toolbench,rank,deepseek,G2_category,3,top3,0.01,0.0,0.7,10,,,0
toolbench,rank,deepseek,G2_category,3,top3,0.01,0.05,0.0,10,10,1.0,10
toolbench,rank,deepseek,G2_category,3,top3,0.01,0.05,0.1,10,10,1.0,9
toolbench,rank,deepseek,G2_category,3,top3,0.01,0.05,0.2,10,10,1.0,7
toolbench,rank,deepseek,G2_category,3,top3,0.01,0.05,0.3,10,,,0
toolbench,rank,deepseek,G2_category,3,top3,0.01,0.05,0.5,10,10,1.0,9
toolbench,rank,deepseek,G2_category,3,top3,0.01,0.05,0.7,10,,,0
toolbench,rank,deepseek,G2_category,3,top3,0.01,0.1,0.0,10,,,0
toolbench,rank,deepseek,G2_category,3,top3,0.01,0.1,0.1,10,,,0
toolbench,rank,deepseek,G2_category,3,top3,0.01,0.1,0.2,10,,,0
toolbench,rank,deepseek,G2_category,3,top3,0.01,0.1,0.3,10,10,1.0,8
toolbench,rank,deepseek,G2_category,3,top3,0.01,0.1,0.5,10,,,0
toolbench,rank,deepseek,G2_category,3,top3,0.01,0.1,0.7,10,,,0
toolbench,rank,deepseek,G2_category,3,top3,0.01,0.15,0.0,10,10,1.0,10
toolbench,rank,deepseek,G2_category,3,top3,0.01,0.15,0.1,10,,,0
toolbench,rank,deepseek,G2_category,3,top3,0.01,0.15,0.2,10,,,0
toolbench,rank,deepseek,G2_category,3,top3,0.01,0.15,0.3,10,,,0
toolbench,rank,deepseek,G2_category,3,top3,0.01,0.15,0.5,10,,,0
toolbench,rank,deepseek,G2_category,3,top3,0.01,0.15,0.7,10,,,0
toolbench,rank,deepseek,G2_category,3,top3,0.01,0.2,0.0,10,,,0
toolbench,rank,deepseek,G2_category,3,top3,0.01,0.2,0.1,10,,,0
toolbench,rank,deepseek,G2_category,3,top3,0.01,0.2,0.2,10,,,0
toolbench,rank,deepseek,G2_category,3,top3,0.01,0.2,0.3,10,,,0
toolbench,rank,deepseek,G2_category,3,top3,0.01,0.2,0.5,10,,,0
toolbench,rank,deepseek,G2_category,3,top3,0.01,0.2,0.7,10,,,0
toolbench,rank,deepseek,G2_category,3,top3,0.01,0.3,0.0,10,,,0
toolbench,rank,deepseek,G2_category,3,top3,0.01,0.3,0.1,10,,,0
toolbench,rank,deepseek,G2_category,3,top3,0.01,0.3,0.2,10,,,0
toolbench,rank,deepseek,G2_category,3,top3,0.01,0.3,0.3,10,,,0
toolbench,rank,deepseek,G2_category,3,top3,0.01,0.3,0.5,10,,,0
toolbench,rank,deepseek,G2_category,3,top3,0.01,0.3,0.7,10,,,0
toolbench,rank,deepseek,G2_category,3,top3,0.01,0.5,0.0,10,,,0
toolbench,rank,deepseek,G2_category,3,top3,0.01,0.5,0.1,10,,,0
toolbench,rank,deepseek,G2_category,3,top3,0.01,0.5,0.2,10,,,0
toolbench,rank,deepseek,G2_category,3,top3,0.01,0.5,0.3,10,,,0
toolbench,rank,deepseek,G2_category,3,top3,0.01,0.5,0.5,10,,,0
toolbench,rank,deepseek,G2_category,3,top3,0.01,0.5,0.7,10,,,0
toolbench,rank,deepseek,G2_category,3,top5,0.01,0.0,0.0,10,10,1.0,10
toolbench,rank,deepseek,G2_category,3,top5,0.01,0.0,0.1,10,10,1.0,9
toolbench,rank,deepseek,G2_category,3,top5,0.01,0.0,0.2,10,10,1.0,7
toolbench,rank,deepseek,G2_category,3,top5,0.01,0.0,0.3,10,20,2.0,12
toolbench,rank,deepseek,G2_category,3,top5,0.01,0.0,0.5,10,20,2.0,12
toolbench,rank,deepseek,G2_category,3,top5,0.01,0.0,0.7,10,,,0
toolbench,rank,deepseek,G2_category,3,top5,0.01,0.05,0.0,10,10,1.0,10
toolbench,rank,deepseek,G2_category,3,top5,0.01,0.05,0.1,10,10,1.0,9
toolbench,rank,deepseek,G2_category,3,top5,0.01,0.05,0.2,10,10,1.0,8
toolbench,rank,deepseek,G2_category,3,top5,0.01,0.05,0.3,10,10,1.0,8
toolbench,rank,deepseek,G2_category,3,top5,0.01,0.05,0.5,10,20,2.0,13
toolbench,rank,deepseek,G2_category,3,top5,0.01,0.05,0.7,10,,,0
toolbench,rank,deepseek,G2_category,3,top5,0.01,0.1,0.0,10,20,2.0,20
toolbench,rank,deepseek,G2_category,3,top5,0.01,0.1,0.1,10,20,2.0,16
toolbench,rank,deepseek,G2_category,3,top5,0.01,0.1,0.2,10,20,2.0,18
toolbench,rank,deepseek,G2_category,3,top5,0.01,0.1,0.3,10,10,1.0,8
toolbench,rank,deepseek,G2_category,3,top5,0.01,0.1,0.5,10,,,0
toolbench,rank,deepseek,G2_category,3,top5,0.01,0.1,0.7,10,,,0
toolbench,rank,deepseek,G2_category,3,top5,0.01,0.15,0.0,10,20,2.0,20
toolbench,rank,deepseek,G2_category,3,top5,0.01,0.15,0.1,10,20,2.0,19
toolbench,rank,deepseek,G2_category,3,top5,0.01,0.15,0.2,10,20,2.0,15
toolbench,rank,deepseek,G2_category,3,top5,0.01,0.15,0.3,10,,,0
toolbench,rank,deepseek,G2_category,3,top5,0.01,0.15,0.5,10,,,0
toolbench,rank,deepseek,G2_category,3,top5,0.01,0.15,0.7,10,,,0
toolbench,rank,deepseek,G2_category,3,top5,0.01,0.2,0.0,10,20,2.0,20
toolbench,rank,deepseek,G2_category,3,top5,0.01,0.2,0.1,10,,,0
toolbench,rank,deepseek,G2_category,3,top5,0.01,0.2,0.2,10,,,0
toolbench,rank,deepseek,G2_category,3,top5,0.01,0.2,0.3,10,20,2.0,15
toolbench,rank,deepseek,G2_category,3,top5,0.01,0.2,0.5,10,20,2.0,11
toolbench,rank,deepseek,G2_category,3,top5,0.01,0.2,0.7,10,,,0
toolbench,rank,deepseek,G2_category,3,top5,0.01,0.3,0.0,10,,,0
toolbench,rank,deepseek,G2_category,3,top5,0.01,0.3,0.1,10,,,0
toolbench,rank,deepseek,G2_category,3,top5,0.01,0.3,0.2,10,,,0
toolbench,rank,deepseek,G2_category,3,top5,0.01,0.3,0.3,10,,,0
toolbench,rank,deepseek,G2_category,3,top5,0.01,0.3,0.5,10,,,0
toolbench,rank,deepseek,G2_category,3,top5,0.01,0.3,0.7,10,,,0
toolbench,rank,deepseek,G2_category,3,top5,0.01,0.5,0.0,10,,,0
toolbench,rank,deepseek,G2_category,3,top5,0.01,0.5,0.1,10,,,0
toolbench,rank,deepseek,G2_category,3,top5,0.01,0.5,0.2,10,,,0
toolbench,rank,deepseek,G2_category,3,top5,0.01,0.5,0.3,10,,,0
toolbench,rank,deepseek,G2_category,3,top5,0.01,0.5,0.5,10,,,0
toolbench,rank,deepseek,G2_category,3,top5,0.01,0.5,0.7,10,,,0
toolbench,rank,deepseek,G2_instruction,1,full_rank,0.01,0.0,0.0,10,10,1.0,10
toolbench,rank,deepseek,G2_instruction,1,full_rank,0.01,0.0,0.1,10,10,1.0,9
toolbench,rank,deepseek,G2_instruction,1,full_rank,0.01,0.0,0.2,10,10,1.0,8
toolbench,rank,deepseek,G2_instruction,1,full_rank,0.01,0.0,0.3,10,10,1.0,8
toolbench,rank,deepseek,G2_instruction,1,full_rank,0.01,0.0,0.5,10,20,2.0,13
toolbench,rank,deepseek,G2_instruction,1,full_rank,0.01,0.0,0.7,10,20,2.0,9
toolbench,rank,deepseek,G2_instruction,1,full_rank,0.01,0.05,0.0,10,10,1.0,10
toolbench,rank,deepseek,G2_instruction,1,full_rank,0.01,0.05,0.1,10,10,1.0,10
toolbench,rank,deepseek,G2_instruction,1,full_rank,0.01,0.05,0.2,10,10,1.0,9
toolbench,rank,deepseek,G2_instruction,1,full_rank,0.01,0.05,0.3,10,10,1.0,7
toolbench,rank,deepseek,G2_instruction,1,full_rank,0.01,0.05,0.5,10,20,2.0,10
toolbench,rank,deepseek,G2_instruction,1,full_rank,0.01,0.05,0.7,10,,,0
toolbench,rank,deepseek,G2_instruction,1,full_rank,0.01,0.1,0.0,10,20,2.0,20
toolbench,rank,deepseek,G2_instruction,1,full_rank,0.01,0.1,0.1,10,20,2.0,18
toolbench,rank,deepseek,G2_instruction,1,full_rank,0.01,0.1,0.2,10,10,1.0,10
toolbench,rank,deepseek,G2_instruction,1,full_rank,0.01,0.1,0.3,10,10,1.0,7
toolbench,rank,deepseek,G2_instruction,1,full_rank,0.01,0.1,0.5,10,,,0
toolbench,rank,deepseek,G2_instruction,1,full_rank,0.01,0.1,0.7,10,20,2.0,11
toolbench,rank,deepseek,G2_instruction,1,full_rank,0.01,0.15,0.0,10,,,0
toolbench,rank,deepseek,G2_instruction,1,full_rank,0.01,0.15,0.1,10,10,1.0,7
toolbench,rank,deepseek,G2_instruction,1,full_rank,0.01,0.15,0.2,10,20,2.0,19
toolbench,rank,deepseek,G2_instruction,1,full_rank,0.01,0.15,0.3,10,,,0
toolbench,rank,deepseek,G2_instruction,1,full_rank,0.01,0.15,0.5,10,,,0
toolbench,rank,deepseek,G2_instruction,1,full_rank,0.01,0.15,0.7,10,,,0
toolbench,rank,deepseek,G2_instruction,1,full_rank,0.01,0.2,0.0,10,,,0
toolbench,rank,deepseek,G2_instruction,1,full_rank,0.01,0.2,0.1,10,,,0
toolbench,rank,deepseek,G2_instruction,1,full_rank,0.01,0.2,0.2,10,,,0
toolbench,rank,deepseek,G2_instruction,1,full_rank,0.01,0.2,0.3,10,,,0
toolbench,rank,deepseek,G2_instruction,1,full_rank,0.01,0.2,0.5,10,,,0
toolbench,rank,deepseek,G2_instruction,1,full_rank,0.01,0.2,0.7,10,,,0
toolbench,rank,deepseek,G2_instruction,1,full_rank,0.01,0.3,0.0,10,,,0
toolbench,rank,deepseek,G2_instruction,1,full_rank,0.01,0.3,0.1,10,10,1.0,8
toolbench,rank,deepseek,G2_instruction,1,full_rank,0.01,0.3,0.2,10,20,2.0,15
toolbench,rank,deepseek,G2_instruction,1,full_rank,0.01,0.3,0.3,10,,,0
toolbench,rank,deepseek,G2_instruction,1,full_rank,0.01,0.3,0.5,10,,,0
toolbench,rank,deepseek,G2_instruction,1,full_rank,0.01,0.3,0.7,10,,,0
toolbench,rank,deepseek,G2_instruction,1,full_rank,0.01,0.5,0.0,10,,,0
toolbench,rank,deepseek,G2_instruction,1,full_rank,0.01,0.5,0.1,10,,,0
toolbench,rank,deepseek,G2_instruction,1,full_rank,0.01,0.5,0.2,10,,,0
toolbench,rank,deepseek,G2_instruction,1,full_rank,0.01,0.5,0.3,10,,,0
toolbench,rank,deepseek,G2_instruction,1,full_rank,0.01,0.5,0.5,10,,,0
toolbench,rank,deepseek,G2_instruction,1,full_rank,0.01,0.5,0.7,10,,,0
toolbench,rank,deepseek,G2_instruction,1,top10,0.01,0.0,0.0,10,10,1.0,10
toolbench,rank,deepseek,G2_instruction,1,top10,0.01,0.0,0.1,10,10,1.0,8
toolbench,rank,deepseek,G2_instruction,1,top10,0.01,0.0,0.2,10,10,1.0,8
toolbench,rank,deepseek,G2_instruction,1,top10,0.01,0.0,0.3,10,20,2.0,18
toolbench,rank,deepseek,G2_instruction,1,top10,0.01,0.0,0.5,10,20,2.0,10
toolbench,rank,deepseek,G2_instruction,1,top10,0.01,0.0,0.7,10,,,0
toolbench,rank,deepseek,G2_instruction,1,top10,0.01,0.05,0.0,10,20,2.0,20
toolbench,rank,deepseek,G2_instruction,1,top10,0.01,0.05,0.1,10,10,1.0,10
toolbench,rank,deepseek,G2_instruction,1,top10,0.01,0.05,0.2,10,20,2.0,19
toolbench,rank,deepseek,G2_instruction,1,top10,0.01,0.05,0.3,10,20,2.0,12
toolbench,rank,deepseek,G2_instruction,1,top10,0.01,0.05,0.5,10,20,2.0,12
toolbench,rank,deepseek,G2_instruction,1,top10,0.01,0.05,0.7,10,,,0
toolbench,rank,deepseek,G2_instruction,1,top10,0.01,0.1,0.0,10,10,1.0,10
toolbench,rank,deepseek,G2_instruction,1,top10,0.01,0.1,0.1,10,20,2.0,20
toolbench,rank,deepseek,G2_instruction,1,top10,0.01,0.1,0.2,10,20,2.0,19
toolbench,rank,deepseek,G2_instruction,1,top10,0.01,0.1,0.3,10,20,2.0,14
toolbench,rank,deepseek,G2_instruction,1,top10,0.01,0.1,0.5,10,,,0
toolbench,rank,deepseek,G2_instruction,1,top10,0.01,0.1,0.7,10,20,2.0,9
toolbench,rank,deepseek,G2_instruction,1,top10,0.01,0.15,0.0,10,20,2.0,20
toolbench,rank,deepseek,G2_instruction,1,top10,0.01,0.15,0.1,10,,,0
toolbench,rank,deepseek,G2_instruction,1,top10,0.01,0.15,0.2,10,,,0
toolbench,rank,deepseek,G2_instruction,1,top10,0.01,0.15,0.3,10,10,1.0,7
toolbench,rank,deepseek,G2_instruction,1,top10,0.01,0.15,0.5,10,,,0
toolbench,rank,deepseek,G2_instruction,1,top10,0.01,0.15,0.7,10,,,0
toolbench,rank,deepseek,G2_instruction,1,top10,0.01,0.2,0.0,10,20,2.0,20
toolbench,rank,deepseek,G2_instruction,1,top10,0.01,0.2,0.1,10,10,1.0,10
toolbench,rank,deepseek,G2_instruction,1,top10,0.01,0.2,0.2,10,,,0
toolbench,rank,deepseek,G2_instruction,1,top10,0.01,0.2,0.3,10,,,0
toolbench,rank,deepseek,G2_instruction,1,top10,0.01,0.2,0.5,10,20,2.0,11
toolbench,rank,deepseek,G2_instruction,1,top10,0.01,0.2,0.7,10,,,0
toolbench,rank,deepseek,G2_instruction,1,top10,0.01,0.3,0.0,10,20,2.0,20
toolbench,rank,deepseek,G2_instruction,1,top10,0.01,0.3,0.1,10,,,0
toolbench,rank,deepseek,G2_instruction,1,top10,0.01,0.3,0.2,10,,,0
toolbench,rank,deepseek,G2_instruction,1,top10,0.01,0.3,0.3,10,,,0
toolbench,rank,deepseek,G2_instruction,1,top10,0.01,0.3,0.5,10,,,0
toolbench,rank,deepseek,G2_instruction,1,top10,0.01,0.3,0.7,10,,,0
toolbench,rank,deepseek,G2_instruction,1,top10,0.01,0.5,0.0,10,,,0
toolbench,rank,deepseek,G2_instruction,1,top10,0.01,0.5,0.1,10,,,0
toolbench,rank,deepseek,G2_instruction,1,top10,0.01,0.5,0.2,10,,,0
toolbench,rank,deepseek,G2_instruction,1,top10,0.01,0.5,0.3,10,,,0
toolbench,rank,deepseek,G2_instruction,1,top10,0.01,0.5,0.5,10,,,0
toolbench,rank,deepseek,G2_instruction,1,top10,0.01,0.5,0.7,10,,,0
toolbench,rank,deepseek,G2_instruction,1,top2,0.01,0.0,0.0,,,,0
toolbench,rank,deepseek,G2_instruction,1,top2,0.01,0.0,0.1,,,,0
toolbench,rank,deepseek,G2_instruction,1,top2,0.01,0.0,0.2,,,,0
toolbench,rank,deepseek,G2_instruction,1,top2,0.01,0.0,0.3,,,,0
toolbench,rank,deepseek,G2_instruction,1,top2,0.01,0.0,0.5,,,,0
toolbench,rank,deepseek,G2_instruction,1,top2,0.01,0.0,0.7,,,,0
toolbench,rank,deepseek,G2_instruction,1,top2,0.01,0.05,0.0,,,,0
toolbench,rank,deepseek,G2_instruction,1,top2,0.01,0.05,0.1,,,,0
toolbench,rank,deepseek,G2_instruction,1,top2,0.01,0.05,0.2,,,,0
toolbench,rank,deepseek,G2_instruction,1,top2,0.01,0.05,0.3,,,,0
toolbench,rank,deepseek,G2_instruction,1,top2,0.01,0.05,0.5,,,,0
toolbench,rank,deepseek,G2_instruction,1,top2,0.01,0.05,0.7,,,,0
toolbench,rank,deepseek,G2_instruction,1,top2,0.01,0.1,0.0,,,,0
toolbench,rank,deepseek,G2_instruction,1,top2,0.01,0.1,0.1,,,,0
toolbench,rank,deepseek,G2_instruction,1,top2,0.01,0.1,0.2,,,,0
toolbench,rank,deepseek,G2_instruction,1,top2,0.01,0.1,0.3,,,,0
toolbench,rank,deepseek,G2_instruction,1,top2,0.01,0.1,0.5,,,,0
toolbench,rank,deepseek,G2_instruction,1,top2,0.01,0.1,0.7,,,,0
toolbench,rank,deepseek,G2_instruction,1,top2,0.01,0.15,0.0,,,,0
toolbench,rank,deepseek,G2_instruction,1,top2,0.01,0.15,0.1,,,,0
toolbench,rank,deepseek,G2_instruction,1,top2,0.01,0.15,0.2,,,,0
toolbench,rank,deepseek,G2_instruction,1,top2,0.01,0.15,0.3,,,,0
toolbench,rank,deepseek,G2_instruction,1,top2,0.01,0.15,0.5,,,,0
toolbench,rank,deepseek,G2_instruction,1,top2,0.01,0.15,0.7,,,,0
toolbench,rank,deepseek,G2_instruction,1,top2,0.01,0.2,0.0,,,,0
toolbench,rank,deepseek,G2_instruction,1,top2,0.01,0.2,0.1,,,,0
toolbench,rank,deepseek,G2_instruction,1,top2,0.01,0.2,0.2,,,,0
toolbench,rank,deepseek,G2_instruction,1,top2,0.01,0.2,0.3,,,,0
toolbench,rank,deepseek,G2_instruction,1,top2,0.01,0.2,0.5,,,,0
toolbench,rank,deepseek,G2_instruction,1,top2,0.01,0.2,0.7,,,,0
toolbench,rank,deepseek,G2_instruction,1,top2,0.01,0.3,0.0,,,,0
toolbench,rank,deepseek,G2_instruction,1,top2,0.01,0.3,0.1,,,,0
toolbench,rank,deepseek,G2_instruction,1,top2,0.01,0.3,0.2,,,,0
toolbench,rank,deepseek,G2_instruction,1,top2,0.01,0.3,0.3,,,,0
toolbench,rank,deepseek,G2_instruction,1,top2,0.01,0.3,0.5,,,,0
toolbench,rank,deepseek,G2_instruction,1,top2,0.01,0.3,0.7,,,,0
toolbench,rank,deepseek,G2_instruction,1,top2,0.01,0.5,0.0,,,,0
toolbench,rank,deepseek,G2_instruction,1,top2,0.01,0.5,0.1,,,,0
toolbench,rank,deepseek,G2_instruction,1,top2,0.01,0.5,0.2,,,,0
toolbench,rank,deepseek,G2_instruction,1,top2,0.01,0.5,0.3,,,,0
toolbench,rank,deepseek,G2_instruction,1,top2,0.01,0.5,0.5,,,,0
toolbench,rank,deepseek,G2_instruction,1,top2,0.01,0.5,0.7,,,,0
toolbench,rank,deepseek,G2_instruction,1,top3,0.01,0.0,0.0,,,,0
toolbench,rank,deepseek,G2_instruction,1,top3,0.01,0.0,0.1,,,,0
toolbench,rank,deepseek,G2_instruction,1,top3,0.01,0.0,0.2,,,,0
toolbench,rank,deepseek,G2_instruction,1,top3,0.01,0.0,0.3,,,,0
toolbench,rank,deepseek,G2_instruction,1,top3,0.01,0.0,0.5,,,,0
toolbench,rank,deepseek,G2_instruction,1,top3,0.01,0.0,0.7,,,,0
toolbench,rank,deepseek,G2_instruction,1,top3,0.01,0.05,0.0,,,,0
toolbench,rank,deepseek,G2_instruction,1,top3,0.01,0.05,0.1,,,,0
toolbench,rank,deepseek,G2_instruction,1,top3,0.01,0.05,0.2,,,,0
toolbench,rank,deepseek,G2_instruction,1,top3,0.01,0.05,0.3,,,,0
toolbench,rank,deepseek,G2_instruction,1,top3,0.01,0.05,0.5,,,,0
toolbench,rank,deepseek,G2_instruction,1,top3,0.01,0.05,0.7,,,,0
toolbench,rank,deepseek,G2_instruction,1,top3,0.01,0.1,0.0,,,,0
toolbench,rank,deepseek,G2_instruction,1,top3,0.01,0.1,0.1,,,,0
toolbench,rank,deepseek,G2_instruction,1,top3,0.01,0.1,0.2,,,,0
toolbench,rank,deepseek,G2_instruction,1,top3,0.01,0.1,0.3,,,,0
toolbench,rank,deepseek,G2_instruction,1,top3,0.01,0.1,0.5,,,,0
toolbench,rank,deepseek,G2_instruction,1,top3,0.01,0.1,0.7,,,,0
toolbench,rank,deepseek,G2_instruction,1,top3,0.01,0.15,0.0,,,,0
toolbench,rank,deepseek,G2_instruction,1,top3,0.01,0.15,0.1,,,,0
toolbench,rank,deepseek,G2_instruction,1,top3,0.01,0.15,0.2,,,,0
toolbench,rank,deepseek,G2_instruction,1,top3,0.01,0.15,0.3,,,,0
toolbench,rank,deepseek,G2_instruction,1,top3,0.01,0.15,0.5,,,,0
toolbench,rank,deepseek,G2_instruction,1,top3,0.01,0.15,0.7,,,,0
toolbench,rank,deepseek,G2_instruction,1,top3,0.01,0.2,0.0,,,,0
toolbench,rank,deepseek,G2_instruction,1,top3,0.01,0.2,0.1,,,,0
toolbench,rank,deepseek,G2_instruction,1,top3,0.01,0.2,0.2,,,,0
toolbench,rank,deepseek,G2_instruction,1,top3,0.01,0.2,0.3,,,,0
toolbench,rank,deepseek,G2_instruction,1,top3,0.01,0.2,0.5,,,,0
toolbench,rank,deepseek,G2_instruction,1,top3,0.01,0.2,0.7,,,,0
toolbench,rank,deepseek,G2_instruction,1,top3,0.01,0.3,0.0,,,,0
toolbench,rank,deepseek,G2_instruction,1,top3,0.01,0.3,0.1,,,,0
toolbench,rank,deepseek,G2_instruction,1,top3,0.01,0.3,0.2,,,,0
toolbench,rank,deepseek,G2_instruction,1,top3,0.01,0.3,0.3,,,,0
toolbench,rank,deepseek,G2_instruction,1,top3,0.01,0.3,0.5,,,,0
toolbench,rank,deepseek,G2_instruction,1,top3,0.01,0.3,0.7,,,,0
toolbench,rank,deepseek,G2_instruction,1,top3,0.01,0.5,0.0,,,,0
toolbench,rank,deepseek,G2_instruction,1,top3,0.01,0.5,0.1,,,,0
toolbench,rank,deepseek,G2_instruction,1,top3,0.01,0.5,0.2,,,,0
toolbench,rank,deepseek,G2_instruction,1,top3,0.01,0.5,0.3,,,,0
toolbench,rank,deepseek,G2_instruction,1,top3,0.01,0.5,0.5,,,,0
toolbench,rank,deepseek,G2_instruction,1,top3,0.01,0.5,0.7,,,,0
toolbench,rank,deepseek,G2_instruction,1,top5,0.01,0.0,0.0,10,10,1.0,10
toolbench,rank,deepseek,G2_instruction,1,top5,0.01,0.0,0.1,10,10,1.0,8
toolbench,rank,deepseek,G2_instruction,1,top5,0.01,0.0,0.2,10,10,1.0,7
toolbench,rank,deepseek,G2_instruction,1,top5,0.01,0.0,0.3,10,,,0
toolbench,rank,deepseek,G2_instruction,1,top5,0.01,0.0,0.5,10,,,0
toolbench,rank,deepseek,G2_instruction,1,top5,0.01,0.0,0.7,10,,,0
toolbench,rank,deepseek,G2_instruction,1,top5,0.01,0.05,0.0,10,,,0
toolbench,rank,deepseek,G2_instruction,1,top5,0.01,0.05,0.1,10,10,1.0,9
toolbench,rank,deepseek,G2_instruction,1,top5,0.01,0.05,0.2,10,,,0
toolbench,rank,deepseek,G2_instruction,1,top5,0.01,0.05,0.3,10,10,1.0,7
toolbench,rank,deepseek,G2_instruction,1,top5,0.01,0.05,0.5,10,,,0
toolbench,rank,deepseek,G2_instruction,1,top5,0.01,0.05,0.7,10,,,0
toolbench,rank,deepseek,G2_instruction,1,top5,0.01,0.1,0.0,10,,,0
toolbench,rank,deepseek,G2_instruction,1,top5,0.01,0.1,0.1,10,,,0
toolbench,rank,deepseek,G2_instruction,1,top5,0.01,0.1,0.2,10,,,0
toolbench,rank,deepseek,G2_instruction,1,top5,0.01,0.1,0.3,10,10,1.0,7
toolbench,rank,deepseek,G2_instruction,1,top5,0.01,0.1,0.5,10,,,0
toolbench,rank,deepseek,G2_instruction,1,top5,0.01,0.1,0.7,10,,,0
toolbench,rank,deepseek,G2_instruction,1,top5,0.01,0.15,0.0,10,,,0
toolbench,rank,deepseek,G2_instruction,1,top5,0.01,0.15,0.1,10,10,1.0,9
toolbench,rank,deepseek,G2_instruction,1,top5,0.01,0.15,0.2,10,,,0
toolbench,rank,deepseek,G2_instruction,1,top5,0.01,0.15,0.3,10,,,0
toolbench,rank,deepseek,G2_instruction,1,top5,0.01,0.15,0.5,10,,,0
toolbench,rank,deepseek,G2_instruction,1,top5,0.01,0.15,0.7,10,,,0
toolbench,rank,deepseek,G2_instruction,1,top5,0.01,0.2,0.0,10,,,0
toolbench,rank,deepseek,G2_instruction,1,top5,0.01,0.2,0.1,10,,,0
toolbench,rank,deepseek,G2_instruction,1,top5,0.01,0.2,0.2,10,,,0
toolbench,rank,deepseek,G2_instruction,1,top5,0.01,0.2,0.3,10,,,0
toolbench,rank,deepseek,G2_instruction,1,top5,0.01,0.2,0.5,10,,,0
toolbench,rank,deepseek,G2_instruction,1,top5,0.01,0.2,0.7,10,,,0
toolbench,rank,deepseek,G2_instruction,1,top5,0.01,0.3,0.0,10,,,0
toolbench,rank,deepseek,G2_instruction,1,top5,0.01,0.3,0.1,10,,,0
toolbench,rank,deepseek,G2_instruction,1,top5,0.01,0.3,0.2,10,,,0
toolbench,rank,deepseek,G2_instruction,1,top5,0.01,0.3,0.3,10,,,0
toolbench,rank,deepseek,G2_instruction,1,top5,0.01,0.3,0.5,10,,,0
toolbench,rank,deepseek,G2_instruction,1,top5,0.01,0.3,0.7,10,,,0
toolbench,rank,deepseek,G2_instruction,1,top5,0.01,0.5,0.0,10,,,0
toolbench,rank,deepseek,G2_instruction,1,top5,0.01,0.5,0.1,10,,,0
toolbench,rank,deepseek,G2_instruction,1,top5,0.01,0.5,0.2,10,,,0
toolbench,rank,deepseek,G2_instruction,1,top5,0.01,0.5,0.3,10,,,0
toolbench,rank,deepseek,G2_instruction,1,top5,0.01,0.5,0.5,10,,,0
toolbench,rank,deepseek,G2_instruction,1,top5,0.01,0.5,0.7,10,,,0
toolbench,rank,deepseek,G2_instruction,2,full_rank,0.01,0.0,0.0,,,,0
toolbench,rank,deepseek,G2_instruction,2,full_rank,0.01,0.0,0.1,,,,0
toolbench,rank,deepseek,G2_instruction,2,full_rank,0.01,0.0,0.2,,,,0
toolbench,rank,deepseek,G2_instruction,2,full_rank,0.01,0.0,0.3,,,,0
toolbench,rank,deepseek,G2_instruction,2,full_rank,0.01,0.0,0.5,,,,0
toolbench,rank,deepseek,G2_instruction,2,full_rank,0.01,0.0,0.7,,,,0
toolbench,rank,deepseek,G2_instruction,2,full_rank,0.01,0.05,0.0,,,,0
toolbench,rank,deepseek,G2_instruction,2,full_rank,0.01,0.05,0.1,,,,0
toolbench,rank,deepseek,G2_instruction,2,full_rank,0.01,0.05,0.2,,,,0
toolbench,rank,deepseek,G2_instruction,2,full_rank,0.01,0.05,0.3,,,,0
toolbench,rank,deepseek,G2_instruction,2,full_rank,0.01,0.05,0.5,,,,0
toolbench,rank,deepseek,G2_instruction,2,full_rank,0.01,0.05,0.7,,,,0
toolbench,rank,deepseek,G2_instruction,2,full_rank,0.01,0.1,0.0,,,,0
toolbench,rank,deepseek,G2_instruction,2,full_rank,0.01,0.1,0.1,,,,0
toolbench,rank,deepseek,G2_instruction,2,full_rank,0.01,0.1,0.2,,,,0
toolbench,rank,deepseek,G2_instruction,2,full_rank,0.01,0.1,0.3,,,,0
toolbench,rank,deepseek,G2_instruction,2,full_rank,0.01,0.1,0.5,,,,0
toolbench,rank,deepseek,G2_instruction,2,full_rank,0.01,0.1,0.7,,,,0
toolbench,rank,deepseek,G2_instruction,2,full_rank,0.01,0.15,0.0,,,,0
toolbench,rank,deepseek,G2_instruction,2,full_rank,0.01,0.15,0.1,,,,0
toolbench,rank,deepseek,G2_instruction,2,full_rank,0.01,0.15,0.2,,,,0
toolbench,rank,deepseek,G2_instruction,2,full_rank,0.01,0.15,0.3,,,,0
toolbench,rank,deepseek,G2_instruction,2,full_rank,0.01,0.15,0.5,,,,0
toolbench,rank,deepseek,G2_instruction,2,full_rank,0.01,0.15,0.7,,,,0
toolbench,rank,deepseek,G2_instruction,2,full_rank,0.01,0.2,0.0,,,,0
toolbench,rank,deepseek,G2_instruction,2,full_rank,0.01,0.2,0.1,,,,0
toolbench,rank,deepseek,G2_instruction,2,full_rank,0.01,0.2,0.2,,,,0
toolbench,rank,deepseek,G2_instruction,2,full_rank,0.01,0.2,0.3,,,,0
toolbench,rank,deepseek,G2_instruction,2,full_rank,0.01,0.2,0.5,,,,0
toolbench,rank,deepseek,G2_instruction,2,full_rank,0.01,0.2,0.7,,,,0
toolbench,rank,deepseek,G2_instruction,2,full_rank,0.01,0.3,0.0,,,,0
toolbench,rank,deepseek,G2_instruction,2,full_rank,0.01,0.3,0.1,,,,0
toolbench,rank,deepseek,G2_instruction,2,full_rank,0.01,0.3,0.2,,,,0
toolbench,rank,deepseek,G2_instruction,2,full_rank,0.01,0.3,0.3,,,,0
toolbench,rank,deepseek,G2_instruction,2,full_rank,0.01,0.3,0.5,,,,0
toolbench,rank,deepseek,G2_instruction,2,full_rank,0.01,0.3,0.7,,,,0
toolbench,rank,deepseek,G2_instruction,2,full_rank,0.01,0.5,0.0,,,,0
toolbench,rank,deepseek,G2_instruction,2,full_rank,0.01,0.5,0.1,,,,0
toolbench,rank,deepseek,G2_instruction,2,full_rank,0.01,0.5,0.2,,,,0
toolbench,rank,deepseek,G2_instruction,2,full_rank,0.01,0.5,0.3,,,,0
toolbench,rank,deepseek,G2_instruction,2,full_rank,0.01,0.5,0.5,,,,0
toolbench,rank,deepseek,G2_instruction,2,full_rank,0.01,0.5,0.7,,,,0
toolbench,rank,deepseek,G2_instruction,2,top10,0.01,0.0,0.0,,,,0
toolbench,rank,deepseek,G2_instruction,2,top10,0.01,0.0,0.1,,,,0
toolbench,rank,deepseek,G2_instruction,2,top10,0.01,0.0,0.2,,,,0
toolbench,rank,deepseek,G2_instruction,2,top10,0.01,0.0,0.3,,,,0
toolbench,rank,deepseek,G2_instruction,2,top10,0.01,0.0,0.5,,,,0
toolbench,rank,deepseek,G2_instruction,2,top10,0.01,0.0,0.7,,,,0
toolbench,rank,deepseek,G2_instruction,2,top10,0.01,0.05,0.0,,,,0
toolbench,rank,deepseek,G2_instruction,2,top10,0.01,0.05,0.1,,,,0
toolbench,rank,deepseek,G2_instruction,2,top10,0.01,0.05,0.2,,,,0
toolbench,rank,deepseek,G2_instruction,2,top10,0.01,0.05,0.3,,,,0
toolbench,rank,deepseek,G2_instruction,2,top10,0.01,0.05,0.5,,,,0
toolbench,rank,deepseek,G2_instruction,2,top10,0.01,0.05,0.7,,,,0
toolbench,rank,deepseek,G2_instruction,2,top10,0.01,0.1,0.0,,,,0
toolbench,rank,deepseek,G2_instruction,2,top10,0.01,0.1,0.1,,,,0
toolbench,rank,deepseek,G2_instruction,2,top10,0.01,0.1,0.2,,,,0
toolbench,rank,deepseek,G2_instruction,2,top10,0.01,0.1,0.3,,,,0
toolbench,rank,deepseek,G2_instruction,2,top10,0.01,0.1,0.5,,,,0
toolbench,rank,deepseek,G2_instruction,2,top10,0.01,0.1,0.7,,,,0
toolbench,rank,deepseek,G2_instruction,2,top10,0.01,0.15,0.0,,,,0
toolbench,rank,deepseek,G2_instruction,2,top10,0.01,0.15,0.1,,,,0
toolbench,rank,deepseek,G2_instruction,2,top10,0.01,0.15,0.2,,,,0
toolbench,rank,deepseek,G2_instruction,2,top10,0.01,0.15,0.3,,,,0
toolbench,rank,deepseek,G2_instruction,2,top10,0.01,0.15,0.5,,,,0
toolbench,rank,deepseek,G2_instruction,2,top10,0.01,0.15,0.7,,,,0
toolbench,rank,deepseek,G2_instruction,2,top10,0.01,0.2,0.0,,,,0
toolbench,rank,deepseek,G2_instruction,2,top10,0.01,0.2,0.1,,,,0
toolbench,rank,deepseek,G2_instruction,2,top10,0.01,0.2,0.2,,,,0
toolbench,rank,deepseek,G2_instruction,2,top10,0.01,0.2,0.3,,,,0
toolbench,rank,deepseek,G2_instruction,2,top10,0.01,0.2,0.5,,,,0
toolbench,rank,deepseek,G2_instruction,2,top10,0.01,0.2,0.7,,,,0
toolbench,rank,deepseek,G2_instruction,2,top10,0.01,0.3,0.0,,,,0
toolbench,rank,deepseek,G2_instruction,2,top10,0.01,0.3,0.1,,,,0
toolbench,rank,deepseek,G2_instruction,2,top10,0.01,0.3,0.2,,,,0
toolbench,rank,deepseek,G2_instruction,2,top10,0.01,0.3,0.3,,,,0
toolbench,rank,deepseek,G2_instruction,2,top10,0.01,0.3,0.5,,,,0
toolbench,rank,deepseek,G2_instruction,2,top10,0.01,0.3,0.7,,,,0
toolbench,rank,deepseek,G2_instruction,2,top10,0.01,0.5,0.0,,,,0
toolbench,rank,deepseek,G2_instruction,2,top10,0.01,0.5,0.1,,,,0
toolbench,rank,deepseek,G2_instruction,2,top10,0.01,0.5,0.2,,,,0
toolbench,rank,deepseek,G2_instruction,2,top10,0.01,0.5,0.3,,,,0
toolbench,rank,deepseek,G2_instruction,2,top10,0.01,0.5,0.5,,,,0
toolbench,rank,deepseek,G2_instruction,2,top10,0.01,0.5,0.7,,,,0
toolbench,rank,deepseek,G2_instruction,2,top2,0.01,0.0,0.0,,,,0
toolbench,rank,deepseek,G2_instruction,2,top2,0.01,0.0,0.1,,,,0
toolbench,rank,deepseek,G2_instruction,2,top2,0.01,0.0,0.2,,,,0
toolbench,rank,deepseek,G2_instruction,2,top2,0.01,0.0,0.3,,,,0
toolbench,rank,deepseek,G2_instruction,2,top2,0.01,0.0,0.5,,,,0
toolbench,rank,deepseek,G2_instruction,2,top2,0.01,0.0,0.7,,,,0
toolbench,rank,deepseek,G2_instruction,2,top2,0.01,0.05,0.0,,,,0
toolbench,rank,deepseek,G2_instruction,2,top2,0.01,0.05,0.1,,,,0
toolbench,rank,deepseek,G2_instruction,2,top2,0.01,0.05,0.2,,,,0
toolbench,rank,deepseek,G2_instruction,2,top2,0.01,0.05,0.3,,,,0
toolbench,rank,deepseek,G2_instruction,2,top2,0.01,0.05,0.5,,,,0
toolbench,rank,deepseek,G2_instruction,2,top2,0.01,0.05,0.7,,,,0
toolbench,rank,deepseek,G2_instruction,2,top2,0.01,0.1,0.0,,,,0
toolbench,rank,deepseek,G2_instruction,2,top2,0.01,0.1,0.1,,,,0
toolbench,rank,deepseek,G2_instruction,2,top2,0.01,0.1,0.2,,,,0
toolbench,rank,deepseek,G2_instruction,2,top2,0.01,0.1,0.3,,,,0
toolbench,rank,deepseek,G2_instruction,2,top2,0.01,0.1,0.5,,,,0
toolbench,rank,deepseek,G2_instruction,2,top2,0.01,0.1,0.7,,,,0
toolbench,rank,deepseek,G2_instruction,2,top2,0.01,0.15,0.0,,,,0
toolbench,rank,deepseek,G2_instruction,2,top2,0.01,0.15,0.1,,,,0
toolbench,rank,deepseek,G2_instruction,2,top2,0.01,0.15,0.2,,,,0
toolbench,rank,deepseek,G2_instruction,2,top2,0.01,0.15,0.3,,,,0
toolbench,rank,deepseek,G2_instruction,2,top2,0.01,0.15,0.5,,,,0
toolbench,rank,deepseek,G2_instruction,2,top2,0.01,0.15,0.7,,,,0
toolbench,rank,deepseek,G2_instruction,2,top2,0.01,0.2,0.0,,,,0
toolbench,rank,deepseek,G2_instruction,2,top2,0.01,0.2,0.1,,,,0
toolbench,rank,deepseek,G2_instruction,2,top2,0.01,0.2,0.2,,,,0
toolbench,rank,deepseek,G2_instruction,2,top2,0.01,0.2,0.3,,,,0
toolbench,rank,deepseek,G2_instruction,2,top2,0.01,0.2,0.5,,,,0
toolbench,rank,deepseek,G2_instruction,2,top2,0.01,0.2,0.7,,,,0
toolbench,rank,deepseek,G2_instruction,2,top2,0.01,0.3,0.0,,,,0
toolbench,rank,deepseek,G2_instruction,2,top2,0.01,0.3,0.1,,,,0
toolbench,rank,deepseek,G2_instruction,2,top2,0.01,0.3,0.2,,,,0
toolbench,rank,deepseek,G2_instruction,2,top2,0.01,0.3,0.3,,,,0
toolbench,rank,deepseek,G2_instruction,2,top2,0.01,0.3,0.5,,,,0
toolbench,rank,deepseek,G2_instruction,2,top2,0.01,0.3,0.7,,,,0
toolbench,rank,deepseek,G2_instruction,2,top2,0.01,0.5,0.0,,,,0
toolbench,rank,deepseek,G2_instruction,2,top2,0.01,0.5,0.1,,,,0
toolbench,rank,deepseek,G2_instruction,2,top2,0.01,0.5,0.2,,,,0
toolbench,rank,deepseek,G2_instruction,2,top2,0.01,0.5,0.3,,,,0
toolbench,rank,deepseek,G2_instruction,2,top2,0.01,0.5,0.5,,,,0
toolbench,rank,deepseek,G2_instruction,2,top2,0.01,0.5,0.7,,,,0
toolbench,rank,deepseek,G2_instruction,2,top3,0.01,0.0,0.0,,,,0
toolbench,rank,deepseek,G2_instruction,2,top3,0.01,0.0,0.1,,,,0
toolbench,rank,deepseek,G2_instruction,2,top3,0.01,0.0,0.2,,,,0
toolbench,rank,deepseek,G2_instruction,2,top3,0.01,0.0,0.3,,,,0
toolbench,rank,deepseek,G2_instruction,2,top3,0.01,0.0,0.5,,,,0
toolbench,rank,deepseek,G2_instruction,2,top3,0.01,0.0,0.7,,,,0
toolbench,rank,deepseek,G2_instruction,2,top3,0.01,0.05,0.0,,,,0
toolbench,rank,deepseek,G2_instruction,2,top3,0.01,0.05,0.1,,,,0
toolbench,rank,deepseek,G2_instruction,2,top3,0.01,0.05,0.2,,,,0
toolbench,rank,deepseek,G2_instruction,2,top3,0.01,0.05,0.3,,,,0
toolbench,rank,deepseek,G2_instruction,2,top3,0.01,0.05,0.5,,,,0
toolbench,rank,deepseek,G2_instruction,2,top3,0.01,0.05,0.7,,,,0
toolbench,rank,deepseek,G2_instruction,2,top3,0.01,0.1,0.0,,,,0
toolbench,rank,deepseek,G2_instruction,2,top3,0.01,0.1,0.1,,,,0
toolbench,rank,deepseek,G2_instruction,2,top3,0.01,0.1,0.2,,,,0
toolbench,rank,deepseek,G2_instruction,2,top3,0.01,0.1,0.3,,,,0
toolbench,rank,deepseek,G2_instruction,2,top3,0.01,0.1,0.5,,,,0
toolbench,rank,deepseek,G2_instruction,2,top3,0.01,0.1,0.7,,,,0
toolbench,rank,deepseek,G2_instruction,2,top3,0.01,0.15,0.0,,,,0
toolbench,rank,deepseek,G2_instruction,2,top3,0.01,0.15,0.1,,,,0
toolbench,rank,deepseek,G2_instruction,2,top3,0.01,0.15,0.2,,,,0
toolbench,rank,deepseek,G2_instruction,2,top3,0.01,0.15,0.3,,,,0
toolbench,rank,deepseek,G2_instruction,2,top3,0.01,0.15,0.5,,,,0
toolbench,rank,deepseek,G2_instruction,2,top3,0.01,0.15,0.7,,,,0
toolbench,rank,deepseek,G2_instruction,2,top3,0.01,0.2,0.0,,,,0
toolbench,rank,deepseek,G2_instruction,2,top3,0.01,0.2,0.1,,,,0
toolbench,rank,deepseek,G2_instruction,2,top3,0.01,0.2,0.2,,,,0
toolbench,rank,deepseek,G2_instruction,2,top3,0.01,0.2,0.3,,,,0
toolbench,rank,deepseek,G2_instruction,2,top3,0.01,0.2,0.5,,,,0
toolbench,rank,deepseek,G2_instruction,2,top3,0.01,0.2,0.7,,,,0
toolbench,rank,deepseek,G2_instruction,2,top3,0.01,0.3,0.0,,,,0
toolbench,rank,deepseek,G2_instruction,2,top3,0.01,0.3,0.1,,,,0
toolbench,rank,deepseek,G2_instruction,2,top3,0.01,0.3,0.2,,,,0
toolbench,rank,deepseek,G2_instruction,2,top3,0.01,0.3,0.3,,,,0
toolbench,rank,deepseek,G2_instruction,2,top3,0.01,0.3,0.5,,,,0
toolbench,rank,deepseek,G2_instruction,2,top3,0.01,0.3,0.7,,,,0
toolbench,rank,deepseek,G2_instruction,2,top3,0.01,0.5,0.0,,,,0
toolbench,rank,deepseek,G2_instruction,2,top3,0.01,0.5,0.1,,,,0
toolbench,rank,deepseek,G2_instruction,2,top3,0.01,0.5,0.2,,,,0
toolbench,rank,deepseek,G2_instruction,2,top3,0.01,0.5,0.3,,,,0
toolbench,rank,deepseek,G2_instruction,2,top3,0.01,0.5,0.5,,,,0
toolbench,rank,deepseek,G2_instruction,2,top3,0.01,0.5,0.7,,,,0
toolbench,rank,deepseek,G2_instruction,2,top5,0.01,0.0,0.0,,,,0
toolbench,rank,deepseek,G2_instruction,2,top5,0.01,0.0,0.1,,,,0
toolbench,rank,deepseek,G2_instruction,2,top5,0.01,0.0,0.2,,,,0
toolbench,rank,deepseek,G2_instruction,2,top5,0.01,0.0,0.3,,,,0
toolbench,rank,deepseek,G2_instruction,2,top5,0.01,0.0,0.5,,,,0
toolbench,rank,deepseek,G2_instruction,2,top5,0.01,0.0,0.7,,,,0
toolbench,rank,deepseek,G2_instruction,2,top5,0.01,0.05,0.0,,,,0
toolbench,rank,deepseek,G2_instruction,2,top5,0.01,0.05,0.1,,,,0
toolbench,rank,deepseek,G2_instruction,2,top5,0.01,0.05,0.2,,,,0
toolbench,rank,deepseek,G2_instruction,2,top5,0.01,0.05,0.3,,,,0
toolbench,rank,deepseek,G2_instruction,2,top5,0.01,0.05,0.5,,,,0
toolbench,rank,deepseek,G2_instruction,2,top5,0.01,0.05,0.7,,,,0
toolbench,rank,deepseek,G2_instruction,2,top5,0.01,0.1,0.0,,,,0
toolbench,rank,deepseek,G2_instruction,2,top5,0.01,0.1,0.1,,,,0
toolbench,rank,deepseek,G2_instruction,2,top5,0.01,0.1,0.2,,,,0
toolbench,rank,deepseek,G2_instruction,2,top5,0.01,0.1,0.3,,,,0
toolbench,rank,deepseek,G2_instruction,2,top5,0.01,0.1,0.5,,,,0
toolbench,rank,deepseek,G2_instruction,2,top5,0.01,0.1,0.7,,,,0
toolbench,rank,deepseek,G2_instruction,2,top5,0.01,0.15,0.0,,,,0
toolbench,rank,deepseek,G2_instruction,2,top5,0.01,0.15,0.1,,,,0
toolbench,rank,deepseek,G2_instruction,2,top5,0.01,0.15,0.2,,,,0
toolbench,rank,deepseek,G2_instruction,2,top5,0.01,0.15,0.3,,,,0
toolbench,rank,deepseek,G2_instruction,2,top5,0.01,0.15,0.5,,,,0
toolbench,rank,deepseek,G2_instruction,2,top5,0.01,0.15,0.7,,,,0
toolbench,rank,deepseek,G2_instruction,2,top5,0.01,0.2,0.0,,,,0
toolbench,rank,deepseek,G2_instruction,2,top5,0.01,0.2,0.1,,,,0
toolbench,rank,deepseek,G2_instruction,2,top5,0.01,0.2,0.2,,,,0
toolbench,rank,deepseek,G2_instruction,2,top5,0.01,0.2,0.3,,,,0
toolbench,rank,deepseek,G2_instruction,2,top5,0.01,0.2,0.5,,,,0
toolbench,rank,deepseek,G2_instruction,2,top5,0.01,0.2,0.7,,,,0
toolbench,rank,deepseek,G2_instruction,2,top5,0.01,0.3,0.0,,,,0
toolbench,rank,deepseek,G2_instruction,2,top5,0.01,0.3,0.1,,,,0
toolbench,rank,deepseek,G2_instruction,2,top5,0.01,0.3,0.2,,,,0
toolbench,rank,deepseek,G2_instruction,2,top5,0.01,0.3,0.3,,,,0
toolbench,rank,deepseek,G2_instruction,2,top5,0.01,0.3,0.5,,,,0
toolbench,rank,deepseek,G2_instruction,2,top5,0.01,0.3,0.7,,,,0
toolbench,rank,deepseek,G2_instruction,2,top5,0.01,0.5,0.0,,,,0
toolbench,rank,deepseek,G2_instruction,2,top5,0.01,0.5,0.1,,,,0
toolbench,rank,deepseek,G2_instruction,2,top5,0.01,0.5,0.2,,,,0
toolbench,rank,deepseek,G2_instruction,2,top5,0.01,0.5,0.3,,,,0
toolbench,rank,deepseek,G2_instruction,2,top5,0.01,0.5,0.5,,,,0
toolbench,rank,deepseek,G2_instruction,2,top5,0.01,0.5,0.7,,,,0
toolbench,rank,deepseek,G2_instruction,3,full_rank,0.01,0.0,0.0,10,10,1.0,10
toolbench,rank,deepseek,G2_instruction,3,full_rank,0.01,0.0,0.1,10,10,1.0,10
toolbench,rank,deepseek,G2_instruction,3,full_rank,0.01,0.0,0.2,10,10,1.0,7
toolbench,rank,deepseek,G2_instruction,3,full_rank,0.01,0.0,0.3,10,20,2.0,15
toolbench,rank,deepseek,G2_instruction,3,full_rank,0.01,0.0,0.5,10,20,2.0,8
toolbench,rank,deepseek,G2_instruction,3,full_rank,0.01,0.0,0.7,10,20,2.0,8
toolbench,rank,deepseek,G2_instruction,3,full_rank,0.01,0.05,0.0,10,10,1.0,10
toolbench,rank,deepseek,G2_instruction,3,full_rank,0.01,0.05,0.1,10,10,1.0,9
toolbench,rank,deepseek,G2_instruction,3,full_rank,0.01,0.05,0.2,10,10,1.0,8
toolbench,rank,deepseek,G2_instruction,3,full_rank,0.01,0.05,0.3,10,10,1.0,9
toolbench,rank,deepseek,G2_instruction,3,full_rank,0.01,0.05,0.5,10,20,2.0,11
toolbench,rank,deepseek,G2_instruction,3,full_rank,0.01,0.05,0.7,10,20,2.0,10
toolbench,rank,deepseek,G2_instruction,3,full_rank,0.01,0.1,0.0,10,20,2.0,20
toolbench,rank,deepseek,G2_instruction,3,full_rank,0.01,0.1,0.1,10,20,2.0,18
toolbench,rank,deepseek,G2_instruction,3,full_rank,0.01,0.1,0.2,10,30,3.0,25
toolbench,rank,deepseek,G2_instruction,3,full_rank,0.01,0.1,0.3,10,20,2.0,8
toolbench,rank,deepseek,G2_instruction,3,full_rank,0.01,0.1,0.5,10,20,2.0,7
toolbench,rank,deepseek,G2_instruction,3,full_rank,0.01,0.1,0.7,10,30,3.0,13
toolbench,rank,deepseek,G2_instruction,3,full_rank,0.01,0.15,0.0,10,20,2.0,20
toolbench,rank,deepseek,G2_instruction,3,full_rank,0.01,0.15,0.1,10,30,3.0,25
toolbench,rank,deepseek,G2_instruction,3,full_rank,0.01,0.15,0.2,10,10,1.0,9
toolbench,rank,deepseek,G2_instruction,3,full_rank,0.01,0.15,0.3,10,30,3.0,22
toolbench,rank,deepseek,G2_instruction,3,full_rank,0.01,0.15,0.5,10,,,0
toolbench,rank,deepseek,G2_instruction,3,full_rank,0.01,0.15,0.7,10,,,0
toolbench,rank,deepseek,G2_instruction,3,full_rank,0.01,0.2,0.0,10,20,2.0,20
toolbench,rank,deepseek,G2_instruction,3,full_rank,0.01,0.2,0.1,10,,,0
toolbench,rank,deepseek,G2_instruction,3,full_rank,0.01,0.2,0.2,10,20,2.0,17
toolbench,rank,deepseek,G2_instruction,3,full_rank,0.01,0.2,0.3,10,,,0
toolbench,rank,deepseek,G2_instruction,3,full_rank,0.01,0.2,0.5,10,,,0
toolbench,rank,deepseek,G2_instruction,3,full_rank,0.01,0.2,0.7,10,,,0
toolbench,rank,deepseek,G2_instruction,3,full_rank,0.01,0.3,0.0,10,30,3.0,30
toolbench,rank,deepseek,G2_instruction,3,full_rank,0.01,0.3,0.1,10,30,3.0,30
toolbench,rank,deepseek,G2_instruction,3,full_rank,0.01,0.3,0.2,10,30,3.0,26
toolbench,rank,deepseek,G2_instruction,3,full_rank,0.01,0.3,0.3,10,,,0
toolbench,rank,deepseek,G2_instruction,3,full_rank,0.01,0.3,0.5,10,,,0
toolbench,rank,deepseek,G2_instruction,3,full_rank,0.01,0.3,0.7,10,,,0
toolbench,rank,deepseek,G2_instruction,3,full_rank,0.01,0.5,0.0,10,,,0
toolbench,rank,deepseek,G2_instruction,3,full_rank,0.01,0.5,0.1,10,,,0
toolbench,rank,deepseek,G2_instruction,3,full_rank,0.01,0.5,0.2,10,,,0
toolbench,rank,deepseek,G2_instruction,3,full_rank,0.01,0.5,0.3,10,,,0
toolbench,rank,deepseek,G2_instruction,3,full_rank,0.01,0.5,0.5,10,,,0
toolbench,rank,deepseek,G2_instruction,3,full_rank,0.01,0.5,0.7,10,,,0
toolbench,rank,deepseek,G2_instruction,3,top10,0.01,0.0,0.0,10,10,1.0,10
toolbench,rank,deepseek,G2_instruction,3,top10,0.01,0.0,0.1,10,10,1.0,8
toolbench,rank,deepseek,G2_instruction,3,top10,0.01,0.0,0.2,10,10,1.0,9
toolbench,rank,deepseek,G2_instruction,3,top10,0.01,0.0,0.3,10,10,1.0,9
toolbench,rank,deepseek,G2_instruction,3,top10,0.01,0.0,0.5,10,20,2.0,9
toolbench,rank,deepseek,G2_instruction,3,top10,0.01,0.0,0.7,10,20,2.0,8
toolbench,rank,deepseek,G2_instruction,3,top10,0.01,0.05,0.0,10,10,1.0,10
toolbench,rank,deepseek,G2_instruction,3,top10,0.01,0.05,0.1,10,20,2.0,19
toolbench,rank,deepseek,G2_instruction,3,top10,0.01,0.05,0.2,10,20,2.0,18
toolbench,rank,deepseek,G2_instruction,3,top10,0.01,0.05,0.3,10,10,1.0,7
toolbench,rank,deepseek,G2_instruction,3,top10,0.01,0.05,0.5,10,20,2.0,12
toolbench,rank,deepseek,G2_instruction,3,top10,0.01,0.05,0.7,10,20,2.0,7
toolbench,rank,deepseek,G2_instruction,3,top10,0.01,0.1,0.0,10,20,2.0,20
toolbench,rank,deepseek,G2_instruction,3,top10,0.01,0.1,0.1,10,20,2.0,19
toolbench,rank,deepseek,G2_instruction,3,top10,0.01,0.1,0.2,10,20,2.0,16
toolbench,rank,deepseek,G2_instruction,3,top10,0.01,0.1,0.3,10,20,2.0,15
toolbench,rank,deepseek,G2_instruction,3,top10,0.01,0.1,0.5,10,20,2.0,11
toolbench,rank,deepseek,G2_instruction,3,top10,0.01,0.1,0.7,10,,,0
toolbench,rank,deepseek,G2_instruction,3,top10,0.01,0.15,0.0,10,20,2.0,20
toolbench,rank,deepseek,G2_instruction,3,top10,0.01,0.15,0.1,10,20,2.0,17
toolbench,rank,deepseek,G2_instruction,3,top10,0.01,0.15,0.2,10,20,2.0,13
toolbench,rank,deepseek,G2_instruction,3,top10,0.01,0.15,0.3,10,20,2.0,17
toolbench,rank,deepseek,G2_instruction,3,top10,0.01,0.15,0.5,10,10,1.0,8
toolbench,rank,deepseek,G2_instruction,3,top10,0.01,0.15,0.7,10,,,0
toolbench,rank,deepseek,G2_instruction,3,top10,0.01,0.2,0.0,10,20,2.0,20
toolbench,rank,deepseek,G2_instruction,3,top10,0.01,0.2,0.1,10,20,2.0,19
toolbench,rank,deepseek,G2_instruction,3,top10,0.01,0.2,0.2,10,,,0
toolbench,rank,deepseek,G2_instruction,3,top10,0.01,0.2,0.3,10,20,2.0,17
toolbench,rank,deepseek,G2_instruction,3,top10,0.01,0.2,0.5,10,20,2.0,9
toolbench,rank,deepseek,G2_instruction,3,top10,0.01,0.2,0.7,10,,,0
toolbench,rank,deepseek,G2_instruction,3,top10,0.01,0.3,0.0,10,,,0
toolbench,rank,deepseek,G2_instruction,3,top10,0.01,0.3,0.1,10,,,0
toolbench,rank,deepseek,G2_instruction,3,top10,0.01,0.3,0.2,10,20,2.0,15
toolbench,rank,deepseek,G2_instruction,3,top10,0.01,0.3,0.3,10,,,0
toolbench,rank,deepseek,G2_instruction,3,top10,0.01,0.3,0.5,10,,,0
toolbench,rank,deepseek,G2_instruction,3,top10,0.01,0.3,0.7,10,,,0
toolbench,rank,deepseek,G2_instruction,3,top10,0.01,0.5,0.0,10,,,0
toolbench,rank,deepseek,G2_instruction,3,top10,0.01,0.5,0.1,10,,,0
toolbench,rank,deepseek,G2_instruction,3,top10,0.01,0.5,0.2,10,,,0
toolbench,rank,deepseek,G2_instruction,3,top10,0.01,0.5,0.3,10,,,0
toolbench,rank,deepseek,G2_instruction,3,top10,0.01,0.5,0.5,10,,,0
toolbench,rank,deepseek,G2_instruction,3,top10,0.01,0.5,0.7,10,,,0
toolbench,rank,deepseek,G2_instruction,3,top2,0.01,0.0,0.0,,,,0
toolbench,rank,deepseek,G2_instruction,3,top2,0.01,0.0,0.1,,,,0
toolbench,rank,deepseek,G2_instruction,3,top2,0.01,0.0,0.2,,,,0
toolbench,rank,deepseek,G2_instruction,3,top2,0.01,0.0,0.3,,,,0
toolbench,rank,deepseek,G2_instruction,3,top2,0.01,0.0,0.5,,,,0
toolbench,rank,deepseek,G2_instruction,3,top2,0.01,0.0,0.7,,,,0
toolbench,rank,deepseek,G2_instruction,3,top2,0.01,0.05,0.0,,,,0
toolbench,rank,deepseek,G2_instruction,3,top2,0.01,0.05,0.1,,,,0
toolbench,rank,deepseek,G2_instruction,3,top2,0.01,0.05,0.2,,,,0
toolbench,rank,deepseek,G2_instruction,3,top2,0.01,0.05,0.3,,,,0
toolbench,rank,deepseek,G2_instruction,3,top2,0.01,0.05,0.5,,,,0
toolbench,rank,deepseek,G2_instruction,3,top2,0.01,0.05,0.7,,,,0
toolbench,rank,deepseek,G2_instruction,3,top2,0.01,0.1,0.0,,,,0
toolbench,rank,deepseek,G2_instruction,3,top2,0.01,0.1,0.1,,,,0
toolbench,rank,deepseek,G2_instruction,3,top2,0.01,0.1,0.2,,,,0
toolbench,rank,deepseek,G2_instruction,3,top2,0.01,0.1,0.3,,,,0
toolbench,rank,deepseek,G2_instruction,3,top2,0.01,0.1,0.5,,,,0
toolbench,rank,deepseek,G2_instruction,3,top2,0.01,0.1,0.7,,,,0
toolbench,rank,deepseek,G2_instruction,3,top2,0.01,0.15,0.0,,,,0
toolbench,rank,deepseek,G2_instruction,3,top2,0.01,0.15,0.1,,,,0
toolbench,rank,deepseek,G2_instruction,3,top2,0.01,0.15,0.2,,,,0
toolbench,rank,deepseek,G2_instruction,3,top2,0.01,0.15,0.3,,,,0
toolbench,rank,deepseek,G2_instruction,3,top2,0.01,0.15,0.5,,,,0
toolbench,rank,deepseek,G2_instruction,3,top2,0.01,0.15,0.7,,,,0
toolbench,rank,deepseek,G2_instruction,3,top2,0.01,0.2,0.0,,,,0
toolbench,rank,deepseek,G2_instruction,3,top2,0.01,0.2,0.1,,,,0
toolbench,rank,deepseek,G2_instruction,3,top2,0.01,0.2,0.2,,,,0
toolbench,rank,deepseek,G2_instruction,3,top2,0.01,0.2,0.3,,,,0
toolbench,rank,deepseek,G2_instruction,3,top2,0.01,0.2,0.5,,,,0
toolbench,rank,deepseek,G2_instruction,3,top2,0.01,0.2,0.7,,,,0
toolbench,rank,deepseek,G2_instruction,3,top2,0.01,0.3,0.0,,,,0
toolbench,rank,deepseek,G2_instruction,3,top2,0.01,0.3,0.1,,,,0
toolbench,rank,deepseek,G2_instruction,3,top2,0.01,0.3,0.2,,,,0
toolbench,rank,deepseek,G2_instruction,3,top2,0.01,0.3,0.3,,,,0
toolbench,rank,deepseek,G2_instruction,3,top2,0.01,0.3,0.5,,,,0
toolbench,rank,deepseek,G2_instruction,3,top2,0.01,0.3,0.7,,,,0
toolbench,rank,deepseek,G2_instruction,3,top2,0.01,0.5,0.0,,,,0
toolbench,rank,deepseek,G2_instruction,3,top2,0.01,0.5,0.1,,,,0
toolbench,rank,deepseek,G2_instruction,3,top2,0.01,0.5,0.2,,,,0
toolbench,rank,deepseek,G2_instruction,3,top2,0.01,0.5,0.3,,,,0
toolbench,rank,deepseek,G2_instruction,3,top2,0.01,0.5,0.5,,,,0
toolbench,rank,deepseek,G2_instruction,3,top2,0.01,0.5,0.7,,,,0
toolbench,rank,deepseek,G2_instruction,3,top3,0.01,0.0,0.0,10,10,1.0,10
toolbench,rank,deepseek,G2_instruction,3,top3,0.01,0.0,0.1,10,10,1.0,9
toolbench,rank,deepseek,G2_instruction,3,top3,0.01,0.0,0.2,10,10,1.0,8
toolbench,rank,deepseek,G2_instruction,3,top3,0.01,0.0,0.3,10,10,1.0,8
toolbench,rank,deepseek,G2_instruction,3,top3,0.01,0.0,0.5,10,,,0
toolbench,rank,deepseek,G2_instruction,3,top3,0.01,0.0,0.7,10,,,0
toolbench,rank,deepseek,G2_instruction,3,top3,0.01,0.05,0.0,10,10,1.0,10
toolbench,rank,deepseek,G2_instruction,3,top3,0.01,0.05,0.1,10,10,1.0,10
toolbench,rank,deepseek,G2_instruction,3,top3,0.01,0.05,0.2,10,,,0
toolbench,rank,deepseek,G2_instruction,3,top3,0.01,0.05,0.3,10,,,0
toolbench,rank,deepseek,G2_instruction,3,top3,0.01,0.05,0.5,10,,,0
toolbench,rank,deepseek,G2_instruction,3,top3,0.01,0.05,0.7,10,,,0
toolbench,rank,deepseek,G2_instruction,3,top3,0.01,0.1,0.0,10,,,0
toolbench,rank,deepseek,G2_instruction,3,top3,0.01,0.1,0.1,10,,,0
toolbench,rank,deepseek,G2_instruction,3,top3,0.01,0.1,0.2,10,10,1.0,10
toolbench,rank,deepseek,G2_instruction,3,top3,0.01,0.1,0.3,10,,,0
toolbench,rank,deepseek,G2_instruction,3,top3,0.01,0.1,0.5,10,,,0
toolbench,rank,deepseek,G2_instruction,3,top3,0.01,0.1,0.7,10,,,0
toolbench,rank,deepseek,G2_instruction,3,top3,0.01,0.15,0.0,10,,,0
toolbench,rank,deepseek,G2_instruction,3,top3,0.01,0.15,0.1,10,,,0
toolbench,rank,deepseek,G2_instruction,3,top3,0.01,0.15,0.2,10,,,0
toolbench,rank,deepseek,G2_instruction,3,top3,0.01,0.15,0.3,10,10,1.0,7
toolbench,rank,deepseek,G2_instruction,3,top3,0.01,0.15,0.5,10,,,0
toolbench,rank,deepseek,G2_instruction,3,top3,0.01,0.15,0.7,10,,,0
toolbench,rank,deepseek,G2_instruction,3,top3,0.01,0.2,0.0,10,,,0
toolbench,rank,deepseek,G2_instruction,3,top3,0.01,0.2,0.1,10,,,0
toolbench,rank,deepseek,G2_instruction,3,top3,0.01,0.2,0.2,10,,,0
toolbench,rank,deepseek,G2_instruction,3,top3,0.01,0.2,0.3,10,,,0
toolbench,rank,deepseek,G2_instruction,3,top3,0.01,0.2,0.5,10,,,0
toolbench,rank,deepseek,G2_instruction,3,top3,0.01,0.2,0.7,10,,,0
toolbench,rank,deepseek,G2_instruction,3,top3,0.01,0.3,0.0,10,,,0
toolbench,rank,deepseek,G2_instruction,3,top3,0.01,0.3,0.1,10,,,0
toolbench,rank,deepseek,G2_instruction,3,top3,0.01,0.3,0.2,10,,,0
toolbench,rank,deepseek,G2_instruction,3,top3,0.01,0.3,0.3,10,,,0
toolbench,rank,deepseek,G2_instruction,3,top3,0.01,0.3,0.5,10,,,0
toolbench,rank,deepseek,G2_instruction,3,top3,0.01,0.3,0.7,10,,,0
toolbench,rank,deepseek,G2_instruction,3,top3,0.01,0.5,0.0,10,,,0
toolbench,rank,deepseek,G2_instruction,3,top3,0.01,0.5,0.1,10,,,0
toolbench,rank,deepseek,G2_instruction,3,top3,0.01,0.5,0.2,10,,,0
toolbench,rank,deepseek,G2_instruction,3,top3,0.01,0.5,0.3,10,,,0
toolbench,rank,deepseek,G2_instruction,3,top3,0.01,0.5,0.5,10,,,0
toolbench,rank,deepseek,G2_instruction,3,top3,0.01,0.5,0.7,10,,,0
toolbench,rank,deepseek,G2_instruction,3,top5,0.01,0.0,0.0,10,10,1.0,10
toolbench,rank,deepseek,G2_instruction,3,top5,0.01,0.0,0.1,10,10,1.0,8
toolbench,rank,deepseek,G2_instruction,3,top5,0.01,0.0,0.2,10,10,1.0,8
toolbench,rank,deepseek,G2_instruction,3,top5,0.01,0.0,0.3,10,10,1.0,7
toolbench,rank,deepseek,G2_instruction,3,top5,0.01,0.0,0.5,10,20,2.0,7
toolbench,rank,deepseek,G2_instruction,3,top5,0.01,0.0,0.7,10,20,2.0,9
toolbench,rank,deepseek,G2_instruction,3,top5,0.01,0.05,0.0,10,10,1.0,10
toolbench,rank,deepseek,G2_instruction,3,top5,0.01,0.05,0.1,10,10,1.0,10
toolbench,rank,deepseek,G2_instruction,3,top5,0.01,0.05,0.2,10,10,1.0,7
toolbench,rank,deepseek,G2_instruction,3,top5,0.01,0.05,0.3,10,20,2.0,15
toolbench,rank,deepseek,G2_instruction,3,top5,0.01,0.05,0.5,10,,,0
toolbench,rank,deepseek,G2_instruction,3,top5,0.01,0.05,0.7,10,,,0
toolbench,rank,deepseek,G2_instruction,3,top5,0.01,0.1,0.0,10,10,1.0,10
toolbench,rank,deepseek,G2_instruction,3,top5,0.01,0.1,0.1,10,20,2.0,18
toolbench,rank,deepseek,G2_instruction,3,top5,0.01,0.1,0.2,10,20,2.0,14
toolbench,rank,deepseek,G2_instruction,3,top5,0.01,0.1,0.3,10,20,2.0,13
toolbench,rank,deepseek,G2_instruction,3,top5,0.01,0.1,0.5,10,20,2.0,7
toolbench,rank,deepseek,G2_instruction,3,top5,0.01,0.1,0.7,10,,,0
toolbench,rank,deepseek,G2_instruction,3,top5,0.01,0.15,0.0,10,,,0
toolbench,rank,deepseek,G2_instruction,3,top5,0.01,0.15,0.1,10,10,1.0,8
toolbench,rank,deepseek,G2_instruction,3,top5,0.01,0.15,0.2,10,,,0
toolbench,rank,deepseek,G2_instruction,3,top5,0.01,0.15,0.3,10,20,2.0,15
toolbench,rank,deepseek,G2_instruction,3,top5,0.01,0.15,0.5,10,20,2.0,12
toolbench,rank,deepseek,G2_instruction,3,top5,0.01,0.15,0.7,10,,,0
toolbench,rank,deepseek,G2_instruction,3,top5,0.01,0.2,0.0,10,,,0
toolbench,rank,deepseek,G2_instruction,3,top5,0.01,0.2,0.1,10,,,0
toolbench,rank,deepseek,G2_instruction,3,top5,0.01,0.2,0.2,10,,,0
toolbench,rank,deepseek,G2_instruction,3,top5,0.01,0.2,0.3,10,20,2.0,19
toolbench,rank,deepseek,G2_instruction,3,top5,0.01,0.2,0.5,10,,,0
toolbench,rank,deepseek,G2_instruction,3,top5,0.01,0.2,0.7,10,,,0
toolbench,rank,deepseek,G2_instruction,3,top5,0.01,0.3,0.0,10,10,1.0,10
toolbench,rank,deepseek,G2_instruction,3,top5,0.01,0.3,0.1,10,,,0
toolbench,rank,deepseek,G2_instruction,3,top5,0.01,0.3,0.2,10,,,0
toolbench,rank,deepseek,G2_instruction,3,top5,0.01,0.3,0.3,10,20,2.0,16
toolbench,rank,deepseek,G2_instruction,3,top5,0.01,0.3,0.5,10,,,0
toolbench,rank,deepseek,G2_instruction,3,top5,0.01,0.3,0.7,10,,,0
toolbench,rank,deepseek,G2_instruction,3,top5,0.01,0.5,0.0,10,,,0
toolbench,rank,deepseek,G2_instruction,3,top5,0.01,0.5,0.1,10,,,0
toolbench,rank,deepseek,G2_instruction,3,top5,0.01,0.5,0.2,10,,,0
toolbench,rank,deepseek,G2_instruction,3,top5,0.01,0.5,0.3,10,,,0
toolbench,rank,deepseek,G2_instruction,3,top5,0.01,0.5,0.5,10,,,0
toolbench,rank,deepseek,G2_instruction,3,top5,0.01,0.5,0.7,10,,,0
toolbench,rank,deepseek,G3_instruction,1,full_rank,0.01,0.0,0.0,10,10,1.0,10
toolbench,rank,deepseek,G3_instruction,1,full_rank,0.01,0.0,0.1,10,10,1.0,9
toolbench,rank,deepseek,G3_instruction,1,full_rank,0.01,0.0,0.2,10,10,1.0,7
toolbench,rank,deepseek,G3_instruction,1,full_rank,0.01,0.0,0.3,10,20,2.0,14
toolbench,rank,deepseek,G3_instruction,1,full_rank,0.01,0.0,0.5,10,20,2.0,11
toolbench,rank,deepseek,G3_instruction,1,full_rank,0.01,0.0,0.7,10,20,2.0,8
toolbench,rank,deepseek,G3_instruction,1,full_rank,0.01,0.05,0.0,10,20,2.0,20
toolbench,rank,deepseek,G3_instruction,1,full_rank,0.01,0.05,0.1,10,10,1.0,8
toolbench,rank,deepseek,G3_instruction,1,full_rank,0.01,0.05,0.2,10,10,1.0,8
toolbench,rank,deepseek,G3_instruction,1,full_rank,0.01,0.05,0.3,10,20,2.0,14
toolbench,rank,deepseek,G3_instruction,1,full_rank,0.01,0.05,0.5,10,10,1.0,7
toolbench,rank,deepseek,G3_instruction,1,full_rank,0.01,0.05,0.7,10,,,0
toolbench,rank,deepseek,G3_instruction,1,full_rank,0.01,0.1,0.0,10,20,2.0,20
toolbench,rank,deepseek,G3_instruction,1,full_rank,0.01,0.1,0.1,10,10,1.0,9
toolbench,rank,deepseek,G3_instruction,1,full_rank,0.01,0.1,0.2,10,20,2.0,15
toolbench,rank,deepseek,G3_instruction,1,full_rank,0.01,0.1,0.3,10,,,0
toolbench,rank,deepseek,G3_instruction,1,full_rank,0.01,0.1,0.5,10,20,2.0,10
toolbench,rank,deepseek,G3_instruction,1,full_rank,0.01,0.1,0.7,10,,,0
toolbench,rank,deepseek,G3_instruction,1,full_rank,0.01,0.15,0.0,10,20,2.0,20
toolbench,rank,deepseek,G3_instruction,1,full_rank,0.01,0.15,0.1,10,20,2.0,18
toolbench,rank,deepseek,G3_instruction,1,full_rank,0.01,0.15,0.2,10,,,0
toolbench,rank,deepseek,G3_instruction,1,full_rank,0.01,0.15,0.3,10,,,0
toolbench,rank,deepseek,G3_instruction,1,full_rank,0.01,0.15,0.5,10,,,0
toolbench,rank,deepseek,G3_instruction,1,full_rank,0.01,0.15,0.7,10,,,0
toolbench,rank,deepseek,G3_instruction,1,full_rank,0.01,0.2,0.0,10,20,2.0,20
toolbench,rank,deepseek,G3_instruction,1,full_rank,0.01,0.2,0.1,10,10,1.0,9
toolbench,rank,deepseek,G3_instruction,1,full_rank,0.01,0.2,0.2,10,,,0
toolbench,rank,deepseek,G3_instruction,1,full_rank,0.01,0.2,0.3,10,,,0
toolbench,rank,deepseek,G3_instruction,1,full_rank,0.01,0.2,0.5,10,,,0
toolbench,rank,deepseek,G3_instruction,1,full_rank,0.01,0.2,0.7,10,,,0
toolbench,rank,deepseek,G3_instruction,1,full_rank,0.01,0.3,0.0,10,,,0
toolbench,rank,deepseek,G3_instruction,1,full_rank,0.01,0.3,0.1,10,20,2.0,19
toolbench,rank,deepseek,G3_instruction,1,full_rank,0.01,0.3,0.2,10,,,0
toolbench,rank,deepseek,G3_instruction,1,full_rank,0.01,0.3,0.3,10,,,0
toolbench,rank,deepseek,G3_instruction,1,full_rank,0.01,0.3,0.5,10,,,0
toolbench,rank,deepseek,G3_instruction,1,full_rank,0.01,0.3,0.7,10,,,0
toolbench,rank,deepseek,G3_instruction,1,full_rank,0.01,0.5,0.0,10,,,0
toolbench,rank,deepseek,G3_instruction,1,full_rank,0.01,0.5,0.1,10,,,0
toolbench,rank,deepseek,G3_instruction,1,full_rank,0.01,0.5,0.2,10,,,0
toolbench,rank,deepseek,G3_instruction,1,full_rank,0.01,0.5,0.3,10,,,0
toolbench,rank,deepseek,G3_instruction,1,full_rank,0.01,0.5,0.5,10,,,0
toolbench,rank,deepseek,G3_instruction,1,full_rank,0.01,0.5,0.7,10,,,0
toolbench,rank,deepseek,G3_instruction,1,top10,0.01,0.0,0.0,10,10,1.0,10
toolbench,rank,deepseek,G3_instruction,1,top10,0.01,0.0,0.1,10,10,1.0,8
toolbench,rank,deepseek,G3_instruction,1,top10,0.01,0.0,0.2,10,10,1.0,7
toolbench,rank,deepseek,G3_instruction,1,top10,0.01,0.0,0.3,10,10,1.0,7
toolbench,rank,deepseek,G3_instruction,1,top10,0.01,0.0,0.5,10,20,2.0,13
toolbench,rank,deepseek,G3_instruction,1,top10,0.01,0.0,0.7,10,20,2.0,7
toolbench,rank,deepseek,G3_instruction,1,top10,0.01,0.05,0.0,10,10,1.0,10
toolbench,rank,deepseek,G3_instruction,1,top10,0.01,0.05,0.1,10,10,1.0,9
toolbench,rank,deepseek,G3_instruction,1,top10,0.01,0.05,0.2,10,20,2.0,17
toolbench,rank,deepseek,G3_instruction,1,top10,0.01,0.05,0.3,10,20,2.0,18
toolbench,rank,deepseek,G3_instruction,1,top10,0.01,0.05,0.5,10,20,2.0,12
toolbench,rank,deepseek,G3_instruction,1,top10,0.01,0.05,0.7,10,,,0
toolbench,rank,deepseek,G3_instruction,1,top10,0.01,0.1,0.0,10,10,1.0,10
toolbench,rank,deepseek,G3_instruction,1,top10,0.01,0.1,0.1,10,20,2.0,18
toolbench,rank,deepseek,G3_instruction,1,top10,0.01,0.1,0.2,10,20,2.0,16
toolbench,rank,deepseek,G3_instruction,1,top10,0.01,0.1,0.3,10,,,0
toolbench,rank,deepseek,G3_instruction,1,top10,0.01,0.1,0.5,10,,,0
toolbench,rank,deepseek,G3_instruction,1,top10,0.01,0.1,0.7,10,,,0
toolbench,rank,deepseek,G3_instruction,1,top10,0.01,0.15,0.0,10,20,2.0,20
toolbench,rank,deepseek,G3_instruction,1,top10,0.01,0.15,0.1,10,,,0
toolbench,rank,deepseek,G3_instruction,1,top10,0.01,0.15,0.2,10,20,2.0,15
toolbench,rank,deepseek,G3_instruction,1,top10,0.01,0.15,0.3,10,20,2.0,14
toolbench,rank,deepseek,G3_instruction,1,top10,0.01,0.15,0.5,10,,,0
toolbench,rank,deepseek,G3_instruction,1,top10,0.01,0.15,0.7,10,20,2.0,8
toolbench,rank,deepseek,G3_instruction,1,top10,0.01,0.2,0.0,10,20,2.0,20
toolbench,rank,deepseek,G3_instruction,1,top10,0.01,0.2,0.1,10,,,0
toolbench,rank,deepseek,G3_instruction,1,top10,0.01,0.2,0.2,10,10,1.0,9
toolbench,rank,deepseek,G3_instruction,1,top10,0.01,0.2,0.3,10,,,0
toolbench,rank,deepseek,G3_instruction,1,top10,0.01,0.2,0.5,10,,,0
toolbench,rank,deepseek,G3_instruction,1,top10,0.01,0.2,0.7,10,,,0
toolbench,rank,deepseek,G3_instruction,1,top10,0.01,0.3,0.0,10,,,0
toolbench,rank,deepseek,G3_instruction,1,top10,0.01,0.3,0.1,10,,,0
toolbench,rank,deepseek,G3_instruction,1,top10,0.01,0.3,0.2,10,,,0
toolbench,rank,deepseek,G3_instruction,1,top10,0.01,0.3,0.3,10,,,0
toolbench,rank,deepseek,G3_instruction,1,top10,0.01,0.3,0.5,10,,,0
toolbench,rank,deepseek,G3_instruction,1,top10,0.01,0.3,0.7,10,20,2.0,8
toolbench,rank,deepseek,G3_instruction,1,top10,0.01,0.5,0.0,10,,,0
toolbench,rank,deepseek,G3_instruction,1,top10,0.01,0.5,0.1,10,,,0
toolbench,rank,deepseek,G3_instruction,1,top10,0.01,0.5,0.2,10,,,0
toolbench,rank,deepseek,G3_instruction,1,top10,0.01,0.5,0.3,10,,,0
toolbench,rank,deepseek,G3_instruction,1,top10,0.01,0.5,0.5,10,,,0
toolbench,rank,deepseek,G3_instruction,1,top10,0.01,0.5,0.7,10,,,0
toolbench,rank,deepseek,G3_instruction,1,top2,0.01,0.0,0.0,,,,0
toolbench,rank,deepseek,G3_instruction,1,top2,0.01,0.0,0.1,,,,0
toolbench,rank,deepseek,G3_instruction,1,top2,0.01,0.0,0.2,,,,0
toolbench,rank,deepseek,G3_instruction,1,top2,0.01,0.0,0.3,,,,0
toolbench,rank,deepseek,G3_instruction,1,top2,0.01,0.0,0.5,,,,0
toolbench,rank,deepseek,G3_instruction,1,top2,0.01,0.0,0.7,,,,0
toolbench,rank,deepseek,G3_instruction,1,top2,0.01,0.05,0.0,,,,0
toolbench,rank,deepseek,G3_instruction,1,top2,0.01,0.05,0.1,,,,0
toolbench,rank,deepseek,G3_instruction,1,top2,0.01,0.05,0.2,,,,0
toolbench,rank,deepseek,G3_instruction,1,top2,0.01,0.05,0.3,,,,0
toolbench,rank,deepseek,G3_instruction,1,top2,0.01,0.05,0.5,,,,0
toolbench,rank,deepseek,G3_instruction,1,top2,0.01,0.05,0.7,,,,0
toolbench,rank,deepseek,G3_instruction,1,top2,0.01,0.1,0.0,,,,0
toolbench,rank,deepseek,G3_instruction,1,top2,0.01,0.1,0.1,,,,0
toolbench,rank,deepseek,G3_instruction,1,top2,0.01,0.1,0.2,,,,0
toolbench,rank,deepseek,G3_instruction,1,top2,0.01,0.1,0.3,,,,0
toolbench,rank,deepseek,G3_instruction,1,top2,0.01,0.1,0.5,,,,0
toolbench,rank,deepseek,G3_instruction,1,top2,0.01,0.1,0.7,,,,0
toolbench,rank,deepseek,G3_instruction,1,top2,0.01,0.15,0.0,,,,0
toolbench,rank,deepseek,G3_instruction,1,top2,0.01,0.15,0.1,,,,0
toolbench,rank,deepseek,G3_instruction,1,top2,0.01,0.15,0.2,,,,0
toolbench,rank,deepseek,G3_instruction,1,top2,0.01,0.15,0.3,,,,0
toolbench,rank,deepseek,G3_instruction,1,top2,0.01,0.15,0.5,,,,0
toolbench,rank,deepseek,G3_instruction,1,top2,0.01,0.15,0.7,,,,0
toolbench,rank,deepseek,G3_instruction,1,top2,0.01,0.2,0.0,,,,0
toolbench,rank,deepseek,G3_instruction,1,top2,0.01,0.2,0.1,,,,0
toolbench,rank,deepseek,G3_instruction,1,top2,0.01,0.2,0.2,,,,0
toolbench,rank,deepseek,G3_instruction,1,top2,0.01,0.2,0.3,,,,0
toolbench,rank,deepseek,G3_instruction,1,top2,0.01,0.2,0.5,,,,0
toolbench,rank,deepseek,G3_instruction,1,top2,0.01,0.2,0.7,,,,0
toolbench,rank,deepseek,G3_instruction,1,top2,0.01,0.3,0.0,,,,0
toolbench,rank,deepseek,G3_instruction,1,top2,0.01,0.3,0.1,,,,0
toolbench,rank,deepseek,G3_instruction,1,top2,0.01,0.3,0.2,,,,0
toolbench,rank,deepseek,G3_instruction,1,top2,0.01,0.3,0.3,,,,0
toolbench,rank,deepseek,G3_instruction,1,top2,0.01,0.3,0.5,,,,0
toolbench,rank,deepseek,G3_instruction,1,top2,0.01,0.3,0.7,,,,0
toolbench,rank,deepseek,G3_instruction,1,top2,0.01,0.5,0.0,,,,0
toolbench,rank,deepseek,G3_instruction,1,top2,0.01,0.5,0.1,,,,0
toolbench,rank,deepseek,G3_instruction,1,top2,0.01,0.5,0.2,,,,0
toolbench,rank,deepseek,G3_instruction,1,top2,0.01,0.5,0.3,,,,0
toolbench,rank,deepseek,G3_instruction,1,top2,0.01,0.5,0.5,,,,0
toolbench,rank,deepseek,G3_instruction,1,top2,0.01,0.5,0.7,,,,0
toolbench,rank,deepseek,G3_instruction,1,top3,0.01,0.0,0.0,10,10,1.0,10
toolbench,rank,deepseek,G3_instruction,1,top3,0.01,0.0,0.1,10,10,1.0,10
toolbench,rank,deepseek,G3_instruction,1,top3,0.01,0.0,0.2,10,,,0
toolbench,rank,deepseek,G3_instruction,1,top3,0.01,0.0,0.3,10,,,0
toolbench,rank,deepseek,G3_instruction,1,top3,0.01,0.0,0.5,10,,,0
toolbench,rank,deepseek,G3_instruction,1,top3,0.01,0.0,0.7,10,,,0
toolbench,rank,deepseek,G3_instruction,1,top3,0.01,0.05,0.0,10,10,1.0,10
toolbench,rank,deepseek,G3_instruction,1,top3,0.01,0.05,0.1,10,10,1.0,10
toolbench,rank,deepseek,G3_instruction,1,top3,0.01,0.05,0.2,10,10,1.0,9
toolbench,rank,deepseek,G3_instruction,1,top3,0.01,0.05,0.3,10,,,0
toolbench,rank,deepseek,G3_instruction,1,top3,0.01,0.05,0.5,10,,,0
toolbench,rank,deepseek,G3_instruction,1,top3,0.01,0.05,0.7,10,,,0
toolbench,rank,deepseek,G3_instruction,1,top3,0.01,0.1,0.0,10,,,0
toolbench,rank,deepseek,G3_instruction,1,top3,0.01,0.1,0.1,10,,,0
toolbench,rank,deepseek,G3_instruction,1,top3,0.01,0.1,0.2,10,10,1.0,9
toolbench,rank,deepseek,G3_instruction,1,top3,0.01,0.1,0.3,10,,,0
toolbench,rank,deepseek,G3_instruction,1,top3,0.01,0.1,0.5,10,,,0
toolbench,rank,deepseek,G3_instruction,1,top3,0.01,0.1,0.7,10,,,0
toolbench,rank,deepseek,G3_instruction,1,top3,0.01,0.15,0.0,10,,,0
toolbench,rank,deepseek,G3_instruction,1,top3,0.01,0.15,0.1,10,,,0
toolbench,rank,deepseek,G3_instruction,1,top3,0.01,0.15,0.2,10,,,0
toolbench,rank,deepseek,G3_instruction,1,top3,0.01,0.15,0.3,10,,,0
toolbench,rank,deepseek,G3_instruction,1,top3,0.01,0.15,0.5,10,,,0
toolbench,rank,deepseek,G3_instruction,1,top3,0.01,0.15,0.7,10,,,0
toolbench,rank,deepseek,G3_instruction,1,top3,0.01,0.2,0.0,10,,,0
toolbench,rank,deepseek,G3_instruction,1,top3,0.01,0.2,0.1,10,,,0
toolbench,rank,deepseek,G3_instruction,1,top3,0.01,0.2,0.2,10,,,0
toolbench,rank,deepseek,G3_instruction,1,top3,0.01,0.2,0.3,10,,,0
toolbench,rank,deepseek,G3_instruction,1,top3,0.01,0.2,0.5,10,,,0
toolbench,rank,deepseek,G3_instruction,1,top3,0.01,0.2,0.7,10,,,0
toolbench,rank,deepseek,G3_instruction,1,top3,0.01,0.3,0.0,10,,,0
toolbench,rank,deepseek,G3_instruction,1,top3,0.01,0.3,0.1,10,,,0
toolbench,rank,deepseek,G3_instruction,1,top3,0.01,0.3,0.2,10,,,0
toolbench,rank,deepseek,G3_instruction,1,top3,0.01,0.3,0.3,10,,,0
toolbench,rank,deepseek,G3_instruction,1,top3,0.01,0.3,0.5,10,,,0
toolbench,rank,deepseek,G3_instruction,1,top3,0.01,0.3,0.7,10,,,0
toolbench,rank,deepseek,G3_instruction,1,top3,0.01,0.5,0.0,10,,,0
toolbench,rank,deepseek,G3_instruction,1,top3,0.01,0.5,0.1,10,,,0
toolbench,rank,deepseek,G3_instruction,1,top3,0.01,0.5,0.2,10,,,0
toolbench,rank,deepseek,G3_instruction,1,top3,0.01,0.5,0.3,10,,,0
toolbench,rank,deepseek,G3_instruction,1,top3,0.01,0.5,0.5,10,,,0
toolbench,rank,deepseek,G3_instruction,1,top3,0.01,0.5,0.7,10,,,0
toolbench,rank,deepseek,G3_instruction,1,top5,0.01,0.0,0.0,10,10,1.0,10
toolbench,rank,deepseek,G3_instruction,1,top5,0.01,0.0,0.1,10,10,1.0,9
toolbench,rank,deepseek,G3_instruction,1,top5,0.01,0.0,0.2,10,10,1.0,7
toolbench,rank,deepseek,G3_instruction,1,top5,0.01,0.0,0.3,10,10,1.0,8
toolbench,rank,deepseek,G3_instruction,1,top5,0.01,0.0,0.5,10,20,2.0,10
toolbench,rank,deepseek,G3_instruction,1,top5,0.01,0.0,0.7,10,,,0
toolbench,rank,deepseek,G3_instruction,1,top5,0.01,0.05,0.0,10,20,2.0,20
toolbench,rank,deepseek,G3_instruction,1,top5,0.01,0.05,0.1,10,10,1.0,10
toolbench,rank,deepseek,G3_instruction,1,top5,0.01,0.05,0.2,10,10,1.0,9
toolbench,rank,deepseek,G3_instruction,1,top5,0.01,0.05,0.3,10,20,2.0,12
toolbench,rank,deepseek,G3_instruction,1,top5,0.01,0.05,0.5,10,20,2.0,11
toolbench,rank,deepseek,G3_instruction,1,top5,0.01,0.05,0.7,10,,,0
toolbench,rank,deepseek,G3_instruction,1,top5,0.01,0.1,0.0,10,20,2.0,20
toolbench,rank,deepseek,G3_instruction,1,top5,0.01,0.1,0.1,10,20,2.0,17
toolbench,rank,deepseek,G3_instruction,1,top5,0.01,0.1,0.2,10,10,1.0,8
toolbench,rank,deepseek,G3_instruction,1,top5,0.01,0.1,0.3,10,20,2.0,13
toolbench,rank,deepseek,G3_instruction,1,top5,0.01,0.1,0.5,10,,,0
toolbench,rank,deepseek,G3_instruction,1,top5,0.01,0.1,0.7,10,,,0
toolbench,rank,deepseek,G3_instruction,1,top5,0.01,0.15,0.0,10,20,2.0,20
toolbench,rank,deepseek,G3_instruction,1,top5,0.01,0.15,0.1,10,20,2.0,19
toolbench,rank,deepseek,G3_instruction,1,top5,0.01,0.15,0.2,10,20,2.0,15
toolbench,rank,deepseek,G3_instruction,1,top5,0.01,0.15,0.3,10,,,0
toolbench,rank,deepseek,G3_instruction,1,top5,0.01,0.15,0.5,10,,,0
toolbench,rank,deepseek,G3_instruction,1,top5,0.01,0.15,0.7,10,,,0
toolbench,rank,deepseek,G3_instruction,1,top5,0.01,0.2,0.0,10,20,2.0,20
toolbench,rank,deepseek,G3_instruction,1,top5,0.01,0.2,0.1,10,20,2.0,20
toolbench,rank,deepseek,G3_instruction,1,top5,0.01,0.2,0.2,10,10,1.0,8
toolbench,rank,deepseek,G3_instruction,1,top5,0.01,0.2,0.3,10,20,2.0,14
toolbench,rank,deepseek,G3_instruction,1,top5,0.01,0.2,0.5,10,20,2.0,11
toolbench,rank,deepseek,G3_instruction,1,top5,0.01,0.2,0.7,10,,,0
toolbench,rank,deepseek,G3_instruction,1,top5,0.01,0.3,0.0,10,,,0
toolbench,rank,deepseek,G3_instruction,1,top5,0.01,0.3,0.1,10,,,0
toolbench,rank,deepseek,G3_instruction,1,top5,0.01,0.3,0.2,10,20,2.0,17
toolbench,rank,deepseek,G3_instruction,1,top5,0.01,0.3,0.3,10,,,0
toolbench,rank,deepseek,G3_instruction,1,top5,0.01,0.3,0.5,10,,,0
toolbench,rank,deepseek,G3_instruction,1,top5,0.01,0.3,0.7,10,,,0
toolbench,rank,deepseek,G3_instruction,1,top5,0.01,0.5,0.0,10,,,0
toolbench,rank,deepseek,G3_instruction,1,top5,0.01,0.5,0.1,10,,,0
toolbench,rank,deepseek,G3_instruction,1,top5,0.01,0.5,0.2,10,,,0
toolbench,rank,deepseek,G3_instruction,1,top5,0.01,0.5,0.3,10,,,0
toolbench,rank,deepseek,G3_instruction,1,top5,0.01,0.5,0.5,10,,,0
toolbench,rank,deepseek,G3_instruction,1,top5,0.01,0.5,0.7,10,,,0
toolbench,rank,deepseek,G3_instruction,2,full_rank,0.01,0.0,0.0,10,10,1.0,10
toolbench,rank,deepseek,G3_instruction,2,full_rank,0.01,0.0,0.1,10,10,1.0,9
toolbench,rank,deepseek,G3_instruction,2,full_rank,0.01,0.0,0.2,10,10,1.0,9
toolbench,rank,deepseek,G3_instruction,2,full_rank,0.01,0.0,0.3,10,10,1.0,7
toolbench,rank,deepseek,G3_instruction,2,full_rank,0.01,0.0,0.5,10,10,1.0,7
toolbench,rank,deepseek,G3_instruction,2,full_rank,0.01,0.0,0.7,10,,,0
toolbench,rank,deepseek,G3_instruction,2,full_rank,0.01,0.05,0.0,10,,,0
toolbench,rank,deepseek,G3_instruction,2,full_rank,0.01,0.05,0.1,10,,,0
toolbench,rank,deepseek,G3_instruction,2,full_rank,0.01,0.05,0.2,10,,,0
toolbench,rank,deepseek,G3_instruction,2,full_rank,0.01,0.05,0.3,10,,,0
toolbench,rank,deepseek,G3_instruction,2,full_rank,0.01,0.05,0.5,10,,,0
toolbench,rank,deepseek,G3_instruction,2,full_rank,0.01,0.05,0.7,10,,,0
toolbench,rank,deepseek,G3_instruction,2,full_rank,0.01,0.1,0.0,10,,,0
toolbench,rank,deepseek,G3_instruction,2,full_rank,0.01,0.1,0.1,10,10,1.0,10
toolbench,rank,deepseek,G3_instruction,2,full_rank,0.01,0.1,0.2,10,,,0
toolbench,rank,deepseek,G3_instruction,2,full_rank,0.01,0.1,0.3,10,,,0
toolbench,rank,deepseek,G3_instruction,2,full_rank,0.01,0.1,0.5,10,,,0
toolbench,rank,deepseek,G3_instruction,2,full_rank,0.01,0.1,0.7,10,,,0
toolbench,rank,deepseek,G3_instruction,2,full_rank,0.01,0.15,0.0,10,,,0
toolbench,rank,deepseek,G3_instruction,2,full_rank,0.01,0.15,0.1,10,,,0
toolbench,rank,deepseek,G3_instruction,2,full_rank,0.01,0.15,0.2,10,,,0
toolbench,rank,deepseek,G3_instruction,2,full_rank,0.01,0.15,0.3,10,10,1.0,7
toolbench,rank,deepseek,G3_instruction,2,full_rank,0.01,0.15,0.5,10,,,0
toolbench,rank,deepseek,G3_instruction,2,full_rank,0.01,0.15,0.7,10,,,0
toolbench,rank,deepseek,G3_instruction,2,full_rank,0.01,0.2,0.0,10,,,0
toolbench,rank,deepseek,G3_instruction,2,full_rank,0.01,0.2,0.1,10,10,1.0,9
toolbench,rank,deepseek,G3_instruction,2,full_rank,0.01,0.2,0.2,10,,,0
toolbench,rank,deepseek,G3_instruction,2,full_rank,0.01,0.2,0.3,10,,,0
toolbench,rank,deepseek,G3_instruction,2,full_rank,0.01,0.2,0.5,10,,,0
toolbench,rank,deepseek,G3_instruction,2,full_rank,0.01,0.2,0.7,10,,,0
toolbench,rank,deepseek,G3_instruction,2,full_rank,0.01,0.3,0.0,10,,,0
toolbench,rank,deepseek,G3_instruction,2,full_rank,0.01,0.3,0.1,10,,,0
toolbench,rank,deepseek,G3_instruction,2,full_rank,0.01,0.3,0.2,10,,,0
toolbench,rank,deepseek,G3_instruction,2,full_rank,0.01,0.3,0.3,10,,,0
toolbench,rank,deepseek,G3_instruction,2,full_rank,0.01,0.3,0.5,10,,,0
toolbench,rank,deepseek,G3_instruction,2,full_rank,0.01,0.3,0.7,10,,,0
toolbench,rank,deepseek,G3_instruction,2,full_rank,0.01,0.5,0.0,10,,,0
toolbench,rank,deepseek,G3_instruction,2,full_rank,0.01,0.5,0.1,10,,,0
toolbench,rank,deepseek,G3_instruction,2,full_rank,0.01,0.5,0.2,10,,,0
toolbench,rank,deepseek,G3_instruction,2,full_rank,0.01,0.5,0.3,10,,,0
toolbench,rank,deepseek,G3_instruction,2,full_rank,0.01,0.5,0.5,10,,,0
toolbench,rank,deepseek,G3_instruction,2,full_rank,0.01,0.5,0.7,10,,,0
toolbench,rank,deepseek,G3_instruction,2,top10,0.01,0.0,0.0,10,10,1.0,10
toolbench,rank,deepseek,G3_instruction,2,top10,0.01,0.0,0.1,10,10,1.0,9
toolbench,rank,deepseek,G3_instruction,2,top10,0.01,0.0,0.2,10,10,1.0,8
toolbench,rank,deepseek,G3_instruction,2,top10,0.01,0.0,0.3,10,,,0
toolbench,rank,deepseek,G3_instruction,2,top10,0.01,0.0,0.5,10,,,0
toolbench,rank,deepseek,G3_instruction,2,top10,0.01,0.0,0.7,10,,,0
toolbench,rank,deepseek,G3_instruction,2,top10,0.01,0.05,0.0,10,10,1.0,10
toolbench,rank,deepseek,G3_instruction,2,top10,0.01,0.05,0.1,10,10,1.0,9
toolbench,rank,deepseek,G3_instruction,2,top10,0.01,0.05,0.2,10,10,1.0,8
toolbench,rank,deepseek,G3_instruction,2,top10,0.01,0.05,0.3,10,,,0
toolbench,rank,deepseek,G3_instruction,2,top10,0.01,0.05,0.5,10,,,0
toolbench,rank,deepseek,G3_instruction,2,top10,0.01,0.05,0.7,10,,,0
toolbench,rank,deepseek,G3_instruction,2,top10,0.01,0.1,0.0,10,,,0
toolbench,rank,deepseek,G3_instruction,2,top10,0.01,0.1,0.1,10,,,0
toolbench,rank,deepseek,G3_instruction,2,top10,0.01,0.1,0.2,10,,,0
toolbench,rank,deepseek,G3_instruction,2,top10,0.01,0.1,0.3,10,,,0
toolbench,rank,deepseek,G3_instruction,2,top10,0.01,0.1,0.5,10,10,1.0,7
toolbench,rank,deepseek,G3_instruction,2,top10,0.01,0.1,0.7,10,,,0
toolbench,rank,deepseek,G3_instruction,2,top10,0.01,0.15,0.0,10,,,0
toolbench,rank,deepseek,G3_instruction,2,top10,0.01,0.15,0.1,10,10,1.0,10
toolbench,rank,deepseek,G3_instruction,2,top10,0.01,0.15,0.2,10,10,1.0,7
toolbench,rank,deepseek,G3_instruction,2,top10,0.01,0.15,0.3,10,,,0
toolbench,rank,deepseek,G3_instruction,2,top10,0.01,0.15,0.5,10,,,0
toolbench,rank,deepseek,G3_instruction,2,top10,0.01,0.15,0.7,10,,,0
toolbench,rank,deepseek,G3_instruction,2,top10,0.01,0.2,0.0,10,,,0
toolbench,rank,deepseek,G3_instruction,2,top10,0.01,0.2,0.1,10,10,1.0,8
toolbench,rank,deepseek,G3_instruction,2,top10,0.01,0.2,0.2,10,,,0
toolbench,rank,deepseek,G3_instruction,2,top10,0.01,0.2,0.3,10,10,1.0,8
toolbench,rank,deepseek,G3_instruction,2,top10,0.01,0.2,0.5,10,,,0
toolbench,rank,deepseek,G3_instruction,2,top10,0.01,0.2,0.7,10,,,0
toolbench,rank,deepseek,G3_instruction,2,top10,0.01,0.3,0.0,10,,,0
toolbench,rank,deepseek,G3_instruction,2,top10,0.01,0.3,0.1,10,,,0
toolbench,rank,deepseek,G3_instruction,2,top10,0.01,0.3,0.2,10,,,0
toolbench,rank,deepseek,G3_instruction,2,top10,0.01,0.3,0.3,10,,,0
toolbench,rank,deepseek,G3_instruction,2,top10,0.01,0.3,0.5,10,,,0
toolbench,rank,deepseek,G3_instruction,2,top10,0.01,0.3,0.7,10,,,0
toolbench,rank,deepseek,G3_instruction,2,top10,0.01,0.5,0.0,10,,,0
toolbench,rank,deepseek,G3_instruction,2,top10,0.01,0.5,0.1,10,,,0
toolbench,rank,deepseek,G3_instruction,2,top10,0.01,0.5,0.2,10,,,0
toolbench,rank,deepseek,G3_instruction,2,top10,0.01,0.5,0.3,10,,,0
toolbench,rank,deepseek,G3_instruction,2,top10,0.01,0.5,0.5,10,,,0
toolbench,rank,deepseek,G3_instruction,2,top10,0.01,0.5,0.7,10,,,0
toolbench,rank,deepseek,G3_instruction,2,top2,0.01,0.0,0.0,,,,0
toolbench,rank,deepseek,G3_instruction,2,top2,0.01,0.0,0.1,,,,0
toolbench,rank,deepseek,G3_instruction,2,top2,0.01,0.0,0.2,,,,0
toolbench,rank,deepseek,G3_instruction,2,top2,0.01,0.0,0.3,,,,0
toolbench,rank,deepseek,G3_instruction,2,top2,0.01,0.0,0.5,,,,0
toolbench,rank,deepseek,G3_instruction,2,top2,0.01,0.0,0.7,,,,0
toolbench,rank,deepseek,G3_instruction,2,top2,0.01,0.05,0.0,,,,0
toolbench,rank,deepseek,G3_instruction,2,top2,0.01,0.05,0.1,,,,0
toolbench,rank,deepseek,G3_instruction,2,top2,0.01,0.05,0.2,,,,0
toolbench,rank,deepseek,G3_instruction,2,top2,0.01,0.05,0.3,,,,0
toolbench,rank,deepseek,G3_instruction,2,top2,0.01,0.05,0.5,,,,0
toolbench,rank,deepseek,G3_instruction,2,top2,0.01,0.05,0.7,,,,0
toolbench,rank,deepseek,G3_instruction,2,top2,0.01,0.1,0.0,,,,0
toolbench,rank,deepseek,G3_instruction,2,top2,0.01,0.1,0.1,,,,0
toolbench,rank,deepseek,G3_instruction,2,top2,0.01,0.1,0.2,,,,0
toolbench,rank,deepseek,G3_instruction,2,top2,0.01,0.1,0.3,,,,0
toolbench,rank,deepseek,G3_instruction,2,top2,0.01,0.1,0.5,,,,0
toolbench,rank,deepseek,G3_instruction,2,top2,0.01,0.1,0.7,,,,0
toolbench,rank,deepseek,G3_instruction,2,top2,0.01,0.15,0.0,,,,0
toolbench,rank,deepseek,G3_instruction,2,top2,0.01,0.15,0.1,,,,0
toolbench,rank,deepseek,G3_instruction,2,top2,0.01,0.15,0.2,,,,0
toolbench,rank,deepseek,G3_instruction,2,top2,0.01,0.15,0.3,,,,0
toolbench,rank,deepseek,G3_instruction,2,top2,0.01,0.15,0.5,,,,0
toolbench,rank,deepseek,G3_instruction,2,top2,0.01,0.15,0.7,,,,0
toolbench,rank,deepseek,G3_instruction,2,top2,0.01,0.2,0.0,,,,0
toolbench,rank,deepseek,G3_instruction,2,top2,0.01,0.2,0.1,,,,0
toolbench,rank,deepseek,G3_instruction,2,top2,0.01,0.2,0.2,,,,0
toolbench,rank,deepseek,G3_instruction,2,top2,0.01,0.2,0.3,,,,0
toolbench,rank,deepseek,G3_instruction,2,top2,0.01,0.2,0.5,,,,0
toolbench,rank,deepseek,G3_instruction,2,top2,0.01,0.2,0.7,,,,0
toolbench,rank,deepseek,G3_instruction,2,top2,0.01,0.3,0.0,,,,0
toolbench,rank,deepseek,G3_instruction,2,top2,0.01,0.3,0.1,,,,0
toolbench,rank,deepseek,G3_instruction,2,top2,0.01,0.3,0.2,,,,0
toolbench,rank,deepseek,G3_instruction,2,top2,0.01,0.3,0.3,,,,0
toolbench,rank,deepseek,G3_instruction,2,top2,0.01,0.3,0.5,,,,0
toolbench,rank,deepseek,G3_instruction,2,top2,0.01,0.3,0.7,,,,0
toolbench,rank,deepseek,G3_instruction,2,top2,0.01,0.5,0.0,,,,0
toolbench,rank,deepseek,G3_instruction,2,top2,0.01,0.5,0.1,,,,0
toolbench,rank,deepseek,G3_instruction,2,top2,0.01,0.5,0.2,,,,0
toolbench,rank,deepseek,G3_instruction,2,top2,0.01,0.5,0.3,,,,0
toolbench,rank,deepseek,G3_instruction,2,top2,0.01,0.5,0.5,,,,0
toolbench,rank,deepseek,G3_instruction,2,top2,0.01,0.5,0.7,,,,0
toolbench,rank,deepseek,G3_instruction,2,top3,0.01,0.0,0.0,10,10,1.0,10
toolbench,rank,deepseek,G3_instruction,2,top3,0.01,0.0,0.1,10,10,1.0,9
toolbench,rank,deepseek,G3_instruction,2,top3,0.01,0.0,0.2,10,10,1.0,7
toolbench,rank,deepseek,G3_instruction,2,top3,0.01,0.0,0.3,10,10,1.0,7
toolbench,rank,deepseek,G3_instruction,2,top3,0.01,0.0,0.5,10,,,0
toolbench,rank,deepseek,G3_instruction,2,top3,0.01,0.0,0.7,10,,,0
toolbench,rank,deepseek,G3_instruction,2,top3,0.01,0.05,0.0,10,,,0
toolbench,rank,deepseek,G3_instruction,2,top3,0.01,0.05,0.1,10,10,1.0,8
toolbench,rank,deepseek,G3_instruction,2,top3,0.01,0.05,0.2,10,10,1.0,8
toolbench,rank,deepseek,G3_instruction,2,top3,0.01,0.05,0.3,10,,,0
toolbench,rank,deepseek,G3_instruction,2,top3,0.01,0.05,0.5,10,,,0
toolbench,rank,deepseek,G3_instruction,2,top3,0.01,0.05,0.7,10,,,0
toolbench,rank,deepseek,G3_instruction,2,top3,0.01,0.1,0.0,10,10,1.0,10
toolbench,rank,deepseek,G3_instruction,2,top3,0.01,0.1,0.1,10,10,1.0,9
toolbench,rank,deepseek,G3_instruction,2,top3,0.01,0.1,0.2,10,,,0
toolbench,rank,deepseek,G3_instruction,2,top3,0.01,0.1,0.3,10,,,0
toolbench,rank,deepseek,G3_instruction,2,top3,0.01,0.1,0.5,10,10,1.0,8
toolbench,rank,deepseek,G3_instruction,2,top3,0.01,0.1,0.7,10,,,0
toolbench,rank,deepseek,G3_instruction,2,top3,0.01,0.15,0.0,10,,,0
toolbench,rank,deepseek,G3_instruction,2,top3,0.01,0.15,0.1,10,,,0
toolbench,rank,deepseek,G3_instruction,2,top3,0.01,0.15,0.2,10,,,0
toolbench,rank,deepseek,G3_instruction,2,top3,0.01,0.15,0.3,10,,,0
toolbench,rank,deepseek,G3_instruction,2,top3,0.01,0.15,0.5,10,,,0
toolbench,rank,deepseek,G3_instruction,2,top3,0.01,0.15,0.7,10,,,0
toolbench,rank,deepseek,G3_instruction,2,top3,0.01,0.2,0.0,10,,,0
toolbench,rank,deepseek,G3_instruction,2,top3,0.01,0.2,0.1,10,,,0
toolbench,rank,deepseek,G3_instruction,2,top3,0.01,0.2,0.2,10,,,0
toolbench,rank,deepseek,G3_instruction,2,top3,0.01,0.2,0.3,10,,,0
toolbench,rank,deepseek,G3_instruction,2,top3,0.01,0.2,0.5,10,,,0
toolbench,rank,deepseek,G3_instruction,2,top3,0.01,0.2,0.7,10,,,0
toolbench,rank,deepseek,G3_instruction,2,top3,0.01,0.3,0.0,10,,,0
toolbench,rank,deepseek,G3_instruction,2,top3,0.01,0.3,0.1,10,,,0
toolbench,rank,deepseek,G3_instruction,2,top3,0.01,0.3,0.2,10,,,0
toolbench,rank,deepseek,G3_instruction,2,top3,0.01,0.3,0.3,10,,,0
toolbench,rank,deepseek,G3_instruction,2,top3,0.01,0.3,0.5,10,,,0
toolbench,rank,deepseek,G3_instruction,2,top3,0.01,0.3,0.7,10,,,0
toolbench,rank,deepseek,G3_instruction,2,top3,0.01,0.5,0.0,10,,,0
toolbench,rank,deepseek,G3_instruction,2,top3,0.01,0.5,0.1,10,,,0
toolbench,rank,deepseek,G3_instruction,2,top3,0.01,0.5,0.2,10,,,0
toolbench,rank,deepseek,G3_instruction,2,top3,0.01,0.5,0.3,10,,,0
toolbench,rank,deepseek,G3_instruction,2,top3,0.01,0.5,0.5,10,,,0
toolbench,rank,deepseek,G3_instruction,2,top3,0.01,0.5,0.7,10,,,0
toolbench,rank,deepseek,G3_instruction,2,top5,0.01,0.0,0.0,10,10,1.0,10
toolbench,rank,deepseek,G3_instruction,2,top5,0.01,0.0,0.1,10,10,1.0,9
toolbench,rank,deepseek,G3_instruction,2,top5,0.01,0.0,0.2,10,10,1.0,7
toolbench,rank,deepseek,G3_instruction,2,top5,0.01,0.0,0.3,10,,,0
toolbench,rank,deepseek,G3_instruction,2,top5,0.01,0.0,0.5,10,,,0
toolbench,rank,deepseek,G3_instruction,2,top5,0.01,0.0,0.7,10,,,0
toolbench,rank,deepseek,G3_instruction,2,top5,0.01,0.05,0.0,10,,,0
toolbench,rank,deepseek,G3_instruction,2,top5,0.01,0.05,0.1,10,10,1.0,8
toolbench,rank,deepseek,G3_instruction,2,top5,0.01,0.05,0.2,10,,,0
toolbench,rank,deepseek,G3_instruction,2,top5,0.01,0.05,0.3,10,10,1.0,9
toolbench,rank,deepseek,G3_instruction,2,top5,0.01,0.05,0.5,10,10,1.0,7
toolbench,rank,deepseek,G3_instruction,2,top5,0.01,0.05,0.7,10,,,0
toolbench,rank,deepseek,G3_instruction,2,top5,0.01,0.1,0.0,10,,,0
toolbench,rank,deepseek,G3_instruction,2,top5,0.01,0.1,0.1,10,,,0
toolbench,rank,deepseek,G3_instruction,2,top5,0.01,0.1,0.2,10,10,1.0,7
toolbench,rank,deepseek,G3_instruction,2,top5,0.01,0.1,0.3,10,10,1.0,8
toolbench,rank,deepseek,G3_instruction,2,top5,0.01,0.1,0.5,10,,,0
toolbench,rank,deepseek,G3_instruction,2,top5,0.01,0.1,0.7,10,,,0
toolbench,rank,deepseek,G3_instruction,2,top5,0.01,0.15,0.0,10,,,0
toolbench,rank,deepseek,G3_instruction,2,top5,0.01,0.15,0.1,10,,,0
toolbench,rank,deepseek,G3_instruction,2,top5,0.01,0.15,0.2,10,,,0
toolbench,rank,deepseek,G3_instruction,2,top5,0.01,0.15,0.3,10,,,0
toolbench,rank,deepseek,G3_instruction,2,top5,0.01,0.15,0.5,10,,,0
toolbench,rank,deepseek,G3_instruction,2,top5,0.01,0.15,0.7,10,,,0
toolbench,rank,deepseek,G3_instruction,2,top5,0.01,0.2,0.0,10,,,0
toolbench,rank,deepseek,G3_instruction,2,top5,0.01,0.2,0.1,10,,,0
toolbench,rank,deepseek,G3_instruction,2,top5,0.01,0.2,0.2,10,,,0
toolbench,rank,deepseek,G3_instruction,2,top5,0.01,0.2,0.3,10,,,0
toolbench,rank,deepseek,G3_instruction,2,top5,0.01,0.2,0.5,10,,,0
toolbench,rank,deepseek,G3_instruction,2,top5,0.01,0.2,0.7,10,,,0
toolbench,rank,deepseek,G3_instruction,2,top5,0.01,0.3,0.0,10,,,0
toolbench,rank,deepseek,G3_instruction,2,top5,0.01,0.3,0.1,10,,,0
toolbench,rank,deepseek,G3_instruction,2,top5,0.01,0.3,0.2,10,,,0
toolbench,rank,deepseek,G3_instruction,2,top5,0.01,0.3,0.3,10,,,0
toolbench,rank,deepseek,G3_instruction,2,top5,0.01,0.3,0.5,10,,,0
toolbench,rank,deepseek,G3_instruction,2,top5,0.01,0.3,0.7,10,,,0
toolbench,rank,deepseek,G3_instruction,2,top5,0.01,0.5,0.0,10,,,0
toolbench,rank,deepseek,G3_instruction,2,top5,0.01,0.5,0.1,10,,,0
toolbench,rank,deepseek,G3_instruction,2,top5,0.01,0.5,0.2,10,,,0
toolbench,rank,deepseek,G3_instruction,2,top5,0.01,0.5,0.3,10,,,0
toolbench,rank,deepseek,G3_instruction,2,top5,0.01,0.5,0.5,10,,,0
toolbench,rank,deepseek,G3_instruction,2,top5,0.01,0.5,0.7,10,,,0
toolbench,rank,deepseek,G3_instruction,3,full_rank,0.01,0.0,0.0,10,10,1.0,10
toolbench,rank,deepseek,G3_instruction,3,full_rank,0.01,0.0,0.1,10,10,1.0,10
toolbench,rank,deepseek,G3_instruction,3,full_rank,0.01,0.0,0.2,10,20,2.0,14
toolbench,rank,deepseek,G3_instruction,3,full_rank,0.01,0.0,0.3,10,10,1.0,7
toolbench,rank,deepseek,G3_instruction,3,full_rank,0.01,0.0,0.5,10,20,2.0,8
toolbench,rank,deepseek,G3_instruction,3,full_rank,0.01,0.0,0.7,10,20,2.0,7
toolbench,rank,deepseek,G3_instruction,3,full_rank,0.01,0.05,0.0,10,20,2.0,20
toolbench,rank,deepseek,G3_instruction,3,full_rank,0.01,0.05,0.1,10,20,2.0,18
toolbench,rank,deepseek,G3_instruction,3,full_rank,0.01,0.05,0.2,10,20,2.0,17
toolbench,rank,deepseek,G3_instruction,3,full_rank,0.01,0.05,0.3,10,10,1.0,9
toolbench,rank,deepseek,G3_instruction,3,full_rank,0.01,0.05,0.5,10,20,2.0,16
toolbench,rank,deepseek,G3_instruction,3,full_rank,0.01,0.05,0.7,10,20,2.0,7
toolbench,rank,deepseek,G3_instruction,3,full_rank,0.01,0.1,0.0,10,20,2.0,20
toolbench,rank,deepseek,G3_instruction,3,full_rank,0.01,0.1,0.1,10,20,2.0,20
toolbench,rank,deepseek,G3_instruction,3,full_rank,0.01,0.1,0.2,10,20,2.0,15
toolbench,rank,deepseek,G3_instruction,3,full_rank,0.01,0.1,0.3,10,,,0
toolbench,rank,deepseek,G3_instruction,3,full_rank,0.01,0.1,0.5,10,,,0
toolbench,rank,deepseek,G3_instruction,3,full_rank,0.01,0.1,0.7,10,,,0
toolbench,rank,deepseek,G3_instruction,3,full_rank,0.01,0.15,0.0,10,20,2.0,20
toolbench,rank,deepseek,G3_instruction,3,full_rank,0.01,0.15,0.1,10,,,0
toolbench,rank,deepseek,G3_instruction,3,full_rank,0.01,0.15,0.2,10,,,0
toolbench,rank,deepseek,G3_instruction,3,full_rank,0.01,0.15,0.3,10,10,1.0,9
toolbench,rank,deepseek,G3_instruction,3,full_rank,0.01,0.15,0.5,10,20,2.0,12
toolbench,rank,deepseek,G3_instruction,3,full_rank,0.01,0.15,0.7,10,,,0
toolbench,rank,deepseek,G3_instruction,3,full_rank,0.01,0.2,0.0,10,20,2.0,20
toolbench,rank,deepseek,G3_instruction,3,full_rank,0.01,0.2,0.1,10,,,0
toolbench,rank,deepseek,G3_instruction,3,full_rank,0.01,0.2,0.2,10,,,0
toolbench,rank,deepseek,G3_instruction,3,full_rank,0.01,0.2,0.3,10,,,0
toolbench,rank,deepseek,G3_instruction,3,full_rank,0.01,0.2,0.5,10,,,0
toolbench,rank,deepseek,G3_instruction,3,full_rank,0.01,0.2,0.7,10,,,0
toolbench,rank,deepseek,G3_instruction,3,full_rank,0.01,0.3,0.0,10,,,0
toolbench,rank,deepseek,G3_instruction,3,full_rank,0.01,0.3,0.1,10,,,0
toolbench,rank,deepseek,G3_instruction,3,full_rank,0.01,0.3,0.2,10,,,0
toolbench,rank,deepseek,G3_instruction,3,full_rank,0.01,0.3,0.3,10,,,0
toolbench,rank,deepseek,G3_instruction,3,full_rank,0.01,0.3,0.5,10,,,0
toolbench,rank,deepseek,G3_instruction,3,full_rank,0.01,0.3,0.7,10,,,0
toolbench,rank,deepseek,G3_instruction,3,full_rank,0.01,0.5,0.0,10,,,0
toolbench,rank,deepseek,G3_instruction,3,full_rank,0.01,0.5,0.1,10,,,0
toolbench,rank,deepseek,G3_instruction,3,full_rank,0.01,0.5,0.2,10,,,0
toolbench,rank,deepseek,G3_instruction,3,full_rank,0.01,0.5,0.3,10,,,0
toolbench,rank,deepseek,G3_instruction,3,full_rank,0.01,0.5,0.5,10,,,0
toolbench,rank,deepseek,G3_instruction,3,full_rank,0.01,0.5,0.7,10,,,0
toolbench,rank,deepseek,G3_instruction,3,top10,0.01,0.0,0.0,10,10,1.0,10
toolbench,rank,deepseek,G3_instruction,3,top10,0.01,0.0,0.1,10,10,1.0,8
toolbench,rank,deepseek,G3_instruction,3,top10,0.01,0.0,0.2,10,10,1.0,8
toolbench,rank,deepseek,G3_instruction,3,top10,0.01,0.0,0.3,10,20,2.0,12
toolbench,rank,deepseek,G3_instruction,3,top10,0.01,0.0,0.5,10,20,2.0,9
toolbench,rank,deepseek,G3_instruction,3,top10,0.01,0.0,0.7,10,20,2.0,7
toolbench,rank,deepseek,G3_instruction,3,top10,0.01,0.05,0.0,10,10,1.0,10
toolbench,rank,deepseek,G3_instruction,3,top10,0.01,0.05,0.1,10,10,1.0,9
toolbench,rank,deepseek,G3_instruction,3,top10,0.01,0.05,0.2,10,10,1.0,9
toolbench,rank,deepseek,G3_instruction,3,top10,0.01,0.05,0.3,10,20,2.0,12
toolbench,rank,deepseek,G3_instruction,3,top10,0.01,0.05,0.5,10,20,2.0,12
toolbench,rank,deepseek,G3_instruction,3,top10,0.01,0.05,0.7,10,20,2.0,7
toolbench,rank,deepseek,G3_instruction,3,top10,0.01,0.1,0.0,10,20,2.0,20
toolbench,rank,deepseek,G3_instruction,3,top10,0.01,0.1,0.1,10,20,2.0,17
toolbench,rank,deepseek,G3_instruction,3,top10,0.01,0.1,0.2,10,20,2.0,16
toolbench,rank,deepseek,G3_instruction,3,top10,0.01,0.1,0.3,10,10,1.0,7
toolbench,rank,deepseek,G3_instruction,3,top10,0.01,0.1,0.5,10,20,2.0,14
toolbench,rank,deepseek,G3_instruction,3,top10,0.01,0.1,0.7,10,,,0
toolbench,rank,deepseek,G3_instruction,3,top10,0.01,0.15,0.0,10,20,2.0,20
toolbench,rank,deepseek,G3_instruction,3,top10,0.01,0.15,0.1,10,20,2.0,16
toolbench,rank,deepseek,G3_instruction,3,top10,0.01,0.15,0.2,10,20,2.0,14
toolbench,rank,deepseek,G3_instruction,3,top10,0.01,0.15,0.3,10,20,2.0,14
toolbench,rank,deepseek,G3_instruction,3,top10,0.01,0.15,0.5,10,20,2.0,11
toolbench,rank,deepseek,G3_instruction,3,top10,0.01,0.15,0.7,10,,,0
toolbench,rank,deepseek,G3_instruction,3,top10,0.01,0.2,0.0,10,20,2.0,20
toolbench,rank,deepseek,G3_instruction,3,top10,0.01,0.2,0.1,10,20,2.0,18
toolbench,rank,deepseek,G3_instruction,3,top10,0.01,0.2,0.2,10,20,2.0,17
toolbench,rank,deepseek,G3_instruction,3,top10,0.01,0.2,0.3,10,,,0
toolbench,rank,deepseek,G3_instruction,3,top10,0.01,0.2,0.5,10,,,0
toolbench,rank,deepseek,G3_instruction,3,top10,0.01,0.2,0.7,10,,,0
toolbench,rank,deepseek,G3_instruction,3,top10,0.01,0.3,0.0,10,,,0
toolbench,rank,deepseek,G3_instruction,3,top10,0.01,0.3,0.1,10,,,0
toolbench,rank,deepseek,G3_instruction,3,top10,0.01,0.3,0.2,10,10,1.0,8
toolbench,rank,deepseek,G3_instruction,3,top10,0.01,0.3,0.3,10,,,0
toolbench,rank,deepseek,G3_instruction,3,top10,0.01,0.3,0.5,10,,,0
toolbench,rank,deepseek,G3_instruction,3,top10,0.01,0.3,0.7,10,,,0
toolbench,rank,deepseek,G3_instruction,3,top10,0.01,0.5,0.0,10,,,0
toolbench,rank,deepseek,G3_instruction,3,top10,0.01,0.5,0.1,10,,,0
toolbench,rank,deepseek,G3_instruction,3,top10,0.01,0.5,0.2,10,,,0
toolbench,rank,deepseek,G3_instruction,3,top10,0.01,0.5,0.3,10,,,0
toolbench,rank,deepseek,G3_instruction,3,top10,0.01,0.5,0.5,10,,,0
toolbench,rank,deepseek,G3_instruction,3,top10,0.01,0.5,0.7,10,,,0
toolbench,rank,deepseek,G3_instruction,3,top2,0.01,0.0,0.0,10,10,1.0,10
toolbench,rank,deepseek,G3_instruction,3,top2,0.01,0.0,0.1,10,10,1.0,9
toolbench,rank,deepseek,G3_instruction,3,top2,0.01,0.0,0.2,10,10,1.0,7
toolbench,rank,deepseek,G3_instruction,3,top2,0.01,0.0,0.3,10,,,0
toolbench,rank,deepseek,G3_instruction,3,top2,0.01,0.0,0.5,10,10,1.0,8
toolbench,rank,deepseek,G3_instruction,3,top2,0.01,0.0,0.7,10,,,0
toolbench,rank,deepseek,G3_instruction,3,top2,0.01,0.05,0.0,10,10,1.0,10
toolbench,rank,deepseek,G3_instruction,3,top2,0.01,0.05,0.1,10,10,1.0,9
toolbench,rank,deepseek,G3_instruction,3,top2,0.01,0.05,0.2,10,10,1.0,7
toolbench,rank,deepseek,G3_instruction,3,top2,0.01,0.05,0.3,10,,,0
toolbench,rank,deepseek,G3_instruction,3,top2,0.01,0.05,0.5,10,10,1.0,8
toolbench,rank,deepseek,G3_instruction,3,top2,0.01,0.05,0.7,10,,,0
toolbench,rank,deepseek,G3_instruction,3,top2,0.01,0.1,0.0,10,10,1.0,10
toolbench,rank,deepseek,G3_instruction,3,top2,0.01,0.1,0.1,10,,,0
toolbench,rank,deepseek,G3_instruction,3,top2,0.01,0.1,0.2,10,,,0
toolbench,rank,deepseek,G3_instruction,3,top2,0.01,0.1,0.3,10,,,0
toolbench,rank,deepseek,G3_instruction,3,top2,0.01,0.1,0.5,10,,,0
toolbench,rank,deepseek,G3_instruction,3,top2,0.01,0.1,0.7,10,,,0
toolbench,rank,deepseek,G3_instruction,3,top2,0.01,0.15,0.0,10,,,0
toolbench,rank,deepseek,G3_instruction,3,top2,0.01,0.15,0.1,10,10,1.0,9
toolbench,rank,deepseek,G3_instruction,3,top2,0.01,0.15,0.2,10,,,0
toolbench,rank,deepseek,G3_instruction,3,top2,0.01,0.15,0.3,10,,,0
toolbench,rank,deepseek,G3_instruction,3,top2,0.01,0.15,0.5,10,,,0
toolbench,rank,deepseek,G3_instruction,3,top2,0.01,0.15,0.7,10,,,0
toolbench,rank,deepseek,G3_instruction,3,top2,0.01,0.2,0.0,10,,,0
toolbench,rank,deepseek,G3_instruction,3,top2,0.01,0.2,0.1,10,10,1.0,10
toolbench,rank,deepseek,G3_instruction,3,top2,0.01,0.2,0.2,10,,,0
toolbench,rank,deepseek,G3_instruction,3,top2,0.01,0.2,0.3,10,10,1.0,7
toolbench,rank,deepseek,G3_instruction,3,top2,0.01,0.2,0.5,10,,,0
toolbench,rank,deepseek,G3_instruction,3,top2,0.01,0.2,0.7,10,,,0
toolbench,rank,deepseek,G3_instruction,3,top2,0.01,0.3,0.0,10,,,0
toolbench,rank,deepseek,G3_instruction,3,top2,0.01,0.3,0.1,10,,,0
toolbench,rank,deepseek,G3_instruction,3,top2,0.01,0.3,0.2,10,,,0
toolbench,rank,deepseek,G3_instruction,3,top2,0.01,0.3,0.3,10,,,0
toolbench,rank,deepseek,G3_instruction,3,top2,0.01,0.3,0.5,10,,,0
toolbench,rank,deepseek,G3_instruction,3,top2,0.01,0.3,0.7,10,,,0
toolbench,rank,deepseek,G3_instruction,3,top2,0.01,0.5,0.0,10,,,0
toolbench,rank,deepseek,G3_instruction,3,top2,0.01,0.5,0.1,10,,,0
toolbench,rank,deepseek,G3_instruction,3,top2,0.01,0.5,0.2,10,,,0
toolbench,rank,deepseek,G3_instruction,3,top2,0.01,0.5,0.3,10,,,0
toolbench,rank,deepseek,G3_instruction,3,top2,0.01,0.5,0.5,10,,,0
toolbench,rank,deepseek,G3_instruction,3,top2,0.01,0.5,0.7,10,,,0
toolbench,rank,deepseek,G3_instruction,3,top3,0.01,0.0,0.0,10,10,1.0,10
toolbench,rank,deepseek,G3_instruction,3,top3,0.01,0.0,0.1,10,10,1.0,8
toolbench,rank,deepseek,G3_instruction,3,top3,0.01,0.0,0.2,10,10,1.0,8
toolbench,rank,deepseek,G3_instruction,3,top3,0.01,0.0,0.3,10,10,1.0,7
toolbench,rank,deepseek,G3_instruction,3,top3,0.01,0.0,0.5,10,10,1.0,8
toolbench,rank,deepseek,G3_instruction,3,top3,0.01,0.0,0.7,10,,,0
toolbench,rank,deepseek,G3_instruction,3,top3,0.01,0.05,0.0,10,10,1.0,10
toolbench,rank,deepseek,G3_instruction,3,top3,0.01,0.05,0.1,10,,,0
toolbench,rank,deepseek,G3_instruction,3,top3,0.01,0.05,0.2,10,10,1.0,9
toolbench,rank,deepseek,G3_instruction,3,top3,0.01,0.05,0.3,10,,,0
toolbench,rank,deepseek,G3_instruction,3,top3,0.01,0.05,0.5,10,,,0
toolbench,rank,deepseek,G3_instruction,3,top3,0.01,0.05,0.7,10,,,0
toolbench,rank,deepseek,G3_instruction,3,top3,0.01,0.1,0.0,10,,,0
toolbench,rank,deepseek,G3_instruction,3,top3,0.01,0.1,0.1,10,10,1.0,10
toolbench,rank,deepseek,G3_instruction,3,top3,0.01,0.1,0.2,10,,,0
toolbench,rank,deepseek,G3_instruction,3,top3,0.01,0.1,0.3,10,,,0
toolbench,rank,deepseek,G3_instruction,3,top3,0.01,0.1,0.5,10,,,0
toolbench,rank,deepseek,G3_instruction,3,top3,0.01,0.1,0.7,10,,,0
toolbench,rank,deepseek,G3_instruction,3,top3,0.01,0.15,0.0,10,,,0
toolbench,rank,deepseek,G3_instruction,3,top3,0.01,0.15,0.1,10,,,0
toolbench,rank,deepseek,G3_instruction,3,top3,0.01,0.15,0.2,10,,,0
toolbench,rank,deepseek,G3_instruction,3,top3,0.01,0.15,0.3,10,,,0
toolbench,rank,deepseek,G3_instruction,3,top3,0.01,0.15,0.5,10,,,0
toolbench,rank,deepseek,G3_instruction,3,top3,0.01,0.15,0.7,10,,,0
toolbench,rank,deepseek,G3_instruction,3,top3,0.01,0.2,0.0,10,,,0
toolbench,rank,deepseek,G3_instruction,3,top3,0.01,0.2,0.1,10,,,0
toolbench,rank,deepseek,G3_instruction,3,top3,0.01,0.2,0.2,10,10,1.0,8
toolbench,rank,deepseek,G3_instruction,3,top3,0.01,0.2,0.3,10,,,0
toolbench,rank,deepseek,G3_instruction,3,top3,0.01,0.2,0.5,10,,,0
toolbench,rank,deepseek,G3_instruction,3,top3,0.01,0.2,0.7,10,,,0
toolbench,rank,deepseek,G3_instruction,3,top3,0.01,0.3,0.0,10,,,0
toolbench,rank,deepseek,G3_instruction,3,top3,0.01,0.3,0.1,10,,,0
toolbench,rank,deepseek,G3_instruction,3,top3,0.01,0.3,0.2,10,,,0
toolbench,rank,deepseek,G3_instruction,3,top3,0.01,0.3,0.3,10,,,0
toolbench,rank,deepseek,G3_instruction,3,top3,0.01,0.3,0.5,10,,,0
toolbench,rank,deepseek,G3_instruction,3,top3,0.01,0.3,0.7,10,,,0
toolbench,rank,deepseek,G3_instruction,3,top3,0.01,0.5,0.0,10,,,0
toolbench,rank,deepseek,G3_instruction,3,top3,0.01,0.5,0.1,10,,,0
toolbench,rank,deepseek,G3_instruction,3,top3,0.01,0.5,0.2,10,,,0
toolbench,rank,deepseek,G3_instruction,3,top3,0.01,0.5,0.3,10,,,0
toolbench,rank,deepseek,G3_instruction,3,top3,0.01,0.5,0.5,10,,,0
toolbench,rank,deepseek,G3_instruction,3,top3,0.01,0.5,0.7,10,,,0
toolbench,rank,deepseek,G3_instruction,3,top5,0.01,0.0,0.0,10,10,1.0,10
toolbench,rank,deepseek,G3_instruction,3,top5,0.01,0.0,0.1,10,10,1.0,10
toolbench,rank,deepseek,G3_instruction,3,top5,0.01,0.0,0.2,10,10,1.0,10
toolbench,rank,deepseek,G3_instruction,3,top5,0.01,0.0,0.3,10,20,2.0,16
toolbench,rank,deepseek,G3_instruction,3,top5,0.01,0.0,0.5,10,10,1.0,7
toolbench,rank,deepseek,G3_instruction,3,top5,0.01,0.0,0.7,10,20,2.0,10
toolbench,rank,deepseek,G3_instruction,3,top5,0.01,0.05,0.0,10,10,1.0,10
toolbench,rank,deepseek,G3_instruction,3,top5,0.01,0.05,0.1,10,20,2.0,18
toolbench,rank,deepseek,G3_instruction,3,top5,0.01,0.05,0.2,10,20,2.0,19
toolbench,rank,deepseek,G3_instruction,3,top5,0.01,0.05,0.3,10,20,2.0,16
toolbench,rank,deepseek,G3_instruction,3,top5,0.01,0.05,0.5,10,20,2.0,11
toolbench,rank,deepseek,G3_instruction,3,top5,0.01,0.05,0.7,10,,,0
toolbench,rank,deepseek,G3_instruction,3,top5,0.01,0.1,0.0,10,10,1.0,10
toolbench,rank,deepseek,G3_instruction,3,top5,0.01,0.1,0.1,10,,,0
toolbench,rank,deepseek,G3_instruction,3,top5,0.01,0.1,0.2,10,20,2.0,16
toolbench,rank,deepseek,G3_instruction,3,top5,0.01,0.1,0.3,10,10,1.0,7
toolbench,rank,deepseek,G3_instruction,3,top5,0.01,0.1,0.5,10,20,2.0,14
toolbench,rank,deepseek,G3_instruction,3,top5,0.01,0.1,0.7,10,,,0
toolbench,rank,deepseek,G3_instruction,3,top5,0.01,0.15,0.0,10,20,2.0,20
toolbench,rank,deepseek,G3_instruction,3,top5,0.01,0.15,0.1,10,20,2.0,20
toolbench,rank,deepseek,G3_instruction,3,top5,0.01,0.15,0.2,10,10,1.0,9
toolbench,rank,deepseek,G3_instruction,3,top5,0.01,0.15,0.3,10,,,0
toolbench,rank,deepseek,G3_instruction,3,top5,0.01,0.15,0.5,10,,,0
toolbench,rank,deepseek,G3_instruction,3,top5,0.01,0.15,0.7,10,,,0
toolbench,rank,deepseek,G3_instruction,3,top5,0.01,0.2,0.0,10,20,2.0,20
toolbench,rank,deepseek,G3_instruction,3,top5,0.01,0.2,0.1,10,20,2.0,20
toolbench,rank,deepseek,G3_instruction,3,top5,0.01,0.2,0.2,10,10,1.0,10
toolbench,rank,deepseek,G3_instruction,3,top5,0.01,0.2,0.3,10,,,0
toolbench,rank,deepseek,G3_instruction,3,top5,0.01,0.2,0.5,10,,,0
toolbench,rank,deepseek,G3_instruction,3,top5,0.01,0.2,0.7,10,,,0
toolbench,rank,deepseek,G3_instruction,3,top5,0.01,0.3,0.0,10,,,0
toolbench,rank,deepseek,G3_instruction,3,top5,0.01,0.3,0.1,10,20,2.0,16
toolbench,rank,deepseek,G3_instruction,3,top5,0.01,0.3,0.2,10,,,0
toolbench,rank,deepseek,G3_instruction,3,top5,0.01,0.3,0.3,10,,,0
toolbench,rank,deepseek,G3_instruction,3,top5,0.01,0.3,0.5,10,,,0
toolbench,rank,deepseek,G3_instruction,3,top5,0.01,0.3,0.7,10,,,0
toolbench,rank,deepseek,G3_instruction,3,top5,0.01,0.5,0.0,10,,,0
toolbench,rank,deepseek,G3_instruction,3,top5,0.01,0.5,0.1,10,,,0
toolbench,rank,deepseek,G3_instruction,3,top5,0.01,0.5,0.2,10,,,0
toolbench,rank,deepseek,G3_instruction,3,top5,0.01,0.5,0.3,10,,,0
toolbench,rank,deepseek,G3_instruction,3,top5,0.01,0.5,0.5,10,,,0
toolbench,rank,deepseek,G3_instruction,3,top5,0.01,0.5,0.7,10,,,0
toolbench,rank,gemini-flash,G1_category,1,full_rank,0.01,0.0,0.0,10,10,1.0,10
toolbench,rank,gemini-flash,G1_category,1,full_rank,0.01,0.0,0.1,10,10,1.0,10
toolbench,rank,gemini-flash,G1_category,1,full_rank,0.01,0.0,0.2,10,10,1.0,9
toolbench,rank,gemini-flash,G1_category,1,full_rank,0.01,0.0,0.3,10,10,1.0,7
toolbench,rank,gemini-flash,G1_category,1,full_rank,0.01,0.0,0.5,10,10,1.0,7
toolbench,rank,gemini-flash,G1_category,1,full_rank,0.01,0.0,0.7,10,,,0
toolbench,rank,gemini-flash,G1_category,1,full_rank,0.01,0.05,0.0,10,10,1.0,10
toolbench,rank,gemini-flash,G1_category,1,full_rank,0.01,0.05,0.1,10,10,1.0,9
toolbench,rank,gemini-flash,G1_category,1,full_rank,0.01,0.05,0.2,10,10,1.0,8
toolbench,rank,gemini-flash,G1_category,1,full_rank,0.01,0.05,0.3,10,10,1.0,8
toolbench,rank,gemini-flash,G1_category,1,full_rank,0.01,0.05,0.5,10,,,0
toolbench,rank,gemini-flash,G1_category,1,full_rank,0.01,0.05,0.7,10,,,0
toolbench,rank,gemini-flash,G1_category,1,full_rank,0.01,0.1,0.0,10,10,1.0,10
toolbench,rank,gemini-flash,G1_category,1,full_rank,0.01,0.1,0.1,10,10,1.0,9
toolbench,rank,gemini-flash,G1_category,1,full_rank,0.01,0.1,0.2,10,10,1.0,9
toolbench,rank,gemini-flash,G1_category,1,full_rank,0.01,0.1,0.3,10,,,0
toolbench,rank,gemini-flash,G1_category,1,full_rank,0.01,0.1,0.5,10,10,1.0,8
toolbench,rank,gemini-flash,G1_category,1,full_rank,0.01,0.1,0.7,10,,,0
toolbench,rank,gemini-flash,G1_category,1,full_rank,0.01,0.15,0.0,10,,,0
toolbench,rank,gemini-flash,G1_category,1,full_rank,0.01,0.15,0.1,10,,,0
toolbench,rank,gemini-flash,G1_category,1,full_rank,0.01,0.15,0.2,10,,,0
toolbench,rank,gemini-flash,G1_category,1,full_rank,0.01,0.15,0.3,10,,,0
toolbench,rank,gemini-flash,G1_category,1,full_rank,0.01,0.15,0.5,10,,,0
toolbench,rank,gemini-flash,G1_category,1,full_rank,0.01,0.15,0.7,10,,,0
toolbench,rank,gemini-flash,G1_category,1,full_rank,0.01,0.2,0.0,10,,,0
toolbench,rank,gemini-flash,G1_category,1,full_rank,0.01,0.2,0.1,10,,,0
toolbench,rank,gemini-flash,G1_category,1,full_rank,0.01,0.2,0.2,10,,,0
toolbench,rank,gemini-flash,G1_category,1,full_rank,0.01,0.2,0.3,10,,,0
toolbench,rank,gemini-flash,G1_category,1,full_rank,0.01,0.2,0.5,10,,,0
toolbench,rank,gemini-flash,G1_category,1,full_rank,0.01,0.2,0.7,10,,,0
toolbench,rank,gemini-flash,G1_category,1,full_rank,0.01,0.3,0.0,10,,,0
toolbench,rank,gemini-flash,G1_category,1,full_rank,0.01,0.3,0.1,10,,,0
toolbench,rank,gemini-flash,G1_category,1,full_rank,0.01,0.3,0.2,10,,,0
toolbench,rank,gemini-flash,G1_category,1,full_rank,0.01,0.3,0.3,10,10,1.0,8
toolbench,rank,gemini-flash,G1_category,1,full_rank,0.01,0.3,0.5,10,,,0
toolbench,rank,gemini-flash,G1_category,1,full_rank,0.01,0.3,0.7,10,,,0
toolbench,rank,gemini-flash,G1_category,1,full_rank,0.01,0.5,0.0,10,,,0
toolbench,rank,gemini-flash,G1_category,1,full_rank,0.01,0.5,0.1,10,,,0
toolbench,rank,gemini-flash,G1_category,1,full_rank,0.01,0.5,0.2,10,,,0
toolbench,rank,gemini-flash,G1_category,1,full_rank,0.01,0.5,0.3,10,,,0
toolbench,rank,gemini-flash,G1_category,1,full_rank,0.01,0.5,0.5,10,,,0
toolbench,rank,gemini-flash,G1_category,1,full_rank,0.01,0.5,0.7,10,,,0
toolbench,rank,gemini-flash,G1_category,1,top10,0.01,0.0,0.0,10,10,1.0,10
toolbench,rank,gemini-flash,G1_category,1,top10,0.01,0.0,0.1,10,10,1.0,9
toolbench,rank,gemini-flash,G1_category,1,top10,0.01,0.0,0.2,10,10,1.0,8
toolbench,rank,gemini-flash,G1_category,1,top10,0.01,0.0,0.3,10,10,1.0,9
toolbench,rank,gemini-flash,G1_category,1,top10,0.01,0.0,0.5,10,10,1.0,7
toolbench,rank,gemini-flash,G1_category,1,top10,0.01,0.0,0.7,10,,,0
toolbench,rank,gemini-flash,G1_category,1,top10,0.01,0.05,0.0,10,10,1.0,10
toolbench,rank,gemini-flash,G1_category,1,top10,0.01,0.05,0.1,10,,,0
toolbench,rank,gemini-flash,G1_category,1,top10,0.01,0.05,0.2,10,10,1.0,9
toolbench,rank,gemini-flash,G1_category,1,top10,0.01,0.05,0.3,10,10,1.0,7
toolbench,rank,gemini-flash,G1_category,1,top10,0.01,0.05,0.5,10,,,0
toolbench,rank,gemini-flash,G1_category,1,top10,0.01,0.05,0.7,10,,,0
toolbench,rank,gemini-flash,G1_category,1,top10,0.01,0.1,0.0,10,10,1.0,10
toolbench,rank,gemini-flash,G1_category,1,top10,0.01,0.1,0.1,10,10,1.0,8
toolbench,rank,gemini-flash,G1_category,1,top10,0.01,0.1,0.2,10,,,0
toolbench,rank,gemini-flash,G1_category,1,top10,0.01,0.1,0.3,10,,,0
toolbench,rank,gemini-flash,G1_category,1,top10,0.01,0.1,0.5,10,,,0
toolbench,rank,gemini-flash,G1_category,1,top10,0.01,0.1,0.7,10,,,0
toolbench,rank,gemini-flash,G1_category,1,top10,0.01,0.15,0.0,10,10,1.0,10
toolbench,rank,gemini-flash,G1_category,1,top10,0.01,0.15,0.1,10,10,1.0,10
toolbench,rank,gemini-flash,G1_category,1,top10,0.01,0.15,0.2,10,,,0
toolbench,rank,gemini-flash,G1_category,1,top10,0.01,0.15,0.3,10,,,0
toolbench,rank,gemini-flash,G1_category,1,top10,0.01,0.15,0.5,10,,,0
toolbench,rank,gemini-flash,G1_category,1,top10,0.01,0.15,0.7,10,,,0
toolbench,rank,gemini-flash,G1_category,1,top10,0.01,0.2,0.0,10,,,0
toolbench,rank,gemini-flash,G1_category,1,top10,0.01,0.2,0.1,10,,,0
toolbench,rank,gemini-flash,G1_category,1,top10,0.01,0.2,0.2,10,,,0
toolbench,rank,gemini-flash,G1_category,1,top10,0.01,0.2,0.3,10,,,0
toolbench,rank,gemini-flash,G1_category,1,top10,0.01,0.2,0.5,10,,,0
toolbench,rank,gemini-flash,G1_category,1,top10,0.01,0.2,0.7,10,,,0
toolbench,rank,gemini-flash,G1_category,1,top10,0.01,0.3,0.0,10,,,0
toolbench,rank,gemini-flash,G1_category,1,top10,0.01,0.3,0.1,10,,,0
toolbench,rank,gemini-flash,G1_category,1,top10,0.01,0.3,0.2,10,,,0
toolbench,rank,gemini-flash,G1_category,1,top10,0.01,0.3,0.3,10,,,0
toolbench,rank,gemini-flash,G1_category,1,top10,0.01,0.3,0.5,10,,,0
toolbench,rank,gemini-flash,G1_category,1,top10,0.01,0.3,0.7,10,,,0
toolbench,rank,gemini-flash,G1_category,1,top10,0.01,0.5,0.0,10,,,0
toolbench,rank,gemini-flash,G1_category,1,top10,0.01,0.5,0.1,10,,,0
toolbench,rank,gemini-flash,G1_category,1,top10,0.01,0.5,0.2,10,,,0
toolbench,rank,gemini-flash,G1_category,1,top10,0.01,0.5,0.3,10,,,0
toolbench,rank,gemini-flash,G1_category,1,top10,0.01,0.5,0.5,10,,,0
toolbench,rank,gemini-flash,G1_category,1,top10,0.01,0.5,0.7,10,,,0
toolbench,rank,gemini-flash,G1_category,1,top2,0.01,0.0,0.0,,,,0
toolbench,rank,gemini-flash,G1_category,1,top2,0.01,0.0,0.1,,,,0
toolbench,rank,gemini-flash,G1_category,1,top2,0.01,0.0,0.2,,,,0
toolbench,rank,gemini-flash,G1_category,1,top2,0.01,0.0,0.3,,,,0
toolbench,rank,gemini-flash,G1_category,1,top2,0.01,0.0,0.5,,,,0
toolbench,rank,gemini-flash,G1_category,1,top2,0.01,0.0,0.7,,,,0
toolbench,rank,gemini-flash,G1_category,1,top2,0.01,0.05,0.0,,,,0
toolbench,rank,gemini-flash,G1_category,1,top2,0.01,0.05,0.1,,,,0
toolbench,rank,gemini-flash,G1_category,1,top2,0.01,0.05,0.2,,,,0
toolbench,rank,gemini-flash,G1_category,1,top2,0.01,0.05,0.3,,,,0
toolbench,rank,gemini-flash,G1_category,1,top2,0.01,0.05,0.5,,,,0
toolbench,rank,gemini-flash,G1_category,1,top2,0.01,0.05,0.7,,,,0
toolbench,rank,gemini-flash,G1_category,1,top2,0.01,0.1,0.0,,,,0
toolbench,rank,gemini-flash,G1_category,1,top2,0.01,0.1,0.1,,,,0
toolbench,rank,gemini-flash,G1_category,1,top2,0.01,0.1,0.2,,,,0
toolbench,rank,gemini-flash,G1_category,1,top2,0.01,0.1,0.3,,,,0
toolbench,rank,gemini-flash,G1_category,1,top2,0.01,0.1,0.5,,,,0
toolbench,rank,gemini-flash,G1_category,1,top2,0.01,0.1,0.7,,,,0
toolbench,rank,gemini-flash,G1_category,1,top2,0.01,0.15,0.0,,,,0
toolbench,rank,gemini-flash,G1_category,1,top2,0.01,0.15,0.1,,,,0
toolbench,rank,gemini-flash,G1_category,1,top2,0.01,0.15,0.2,,,,0
toolbench,rank,gemini-flash,G1_category,1,top2,0.01,0.15,0.3,,,,0
toolbench,rank,gemini-flash,G1_category,1,top2,0.01,0.15,0.5,,,,0
toolbench,rank,gemini-flash,G1_category,1,top2,0.01,0.15,0.7,,,,0
toolbench,rank,gemini-flash,G1_category,1,top2,0.01,0.2,0.0,,,,0
toolbench,rank,gemini-flash,G1_category,1,top2,0.01,0.2,0.1,,,,0
toolbench,rank,gemini-flash,G1_category,1,top2,0.01,0.2,0.2,,,,0
toolbench,rank,gemini-flash,G1_category,1,top2,0.01,0.2,0.3,,,,0
toolbench,rank,gemini-flash,G1_category,1,top2,0.01,0.2,0.5,,,,0
toolbench,rank,gemini-flash,G1_category,1,top2,0.01,0.2,0.7,,,,0
toolbench,rank,gemini-flash,G1_category,1,top2,0.01,0.3,0.0,,,,0
toolbench,rank,gemini-flash,G1_category,1,top2,0.01,0.3,0.1,,,,0
toolbench,rank,gemini-flash,G1_category,1,top2,0.01,0.3,0.2,,,,0
toolbench,rank,gemini-flash,G1_category,1,top2,0.01,0.3,0.3,,,,0
toolbench,rank,gemini-flash,G1_category,1,top2,0.01,0.3,0.5,,,,0
toolbench,rank,gemini-flash,G1_category,1,top2,0.01,0.3,0.7,,,,0
toolbench,rank,gemini-flash,G1_category,1,top2,0.01,0.5,0.0,,,,0
toolbench,rank,gemini-flash,G1_category,1,top2,0.01,0.5,0.1,,,,0
toolbench,rank,gemini-flash,G1_category,1,top2,0.01,0.5,0.2,,,,0
toolbench,rank,gemini-flash,G1_category,1,top2,0.01,0.5,0.3,,,,0
toolbench,rank,gemini-flash,G1_category,1,top2,0.01,0.5,0.5,,,,0
toolbench,rank,gemini-flash,G1_category,1,top2,0.01,0.5,0.7,,,,0
toolbench,rank,gemini-flash,G1_category,1,top3,0.01,0.0,0.0,,,,0
toolbench,rank,gemini-flash,G1_category,1,top3,0.01,0.0,0.1,,,,0
toolbench,rank,gemini-flash,G1_category,1,top3,0.01,0.0,0.2,,,,0
toolbench,rank,gemini-flash,G1_category,1,top3,0.01,0.0,0.3,,,,0
toolbench,rank,gemini-flash,G1_category,1,top3,0.01,0.0,0.5,,,,0
toolbench,rank,gemini-flash,G1_category,1,top3,0.01,0.0,0.7,,,,0
toolbench,rank,gemini-flash,G1_category,1,top3,0.01,0.05,0.0,,,,0
toolbench,rank,gemini-flash,G1_category,1,top3,0.01,0.05,0.1,,,,0
toolbench,rank,gemini-flash,G1_category,1,top3,0.01,0.05,0.2,,,,0
toolbench,rank,gemini-flash,G1_category,1,top3,0.01,0.05,0.3,,,,0
toolbench,rank,gemini-flash,G1_category,1,top3,0.01,0.05,0.5,,,,0
toolbench,rank,gemini-flash,G1_category,1,top3,0.01,0.05,0.7,,,,0
toolbench,rank,gemini-flash,G1_category,1,top3,0.01,0.1,0.0,,,,0
toolbench,rank,gemini-flash,G1_category,1,top3,0.01,0.1,0.1,,,,0
toolbench,rank,gemini-flash,G1_category,1,top3,0.01,0.1,0.2,,,,0
toolbench,rank,gemini-flash,G1_category,1,top3,0.01,0.1,0.3,,,,0
toolbench,rank,gemini-flash,G1_category,1,top3,0.01,0.1,0.5,,,,0
toolbench,rank,gemini-flash,G1_category,1,top3,0.01,0.1,0.7,,,,0
toolbench,rank,gemini-flash,G1_category,1,top3,0.01,0.15,0.0,,,,0
toolbench,rank,gemini-flash,G1_category,1,top3,0.01,0.15,0.1,,,,0
toolbench,rank,gemini-flash,G1_category,1,top3,0.01,0.15,0.2,,,,0
toolbench,rank,gemini-flash,G1_category,1,top3,0.01,0.15,0.3,,,,0
toolbench,rank,gemini-flash,G1_category,1,top3,0.01,0.15,0.5,,,,0
toolbench,rank,gemini-flash,G1_category,1,top3,0.01,0.15,0.7,,,,0
toolbench,rank,gemini-flash,G1_category,1,top3,0.01,0.2,0.0,,,,0
toolbench,rank,gemini-flash,G1_category,1,top3,0.01,0.2,0.1,,,,0
toolbench,rank,gemini-flash,G1_category,1,top3,0.01,0.2,0.2,,,,0
toolbench,rank,gemini-flash,G1_category,1,top3,0.01,0.2,0.3,,,,0
toolbench,rank,gemini-flash,G1_category,1,top3,0.01,0.2,0.5,,,,0
toolbench,rank,gemini-flash,G1_category,1,top3,0.01,0.2,0.7,,,,0
toolbench,rank,gemini-flash,G1_category,1,top3,0.01,0.3,0.0,,,,0
toolbench,rank,gemini-flash,G1_category,1,top3,0.01,0.3,0.1,,,,0
toolbench,rank,gemini-flash,G1_category,1,top3,0.01,0.3,0.2,,,,0
toolbench,rank,gemini-flash,G1_category,1,top3,0.01,0.3,0.3,,,,0
toolbench,rank,gemini-flash,G1_category,1,top3,0.01,0.3,0.5,,,,0
toolbench,rank,gemini-flash,G1_category,1,top3,0.01,0.3,0.7,,,,0
toolbench,rank,gemini-flash,G1_category,1,top3,0.01,0.5,0.0,,,,0
toolbench,rank,gemini-flash,G1_category,1,top3,0.01,0.5,0.1,,,,0
toolbench,rank,gemini-flash,G1_category,1,top3,0.01,0.5,0.2,,,,0
toolbench,rank,gemini-flash,G1_category,1,top3,0.01,0.5,0.3,,,,0
toolbench,rank,gemini-flash,G1_category,1,top3,0.01,0.5,0.5,,,,0
toolbench,rank,gemini-flash,G1_category,1,top3,0.01,0.5,0.7,,,,0
toolbench,rank,gemini-flash,G1_category,1,top5,0.01,0.0,0.0,10,10,1.0,10
toolbench,rank,gemini-flash,G1_category,1,top5,0.01,0.0,0.1,10,10,1.0,9
toolbench,rank,gemini-flash,G1_category,1,top5,0.01,0.0,0.2,10,,,0
toolbench,rank,gemini-flash,G1_category,1,top5,0.01,0.0,0.3,10,10,1.0,8
toolbench,rank,gemini-flash,G1_category,1,top5,0.01,0.0,0.5,10,10,1.0,8
toolbench,rank,gemini-flash,G1_category,1,top5,0.01,0.0,0.7,10,,,0
toolbench,rank,gemini-flash,G1_category,1,top5,0.01,0.05,0.0,10,10,1.0,10
toolbench,rank,gemini-flash,G1_category,1,top5,0.01,0.05,0.1,10,10,1.0,10
toolbench,rank,gemini-flash,G1_category,1,top5,0.01,0.05,0.2,10,,,0
toolbench,rank,gemini-flash,G1_category,1,top5,0.01,0.05,0.3,10,10,1.0,10
toolbench,rank,gemini-flash,G1_category,1,top5,0.01,0.05,0.5,10,10,1.0,7
toolbench,rank,gemini-flash,G1_category,1,top5,0.01,0.05,0.7,10,,,0
toolbench,rank,gemini-flash,G1_category,1,top5,0.01,0.1,0.0,10,,,0
toolbench,rank,gemini-flash,G1_category,1,top5,0.01,0.1,0.1,10,,,0
toolbench,rank,gemini-flash,G1_category,1,top5,0.01,0.1,0.2,10,,,0
toolbench,rank,gemini-flash,G1_category,1,top5,0.01,0.1,0.3,10,10,1.0,7
toolbench,rank,gemini-flash,G1_category,1,top5,0.01,0.1,0.5,10,,,0
toolbench,rank,gemini-flash,G1_category,1,top5,0.01,0.1,0.7,10,,,0
toolbench,rank,gemini-flash,G1_category,1,top5,0.01,0.15,0.0,10,,,0
toolbench,rank,gemini-flash,G1_category,1,top5,0.01,0.15,0.1,10,,,0
toolbench,rank,gemini-flash,G1_category,1,top5,0.01,0.15,0.2,10,,,0
toolbench,rank,gemini-flash,G1_category,1,top5,0.01,0.15,0.3,10,,,0
toolbench,rank,gemini-flash,G1_category,1,top5,0.01,0.15,0.5,10,,,0
toolbench,rank,gemini-flash,G1_category,1,top5,0.01,0.15,0.7,10,,,0
toolbench,rank,gemini-flash,G1_category,1,top5,0.01,0.2,0.0,10,,,0
toolbench,rank,gemini-flash,G1_category,1,top5,0.01,0.2,0.1,10,,,0
toolbench,rank,gemini-flash,G1_category,1,top5,0.01,0.2,0.2,10,,,0
toolbench,rank,gemini-flash,G1_category,1,top5,0.01,0.2,0.3,10,,,0
toolbench,rank,gemini-flash,G1_category,1,top5,0.01,0.2,0.5,10,,,0
toolbench,rank,gemini-flash,G1_category,1,top5,0.01,0.2,0.7,10,,,0
toolbench,rank,gemini-flash,G1_category,1,top5,0.01,0.3,0.0,10,,,0
toolbench,rank,gemini-flash,G1_category,1,top5,0.01,0.3,0.1,10,,,0
toolbench,rank,gemini-flash,G1_category,1,top5,0.01,0.3,0.2,10,,,0
toolbench,rank,gemini-flash,G1_category,1,top5,0.01,0.3,0.3,10,,,0
toolbench,rank,gemini-flash,G1_category,1,top5,0.01,0.3,0.5,10,,,0
toolbench,rank,gemini-flash,G1_category,1,top5,0.01,0.3,0.7,10,,,0
toolbench,rank,gemini-flash,G1_category,1,top5,0.01,0.5,0.0,10,,,0
toolbench,rank,gemini-flash,G1_category,1,top5,0.01,0.5,0.1,10,,,0
toolbench,rank,gemini-flash,G1_category,1,top5,0.01,0.5,0.2,10,,,0
toolbench,rank,gemini-flash,G1_category,1,top5,0.01,0.5,0.3,10,,,0
toolbench,rank,gemini-flash,G1_category,1,top5,0.01,0.5,0.5,10,,,0
toolbench,rank,gemini-flash,G1_category,1,top5,0.01,0.5,0.7,10,,,0
toolbench,rank,gemini-flash,G1_category,2,full_rank,0.01,0.0,0.0,10,10,1.0,10
toolbench,rank,gemini-flash,G1_category,2,full_rank,0.01,0.0,0.1,10,10,1.0,7
toolbench,rank,gemini-flash,G1_category,2,full_rank,0.01,0.0,0.2,10,10,1.0,7
toolbench,rank,gemini-flash,G1_category,2,full_rank,0.01,0.0,0.3,10,10,1.0,7
toolbench,rank,gemini-flash,G1_category,2,full_rank,0.01,0.0,0.5,10,10,1.0,8
toolbench,rank,gemini-flash,G1_category,2,full_rank,0.01,0.0,0.7,10,,,0
toolbench,rank,gemini-flash,G1_category,2,full_rank,0.01,0.05,0.0,10,,,0
toolbench,rank,gemini-flash,G1_category,2,full_rank,0.01,0.05,0.1,10,,,0
toolbench,rank,gemini-flash,G1_category,2,full_rank,0.01,0.05,0.2,10,,,0
toolbench,rank,gemini-flash,G1_category,2,full_rank,0.01,0.05,0.3,10,,,0
toolbench,rank,gemini-flash,G1_category,2,full_rank,0.01,0.05,0.5,10,,,0
toolbench,rank,gemini-flash,G1_category,2,full_rank,0.01,0.05,0.7,10,,,0
toolbench,rank,gemini-flash,G1_category,2,full_rank,0.01,0.1,0.0,10,,,0
toolbench,rank,gemini-flash,G1_category,2,full_rank,0.01,0.1,0.1,10,,,0
toolbench,rank,gemini-flash,G1_category,2,full_rank,0.01,0.1,0.2,10,,,0
toolbench,rank,gemini-flash,G1_category,2,full_rank,0.01,0.1,0.3,10,10,1.0,8
toolbench,rank,gemini-flash,G1_category,2,full_rank,0.01,0.1,0.5,10,,,0
toolbench,rank,gemini-flash,G1_category,2,full_rank,0.01,0.1,0.7,10,,,0
toolbench,rank,gemini-flash,G1_category,2,full_rank,0.01,0.15,0.0,10,,,0
toolbench,rank,gemini-flash,G1_category,2,full_rank,0.01,0.15,0.1,10,,,0
toolbench,rank,gemini-flash,G1_category,2,full_rank,0.01,0.15,0.2,10,10,1.0,7
toolbench,rank,gemini-flash,G1_category,2,full_rank,0.01,0.15,0.3,10,10,1.0,8
toolbench,rank,gemini-flash,G1_category,2,full_rank,0.01,0.15,0.5,10,10,1.0,7
toolbench,rank,gemini-flash,G1_category,2,full_rank,0.01,0.15,0.7,10,,,0
toolbench,rank,gemini-flash,G1_category,2,full_rank,0.01,0.2,0.0,10,,,0
toolbench,rank,gemini-flash,G1_category,2,full_rank,0.01,0.2,0.1,10,,,0
toolbench,rank,gemini-flash,G1_category,2,full_rank,0.01,0.2,0.2,10,,,0
toolbench,rank,gemini-flash,G1_category,2,full_rank,0.01,0.2,0.3,10,,,0
toolbench,rank,gemini-flash,G1_category,2,full_rank,0.01,0.2,0.5,10,,,0
toolbench,rank,gemini-flash,G1_category,2,full_rank,0.01,0.2,0.7,10,,,0
toolbench,rank,gemini-flash,G1_category,2,full_rank,0.01,0.3,0.0,10,,,0
toolbench,rank,gemini-flash,G1_category,2,full_rank,0.01,0.3,0.1,10,,,0
toolbench,rank,gemini-flash,G1_category,2,full_rank,0.01,0.3,0.2,10,10,1.0,8
toolbench,rank,gemini-flash,G1_category,2,full_rank,0.01,0.3,0.3,10,,,0
toolbench,rank,gemini-flash,G1_category,2,full_rank,0.01,0.3,0.5,10,,,0
toolbench,rank,gemini-flash,G1_category,2,full_rank,0.01,0.3,0.7,10,,,0
toolbench,rank,gemini-flash,G1_category,2,full_rank,0.01,0.5,0.0,10,,,0
toolbench,rank,gemini-flash,G1_category,2,full_rank,0.01,0.5,0.1,10,,,0
toolbench,rank,gemini-flash,G1_category,2,full_rank,0.01,0.5,0.2,10,,,0
toolbench,rank,gemini-flash,G1_category,2,full_rank,0.01,0.5,0.3,10,,,0
toolbench,rank,gemini-flash,G1_category,2,full_rank,0.01,0.5,0.5,10,,,0
toolbench,rank,gemini-flash,G1_category,2,full_rank,0.01,0.5,0.7,10,,,0
toolbench,rank,gemini-flash,G1_category,2,top10,0.01,0.0,0.0,10,10,1.0,10
toolbench,rank,gemini-flash,G1_category,2,top10,0.01,0.0,0.1,10,10,1.0,9
toolbench,rank,gemini-flash,G1_category,2,top10,0.01,0.0,0.2,10,10,1.0,10
toolbench,rank,gemini-flash,G1_category,2,top10,0.01,0.0,0.3,10,10,1.0,8
toolbench,rank,gemini-flash,G1_category,2,top10,0.01,0.0,0.5,10,,,0
toolbench,rank,gemini-flash,G1_category,2,top10,0.01,0.0,0.7,10,,,0
toolbench,rank,gemini-flash,G1_category,2,top10,0.01,0.05,0.0,10,10,1.0,10
toolbench,rank,gemini-flash,G1_category,2,top10,0.01,0.05,0.1,10,,,0
toolbench,rank,gemini-flash,G1_category,2,top10,0.01,0.05,0.2,10,10,1.0,9
toolbench,rank,gemini-flash,G1_category,2,top10,0.01,0.05,0.3,10,,,0
toolbench,rank,gemini-flash,G1_category,2,top10,0.01,0.05,0.5,10,,,0
toolbench,rank,gemini-flash,G1_category,2,top10,0.01,0.05,0.7,10,,,0
toolbench,rank,gemini-flash,G1_category,2,top10,0.01,0.1,0.0,10,,,0
toolbench,rank,gemini-flash,G1_category,2,top10,0.01,0.1,0.1,10,10,1.0,10
toolbench,rank,gemini-flash,G1_category,2,top10,0.01,0.1,0.2,10,,,0
toolbench,rank,gemini-flash,G1_category,2,top10,0.01,0.1,0.3,10,,,0
toolbench,rank,gemini-flash,G1_category,2,top10,0.01,0.1,0.5,10,,,0
toolbench,rank,gemini-flash,G1_category,2,top10,0.01,0.1,0.7,10,,,0
toolbench,rank,gemini-flash,G1_category,2,top10,0.01,0.15,0.0,10,,,0
toolbench,rank,gemini-flash,G1_category,2,top10,0.01,0.15,0.1,10,,,0
toolbench,rank,gemini-flash,G1_category,2,top10,0.01,0.15,0.2,10,,,0
toolbench,rank,gemini-flash,G1_category,2,top10,0.01,0.15,0.3,10,,,0
toolbench,rank,gemini-flash,G1_category,2,top10,0.01,0.15,0.5,10,,,0
toolbench,rank,gemini-flash,G1_category,2,top10,0.01,0.15,0.7,10,,,0
toolbench,rank,gemini-flash,G1_category,2,top10,0.01,0.2,0.0,10,10,1.0,10
toolbench,rank,gemini-flash,G1_category,2,top10,0.01,0.2,0.1,10,,,0
toolbench,rank,gemini-flash,G1_category,2,top10,0.01,0.2,0.2,10,,,0
toolbench,rank,gemini-flash,G1_category,2,top10,0.01,0.2,0.3,10,,,0
toolbench,rank,gemini-flash,G1_category,2,top10,0.01,0.2,0.5,10,,,0
toolbench,rank,gemini-flash,G1_category,2,top10,0.01,0.2,0.7,10,,,0
toolbench,rank,gemini-flash,G1_category,2,top10,0.01,0.3,0.0,10,,,0
toolbench,rank,gemini-flash,G1_category,2,top10,0.01,0.3,0.1,10,,,0
toolbench,rank,gemini-flash,G1_category,2,top10,0.01,0.3,0.2,10,,,0
toolbench,rank,gemini-flash,G1_category,2,top10,0.01,0.3,0.3,10,,,0
toolbench,rank,gemini-flash,G1_category,2,top10,0.01,0.3,0.5,10,,,0
toolbench,rank,gemini-flash,G1_category,2,top10,0.01,0.3,0.7,10,,,0
toolbench,rank,gemini-flash,G1_category,2,top10,0.01,0.5,0.0,10,,,0
toolbench,rank,gemini-flash,G1_category,2,top10,0.01,0.5,0.1,10,,,0
toolbench,rank,gemini-flash,G1_category,2,top10,0.01,0.5,0.2,10,,,0
toolbench,rank,gemini-flash,G1_category,2,top10,0.01,0.5,0.3,10,,,0
toolbench,rank,gemini-flash,G1_category,2,top10,0.01,0.5,0.5,10,,,0
toolbench,rank,gemini-flash,G1_category,2,top10,0.01,0.5,0.7,10,,,0
toolbench,rank,gemini-flash,G1_category,2,top2,0.01,0.0,0.0,,,,0
toolbench,rank,gemini-flash,G1_category,2,top2,0.01,0.0,0.1,,,,0
toolbench,rank,gemini-flash,G1_category,2,top2,0.01,0.0,0.2,,,,0
toolbench,rank,gemini-flash,G1_category,2,top2,0.01,0.0,0.3,,,,0
toolbench,rank,gemini-flash,G1_category,2,top2,0.01,0.0,0.5,,,,0
toolbench,rank,gemini-flash,G1_category,2,top2,0.01,0.0,0.7,,,,0
toolbench,rank,gemini-flash,G1_category,2,top2,0.01,0.05,0.0,,,,0
toolbench,rank,gemini-flash,G1_category,2,top2,0.01,0.05,0.1,,,,0
toolbench,rank,gemini-flash,G1_category,2,top2,0.01,0.05,0.2,,,,0
toolbench,rank,gemini-flash,G1_category,2,top2,0.01,0.05,0.3,,,,0
toolbench,rank,gemini-flash,G1_category,2,top2,0.01,0.05,0.5,,,,0
toolbench,rank,gemini-flash,G1_category,2,top2,0.01,0.05,0.7,,,,0
toolbench,rank,gemini-flash,G1_category,2,top2,0.01,0.1,0.0,,,,0
toolbench,rank,gemini-flash,G1_category,2,top2,0.01,0.1,0.1,,,,0
toolbench,rank,gemini-flash,G1_category,2,top2,0.01,0.1,0.2,,,,0
toolbench,rank,gemini-flash,G1_category,2,top2,0.01,0.1,0.3,,,,0
toolbench,rank,gemini-flash,G1_category,2,top2,0.01,0.1,0.5,,,,0
toolbench,rank,gemini-flash,G1_category,2,top2,0.01,0.1,0.7,,,,0
toolbench,rank,gemini-flash,G1_category,2,top2,0.01,0.15,0.0,,,,0
toolbench,rank,gemini-flash,G1_category,2,top2,0.01,0.15,0.1,,,,0
toolbench,rank,gemini-flash,G1_category,2,top2,0.01,0.15,0.2,,,,0
toolbench,rank,gemini-flash,G1_category,2,top2,0.01,0.15,0.3,,,,0
toolbench,rank,gemini-flash,G1_category,2,top2,0.01,0.15,0.5,,,,0
toolbench,rank,gemini-flash,G1_category,2,top2,0.01,0.15,0.7,,,,0
toolbench,rank,gemini-flash,G1_category,2,top2,0.01,0.2,0.0,,,,0
toolbench,rank,gemini-flash,G1_category,2,top2,0.01,0.2,0.1,,,,0
toolbench,rank,gemini-flash,G1_category,2,top2,0.01,0.2,0.2,,,,0
toolbench,rank,gemini-flash,G1_category,2,top2,0.01,0.2,0.3,,,,0
toolbench,rank,gemini-flash,G1_category,2,top2,0.01,0.2,0.5,,,,0
toolbench,rank,gemini-flash,G1_category,2,top2,0.01,0.2,0.7,,,,0
toolbench,rank,gemini-flash,G1_category,2,top2,0.01,0.3,0.0,,,,0
toolbench,rank,gemini-flash,G1_category,2,top2,0.01,0.3,0.1,,,,0
toolbench,rank,gemini-flash,G1_category,2,top2,0.01,0.3,0.2,,,,0
toolbench,rank,gemini-flash,G1_category,2,top2,0.01,0.3,0.3,,,,0
toolbench,rank,gemini-flash,G1_category,2,top2,0.01,0.3,0.5,,,,0
toolbench,rank,gemini-flash,G1_category,2,top2,0.01,0.3,0.7,,,,0
toolbench,rank,gemini-flash,G1_category,2,top2,0.01,0.5,0.0,,,,0
toolbench,rank,gemini-flash,G1_category,2,top2,0.01,0.5,0.1,,,,0
toolbench,rank,gemini-flash,G1_category,2,top2,0.01,0.5,0.2,,,,0
toolbench,rank,gemini-flash,G1_category,2,top2,0.01,0.5,0.3,,,,0
toolbench,rank,gemini-flash,G1_category,2,top2,0.01,0.5,0.5,,,,0
toolbench,rank,gemini-flash,G1_category,2,top2,0.01,0.5,0.7,,,,0
toolbench,rank,gemini-flash,G1_category,2,top3,0.01,0.0,0.0,,,,0
toolbench,rank,gemini-flash,G1_category,2,top3,0.01,0.0,0.1,,,,0
toolbench,rank,gemini-flash,G1_category,2,top3,0.01,0.0,0.2,,,,0
toolbench,rank,gemini-flash,G1_category,2,top3,0.01,0.0,0.3,,,,0
toolbench,rank,gemini-flash,G1_category,2,top3,0.01,0.0,0.5,,,,0
toolbench,rank,gemini-flash,G1_category,2,top3,0.01,0.0,0.7,,,,0
toolbench,rank,gemini-flash,G1_category,2,top3,0.01,0.05,0.0,,,,0
toolbench,rank,gemini-flash,G1_category,2,top3,0.01,0.05,0.1,,,,0
toolbench,rank,gemini-flash,G1_category,2,top3,0.01,0.05,0.2,,,,0
toolbench,rank,gemini-flash,G1_category,2,top3,0.01,0.05,0.3,,,,0
toolbench,rank,gemini-flash,G1_category,2,top3,0.01,0.05,0.5,,,,0
toolbench,rank,gemini-flash,G1_category,2,top3,0.01,0.05,0.7,,,,0
toolbench,rank,gemini-flash,G1_category,2,top3,0.01,0.1,0.0,,,,0
toolbench,rank,gemini-flash,G1_category,2,top3,0.01,0.1,0.1,,,,0
toolbench,rank,gemini-flash,G1_category,2,top3,0.01,0.1,0.2,,,,0
toolbench,rank,gemini-flash,G1_category,2,top3,0.01,0.1,0.3,,,,0
toolbench,rank,gemini-flash,G1_category,2,top3,0.01,0.1,0.5,,,,0
toolbench,rank,gemini-flash,G1_category,2,top3,0.01,0.1,0.7,,,,0
toolbench,rank,gemini-flash,G1_category,2,top3,0.01,0.15,0.0,,,,0
toolbench,rank,gemini-flash,G1_category,2,top3,0.01,0.15,0.1,,,,0
toolbench,rank,gemini-flash,G1_category,2,top3,0.01,0.15,0.2,,,,0
toolbench,rank,gemini-flash,G1_category,2,top3,0.01,0.15,0.3,,,,0
toolbench,rank,gemini-flash,G1_category,2,top3,0.01,0.15,0.5,,,,0
toolbench,rank,gemini-flash,G1_category,2,top3,0.01,0.15,0.7,,,,0
toolbench,rank,gemini-flash,G1_category,2,top3,0.01,0.2,0.0,,,,0
toolbench,rank,gemini-flash,G1_category,2,top3,0.01,0.2,0.1,,,,0
toolbench,rank,gemini-flash,G1_category,2,top3,0.01,0.2,0.2,,,,0
toolbench,rank,gemini-flash,G1_category,2,top3,0.01,0.2,0.3,,,,0
toolbench,rank,gemini-flash,G1_category,2,top3,0.01,0.2,0.5,,,,0
toolbench,rank,gemini-flash,G1_category,2,top3,0.01,0.2,0.7,,,,0
toolbench,rank,gemini-flash,G1_category,2,top3,0.01,0.3,0.0,,,,0
toolbench,rank,gemini-flash,G1_category,2,top3,0.01,0.3,0.1,,,,0
toolbench,rank,gemini-flash,G1_category,2,top3,0.01,0.3,0.2,,,,0
toolbench,rank,gemini-flash,G1_category,2,top3,0.01,0.3,0.3,,,,0
toolbench,rank,gemini-flash,G1_category,2,top3,0.01,0.3,0.5,,,,0
toolbench,rank,gemini-flash,G1_category,2,top3,0.01,0.3,0.7,,,,0
toolbench,rank,gemini-flash,G1_category,2,top3,0.01,0.5,0.0,,,,0
toolbench,rank,gemini-flash,G1_category,2,top3,0.01,0.5,0.1,,,,0
toolbench,rank,gemini-flash,G1_category,2,top3,0.01,0.5,0.2,,,,0
toolbench,rank,gemini-flash,G1_category,2,top3,0.01,0.5,0.3,,,,0
toolbench,rank,gemini-flash,G1_category,2,top3,0.01,0.5,0.5,,,,0
toolbench,rank,gemini-flash,G1_category,2,top3,0.01,0.5,0.7,,,,0
toolbench,rank,gemini-flash,G1_category,2,top5,0.01,0.0,0.0,10,10,1.0,10
toolbench,rank,gemini-flash,G1_category,2,top5,0.01,0.0,0.1,10,10,1.0,10
toolbench,rank,gemini-flash,G1_category,2,top5,0.01,0.0,0.2,10,,,0
toolbench,rank,gemini-flash,G1_category,2,top5,0.01,0.0,0.3,10,,,0
toolbench,rank,gemini-flash,G1_category,2,top5,0.01,0.0,0.5,10,,,0
toolbench,rank,gemini-flash,G1_category,2,top5,0.01,0.0,0.7,10,,,0
toolbench,rank,gemini-flash,G1_category,2,top5,0.01,0.05,0.0,10,,,0
toolbench,rank,gemini-flash,G1_category,2,top5,0.01,0.05,0.1,10,10,1.0,8
toolbench,rank,gemini-flash,G1_category,2,top5,0.01,0.05,0.2,10,10,1.0,9
toolbench,rank,gemini-flash,G1_category,2,top5,0.01,0.05,0.3,10,10,1.0,7
toolbench,rank,gemini-flash,G1_category,2,top5,0.01,0.05,0.5,10,,,0
toolbench,rank,gemini-flash,G1_category,2,top5,0.01,0.05,0.7,10,,,0
toolbench,rank,gemini-flash,G1_category,2,top5,0.01,0.1,0.0,10,10,1.0,10
toolbench,rank,gemini-flash,G1_category,2,top5,0.01,0.1,0.1,10,,,0
toolbench,rank,gemini-flash,G1_category,2,top5,0.01,0.1,0.2,10,,,0
toolbench,rank,gemini-flash,G1_category,2,top5,0.01,0.1,0.3,10,,,0
toolbench,rank,gemini-flash,G1_category,2,top5,0.01,0.1,0.5,10,,,0
toolbench,rank,gemini-flash,G1_category,2,top5,0.01,0.1,0.7,10,,,0
toolbench,rank,gemini-flash,G1_category,2,top5,0.01,0.15,0.0,10,,,0
toolbench,rank,gemini-flash,G1_category,2,top5,0.01,0.15,0.1,10,10,1.0,9
toolbench,rank,gemini-flash,G1_category,2,top5,0.01,0.15,0.2,10,10,1.0,8
toolbench,rank,gemini-flash,G1_category,2,top5,0.01,0.15,0.3,10,,,0
toolbench,rank,gemini-flash,G1_category,2,top5,0.01,0.15,0.5,10,,,0
toolbench,rank,gemini-flash,G1_category,2,top5,0.01,0.15,0.7,10,,,0
toolbench,rank,gemini-flash,G1_category,2,top5,0.01,0.2,0.0,10,,,0
toolbench,rank,gemini-flash,G1_category,2,top5,0.01,0.2,0.1,10,,,0
toolbench,rank,gemini-flash,G1_category,2,top5,0.01,0.2,0.2,10,,,0
toolbench,rank,gemini-flash,G1_category,2,top5,0.01,0.2,0.3,10,,,0
toolbench,rank,gemini-flash,G1_category,2,top5,0.01,0.2,0.5,10,,,0
toolbench,rank,gemini-flash,G1_category,2,top5,0.01,0.2,0.7,10,,,0
toolbench,rank,gemini-flash,G1_category,2,top5,0.01,0.3,0.0,10,,,0
toolbench,rank,gemini-flash,G1_category,2,top5,0.01,0.3,0.1,10,,,0
toolbench,rank,gemini-flash,G1_category,2,top5,0.01,0.3,0.2,10,,,0
toolbench,rank,gemini-flash,G1_category,2,top5,0.01,0.3,0.3,10,,,0
toolbench,rank,gemini-flash,G1_category,2,top5,0.01,0.3,0.5,10,,,0
toolbench,rank,gemini-flash,G1_category,2,top5,0.01,0.3,0.7,10,,,0
toolbench,rank,gemini-flash,G1_category,2,top5,0.01,0.5,0.0,10,,,0
toolbench,rank,gemini-flash,G1_category,2,top5,0.01,0.5,0.1,10,,,0
toolbench,rank,gemini-flash,G1_category,2,top5,0.01,0.5,0.2,10,,,0
toolbench,rank,gemini-flash,G1_category,2,top5,0.01,0.5,0.3,10,,,0
toolbench,rank,gemini-flash,G1_category,2,top5,0.01,0.5,0.5,10,,,0
toolbench,rank,gemini-flash,G1_category,2,top5,0.01,0.5,0.7,10,,,0
toolbench,rank,gemini-flash,G1_category,3,full_rank,0.01,0.0,0.0,10,10,1.0,10
toolbench,rank,gemini-flash,G1_category,3,full_rank,0.01,0.0,0.1,10,10,1.0,9
toolbench,rank,gemini-flash,G1_category,3,full_rank,0.01,0.0,0.2,10,,,0
toolbench,rank,gemini-flash,G1_category,3,full_rank,0.01,0.0,0.3,10,10,1.0,9
toolbench,rank,gemini-flash,G1_category,3,full_rank,0.01,0.0,0.5,10,,,0
toolbench,rank,gemini-flash,G1_category,3,full_rank,0.01,0.0,0.7,10,,,0
toolbench,rank,gemini-flash,G1_category,3,full_rank,0.01,0.05,0.0,10,10,1.0,10
toolbench,rank,gemini-flash,G1_category,3,full_rank,0.01,0.05,0.1,10,10,1.0,9
toolbench,rank,gemini-flash,G1_category,3,full_rank,0.01,0.05,0.2,10,10,1.0,8
toolbench,rank,gemini-flash,G1_category,3,full_rank,0.01,0.05,0.3,10,10,1.0,8
toolbench,rank,gemini-flash,G1_category,3,full_rank,0.01,0.05,0.5,10,,,0
toolbench,rank,gemini-flash,G1_category,3,full_rank,0.01,0.05,0.7,10,,,0
toolbench,rank,gemini-flash,G1_category,3,full_rank,0.01,0.1,0.0,10,,,0
toolbench,rank,gemini-flash,G1_category,3,full_rank,0.01,0.1,0.1,10,10,1.0,8
toolbench,rank,gemini-flash,G1_category,3,full_rank,0.01,0.1,0.2,10,,,0
toolbench,rank,gemini-flash,G1_category,3,full_rank,0.01,0.1,0.3,10,,,0
toolbench,rank,gemini-flash,G1_category,3,full_rank,0.01,0.1,0.5,10,,,0
toolbench,rank,gemini-flash,G1_category,3,full_rank,0.01,0.1,0.7,10,,,0
toolbench,rank,gemini-flash,G1_category,3,full_rank,0.01,0.15,0.0,10,,,0
toolbench,rank,gemini-flash,G1_category,3,full_rank,0.01,0.15,0.1,10,,,0
toolbench,rank,gemini-flash,G1_category,3,full_rank,0.01,0.15,0.2,10,,,0
toolbench,rank,gemini-flash,G1_category,3,full_rank,0.01,0.15,0.3,10,,,0
toolbench,rank,gemini-flash,G1_category,3,full_rank,0.01,0.15,0.5,10,,,0
toolbench,rank,gemini-flash,G1_category,3,full_rank,0.01,0.15,0.7,10,,,0
toolbench,rank,gemini-flash,G1_category,3,full_rank,0.01,0.2,0.0,10,,,0
toolbench,rank,gemini-flash,G1_category,3,full_rank,0.01,0.2,0.1,10,,,0
toolbench,rank,gemini-flash,G1_category,3,full_rank,0.01,0.2,0.2,10,10,1.0,8
toolbench,rank,gemini-flash,G1_category,3,full_rank,0.01,0.2,0.3,10,,,0
toolbench,rank,gemini-flash,G1_category,3,full_rank,0.01,0.2,0.5,10,,,0
toolbench,rank,gemini-flash,G1_category,3,full_rank,0.01,0.2,0.7,10,,,0
toolbench,rank,gemini-flash,G1_category,3,full_rank,0.01,0.3,0.0,10,,,0
toolbench,rank,gemini-flash,G1_category,3,full_rank,0.01,0.3,0.1,10,,,0
toolbench,rank,gemini-flash,G1_category,3,full_rank,0.01,0.3,0.2,10,,,0
toolbench,rank,gemini-flash,G1_category,3,full_rank,0.01,0.3,0.3,10,,,0
toolbench,rank,gemini-flash,G1_category,3,full_rank,0.01,0.3,0.5,10,,,0
toolbench,rank,gemini-flash,G1_category,3,full_rank,0.01,0.3,0.7,10,,,0
toolbench,rank,gemini-flash,G1_category,3,full_rank,0.01,0.5,0.0,10,,,0
toolbench,rank,gemini-flash,G1_category,3,full_rank,0.01,0.5,0.1,10,,,0
toolbench,rank,gemini-flash,G1_category,3,full_rank,0.01,0.5,0.2,10,,,0
toolbench,rank,gemini-flash,G1_category,3,full_rank,0.01,0.5,0.3,10,,,0
toolbench,rank,gemini-flash,G1_category,3,full_rank,0.01,0.5,0.5,10,,,0
toolbench,rank,gemini-flash,G1_category,3,full_rank,0.01,0.5,0.7,10,,,0
toolbench,rank,gemini-flash,G1_category,3,top10,0.01,0.0,0.0,10,10,1.0,10
toolbench,rank,gemini-flash,G1_category,3,top10,0.01,0.0,0.1,10,10,1.0,10
toolbench,rank,gemini-flash,G1_category,3,top10,0.01,0.0,0.2,10,10,1.0,9
toolbench,rank,gemini-flash,G1_category,3,top10,0.01,0.0,0.3,10,,,0
toolbench,rank,gemini-flash,G1_category,3,top10,0.01,0.0,0.5,10,10,1.0,7
toolbench,rank,gemini-flash,G1_category,3,top10,0.01,0.0,0.7,10,,,0
toolbench,rank,gemini-flash,G1_category,3,top10,0.01,0.05,0.0,10,,,0
toolbench,rank,gemini-flash,G1_category,3,top10,0.01,0.05,0.1,10,,,0
toolbench,rank,gemini-flash,G1_category,3,top10,0.01,0.05,0.2,10,10,1.0,7
toolbench,rank,gemini-flash,G1_category,3,top10,0.01,0.05,0.3,10,,,0
toolbench,rank,gemini-flash,G1_category,3,top10,0.01,0.05,0.5,10,,,0
toolbench,rank,gemini-flash,G1_category,3,top10,0.01,0.05,0.7,10,,,0
toolbench,rank,gemini-flash,G1_category,3,top10,0.01,0.1,0.0,10,10,1.0,10
toolbench,rank,gemini-flash,G1_category,3,top10,0.01,0.1,0.1,10,10,1.0,8
toolbench,rank,gemini-flash,G1_category,3,top10,0.01,0.1,0.2,10,10,1.0,8
toolbench,rank,gemini-flash,G1_category,3,top10,0.01,0.1,0.3,10,,,0
toolbench,rank,gemini-flash,G1_category,3,top10,0.01,0.1,0.5,10,,,0
toolbench,rank,gemini-flash,G1_category,3,top10,0.01,0.1,0.7,10,,,0
toolbench,rank,gemini-flash,G1_category,3,top10,0.01,0.15,0.0,10,,,0
toolbench,rank,gemini-flash,G1_category,3,top10,0.01,0.15,0.1,10,10,1.0,9
toolbench,rank,gemini-flash,G1_category,3,top10,0.01,0.15,0.2,10,,,0
toolbench,rank,gemini-flash,G1_category,3,top10,0.01,0.15,0.3,10,10,1.0,7
toolbench,rank,gemini-flash,G1_category,3,top10,0.01,0.15,0.5,10,,,0
toolbench,rank,gemini-flash,G1_category,3,top10,0.01,0.15,0.7,10,,,0
toolbench,rank,gemini-flash,G1_category,3,top10,0.01,0.2,0.0,10,,,0
toolbench,rank,gemini-flash,G1_category,3,top10,0.01,0.2,0.1,10,,,0
toolbench,rank,gemini-flash,G1_category,3,top10,0.01,0.2,0.2,10,,,0
toolbench,rank,gemini-flash,G1_category,3,top10,0.01,0.2,0.3,10,10,1.0,7
toolbench,rank,gemini-flash,G1_category,3,top10,0.01,0.2,0.5,10,,,0
toolbench,rank,gemini-flash,G1_category,3,top10,0.01,0.2,0.7,10,,,0
toolbench,rank,gemini-flash,G1_category,3,top10,0.01,0.3,0.0,10,,,0
toolbench,rank,gemini-flash,G1_category,3,top10,0.01,0.3,0.1,10,,,0
toolbench,rank,gemini-flash,G1_category,3,top10,0.01,0.3,0.2,10,10,1.0,9
toolbench,rank,gemini-flash,G1_category,3,top10,0.01,0.3,0.3,10,,,0
toolbench,rank,gemini-flash,G1_category,3,top10,0.01,0.3,0.5,10,,,0
toolbench,rank,gemini-flash,G1_category,3,top10,0.01,0.3,0.7,10,,,0
toolbench,rank,gemini-flash,G1_category,3,top10,0.01,0.5,0.0,10,,,0
toolbench,rank,gemini-flash,G1_category,3,top10,0.01,0.5,0.1,10,,,0
toolbench,rank,gemini-flash,G1_category,3,top10,0.01,0.5,0.2,10,,,0
toolbench,rank,gemini-flash,G1_category,3,top10,0.01,0.5,0.3,10,,,0
toolbench,rank,gemini-flash,G1_category,3,top10,0.01,0.5,0.5,10,,,0
toolbench,rank,gemini-flash,G1_category,3,top10,0.01,0.5,0.7,10,,,0
toolbench,rank,gemini-flash,G1_category,3,top2,0.01,0.0,0.0,,,,0
toolbench,rank,gemini-flash,G1_category,3,top2,0.01,0.0,0.1,,,,0
toolbench,rank,gemini-flash,G1_category,3,top2,0.01,0.0,0.2,,,,0
toolbench,rank,gemini-flash,G1_category,3,top2,0.01,0.0,0.3,,,,0
toolbench,rank,gemini-flash,G1_category,3,top2,0.01,0.0,0.5,,,,0
toolbench,rank,gemini-flash,G1_category,3,top2,0.01,0.0,0.7,,,,0
toolbench,rank,gemini-flash,G1_category,3,top2,0.01,0.05,0.0,,,,0
toolbench,rank,gemini-flash,G1_category,3,top2,0.01,0.05,0.1,,,,0
toolbench,rank,gemini-flash,G1_category,3,top2,0.01,0.05,0.2,,,,0
toolbench,rank,gemini-flash,G1_category,3,top2,0.01,0.05,0.3,,,,0
toolbench,rank,gemini-flash,G1_category,3,top2,0.01,0.05,0.5,,,,0
toolbench,rank,gemini-flash,G1_category,3,top2,0.01,0.05,0.7,,,,0
toolbench,rank,gemini-flash,G1_category,3,top2,0.01,0.1,0.0,,,,0
toolbench,rank,gemini-flash,G1_category,3,top2,0.01,0.1,0.1,,,,0
toolbench,rank,gemini-flash,G1_category,3,top2,0.01,0.1,0.2,,,,0
toolbench,rank,gemini-flash,G1_category,3,top2,0.01,0.1,0.3,,,,0
toolbench,rank,gemini-flash,G1_category,3,top2,0.01,0.1,0.5,,,,0
toolbench,rank,gemini-flash,G1_category,3,top2,0.01,0.1,0.7,,,,0
toolbench,rank,gemini-flash,G1_category,3,top2,0.01,0.15,0.0,,,,0
toolbench,rank,gemini-flash,G1_category,3,top2,0.01,0.15,0.1,,,,0
toolbench,rank,gemini-flash,G1_category,3,top2,0.01,0.15,0.2,,,,0
toolbench,rank,gemini-flash,G1_category,3,top2,0.01,0.15,0.3,,,,0
toolbench,rank,gemini-flash,G1_category,3,top2,0.01,0.15,0.5,,,,0
toolbench,rank,gemini-flash,G1_category,3,top2,0.01,0.15,0.7,,,,0
toolbench,rank,gemini-flash,G1_category,3,top2,0.01,0.2,0.0,,,,0
toolbench,rank,gemini-flash,G1_category,3,top2,0.01,0.2,0.1,,,,0
toolbench,rank,gemini-flash,G1_category,3,top2,0.01,0.2,0.2,,,,0
toolbench,rank,gemini-flash,G1_category,3,top2,0.01,0.2,0.3,,,,0
toolbench,rank,gemini-flash,G1_category,3,top2,0.01,0.2,0.5,,,,0
toolbench,rank,gemini-flash,G1_category,3,top2,0.01,0.2,0.7,,,,0
toolbench,rank,gemini-flash,G1_category,3,top2,0.01,0.3,0.0,,,,0
toolbench,rank,gemini-flash,G1_category,3,top2,0.01,0.3,0.1,,,,0
toolbench,rank,gemini-flash,G1_category,3,top2,0.01,0.3,0.2,,,,0
toolbench,rank,gemini-flash,G1_category,3,top2,0.01,0.3,0.3,,,,0
toolbench,rank,gemini-flash,G1_category,3,top2,0.01,0.3,0.5,,,,0
toolbench,rank,gemini-flash,G1_category,3,top2,0.01,0.3,0.7,,,,0
toolbench,rank,gemini-flash,G1_category,3,top2,0.01,0.5,0.0,,,,0
toolbench,rank,gemini-flash,G1_category,3,top2,0.01,0.5,0.1,,,,0
toolbench,rank,gemini-flash,G1_category,3,top2,0.01,0.5,0.2,,,,0
toolbench,rank,gemini-flash,G1_category,3,top2,0.01,0.5,0.3,,,,0
toolbench,rank,gemini-flash,G1_category,3,top2,0.01,0.5,0.5,,,,0
toolbench,rank,gemini-flash,G1_category,3,top2,0.01,0.5,0.7,,,,0
toolbench,rank,gemini-flash,G1_category,3,top3,0.01,0.0,0.0,10,10,1.0,10
toolbench,rank,gemini-flash,G1_category,3,top3,0.01,0.0,0.1,10,10,1.0,7
toolbench,rank,gemini-flash,G1_category,3,top3,0.01,0.0,0.2,10,10,1.0,10
toolbench,rank,gemini-flash,G1_category,3,top3,0.01,0.0,0.3,10,10,1.0,8
toolbench,rank,gemini-flash,G1_category,3,top3,0.01,0.0,0.5,10,,,0
toolbench,rank,gemini-flash,G1_category,3,top3,0.01,0.0,0.7,10,,,0
toolbench,rank,gemini-flash,G1_category,3,top3,0.01,0.05,0.0,10,,,0
toolbench,rank,gemini-flash,G1_category,3,top3,0.01,0.05,0.1,10,10,1.0,7
toolbench,rank,gemini-flash,G1_category,3,top3,0.01,0.05,0.2,10,10,1.0,7
toolbench,rank,gemini-flash,G1_category,3,top3,0.01,0.05,0.3,10,10,1.0,7
toolbench,rank,gemini-flash,G1_category,3,top3,0.01,0.05,0.5,10,,,0
toolbench,rank,gemini-flash,G1_category,3,top3,0.01,0.05,0.7,10,,,0
toolbench,rank,gemini-flash,G1_category,3,top3,0.01,0.1,0.0,10,,,0
toolbench,rank,gemini-flash,G1_category,3,top3,0.01,0.1,0.1,10,,,0
toolbench,rank,gemini-flash,G1_category,3,top3,0.01,0.1,0.2,10,10,1.0,10
toolbench,rank,gemini-flash,G1_category,3,top3,0.01,0.1,0.3,10,10,1.0,7
toolbench,rank,gemini-flash,G1_category,3,top3,0.01,0.1,0.5,10,,,0
toolbench,rank,gemini-flash,G1_category,3,top3,0.01,0.1,0.7,10,,,0
toolbench,rank,gemini-flash,G1_category,3,top3,0.01,0.15,0.0,10,,,0
toolbench,rank,gemini-flash,G1_category,3,top3,0.01,0.15,0.1,10,,,0
toolbench,rank,gemini-flash,G1_category,3,top3,0.01,0.15,0.2,10,,,0
toolbench,rank,gemini-flash,G1_category,3,top3,0.01,0.15,0.3,10,,,0
toolbench,rank,gemini-flash,G1_category,3,top3,0.01,0.15,0.5,10,,,0
toolbench,rank,gemini-flash,G1_category,3,top3,0.01,0.15,0.7,10,,,0
toolbench,rank,gemini-flash,G1_category,3,top3,0.01,0.2,0.0,10,,,0
toolbench,rank,gemini-flash,G1_category,3,top3,0.01,0.2,0.1,10,,,0
toolbench,rank,gemini-flash,G1_category,3,top3,0.01,0.2,0.2,10,,,0
toolbench,rank,gemini-flash,G1_category,3,top3,0.01,0.2,0.3,10,,,0
toolbench,rank,gemini-flash,G1_category,3,top3,0.01,0.2,0.5,10,,,0
toolbench,rank,gemini-flash,G1_category,3,top3,0.01,0.2,0.7,10,,,0
toolbench,rank,gemini-flash,G1_category,3,top3,0.01,0.3,0.0,10,,,0
toolbench,rank,gemini-flash,G1_category,3,top3,0.01,0.3,0.1,10,,,0
toolbench,rank,gemini-flash,G1_category,3,top3,0.01,0.3,0.2,10,,,0
toolbench,rank,gemini-flash,G1_category,3,top3,0.01,0.3,0.3,10,,,0
toolbench,rank,gemini-flash,G1_category,3,top3,0.01,0.3,0.5,10,,,0
toolbench,rank,gemini-flash,G1_category,3,top3,0.01,0.3,0.7,10,,,0
toolbench,rank,gemini-flash,G1_category,3,top3,0.01,0.5,0.0,10,,,0
toolbench,rank,gemini-flash,G1_category,3,top3,0.01,0.5,0.1,10,,,0
toolbench,rank,gemini-flash,G1_category,3,top3,0.01,0.5,0.2,10,,,0
toolbench,rank,gemini-flash,G1_category,3,top3,0.01,0.5,0.3,10,,,0
toolbench,rank,gemini-flash,G1_category,3,top3,0.01,0.5,0.5,10,,,0
toolbench,rank,gemini-flash,G1_category,3,top3,0.01,0.5,0.7,10,,,0
toolbench,rank,gemini-flash,G1_category,3,top5,0.01,0.0,0.0,10,10,1.0,10
toolbench,rank,gemini-flash,G1_category,3,top5,0.01,0.0,0.1,10,10,1.0,10
toolbench,rank,gemini-flash,G1_category,3,top5,0.01,0.0,0.2,10,10,1.0,9
toolbench,rank,gemini-flash,G1_category,3,top5,0.01,0.0,0.3,10,10,1.0,7
toolbench,rank,gemini-flash,G1_category,3,top5,0.01,0.0,0.5,10,,,0
toolbench,rank,gemini-flash,G1_category,3,top5,0.01,0.0,0.7,10,,,0
toolbench,rank,gemini-flash,G1_category,3,top5,0.01,0.05,0.0,10,10,1.0,10
toolbench,rank,gemini-flash,G1_category,3,top5,0.01,0.05,0.1,10,,,0
toolbench,rank,gemini-flash,G1_category,3,top5,0.01,0.05,0.2,10,,,0
toolbench,rank,gemini-flash,G1_category,3,top5,0.01,0.05,0.3,10,,,0
toolbench,rank,gemini-flash,G1_category,3,top5,0.01,0.05,0.5,10,10,1.0,7
toolbench,rank,gemini-flash,G1_category,3,top5,0.01,0.05,0.7,10,,,0
toolbench,rank,gemini-flash,G1_category,3,top5,0.01,0.1,0.0,10,,,0
toolbench,rank,gemini-flash,G1_category,3,top5,0.01,0.1,0.1,10,10,1.0,9
toolbench,rank,gemini-flash,G1_category,3,top5,0.01,0.1,0.2,10,10,1.0,10
toolbench,rank,gemini-flash,G1_category,3,top5,0.01,0.1,0.3,10,,,0
toolbench,rank,gemini-flash,G1_category,3,top5,0.01,0.1,0.5,10,,,0
toolbench,rank,gemini-flash,G1_category,3,top5,0.01,0.1,0.7,10,,,0
toolbench,rank,gemini-flash,G1_category,3,top5,0.01,0.15,0.0,10,,,0
toolbench,rank,gemini-flash,G1_category,3,top5,0.01,0.15,0.1,10,,,0
toolbench,rank,gemini-flash,G1_category,3,top5,0.01,0.15,0.2,10,,,0
toolbench,rank,gemini-flash,G1_category,3,top5,0.01,0.15,0.3,10,,,0
toolbench,rank,gemini-flash,G1_category,3,top5,0.01,0.15,0.5,10,,,0
toolbench,rank,gemini-flash,G1_category,3,top5,0.01,0.15,0.7,10,,,0
toolbench,rank,gemini-flash,G1_category,3,top5,0.01,0.2,0.0,10,,,0
toolbench,rank,gemini-flash,G1_category,3,top5,0.01,0.2,0.1,10,,,0
toolbench,rank,gemini-flash,G1_category,3,top5,0.01,0.2,0.2,10,,,0
toolbench,rank,gemini-flash,G1_category,3,top5,0.01,0.2,0.3,10,,,0
toolbench,rank,gemini-flash,G1_category,3,top5,0.01,0.2,0.5,10,,,0
toolbench,rank,gemini-flash,G1_category,3,top5,0.01,0.2,0.7,10,,,0
toolbench,rank,gemini-flash,G1_category,3,top5,0.01,0.3,0.0,10,,,0
toolbench,rank,gemini-flash,G1_category,3,top5,0.01,0.3,0.1,10,,,0
toolbench,rank,gemini-flash,G1_category,3,top5,0.01,0.3,0.2,10,,,0
toolbench,rank,gemini-flash,G1_category,3,top5,0.01,0.3,0.3,10,,,0
toolbench,rank,gemini-flash,G1_category,3,top5,0.01,0.3,0.5,10,,,0
toolbench,rank,gemini-flash,G1_category,3,top5,0.01,0.3,0.7,10,,,0
toolbench,rank,gemini-flash,G1_category,3,top5,0.01,0.5,0.0,10,,,0
toolbench,rank,gemini-flash,G1_category,3,top5,0.01,0.5,0.1,10,,,0
toolbench,rank,gemini-flash,G1_category,3,top5,0.01,0.5,0.2,10,,,0
toolbench,rank,gemini-flash,G1_category,3,top5,0.01,0.5,0.3,10,,,0
toolbench,rank,gemini-flash,G1_category,3,top5,0.01,0.5,0.5,10,,,0
toolbench,rank,gemini-flash,G1_category,3,top5,0.01,0.5,0.7,10,,,0
toolbench,rank,gemini-flash,G1_instruction,1,full_rank,0.01,0.0,0.0,10,10,1.0,10
toolbench,rank,gemini-flash,G1_instruction,1,full_rank,0.01,0.0,0.1,10,10,1.0,10
toolbench,rank,gemini-flash,G1_instruction,1,full_rank,0.01,0.0,0.2,10,10,1.0,9
toolbench,rank,gemini-flash,G1_instruction,1,full_rank,0.01,0.0,0.3,10,10,1.0,9
toolbench,rank,gemini-flash,G1_instruction,1,full_rank,0.01,0.0,0.5,10,10,1.0,8
toolbench,rank,gemini-flash,G1_instruction,1,full_rank,0.01,0.0,0.7,10,20,2.0,8
toolbench,rank,gemini-flash,G1_instruction,1,full_rank,0.01,0.05,0.0,10,10,1.0,10
toolbench,rank,gemini-flash,G1_instruction,1,full_rank,0.01,0.05,0.1,10,10,1.0,9
toolbench,rank,gemini-flash,G1_instruction,1,full_rank,0.01,0.05,0.2,10,10,1.0,9
toolbench,rank,gemini-flash,G1_instruction,1,full_rank,0.01,0.05,0.3,10,20,2.0,14
toolbench,rank,gemini-flash,G1_instruction,1,full_rank,0.01,0.05,0.5,10,10,1.0,8
toolbench,rank,gemini-flash,G1_instruction,1,full_rank,0.01,0.05,0.7,10,,,0
toolbench,rank,gemini-flash,G1_instruction,1,full_rank,0.01,0.1,0.0,10,20,2.0,20
toolbench,rank,gemini-flash,G1_instruction,1,full_rank,0.01,0.1,0.1,10,20,2.0,20
toolbench,rank,gemini-flash,G1_instruction,1,full_rank,0.01,0.1,0.2,10,10,1.0,9
toolbench,rank,gemini-flash,G1_instruction,1,full_rank,0.01,0.1,0.3,10,10,1.0,8
toolbench,rank,gemini-flash,G1_instruction,1,full_rank,0.01,0.1,0.5,10,20,2.0,9
toolbench,rank,gemini-flash,G1_instruction,1,full_rank,0.01,0.1,0.7,10,,,0
toolbench,rank,gemini-flash,G1_instruction,1,full_rank,0.01,0.15,0.0,10,10,1.0,10
toolbench,rank,gemini-flash,G1_instruction,1,full_rank,0.01,0.15,0.1,10,10,1.0,10
toolbench,rank,gemini-flash,G1_instruction,1,full_rank,0.01,0.15,0.2,10,10,1.0,8
toolbench,rank,gemini-flash,G1_instruction,1,full_rank,0.01,0.15,0.3,10,10,1.0,8
toolbench,rank,gemini-flash,G1_instruction,1,full_rank,0.01,0.15,0.5,10,,,0
toolbench,rank,gemini-flash,G1_instruction,1,full_rank,0.01,0.15,0.7,10,,,0
toolbench,rank,gemini-flash,G1_instruction,1,full_rank,0.01,0.2,0.0,10,,,0
toolbench,rank,gemini-flash,G1_instruction,1,full_rank,0.01,0.2,0.1,10,20,2.0,18
toolbench,rank,gemini-flash,G1_instruction,1,full_rank,0.01,0.2,0.2,10,10,1.0,10
toolbench,rank,gemini-flash,G1_instruction,1,full_rank,0.01,0.2,0.3,10,,,0
toolbench,rank,gemini-flash,G1_instruction,1,full_rank,0.01,0.2,0.5,10,20,2.0,10
toolbench,rank,gemini-flash,G1_instruction,1,full_rank,0.01,0.2,0.7,10,,,0
toolbench,rank,gemini-flash,G1_instruction,1,full_rank,0.01,0.3,0.0,10,20,2.0,20
toolbench,rank,gemini-flash,G1_instruction,1,full_rank,0.01,0.3,0.1,10,,,0
toolbench,rank,gemini-flash,G1_instruction,1,full_rank,0.01,0.3,0.2,10,,,0
toolbench,rank,gemini-flash,G1_instruction,1,full_rank,0.01,0.3,0.3,10,,,0
toolbench,rank,gemini-flash,G1_instruction,1,full_rank,0.01,0.3,0.5,10,,,0
toolbench,rank,gemini-flash,G1_instruction,1,full_rank,0.01,0.3,0.7,10,,,0
toolbench,rank,gemini-flash,G1_instruction,1,full_rank,0.01,0.5,0.0,10,,,0
toolbench,rank,gemini-flash,G1_instruction,1,full_rank,0.01,0.5,0.1,10,,,0
toolbench,rank,gemini-flash,G1_instruction,1,full_rank,0.01,0.5,0.2,10,,,0
toolbench,rank,gemini-flash,G1_instruction,1,full_rank,0.01,0.5,0.3,10,,,0
toolbench,rank,gemini-flash,G1_instruction,1,full_rank,0.01,0.5,0.5,10,,,0
toolbench,rank,gemini-flash,G1_instruction,1,full_rank,0.01,0.5,0.7,10,,,0
toolbench,rank,gemini-flash,G1_instruction,1,top10,0.01,0.0,0.0,10,10,1.0,10
toolbench,rank,gemini-flash,G1_instruction,1,top10,0.01,0.0,0.1,10,10,1.0,10
toolbench,rank,gemini-flash,G1_instruction,1,top10,0.01,0.0,0.2,10,20,2.0,16
toolbench,rank,gemini-flash,G1_instruction,1,top10,0.01,0.0,0.3,10,10,1.0,7
toolbench,rank,gemini-flash,G1_instruction,1,top10,0.01,0.0,0.5,10,20,2.0,8
toolbench,rank,gemini-flash,G1_instruction,1,top10,0.01,0.0,0.7,10,,,0
toolbench,rank,gemini-flash,G1_instruction,1,top10,0.01,0.05,0.0,10,10,1.0,10
toolbench,rank,gemini-flash,G1_instruction,1,top10,0.01,0.05,0.1,10,10,1.0,10
toolbench,rank,gemini-flash,G1_instruction,1,top10,0.01,0.05,0.2,10,20,2.0,15
toolbench,rank,gemini-flash,G1_instruction,1,top10,0.01,0.05,0.3,10,10,1.0,8
toolbench,rank,gemini-flash,G1_instruction,1,top10,0.01,0.05,0.5,10,,,0
toolbench,rank,gemini-flash,G1_instruction,1,top10,0.01,0.05,0.7,10,20,2.0,7
toolbench,rank,gemini-flash,G1_instruction,1,top10,0.01,0.1,0.0,10,20,2.0,20
toolbench,rank,gemini-flash,G1_instruction,1,top10,0.01,0.1,0.1,10,10,1.0,9
toolbench,rank,gemini-flash,G1_instruction,1,top10,0.01,0.1,0.2,10,,,0
toolbench,rank,gemini-flash,G1_instruction,1,top10,0.01,0.1,0.3,10,,,0
toolbench,rank,gemini-flash,G1_instruction,1,top10,0.01,0.1,0.5,10,20,2.0,14
toolbench,rank,gemini-flash,G1_instruction,1,top10,0.01,0.1,0.7,10,20,2.0,7
toolbench,rank,gemini-flash,G1_instruction,1,top10,0.01,0.15,0.0,10,20,2.0,20
toolbench,rank,gemini-flash,G1_instruction,1,top10,0.01,0.15,0.1,10,,,0
toolbench,rank,gemini-flash,G1_instruction,1,top10,0.01,0.15,0.2,10,20,2.0,17
toolbench,rank,gemini-flash,G1_instruction,1,top10,0.01,0.15,0.3,10,20,2.0,17
toolbench,rank,gemini-flash,G1_instruction,1,top10,0.01,0.15,0.5,10,20,2.0,11
toolbench,rank,gemini-flash,G1_instruction,1,top10,0.01,0.15,0.7,10,,,0
toolbench,rank,gemini-flash,G1_instruction,1,top10,0.01,0.2,0.0,10,20,2.0,20
toolbench,rank,gemini-flash,G1_instruction,1,top10,0.01,0.2,0.1,10,,,0
toolbench,rank,gemini-flash,G1_instruction,1,top10,0.01,0.2,0.2,10,20,2.0,16
toolbench,rank,gemini-flash,G1_instruction,1,top10,0.01,0.2,0.3,10,,,0
toolbench,rank,gemini-flash,G1_instruction,1,top10,0.01,0.2,0.5,10,,,0
toolbench,rank,gemini-flash,G1_instruction,1,top10,0.01,0.2,0.7,10,,,0
toolbench,rank,gemini-flash,G1_instruction,1,top10,0.01,0.3,0.0,10,,,0
toolbench,rank,gemini-flash,G1_instruction,1,top10,0.01,0.3,0.1,10,,,0
toolbench,rank,gemini-flash,G1_instruction,1,top10,0.01,0.3,0.2,10,20,2.0,17
toolbench,rank,gemini-flash,G1_instruction,1,top10,0.01,0.3,0.3,10,,,0
toolbench,rank,gemini-flash,G1_instruction,1,top10,0.01,0.3,0.5,10,,,0
toolbench,rank,gemini-flash,G1_instruction,1,top10,0.01,0.3,0.7,10,,,0
toolbench,rank,gemini-flash,G1_instruction,1,top10,0.01,0.5,0.0,10,,,0
toolbench,rank,gemini-flash,G1_instruction,1,top10,0.01,0.5,0.1,10,,,0
toolbench,rank,gemini-flash,G1_instruction,1,top10,0.01,0.5,0.2,10,,,0
toolbench,rank,gemini-flash,G1_instruction,1,top10,0.01,0.5,0.3,10,,,0
toolbench,rank,gemini-flash,G1_instruction,1,top10,0.01,0.5,0.5,10,,,0
toolbench,rank,gemini-flash,G1_instruction,1,top10,0.01,0.5,0.7,10,,,0
toolbench,rank,gemini-flash,G1_instruction,1,top2,0.01,0.0,0.0,,,,0
toolbench,rank,gemini-flash,G1_instruction,1,top2,0.01,0.0,0.1,,,,0
toolbench,rank,gemini-flash,G1_instruction,1,top2,0.01,0.0,0.2,,,,0
toolbench,rank,gemini-flash,G1_instruction,1,top2,0.01,0.0,0.3,,,,0
toolbench,rank,gemini-flash,G1_instruction,1,top2,0.01,0.0,0.5,,,,0
toolbench,rank,gemini-flash,G1_instruction,1,top2,0.01,0.0,0.7,,,,0
toolbench,rank,gemini-flash,G1_instruction,1,top2,0.01,0.05,0.0,,,,0
toolbench,rank,gemini-flash,G1_instruction,1,top2,0.01,0.05,0.1,,,,0
toolbench,rank,gemini-flash,G1_instruction,1,top2,0.01,0.05,0.2,,,,0
toolbench,rank,gemini-flash,G1_instruction,1,top2,0.01,0.05,0.3,,,,0
toolbench,rank,gemini-flash,G1_instruction,1,top2,0.01,0.05,0.5,,,,0
toolbench,rank,gemini-flash,G1_instruction,1,top2,0.01,0.05,0.7,,,,0
toolbench,rank,gemini-flash,G1_instruction,1,top2,0.01,0.1,0.0,,,,0
toolbench,rank,gemini-flash,G1_instruction,1,top2,0.01,0.1,0.1,,,,0
toolbench,rank,gemini-flash,G1_instruction,1,top2,0.01,0.1,0.2,,,,0
toolbench,rank,gemini-flash,G1_instruction,1,top2,0.01,0.1,0.3,,,,0
toolbench,rank,gemini-flash,G1_instruction,1,top2,0.01,0.1,0.5,,,,0
toolbench,rank,gemini-flash,G1_instruction,1,top2,0.01,0.1,0.7,,,,0
toolbench,rank,gemini-flash,G1_instruction,1,top2,0.01,0.15,0.0,,,,0
toolbench,rank,gemini-flash,G1_instruction,1,top2,0.01,0.15,0.1,,,,0
toolbench,rank,gemini-flash,G1_instruction,1,top2,0.01,0.15,0.2,,,,0
toolbench,rank,gemini-flash,G1_instruction,1,top2,0.01,0.15,0.3,,,,0
toolbench,rank,gemini-flash,G1_instruction,1,top2,0.01,0.15,0.5,,,,0
toolbench,rank,gemini-flash,G1_instruction,1,top2,0.01,0.15,0.7,,,,0
toolbench,rank,gemini-flash,G1_instruction,1,top2,0.01,0.2,0.0,,,,0
toolbench,rank,gemini-flash,G1_instruction,1,top2,0.01,0.2,0.1,,,,0
toolbench,rank,gemini-flash,G1_instruction,1,top2,0.01,0.2,0.2,,,,0
toolbench,rank,gemini-flash,G1_instruction,1,top2,0.01,0.2,0.3,,,,0
toolbench,rank,gemini-flash,G1_instruction,1,top2,0.01,0.2,0.5,,,,0
toolbench,rank,gemini-flash,G1_instruction,1,top2,0.01,0.2,0.7,,,,0
toolbench,rank,gemini-flash,G1_instruction,1,top2,0.01,0.3,0.0,,,,0
toolbench,rank,gemini-flash,G1_instruction,1,top2,0.01,0.3,0.1,,,,0
toolbench,rank,gemini-flash,G1_instruction,1,top2,0.01,0.3,0.2,,,,0
toolbench,rank,gemini-flash,G1_instruction,1,top2,0.01,0.3,0.3,,,,0
toolbench,rank,gemini-flash,G1_instruction,1,top2,0.01,0.3,0.5,,,,0
toolbench,rank,gemini-flash,G1_instruction,1,top2,0.01,0.3,0.7,,,,0
toolbench,rank,gemini-flash,G1_instruction,1,top2,0.01,0.5,0.0,,,,0
toolbench,rank,gemini-flash,G1_instruction,1,top2,0.01,0.5,0.1,,,,0
toolbench,rank,gemini-flash,G1_instruction,1,top2,0.01,0.5,0.2,,,,0
toolbench,rank,gemini-flash,G1_instruction,1,top2,0.01,0.5,0.3,,,,0
toolbench,rank,gemini-flash,G1_instruction,1,top2,0.01,0.5,0.5,,,,0
toolbench,rank,gemini-flash,G1_instruction,1,top2,0.01,0.5,0.7,,,,0
toolbench,rank,gemini-flash,G1_instruction,1,top3,0.01,0.0,0.0,10,10,1.0,10
toolbench,rank,gemini-flash,G1_instruction,1,top3,0.01,0.0,0.1,10,10,1.0,10
toolbench,rank,gemini-flash,G1_instruction,1,top3,0.01,0.0,0.2,10,10,1.0,7
toolbench,rank,gemini-flash,G1_instruction,1,top3,0.01,0.0,0.3,10,10,1.0,7
toolbench,rank,gemini-flash,G1_instruction,1,top3,0.01,0.0,0.5,10,10,1.0,9
toolbench,rank,gemini-flash,G1_instruction,1,top3,0.01,0.0,0.7,10,,,0
toolbench,rank,gemini-flash,G1_instruction,1,top3,0.01,0.05,0.0,10,10,1.0,10
toolbench,rank,gemini-flash,G1_instruction,1,top3,0.01,0.05,0.1,10,10,1.0,10
toolbench,rank,gemini-flash,G1_instruction,1,top3,0.01,0.05,0.2,10,10,1.0,7
toolbench,rank,gemini-flash,G1_instruction,1,top3,0.01,0.05,0.3,10,10,1.0,7
toolbench,rank,gemini-flash,G1_instruction,1,top3,0.01,0.05,0.5,10,,,0
toolbench,rank,gemini-flash,G1_instruction,1,top3,0.01,0.05,0.7,10,,,0
toolbench,rank,gemini-flash,G1_instruction,1,top3,0.01,0.1,0.0,10,10,1.0,10
toolbench,rank,gemini-flash,G1_instruction,1,top3,0.01,0.1,0.1,10,,,0
toolbench,rank,gemini-flash,G1_instruction,1,top3,0.01,0.1,0.2,10,,,0
toolbench,rank,gemini-flash,G1_instruction,1,top3,0.01,0.1,0.3,10,,,0
toolbench,rank,gemini-flash,G1_instruction,1,top3,0.01,0.1,0.5,10,,,0
toolbench,rank,gemini-flash,G1_instruction,1,top3,0.01,0.1,0.7,10,,,0
toolbench,rank,gemini-flash,G1_instruction,1,top3,0.01,0.15,0.0,10,10,1.0,10
toolbench,rank,gemini-flash,G1_instruction,1,top3,0.01,0.15,0.1,10,,,0
toolbench,rank,gemini-flash,G1_instruction,1,top3,0.01,0.15,0.2,10,10,1.0,7
toolbench,rank,gemini-flash,G1_instruction,1,top3,0.01,0.15,0.3,10,,,0
toolbench,rank,gemini-flash,G1_instruction,1,top3,0.01,0.15,0.5,10,,,0
toolbench,rank,gemini-flash,G1_instruction,1,top3,0.01,0.15,0.7,10,,,0
toolbench,rank,gemini-flash,G1_instruction,1,top3,0.01,0.2,0.0,10,,,0
toolbench,rank,gemini-flash,G1_instruction,1,top3,0.01,0.2,0.1,10,,,0
toolbench,rank,gemini-flash,G1_instruction,1,top3,0.01,0.2,0.2,10,,,0
toolbench,rank,gemini-flash,G1_instruction,1,top3,0.01,0.2,0.3,10,,,0
toolbench,rank,gemini-flash,G1_instruction,1,top3,0.01,0.2,0.5,10,,,0
toolbench,rank,gemini-flash,G1_instruction,1,top3,0.01,0.2,0.7,10,,,0
toolbench,rank,gemini-flash,G1_instruction,1,top3,0.01,0.3,0.0,10,,,0
toolbench,rank,gemini-flash,G1_instruction,1,top3,0.01,0.3,0.1,10,,,0
toolbench,rank,gemini-flash,G1_instruction,1,top3,0.01,0.3,0.2,10,,,0
toolbench,rank,gemini-flash,G1_instruction,1,top3,0.01,0.3,0.3,10,,,0
toolbench,rank,gemini-flash,G1_instruction,1,top3,0.01,0.3,0.5,10,,,0
toolbench,rank,gemini-flash,G1_instruction,1,top3,0.01,0.3,0.7,10,,,0
toolbench,rank,gemini-flash,G1_instruction,1,top3,0.01,0.5,0.0,10,,,0
toolbench,rank,gemini-flash,G1_instruction,1,top3,0.01,0.5,0.1,10,,,0
toolbench,rank,gemini-flash,G1_instruction,1,top3,0.01,0.5,0.2,10,,,0
toolbench,rank,gemini-flash,G1_instruction,1,top3,0.01,0.5,0.3,10,,,0
toolbench,rank,gemini-flash,G1_instruction,1,top3,0.01,0.5,0.5,10,,,0
toolbench,rank,gemini-flash,G1_instruction,1,top3,0.01,0.5,0.7,10,,,0
toolbench,rank,gemini-flash,G1_instruction,1,top5,0.01,0.0,0.0,10,10,1.0,10
toolbench,rank,gemini-flash,G1_instruction,1,top5,0.01,0.0,0.1,10,10,1.0,7
toolbench,rank,gemini-flash,G1_instruction,1,top5,0.01,0.0,0.2,10,10,1.0,10
toolbench,rank,gemini-flash,G1_instruction,1,top5,0.01,0.0,0.3,10,10,1.0,7
toolbench,rank,gemini-flash,G1_instruction,1,top5,0.01,0.0,0.5,10,20,2.0,11
toolbench,rank,gemini-flash,G1_instruction,1,top5,0.01,0.0,0.7,10,20,2.0,7
toolbench,rank,gemini-flash,G1_instruction,1,top5,0.01,0.05,0.0,10,10,1.0,10
toolbench,rank,gemini-flash,G1_instruction,1,top5,0.01,0.05,0.1,10,10,1.0,8
toolbench,rank,gemini-flash,G1_instruction,1,top5,0.01,0.05,0.2,10,10,1.0,8
toolbench,rank,gemini-flash,G1_instruction,1,top5,0.01,0.05,0.3,10,10,1.0,7
toolbench,rank,gemini-flash,G1_instruction,1,top5,0.01,0.05,0.5,10,20,2.0,9
toolbench,rank,gemini-flash,G1_instruction,1,top5,0.01,0.05,0.7,10,20,2.0,10
toolbench,rank,gemini-flash,G1_instruction,1,top5,0.01,0.1,0.0,10,20,2.0,20
toolbench,rank,gemini-flash,G1_instruction,1,top5,0.01,0.1,0.1,10,20,2.0,19
toolbench,rank,gemini-flash,G1_instruction,1,top5,0.01,0.1,0.2,10,10,1.0,8
toolbench,rank,gemini-flash,G1_instruction,1,top5,0.01,0.1,0.3,10,20,2.0,12
toolbench,rank,gemini-flash,G1_instruction,1,top5,0.01,0.1,0.5,10,,,0
toolbench,rank,gemini-flash,G1_instruction,1,top5,0.01,0.1,0.7,10,,,0
toolbench,rank,gemini-flash,G1_instruction,1,top5,0.01,0.15,0.0,10,,,0
toolbench,rank,gemini-flash,G1_instruction,1,top5,0.01,0.15,0.1,10,,,0
toolbench,rank,gemini-flash,G1_instruction,1,top5,0.01,0.15,0.2,10,10,1.0,10
toolbench,rank,gemini-flash,G1_instruction,1,top5,0.01,0.15,0.3,10,20,2.0,14
toolbench,rank,gemini-flash,G1_instruction,1,top5,0.01,0.15,0.5,10,,,0
toolbench,rank,gemini-flash,G1_instruction,1,top5,0.01,0.15,0.7,10,,,0
toolbench,rank,gemini-flash,G1_instruction,1,top5,0.01,0.2,0.0,10,20,2.0,20
toolbench,rank,gemini-flash,G1_instruction,1,top5,0.01,0.2,0.1,10,,,0
toolbench,rank,gemini-flash,G1_instruction,1,top5,0.01,0.2,0.2,10,20,2.0,16
toolbench,rank,gemini-flash,G1_instruction,1,top5,0.01,0.2,0.3,10,20,2.0,17
toolbench,rank,gemini-flash,G1_instruction,1,top5,0.01,0.2,0.5,10,,,0
toolbench,rank,gemini-flash,G1_instruction,1,top5,0.01,0.2,0.7,10,,,0
toolbench,rank,gemini-flash,G1_instruction,1,top5,0.01,0.3,0.0,10,,,0
toolbench,rank,gemini-flash,G1_instruction,1,top5,0.01,0.3,0.1,10,,,0
toolbench,rank,gemini-flash,G1_instruction,1,top5,0.01,0.3,0.2,10,,,0
toolbench,rank,gemini-flash,G1_instruction,1,top5,0.01,0.3,0.3,10,20,2.0,11
toolbench,rank,gemini-flash,G1_instruction,1,top5,0.01,0.3,0.5,10,,,0
toolbench,rank,gemini-flash,G1_instruction,1,top5,0.01,0.3,0.7,10,,,0
toolbench,rank,gemini-flash,G1_instruction,1,top5,0.01,0.5,0.0,10,,,0
toolbench,rank,gemini-flash,G1_instruction,1,top5,0.01,0.5,0.1,10,,,0
toolbench,rank,gemini-flash,G1_instruction,1,top5,0.01,0.5,0.2,10,,,0
toolbench,rank,gemini-flash,G1_instruction,1,top5,0.01,0.5,0.3,10,,,0
toolbench,rank,gemini-flash,G1_instruction,1,top5,0.01,0.5,0.5,10,,,0
toolbench,rank,gemini-flash,G1_instruction,1,top5,0.01,0.5,0.7,10,,,0
toolbench,rank,gemini-flash,G1_instruction,2,full_rank,0.01,0.0,0.0,10,10,1.0,10
toolbench,rank,gemini-flash,G1_instruction,2,full_rank,0.01,0.0,0.1,10,10,1.0,9
toolbench,rank,gemini-flash,G1_instruction,2,full_rank,0.01,0.0,0.2,10,10,1.0,8
toolbench,rank,gemini-flash,G1_instruction,2,full_rank,0.01,0.0,0.3,10,,,0
toolbench,rank,gemini-flash,G1_instruction,2,full_rank,0.01,0.0,0.5,10,,,0
toolbench,rank,gemini-flash,G1_instruction,2,full_rank,0.01,0.0,0.7,10,,,0
toolbench,rank,gemini-flash,G1_instruction,2,full_rank,0.01,0.05,0.0,10,10,1.0,10
toolbench,rank,gemini-flash,G1_instruction,2,full_rank,0.01,0.05,0.1,10,,,0
toolbench,rank,gemini-flash,G1_instruction,2,full_rank,0.01,0.05,0.2,10,10,1.0,10
toolbench,rank,gemini-flash,G1_instruction,2,full_rank,0.01,0.05,0.3,10,10,1.0,8
toolbench,rank,gemini-flash,G1_instruction,2,full_rank,0.01,0.05,0.5,10,,,0
toolbench,rank,gemini-flash,G1_instruction,2,full_rank,0.01,0.05,0.7,10,,,0
toolbench,rank,gemini-flash,G1_instruction,2,full_rank,0.01,0.1,0.0,10,10,1.0,10
toolbench,rank,gemini-flash,G1_instruction,2,full_rank,0.01,0.1,0.1,10,10,1.0,10
toolbench,rank,gemini-flash,G1_instruction,2,full_rank,0.01,0.1,0.2,10,,,0
toolbench,rank,gemini-flash,G1_instruction,2,full_rank,0.01,0.1,0.3,10,,,0
toolbench,rank,gemini-flash,G1_instruction,2,full_rank,0.01,0.1,0.5,10,,,0
toolbench,rank,gemini-flash,G1_instruction,2,full_rank,0.01,0.1,0.7,10,,,0
toolbench,rank,gemini-flash,G1_instruction,2,full_rank,0.01,0.15,0.0,10,,,0
toolbench,rank,gemini-flash,G1_instruction,2,full_rank,0.01,0.15,0.1,10,,,0
toolbench,rank,gemini-flash,G1_instruction,2,full_rank,0.01,0.15,0.2,10,,,0
toolbench,rank,gemini-flash,G1_instruction,2,full_rank,0.01,0.15,0.3,10,10,1.0,7
toolbench,rank,gemini-flash,G1_instruction,2,full_rank,0.01,0.15,0.5,10,,,0
toolbench,rank,gemini-flash,G1_instruction,2,full_rank,0.01,0.15,0.7,10,,,0
toolbench,rank,gemini-flash,G1_instruction,2,full_rank,0.01,0.2,0.0,10,,,0
toolbench,rank,gemini-flash,G1_instruction,2,full_rank,0.01,0.2,0.1,10,,,0
toolbench,rank,gemini-flash,G1_instruction,2,full_rank,0.01,0.2,0.2,10,10,1.0,7
toolbench,rank,gemini-flash,G1_instruction,2,full_rank,0.01,0.2,0.3,10,,,0
toolbench,rank,gemini-flash,G1_instruction,2,full_rank,0.01,0.2,0.5,10,,,0
toolbench,rank,gemini-flash,G1_instruction,2,full_rank,0.01,0.2,0.7,10,,,0
toolbench,rank,gemini-flash,G1_instruction,2,full_rank,0.01,0.3,0.0,10,,,0
toolbench,rank,gemini-flash,G1_instruction,2,full_rank,0.01,0.3,0.1,10,,,0
toolbench,rank,gemini-flash,G1_instruction,2,full_rank,0.01,0.3,0.2,10,,,0
toolbench,rank,gemini-flash,G1_instruction,2,full_rank,0.01,0.3,0.3,10,,,0
toolbench,rank,gemini-flash,G1_instruction,2,full_rank,0.01,0.3,0.5,10,,,0
toolbench,rank,gemini-flash,G1_instruction,2,full_rank,0.01,0.3,0.7,10,,,0
toolbench,rank,gemini-flash,G1_instruction,2,full_rank,0.01,0.5,0.0,10,,,0
toolbench,rank,gemini-flash,G1_instruction,2,full_rank,0.01,0.5,0.1,10,,,0
toolbench,rank,gemini-flash,G1_instruction,2,full_rank,0.01,0.5,0.2,10,,,0
toolbench,rank,gemini-flash,G1_instruction,2,full_rank,0.01,0.5,0.3,10,,,0
toolbench,rank,gemini-flash,G1_instruction,2,full_rank,0.01,0.5,0.5,10,,,0
toolbench,rank,gemini-flash,G1_instruction,2,full_rank,0.01,0.5,0.7,10,,,0
toolbench,rank,gemini-flash,G1_instruction,2,top10,0.01,0.0,0.0,10,10,1.0,10
toolbench,rank,gemini-flash,G1_instruction,2,top10,0.01,0.0,0.1,10,10,1.0,8
toolbench,rank,gemini-flash,G1_instruction,2,top10,0.01,0.0,0.2,10,10,1.0,10
toolbench,rank,gemini-flash,G1_instruction,2,top10,0.01,0.0,0.3,10,10,1.0,8
toolbench,rank,gemini-flash,G1_instruction,2,top10,0.01,0.0,0.5,10,10,1.0,7
toolbench,rank,gemini-flash,G1_instruction,2,top10,0.01,0.0,0.7,10,,,0
toolbench,rank,gemini-flash,G1_instruction,2,top10,0.01,0.05,0.0,10,10,1.0,10
toolbench,rank,gemini-flash,G1_instruction,2,top10,0.01,0.05,0.1,10,,,0
toolbench,rank,gemini-flash,G1_instruction,2,top10,0.01,0.05,0.2,10,,,0
toolbench,rank,gemini-flash,G1_instruction,2,top10,0.01,0.05,0.3,10,10,1.0,9
toolbench,rank,gemini-flash,G1_instruction,2,top10,0.01,0.05,0.5,10,10,1.0,7
toolbench,rank,gemini-flash,G1_instruction,2,top10,0.01,0.05,0.7,10,,,0
toolbench,rank,gemini-flash,G1_instruction,2,top10,0.01,0.1,0.0,10,,,0
toolbench,rank,gemini-flash,G1_instruction,2,top10,0.01,0.1,0.1,10,10,1.0,9
toolbench,rank,gemini-flash,G1_instruction,2,top10,0.01,0.1,0.2,10,10,1.0,7
toolbench,rank,gemini-flash,G1_instruction,2,top10,0.01,0.1,0.3,10,,,0
toolbench,rank,gemini-flash,G1_instruction,2,top10,0.01,0.1,0.5,10,,,0
toolbench,rank,gemini-flash,G1_instruction,2,top10,0.01,0.1,0.7,10,,,0
toolbench,rank,gemini-flash,G1_instruction,2,top10,0.01,0.15,0.0,10,10,1.0,10
toolbench,rank,gemini-flash,G1_instruction,2,top10,0.01,0.15,0.1,10,,,0
toolbench,rank,gemini-flash,G1_instruction,2,top10,0.01,0.15,0.2,10,10,1.0,8
toolbench,rank,gemini-flash,G1_instruction,2,top10,0.01,0.15,0.3,10,,,0
toolbench,rank,gemini-flash,G1_instruction,2,top10,0.01,0.15,0.5,10,,,0
toolbench,rank,gemini-flash,G1_instruction,2,top10,0.01,0.15,0.7,10,,,0
toolbench,rank,gemini-flash,G1_instruction,2,top10,0.01,0.2,0.0,10,,,0
toolbench,rank,gemini-flash,G1_instruction,2,top10,0.01,0.2,0.1,10,,,0
toolbench,rank,gemini-flash,G1_instruction,2,top10,0.01,0.2,0.2,10,,,0
toolbench,rank,gemini-flash,G1_instruction,2,top10,0.01,0.2,0.3,10,,,0
toolbench,rank,gemini-flash,G1_instruction,2,top10,0.01,0.2,0.5,10,,,0
toolbench,rank,gemini-flash,G1_instruction,2,top10,0.01,0.2,0.7,10,,,0
toolbench,rank,gemini-flash,G1_instruction,2,top10,0.01,0.3,0.0,10,,,0
toolbench,rank,gemini-flash,G1_instruction,2,top10,0.01,0.3,0.1,10,,,0
toolbench,rank,gemini-flash,G1_instruction,2,top10,0.01,0.3,0.2,10,,,0
toolbench,rank,gemini-flash,G1_instruction,2,top10,0.01,0.3,0.3,10,,,0
toolbench,rank,gemini-flash,G1_instruction,2,top10,0.01,0.3,0.5,10,,,0
toolbench,rank,gemini-flash,G1_instruction,2,top10,0.01,0.3,0.7,10,,,0
toolbench,rank,gemini-flash,G1_instruction,2,top10,0.01,0.5,0.0,10,,,0
toolbench,rank,gemini-flash,G1_instruction,2,top10,0.01,0.5,0.1,10,,,0
toolbench,rank,gemini-flash,G1_instruction,2,top10,0.01,0.5,0.2,10,,,0
toolbench,rank,gemini-flash,G1_instruction,2,top10,0.01,0.5,0.3,10,,,0
toolbench,rank,gemini-flash,G1_instruction,2,top10,0.01,0.5,0.5,10,,,0
toolbench,rank,gemini-flash,G1_instruction,2,top10,0.01,0.5,0.7,10,,,0
toolbench,rank,gemini-flash,G1_instruction,2,top2,0.01,0.0,0.0,,,,0
toolbench,rank,gemini-flash,G1_instruction,2,top2,0.01,0.0,0.1,,,,0
toolbench,rank,gemini-flash,G1_instruction,2,top2,0.01,0.0,0.2,,,,0
toolbench,rank,gemini-flash,G1_instruction,2,top2,0.01,0.0,0.3,,,,0
toolbench,rank,gemini-flash,G1_instruction,2,top2,0.01,0.0,0.5,,,,0
toolbench,rank,gemini-flash,G1_instruction,2,top2,0.01,0.0,0.7,,,,0
toolbench,rank,gemini-flash,G1_instruction,2,top2,0.01,0.05,0.0,,,,0
toolbench,rank,gemini-flash,G1_instruction,2,top2,0.01,0.05,0.1,,,,0
toolbench,rank,gemini-flash,G1_instruction,2,top2,0.01,0.05,0.2,,,,0
toolbench,rank,gemini-flash,G1_instruction,2,top2,0.01,0.05,0.3,,,,0
toolbench,rank,gemini-flash,G1_instruction,2,top2,0.01,0.05,0.5,,,,0
toolbench,rank,gemini-flash,G1_instruction,2,top2,0.01,0.05,0.7,,,,0
toolbench,rank,gemini-flash,G1_instruction,2,top2,0.01,0.1,0.0,,,,0
toolbench,rank,gemini-flash,G1_instruction,2,top2,0.01,0.1,0.1,,,,0
toolbench,rank,gemini-flash,G1_instruction,2,top2,0.01,0.1,0.2,,,,0
toolbench,rank,gemini-flash,G1_instruction,2,top2,0.01,0.1,0.3,,,,0
toolbench,rank,gemini-flash,G1_instruction,2,top2,0.01,0.1,0.5,,,,0
toolbench,rank,gemini-flash,G1_instruction,2,top2,0.01,0.1,0.7,,,,0
toolbench,rank,gemini-flash,G1_instruction,2,top2,0.01,0.15,0.0,,,,0
toolbench,rank,gemini-flash,G1_instruction,2,top2,0.01,0.15,0.1,,,,0
toolbench,rank,gemini-flash,G1_instruction,2,top2,0.01,0.15,0.2,,,,0
toolbench,rank,gemini-flash,G1_instruction,2,top2,0.01,0.15,0.3,,,,0
toolbench,rank,gemini-flash,G1_instruction,2,top2,0.01,0.15,0.5,,,,0
toolbench,rank,gemini-flash,G1_instruction,2,top2,0.01,0.15,0.7,,,,0
toolbench,rank,gemini-flash,G1_instruction,2,top2,0.01,0.2,0.0,,,,0
toolbench,rank,gemini-flash,G1_instruction,2,top2,0.01,0.2,0.1,,,,0
toolbench,rank,gemini-flash,G1_instruction,2,top2,0.01,0.2,0.2,,,,0
toolbench,rank,gemini-flash,G1_instruction,2,top2,0.01,0.2,0.3,,,,0
toolbench,rank,gemini-flash,G1_instruction,2,top2,0.01,0.2,0.5,,,,0
toolbench,rank,gemini-flash,G1_instruction,2,top2,0.01,0.2,0.7,,,,0
toolbench,rank,gemini-flash,G1_instruction,2,top2,0.01,0.3,0.0,,,,0
toolbench,rank,gemini-flash,G1_instruction,2,top2,0.01,0.3,0.1,,,,0
toolbench,rank,gemini-flash,G1_instruction,2,top2,0.01,0.3,0.2,,,,0
toolbench,rank,gemini-flash,G1_instruction,2,top2,0.01,0.3,0.3,,,,0
toolbench,rank,gemini-flash,G1_instruction,2,top2,0.01,0.3,0.5,,,,0
toolbench,rank,gemini-flash,G1_instruction,2,top2,0.01,0.3,0.7,,,,0
toolbench,rank,gemini-flash,G1_instruction,2,top2,0.01,0.5,0.0,,,,0
toolbench,rank,gemini-flash,G1_instruction,2,top2,0.01,0.5,0.1,,,,0
toolbench,rank,gemini-flash,G1_instruction,2,top2,0.01,0.5,0.2,,,,0
toolbench,rank,gemini-flash,G1_instruction,2,top2,0.01,0.5,0.3,,,,0
toolbench,rank,gemini-flash,G1_instruction,2,top2,0.01,0.5,0.5,,,,0
toolbench,rank,gemini-flash,G1_instruction,2,top2,0.01,0.5,0.7,,,,0
toolbench,rank,gemini-flash,G1_instruction,2,top3,0.01,0.0,0.0,,,,0
toolbench,rank,gemini-flash,G1_instruction,2,top3,0.01,0.0,0.1,,,,0
toolbench,rank,gemini-flash,G1_instruction,2,top3,0.01,0.0,0.2,,,,0
toolbench,rank,gemini-flash,G1_instruction,2,top3,0.01,0.0,0.3,,,,0
toolbench,rank,gemini-flash,G1_instruction,2,top3,0.01,0.0,0.5,,,,0
toolbench,rank,gemini-flash,G1_instruction,2,top3,0.01,0.0,0.7,,,,0
toolbench,rank,gemini-flash,G1_instruction,2,top3,0.01,0.05,0.0,,,,0
toolbench,rank,gemini-flash,G1_instruction,2,top3,0.01,0.05,0.1,,,,0
toolbench,rank,gemini-flash,G1_instruction,2,top3,0.01,0.05,0.2,,,,0
toolbench,rank,gemini-flash,G1_instruction,2,top3,0.01,0.05,0.3,,,,0
toolbench,rank,gemini-flash,G1_instruction,2,top3,0.01,0.05,0.5,,,,0
toolbench,rank,gemini-flash,G1_instruction,2,top3,0.01,0.05,0.7,,,,0
toolbench,rank,gemini-flash,G1_instruction,2,top3,0.01,0.1,0.0,,,,0
toolbench,rank,gemini-flash,G1_instruction,2,top3,0.01,0.1,0.1,,,,0
toolbench,rank,gemini-flash,G1_instruction,2,top3,0.01,0.1,0.2,,,,0
toolbench,rank,gemini-flash,G1_instruction,2,top3,0.01,0.1,0.3,,,,0
toolbench,rank,gemini-flash,G1_instruction,2,top3,0.01,0.1,0.5,,,,0
toolbench,rank,gemini-flash,G1_instruction,2,top3,0.01,0.1,0.7,,,,0
toolbench,rank,gemini-flash,G1_instruction,2,top3,0.01,0.15,0.0,,,,0
toolbench,rank,gemini-flash,G1_instruction,2,top3,0.01,0.15,0.1,,,,0
toolbench,rank,gemini-flash,G1_instruction,2,top3,0.01,0.15,0.2,,,,0
toolbench,rank,gemini-flash,G1_instruction,2,top3,0.01,0.15,0.3,,,,0
toolbench,rank,gemini-flash,G1_instruction,2,top3,0.01,0.15,0.5,,,,0
toolbench,rank,gemini-flash,G1_instruction,2,top3,0.01,0.15,0.7,,,,0
toolbench,rank,gemini-flash,G1_instruction,2,top3,0.01,0.2,0.0,,,,0
toolbench,rank,gemini-flash,G1_instruction,2,top3,0.01,0.2,0.1,,,,0
toolbench,rank,gemini-flash,G1_instruction,2,top3,0.01,0.2,0.2,,,,0
toolbench,rank,gemini-flash,G1_instruction,2,top3,0.01,0.2,0.3,,,,0
toolbench,rank,gemini-flash,G1_instruction,2,top3,0.01,0.2,0.5,,,,0
toolbench,rank,gemini-flash,G1_instruction,2,top3,0.01,0.2,0.7,,,,0
toolbench,rank,gemini-flash,G1_instruction,2,top3,0.01,0.3,0.0,,,,0
toolbench,rank,gemini-flash,G1_instruction,2,top3,0.01,0.3,0.1,,,,0
toolbench,rank,gemini-flash,G1_instruction,2,top3,0.01,0.3,0.2,,,,0
toolbench,rank,gemini-flash,G1_instruction,2,top3,0.01,0.3,0.3,,,,0
toolbench,rank,gemini-flash,G1_instruction,2,top3,0.01,0.3,0.5,,,,0
toolbench,rank,gemini-flash,G1_instruction,2,top3,0.01,0.3,0.7,,,,0
toolbench,rank,gemini-flash,G1_instruction,2,top3,0.01,0.5,0.0,,,,0
toolbench,rank,gemini-flash,G1_instruction,2,top3,0.01,0.5,0.1,,,,0
toolbench,rank,gemini-flash,G1_instruction,2,top3,0.01,0.5,0.2,,,,0
toolbench,rank,gemini-flash,G1_instruction,2,top3,0.01,0.5,0.3,,,,0
toolbench,rank,gemini-flash,G1_instruction,2,top3,0.01,0.5,0.5,,,,0
toolbench,rank,gemini-flash,G1_instruction,2,top3,0.01,0.5,0.7,,,,0
toolbench,rank,gemini-flash,G1_instruction,2,top5,0.01,0.0,0.0,10,10,1.0,10
toolbench,rank,gemini-flash,G1_instruction,2,top5,0.01,0.0,0.1,10,10,1.0,9
toolbench,rank,gemini-flash,G1_instruction,2,top5,0.01,0.0,0.2,10,10,1.0,7
toolbench,rank,gemini-flash,G1_instruction,2,top5,0.01,0.0,0.3,10,10,1.0,7
toolbench,rank,gemini-flash,G1_instruction,2,top5,0.01,0.0,0.5,10,,,0
toolbench,rank,gemini-flash,G1_instruction,2,top5,0.01,0.0,0.7,10,,,0
toolbench,rank,gemini-flash,G1_instruction,2,top5,0.01,0.05,0.0,10,10,1.0,10
toolbench,rank,gemini-flash,G1_instruction,2,top5,0.01,0.05,0.1,10,10,1.0,7
toolbench,rank,gemini-flash,G1_instruction,2,top5,0.01,0.05,0.2,10,10,1.0,10
toolbench,rank,gemini-flash,G1_instruction,2,top5,0.01,0.05,0.3,10,,,0
toolbench,rank,gemini-flash,G1_instruction,2,top5,0.01,0.05,0.5,10,,,0
toolbench,rank,gemini-flash,G1_instruction,2,top5,0.01,0.05,0.7,10,,,0
toolbench,rank,gemini-flash,G1_instruction,2,top5,0.01,0.1,0.0,10,,,0
toolbench,rank,gemini-flash,G1_instruction,2,top5,0.01,0.1,0.1,10,,,0
toolbench,rank,gemini-flash,G1_instruction,2,top5,0.01,0.1,0.2,10,,,0
toolbench,rank,gemini-flash,G1_instruction,2,top5,0.01,0.1,0.3,10,10,1.0,8
toolbench,rank,gemini-flash,G1_instruction,2,top5,0.01,0.1,0.5,10,,,0
toolbench,rank,gemini-flash,G1_instruction,2,top5,0.01,0.1,0.7,10,,,0
toolbench,rank,gemini-flash,G1_instruction,2,top5,0.01,0.15,0.0,10,,,0
toolbench,rank,gemini-flash,G1_instruction,2,top5,0.01,0.15,0.1,10,,,0
toolbench,rank,gemini-flash,G1_instruction,2,top5,0.01,0.15,0.2,10,,,0
toolbench,rank,gemini-flash,G1_instruction,2,top5,0.01,0.15,0.3,10,,,0
toolbench,rank,gemini-flash,G1_instruction,2,top5,0.01,0.15,0.5,10,,,0
toolbench,rank,gemini-flash,G1_instruction,2,top5,0.01,0.15,0.7,10,,,0
toolbench,rank,gemini-flash,G1_instruction,2,top5,0.01,0.2,0.0,10,,,0
toolbench,rank,gemini-flash,G1_instruction,2,top5,0.01,0.2,0.1,10,,,0
toolbench,rank,gemini-flash,G1_instruction,2,top5,0.01,0.2,0.2,10,,,0
toolbench,rank,gemini-flash,G1_instruction,2,top5,0.01,0.2,0.3,10,,,0
toolbench,rank,gemini-flash,G1_instruction,2,top5,0.01,0.2,0.5,10,,,0
toolbench,rank,gemini-flash,G1_instruction,2,top5,0.01,0.2,0.7,10,,,0
toolbench,rank,gemini-flash,G1_instruction,2,top5,0.01,0.3,0.0,10,,,0
toolbench,rank,gemini-flash,G1_instruction,2,top5,0.01,0.3,0.1,10,,,0
toolbench,rank,gemini-flash,G1_instruction,2,top5,0.01,0.3,0.2,10,,,0
toolbench,rank,gemini-flash,G1_instruction,2,top5,0.01,0.3,0.3,10,,,0
toolbench,rank,gemini-flash,G1_instruction,2,top5,0.01,0.3,0.5,10,,,0
toolbench,rank,gemini-flash,G1_instruction,2,top5,0.01,0.3,0.7,10,,,0
toolbench,rank,gemini-flash,G1_instruction,2,top5,0.01,0.5,0.0,10,,,0
toolbench,rank,gemini-flash,G1_instruction,2,top5,0.01,0.5,0.1,10,,,0
toolbench,rank,gemini-flash,G1_instruction,2,top5,0.01,0.5,0.2,10,,,0
toolbench,rank,gemini-flash,G1_instruction,2,top5,0.01,0.5,0.3,10,,,0
toolbench,rank,gemini-flash,G1_instruction,2,top5,0.01,0.5,0.5,10,,,0
toolbench,rank,gemini-flash,G1_instruction,2,top5,0.01,0.5,0.7,10,,,0
toolbench,rank,gemini-flash,G1_instruction,3,full_rank,0.01,0.0,0.0,10,10,1.0,10
toolbench,rank,gemini-flash,G1_instruction,3,full_rank,0.01,0.0,0.1,10,10,1.0,9
toolbench,rank,gemini-flash,G1_instruction,3,full_rank,0.01,0.0,0.2,10,10,1.0,7
toolbench,rank,gemini-flash,G1_instruction,3,full_rank,0.01,0.0,0.3,10,10,1.0,8
toolbench,rank,gemini-flash,G1_instruction,3,full_rank,0.01,0.0,0.5,10,20,2.0,9
toolbench,rank,gemini-flash,G1_instruction,3,full_rank,0.01,0.0,0.7,10,20,2.0,10
toolbench,rank,gemini-flash,G1_instruction,3,full_rank,0.01,0.05,0.0,10,10,1.0,10
toolbench,rank,gemini-flash,G1_instruction,3,full_rank,0.01,0.05,0.1,10,10,1.0,9
toolbench,rank,gemini-flash,G1_instruction,3,full_rank,0.01,0.05,0.2,10,10,1.0,8
toolbench,rank,gemini-flash,G1_instruction,3,full_rank,0.01,0.05,0.3,10,20,2.0,15
toolbench,rank,gemini-flash,G1_instruction,3,full_rank,0.01,0.05,0.5,10,,,0
toolbench,rank,gemini-flash,G1_instruction,3,full_rank,0.01,0.05,0.7,10,,,0
toolbench,rank,gemini-flash,G1_instruction,3,full_rank,0.01,0.1,0.0,10,10,1.0,10
toolbench,rank,gemini-flash,G1_instruction,3,full_rank,0.01,0.1,0.1,10,10,1.0,10
toolbench,rank,gemini-flash,G1_instruction,3,full_rank,0.01,0.1,0.2,10,10,1.0,8
toolbench,rank,gemini-flash,G1_instruction,3,full_rank,0.01,0.1,0.3,10,10,1.0,8
toolbench,rank,gemini-flash,G1_instruction,3,full_rank,0.01,0.1,0.5,10,20,2.0,11
toolbench,rank,gemini-flash,G1_instruction,3,full_rank,0.01,0.1,0.7,10,,,0
toolbench,rank,gemini-flash,G1_instruction,3,full_rank,0.01,0.15,0.0,10,20,2.0,20
toolbench,rank,gemini-flash,G1_instruction,3,full_rank,0.01,0.15,0.1,10,,,0
toolbench,rank,gemini-flash,G1_instruction,3,full_rank,0.01,0.15,0.2,10,10,1.0,9
toolbench,rank,gemini-flash,G1_instruction,3,full_rank,0.01,0.15,0.3,10,,,0
toolbench,rank,gemini-flash,G1_instruction,3,full_rank,0.01,0.15,0.5,10,20,2.0,12
toolbench,rank,gemini-flash,G1_instruction,3,full_rank,0.01,0.15,0.7,10,,,0
toolbench,rank,gemini-flash,G1_instruction,3,full_rank,0.01,0.2,0.0,10,20,2.0,20
toolbench,rank,gemini-flash,G1_instruction,3,full_rank,0.01,0.2,0.1,10,10,1.0,8
toolbench,rank,gemini-flash,G1_instruction,3,full_rank,0.01,0.2,0.2,10,,,0
toolbench,rank,gemini-flash,G1_instruction,3,full_rank,0.01,0.2,0.3,10,20,2.0,14
toolbench,rank,gemini-flash,G1_instruction,3,full_rank,0.01,0.2,0.5,10,20,2.0,12
toolbench,rank,gemini-flash,G1_instruction,3,full_rank,0.01,0.2,0.7,10,20,2.0,7
toolbench,rank,gemini-flash,G1_instruction,3,full_rank,0.01,0.3,0.0,10,,,0
toolbench,rank,gemini-flash,G1_instruction,3,full_rank,0.01,0.3,0.1,10,,,0
toolbench,rank,gemini-flash,G1_instruction,3,full_rank,0.01,0.3,0.2,10,20,2.0,17
toolbench,rank,gemini-flash,G1_instruction,3,full_rank,0.01,0.3,0.3,10,,,0
toolbench,rank,gemini-flash,G1_instruction,3,full_rank,0.01,0.3,0.5,10,,,0
toolbench,rank,gemini-flash,G1_instruction,3,full_rank,0.01,0.3,0.7,10,,,0
toolbench,rank,gemini-flash,G1_instruction,3,full_rank,0.01,0.5,0.0,10,,,0
toolbench,rank,gemini-flash,G1_instruction,3,full_rank,0.01,0.5,0.1,10,,,0
toolbench,rank,gemini-flash,G1_instruction,3,full_rank,0.01,0.5,0.2,10,,,0
toolbench,rank,gemini-flash,G1_instruction,3,full_rank,0.01,0.5,0.3,10,,,0
toolbench,rank,gemini-flash,G1_instruction,3,full_rank,0.01,0.5,0.5,10,,,0
toolbench,rank,gemini-flash,G1_instruction,3,full_rank,0.01,0.5,0.7,10,,,0
toolbench,rank,gemini-flash,G1_instruction,3,top10,0.01,0.0,0.0,10,10,1.0,10
toolbench,rank,gemini-flash,G1_instruction,3,top10,0.01,0.0,0.1,10,10,1.0,9
toolbench,rank,gemini-flash,G1_instruction,3,top10,0.01,0.0,0.2,10,10,1.0,8
toolbench,rank,gemini-flash,G1_instruction,3,top10,0.01,0.0,0.3,10,10,1.0,8
toolbench,rank,gemini-flash,G1_instruction,3,top10,0.01,0.0,0.5,10,10,1.0,7
toolbench,rank,gemini-flash,G1_instruction,3,top10,0.01,0.0,0.7,10,,,0
toolbench,rank,gemini-flash,G1_instruction,3,top10,0.01,0.05,0.0,10,20,2.0,20
toolbench,rank,gemini-flash,G1_instruction,3,top10,0.01,0.05,0.1,10,10,1.0,9
toolbench,rank,gemini-flash,G1_instruction,3,top10,0.01,0.05,0.2,10,10,1.0,10
toolbench,rank,gemini-flash,G1_instruction,3,top10,0.01,0.05,0.3,10,20,2.0,17
toolbench,rank,gemini-flash,G1_instruction,3,top10,0.01,0.05,0.5,10,20,2.0,11
toolbench,rank,gemini-flash,G1_instruction,3,top10,0.01,0.05,0.7,10,,,0
toolbench,rank,gemini-flash,G1_instruction,3,top10,0.01,0.1,0.0,10,10,1.0,10
toolbench,rank,gemini-flash,G1_instruction,3,top10,0.01,0.1,0.1,10,20,2.0,20
toolbench,rank,gemini-flash,G1_instruction,3,top10,0.01,0.1,0.2,10,20,2.0,18
toolbench,rank,gemini-flash,G1_instruction,3,top10,0.01,0.1,0.3,10,20,2.0,17
toolbench,rank,gemini-flash,G1_instruction,3,top10,0.01,0.1,0.5,10,,,0
toolbench,rank,gemini-flash,G1_instruction,3,top10,0.01,0.1,0.7,10,,,0
toolbench,rank,gemini-flash,G1_instruction,3,top10,0.01,0.15,0.0,10,20,2.0,20
toolbench,rank,gemini-flash,G1_instruction,3,top10,0.01,0.15,0.1,10,20,2.0,16
toolbench,rank,gemini-flash,G1_instruction,3,top10,0.01,0.15,0.2,10,,,0
toolbench,rank,gemini-flash,G1_instruction,3,top10,0.01,0.15,0.3,10,,,0
toolbench,rank,gemini-flash,G1_instruction,3,top10,0.01,0.15,0.5,10,,,0
toolbench,rank,gemini-flash,G1_instruction,3,top10,0.01,0.15,0.7,10,,,0
toolbench,rank,gemini-flash,G1_instruction,3,top10,0.01,0.2,0.0,10,20,2.0,20
toolbench,rank,gemini-flash,G1_instruction,3,top10,0.01,0.2,0.1,10,,,0
toolbench,rank,gemini-flash,G1_instruction,3,top10,0.01,0.2,0.2,10,,,0
toolbench,rank,gemini-flash,G1_instruction,3,top10,0.01,0.2,0.3,10,20,2.0,14
toolbench,rank,gemini-flash,G1_instruction,3,top10,0.01,0.2,0.5,10,,,0
toolbench,rank,gemini-flash,G1_instruction,3,top10,0.01,0.2,0.7,10,,,0
toolbench,rank,gemini-flash,G1_instruction,3,top10,0.01,0.3,0.0,10,,,0
toolbench,rank,gemini-flash,G1_instruction,3,top10,0.01,0.3,0.1,10,,,0
toolbench,rank,gemini-flash,G1_instruction,3,top10,0.01,0.3,0.2,10,20,2.0,16
toolbench,rank,gemini-flash,G1_instruction,3,top10,0.01,0.3,0.3,10,,,0
toolbench,rank,gemini-flash,G1_instruction,3,top10,0.01,0.3,0.5,10,,,0
toolbench,rank,gemini-flash,G1_instruction,3,top10,0.01,0.3,0.7,10,,,0
toolbench,rank,gemini-flash,G1_instruction,3,top10,0.01,0.5,0.0,10,,,0
toolbench,rank,gemini-flash,G1_instruction,3,top10,0.01,0.5,0.1,10,,,0
toolbench,rank,gemini-flash,G1_instruction,3,top10,0.01,0.5,0.2,10,,,0
toolbench,rank,gemini-flash,G1_instruction,3,top10,0.01,0.5,0.3,10,,,0
toolbench,rank,gemini-flash,G1_instruction,3,top10,0.01,0.5,0.5,10,,,0
toolbench,rank,gemini-flash,G1_instruction,3,top10,0.01,0.5,0.7,10,,,0
toolbench,rank,gemini-flash,G1_instruction,3,top2,0.01,0.0,0.0,10,10,1.0,10
toolbench,rank,gemini-flash,G1_instruction,3,top2,0.01,0.0,0.1,10,10,1.0,9
toolbench,rank,gemini-flash,G1_instruction,3,top2,0.01,0.0,0.2,10,,,0
toolbench,rank,gemini-flash,G1_instruction,3,top2,0.01,0.0,0.3,10,10,1.0,9
toolbench,rank,gemini-flash,G1_instruction,3,top2,0.01,0.0,0.5,10,,,0
toolbench,rank,gemini-flash,G1_instruction,3,top2,0.01,0.0,0.7,10,,,0
toolbench,rank,gemini-flash,G1_instruction,3,top2,0.01,0.05,0.0,10,,,0
toolbench,rank,gemini-flash,G1_instruction,3,top2,0.01,0.05,0.1,10,10,1.0,9
toolbench,rank,gemini-flash,G1_instruction,3,top2,0.01,0.05,0.2,10,,,0
toolbench,rank,gemini-flash,G1_instruction,3,top2,0.01,0.05,0.3,10,,,0
toolbench,rank,gemini-flash,G1_instruction,3,top2,0.01,0.05,0.5,10,,,0
toolbench,rank,gemini-flash,G1_instruction,3,top2,0.01,0.05,0.7,10,,,0
toolbench,rank,gemini-flash,G1_instruction,3,top2,0.01,0.1,0.0,10,,,0
toolbench,rank,gemini-flash,G1_instruction,3,top2,0.01,0.1,0.1,10,,,0
toolbench,rank,gemini-flash,G1_instruction,3,top2,0.01,0.1,0.2,10,,,0
toolbench,rank,gemini-flash,G1_instruction,3,top2,0.01,0.1,0.3,10,10,1.0,9
toolbench,rank,gemini-flash,G1_instruction,3,top2,0.01,0.1,0.5,10,,,0
toolbench,rank,gemini-flash,G1_instruction,3,top2,0.01,0.1,0.7,10,,,0
toolbench,rank,gemini-flash,G1_instruction,3,top2,0.01,0.15,0.0,10,,,0
toolbench,rank,gemini-flash,G1_instruction,3,top2,0.01,0.15,0.1,10,10,1.0,8
toolbench,rank,gemini-flash,G1_instruction,3,top2,0.01,0.15,0.2,10,,,0
toolbench,rank,gemini-flash,G1_instruction,3,top2,0.01,0.15,0.3,10,,,0
toolbench,rank,gemini-flash,G1_instruction,3,top2,0.01,0.15,0.5,10,,,0
toolbench,rank,gemini-flash,G1_instruction,3,top2,0.01,0.15,0.7,10,,,0
toolbench,rank,gemini-flash,G1_instruction,3,top2,0.01,0.2,0.0,10,,,0
toolbench,rank,gemini-flash,G1_instruction,3,top2,0.01,0.2,0.1,10,,,0
toolbench,rank,gemini-flash,G1_instruction,3,top2,0.01,0.2,0.2,10,,,0
toolbench,rank,gemini-flash,G1_instruction,3,top2,0.01,0.2,0.3,10,,,0
toolbench,rank,gemini-flash,G1_instruction,3,top2,0.01,0.2,0.5,10,,,0
toolbench,rank,gemini-flash,G1_instruction,3,top2,0.01,0.2,0.7,10,,,0
toolbench,rank,gemini-flash,G1_instruction,3,top2,0.01,0.3,0.0,10,,,0
toolbench,rank,gemini-flash,G1_instruction,3,top2,0.01,0.3,0.1,10,,,0
toolbench,rank,gemini-flash,G1_instruction,3,top2,0.01,0.3,0.2,10,,,0
toolbench,rank,gemini-flash,G1_instruction,3,top2,0.01,0.3,0.3,10,,,0
toolbench,rank,gemini-flash,G1_instruction,3,top2,0.01,0.3,0.5,10,,,0
toolbench,rank,gemini-flash,G1_instruction,3,top2,0.01,0.3,0.7,10,,,0
toolbench,rank,gemini-flash,G1_instruction,3,top2,0.01,0.5,0.0,10,,,0
toolbench,rank,gemini-flash,G1_instruction,3,top2,0.01,0.5,0.1,10,,,0
toolbench,rank,gemini-flash,G1_instruction,3,top2,0.01,0.5,0.2,10,,,0
toolbench,rank,gemini-flash,G1_instruction,3,top2,0.01,0.5,0.3,10,,,0
toolbench,rank,gemini-flash,G1_instruction,3,top2,0.01,0.5,0.5,10,,,0
toolbench,rank,gemini-flash,G1_instruction,3,top2,0.01,0.5,0.7,10,,,0
toolbench,rank,gemini-flash,G1_instruction,3,top3,0.01,0.0,0.0,10,10,1.0,10
toolbench,rank,gemini-flash,G1_instruction,3,top3,0.01,0.0,0.1,10,10,1.0,10
toolbench,rank,gemini-flash,G1_instruction,3,top3,0.01,0.0,0.2,10,10,1.0,8
toolbench,rank,gemini-flash,G1_instruction,3,top3,0.01,0.0,0.3,10,,,0
toolbench,rank,gemini-flash,G1_instruction,3,top3,0.01,0.0,0.5,10,,,0
toolbench,rank,gemini-flash,G1_instruction,3,top3,0.01,0.0,0.7,10,,,0
toolbench,rank,gemini-flash,G1_instruction,3,top3,0.01,0.05,0.0,10,,,0
toolbench,rank,gemini-flash,G1_instruction,3,top3,0.01,0.05,0.1,10,10,1.0,9
toolbench,rank,gemini-flash,G1_instruction,3,top3,0.01,0.05,0.2,10,,,0
toolbench,rank,gemini-flash,G1_instruction,3,top3,0.01,0.05,0.3,10,,,0
toolbench,rank,gemini-flash,G1_instruction,3,top3,0.01,0.05,0.5,10,10,1.0,7
toolbench,rank,gemini-flash,G1_instruction,3,top3,0.01,0.05,0.7,10,,,0
toolbench,rank,gemini-flash,G1_instruction,3,top3,0.01,0.1,0.0,10,,,0
toolbench,rank,gemini-flash,G1_instruction,3,top3,0.01,0.1,0.1,10,10,1.0,10
toolbench,rank,gemini-flash,G1_instruction,3,top3,0.01,0.1,0.2,10,,,0
toolbench,rank,gemini-flash,G1_instruction,3,top3,0.01,0.1,0.3,10,,,0
toolbench,rank,gemini-flash,G1_instruction,3,top3,0.01,0.1,0.5,10,,,0
toolbench,rank,gemini-flash,G1_instruction,3,top3,0.01,0.1,0.7,10,,,0
toolbench,rank,gemini-flash,G1_instruction,3,top3,0.01,0.15,0.0,10,,,0
toolbench,rank,gemini-flash,G1_instruction,3,top3,0.01,0.15,0.1,10,,,0
toolbench,rank,gemini-flash,G1_instruction,3,top3,0.01,0.15,0.2,10,,,0
toolbench,rank,gemini-flash,G1_instruction,3,top3,0.01,0.15,0.3,10,,,0
toolbench,rank,gemini-flash,G1_instruction,3,top3,0.01,0.15,0.5,10,,,0
toolbench,rank,gemini-flash,G1_instruction,3,top3,0.01,0.15,0.7,10,,,0
toolbench,rank,gemini-flash,G1_instruction,3,top3,0.01,0.2,0.0,10,,,0
toolbench,rank,gemini-flash,G1_instruction,3,top3,0.01,0.2,0.1,10,,,0
toolbench,rank,gemini-flash,G1_instruction,3,top3,0.01,0.2,0.2,10,10,1.0,7
toolbench,rank,gemini-flash,G1_instruction,3,top3,0.01,0.2,0.3,10,,,0
toolbench,rank,gemini-flash,G1_instruction,3,top3,0.01,0.2,0.5,10,,,0
toolbench,rank,gemini-flash,G1_instruction,3,top3,0.01,0.2,0.7,10,,,0
toolbench,rank,gemini-flash,G1_instruction,3,top3,0.01,0.3,0.0,10,,,0
toolbench,rank,gemini-flash,G1_instruction,3,top3,0.01,0.3,0.1,10,,,0
toolbench,rank,gemini-flash,G1_instruction,3,top3,0.01,0.3,0.2,10,,,0
toolbench,rank,gemini-flash,G1_instruction,3,top3,0.01,0.3,0.3,10,,,0
toolbench,rank,gemini-flash,G1_instruction,3,top3,0.01,0.3,0.5,10,,,0
toolbench,rank,gemini-flash,G1_instruction,3,top3,0.01,0.3,0.7,10,,,0
toolbench,rank,gemini-flash,G1_instruction,3,top3,0.01,0.5,0.0,10,,,0
toolbench,rank,gemini-flash,G1_instruction,3,top3,0.01,0.5,0.1,10,,,0
toolbench,rank,gemini-flash,G1_instruction,3,top3,0.01,0.5,0.2,10,,,0
toolbench,rank,gemini-flash,G1_instruction,3,top3,0.01,0.5,0.3,10,,,0
toolbench,rank,gemini-flash,G1_instruction,3,top3,0.01,0.5,0.5,10,,,0
toolbench,rank,gemini-flash,G1_instruction,3,top3,0.01,0.5,0.7,10,,,0
toolbench,rank,gemini-flash,G1_instruction,3,top5,0.01,0.0,0.0,10,10,1.0,10
toolbench,rank,gemini-flash,G1_instruction,3,top5,0.01,0.0,0.1,10,10,1.0,10
toolbench,rank,gemini-flash,G1_instruction,3,top5,0.01,0.0,0.2,10,10,1.0,9
toolbench,rank,gemini-flash,G1_instruction,3,top5,0.01,0.0,0.3,10,10,1.0,9
toolbench,rank,gemini-flash,G1_instruction,3,top5,0.01,0.0,0.5,10,,,0
toolbench,rank,gemini-flash,G1_instruction,3,top5,0.01,0.0,0.7,10,,,0
toolbench,rank,gemini-flash,G1_instruction,3,top5,0.01,0.05,0.0,10,,,0
toolbench,rank,gemini-flash,G1_instruction,3,top5,0.01,0.05,0.1,10,10,1.0,9
toolbench,rank,gemini-flash,G1_instruction,3,top5,0.01,0.05,0.2,10,,,0
toolbench,rank,gemini-flash,G1_instruction,3,top5,0.01,0.05,0.3,10,,,0
toolbench,rank,gemini-flash,G1_instruction,3,top5,0.01,0.05,0.5,10,,,0
toolbench,rank,gemini-flash,G1_instruction,3,top5,0.01,0.05,0.7,10,,,0
toolbench,rank,gemini-flash,G1_instruction,3,top5,0.01,0.1,0.0,10,,,0
toolbench,rank,gemini-flash,G1_instruction,3,top5,0.01,0.1,0.1,10,,,0
toolbench,rank,gemini-flash,G1_instruction,3,top5,0.01,0.1,0.2,10,10,1.0,8
toolbench,rank,gemini-flash,G1_instruction,3,top5,0.01,0.1,0.3,10,10,1.0,7
toolbench,rank,gemini-flash,G1_instruction,3,top5,0.01,0.1,0.5,10,,,0
toolbench,rank,gemini-flash,G1_instruction,3,top5,0.01,0.1,0.7,10,,,0
toolbench,rank,gemini-flash,G1_instruction,3,top5,0.01,0.15,0.0,10,,,0
toolbench,rank,gemini-flash,G1_instruction,3,top5,0.01,0.15,0.1,10,,,0
toolbench,rank,gemini-flash,G1_instruction,3,top5,0.01,0.15,0.2,10,10,1.0,8
toolbench,rank,gemini-flash,G1_instruction,3,top5,0.01,0.15,0.3,10,,,0
toolbench,rank,gemini-flash,G1_instruction,3,top5,0.01,0.15,0.5,10,,,0
toolbench,rank,gemini-flash,G1_instruction,3,top5,0.01,0.15,0.7,10,,,0
toolbench,rank,gemini-flash,G1_instruction,3,top5,0.01,0.2,0.0,10,,,0
toolbench,rank,gemini-flash,G1_instruction,3,top5,0.01,0.2,0.1,10,,,0
toolbench,rank,gemini-flash,G1_instruction,3,top5,0.01,0.2,0.2,10,,,0
toolbench,rank,gemini-flash,G1_instruction,3,top5,0.01,0.2,0.3,10,,,0
toolbench,rank,gemini-flash,G1_instruction,3,top5,0.01,0.2,0.5,10,,,0
toolbench,rank,gemini-flash,G1_instruction,3,top5,0.01,0.2,0.7,10,,,0
toolbench,rank,gemini-flash,G1_instruction,3,top5,0.01,0.3,0.0,10,,,0
toolbench,rank,gemini-flash,G1_instruction,3,top5,0.01,0.3,0.1,10,10,1.0,8
toolbench,rank,gemini-flash,G1_instruction,3,top5,0.01,0.3,0.2,10,,,0
toolbench,rank,gemini-flash,G1_instruction,3,top5,0.01,0.3,0.3,10,,,0
toolbench,rank,gemini-flash,G1_instruction,3,top5,0.01,0.3,0.5,10,,,0
toolbench,rank,gemini-flash,G1_instruction,3,top5,0.01,0.3,0.7,10,,,0
toolbench,rank,gemini-flash,G1_instruction,3,top5,0.01,0.5,0.0,10,,,0
toolbench,rank,gemini-flash,G1_instruction,3,top5,0.01,0.5,0.1,10,,,0
toolbench,rank,gemini-flash,G1_instruction,3,top5,0.01,0.5,0.2,10,,,0
toolbench,rank,gemini-flash,G1_instruction,3,top5,0.01,0.5,0.3,10,,,0
toolbench,rank,gemini-flash,G1_instruction,3,top5,0.01,0.5,0.5,10,,,0
toolbench,rank,gemini-flash,G1_instruction,3,top5,0.01,0.5,0.7,10,,,0
toolbench,rank,gemini-flash,G1_tool,1,full_rank,0.01,0.0,0.0,10,10,1.0,10
toolbench,rank,gemini-flash,G1_tool,1,full_rank,0.01,0.0,0.1,10,10,1.0,8
toolbench,rank,gemini-flash,G1_tool,1,full_rank,0.01,0.0,0.2,10,10,1.0,9
toolbench,rank,gemini-flash,G1_tool,1,full_rank,0.01,0.0,0.3,10,10,1.0,7
toolbench,rank,gemini-flash,G1_tool,1,full_rank,0.01,0.0,0.5,10,20,2.0,8
toolbench,rank,gemini-flash,G1_tool,1,full_rank,0.01,0.0,0.7,10,20,2.0,7
toolbench,rank,gemini-flash,G1_tool,1,full_rank,0.01,0.05,0.0,10,20,2.0,20
toolbench,rank,gemini-flash,G1_tool,1,full_rank,0.01,0.05,0.1,10,20,2.0,19
toolbench,rank,gemini-flash,G1_tool,1,full_rank,0.01,0.05,0.2,10,10,1.0,9
toolbench,rank,gemini-flash,G1_tool,1,full_rank,0.01,0.05,0.3,10,10,1.0,8
toolbench,rank,gemini-flash,G1_tool,1,full_rank,0.01,0.05,0.5,10,,,0
toolbench,rank,gemini-flash,G1_tool,1,full_rank,0.01,0.05,0.7,10,,,0
toolbench,rank,gemini-flash,G1_tool,1,full_rank,0.01,0.1,0.0,10,10,1.0,10
toolbench,rank,gemini-flash,G1_tool,1,full_rank,0.01,0.1,0.1,10,10,1.0,8
toolbench,rank,gemini-flash,G1_tool,1,full_rank,0.01,0.1,0.2,10,,,0
toolbench,rank,gemini-flash,G1_tool,1,full_rank,0.01,0.1,0.3,10,20,2.0,15
toolbench,rank,gemini-flash,G1_tool,1,full_rank,0.01,0.1,0.5,10,10,1.0,7
toolbench,rank,gemini-flash,G1_tool,1,full_rank,0.01,0.1,0.7,10,,,0
toolbench,rank,gemini-flash,G1_tool,1,full_rank,0.01,0.15,0.0,10,,,0
toolbench,rank,gemini-flash,G1_tool,1,full_rank,0.01,0.15,0.1,10,20,2.0,19
toolbench,rank,gemini-flash,G1_tool,1,full_rank,0.01,0.15,0.2,10,20,2.0,19
toolbench,rank,gemini-flash,G1_tool,1,full_rank,0.01,0.15,0.3,10,20,2.0,18
toolbench,rank,gemini-flash,G1_tool,1,full_rank,0.01,0.15,0.5,10,20,2.0,8
toolbench,rank,gemini-flash,G1_tool,1,full_rank,0.01,0.15,0.7,10,20,2.0,8
toolbench,rank,gemini-flash,G1_tool,1,full_rank,0.01,0.2,0.0,10,20,2.0,20
toolbench,rank,gemini-flash,G1_tool,1,full_rank,0.01,0.2,0.1,10,20,2.0,17
toolbench,rank,gemini-flash,G1_tool,1,full_rank,0.01,0.2,0.2,10,20,2.0,18
toolbench,rank,gemini-flash,G1_tool,1,full_rank,0.01,0.2,0.3,10,10,1.0,7
toolbench,rank,gemini-flash,G1_tool,1,full_rank,0.01,0.2,0.5,10,,,0
toolbench,rank,gemini-flash,G1_tool,1,full_rank,0.01,0.2,0.7,10,,,0
toolbench,rank,gemini-flash,G1_tool,1,full_rank,0.01,0.3,0.0,10,,,0
toolbench,rank,gemini-flash,G1_tool,1,full_rank,0.01,0.3,0.1,10,10,1.0,9
toolbench,rank,gemini-flash,G1_tool,1,full_rank,0.01,0.3,0.2,10,20,2.0,17
toolbench,rank,gemini-flash,G1_tool,1,full_rank,0.01,0.3,0.3,10,,,0
toolbench,rank,gemini-flash,G1_tool,1,full_rank,0.01,0.3,0.5,10,20,2.0,12
toolbench,rank,gemini-flash,G1_tool,1,full_rank,0.01,0.3,0.7,10,,,0
toolbench,rank,gemini-flash,G1_tool,1,full_rank,0.01,0.5,0.0,10,,,0
toolbench,rank,gemini-flash,G1_tool,1,full_rank,0.01,0.5,0.1,10,,,0
toolbench,rank,gemini-flash,G1_tool,1,full_rank,0.01,0.5,0.2,10,,,0
toolbench,rank,gemini-flash,G1_tool,1,full_rank,0.01,0.5,0.3,10,,,0
toolbench,rank,gemini-flash,G1_tool,1,full_rank,0.01,0.5,0.5,10,,,0
toolbench,rank,gemini-flash,G1_tool,1,full_rank,0.01,0.5,0.7,10,,,0
toolbench,rank,gemini-flash,G1_tool,1,top10,0.01,0.0,0.0,10,10,1.0,10
toolbench,rank,gemini-flash,G1_tool,1,top10,0.01,0.0,0.1,10,10,1.0,10
toolbench,rank,gemini-flash,G1_tool,1,top10,0.01,0.0,0.2,10,10,1.0,10
toolbench,rank,gemini-flash,G1_tool,1,top10,0.01,0.0,0.3,10,10,1.0,8
toolbench,rank,gemini-flash,G1_tool,1,top10,0.01,0.0,0.5,10,,,0
toolbench,rank,gemini-flash,G1_tool,1,top10,0.01,0.0,0.7,10,,,0
toolbench,rank,gemini-flash,G1_tool,1,top10,0.01,0.05,0.0,10,10,1.0,10
toolbench,rank,gemini-flash,G1_tool,1,top10,0.01,0.05,0.1,10,10,1.0,8
toolbench,rank,gemini-flash,G1_tool,1,top10,0.01,0.05,0.2,10,10,1.0,10
toolbench,rank,gemini-flash,G1_tool,1,top10,0.01,0.05,0.3,10,10,1.0,7
toolbench,rank,gemini-flash,G1_tool,1,top10,0.01,0.05,0.5,10,20,2.0,11
toolbench,rank,gemini-flash,G1_tool,1,top10,0.01,0.05,0.7,10,,,0
toolbench,rank,gemini-flash,G1_tool,1,top10,0.01,0.1,0.0,10,20,2.0,20
toolbench,rank,gemini-flash,G1_tool,1,top10,0.01,0.1,0.1,10,20,2.0,18
toolbench,rank,gemini-flash,G1_tool,1,top10,0.01,0.1,0.2,10,10,1.0,7
toolbench,rank,gemini-flash,G1_tool,1,top10,0.01,0.1,0.3,10,10,1.0,9
toolbench,rank,gemini-flash,G1_tool,1,top10,0.01,0.1,0.5,10,,,0
toolbench,rank,gemini-flash,G1_tool,1,top10,0.01,0.1,0.7,10,,,0
toolbench,rank,gemini-flash,G1_tool,1,top10,0.01,0.15,0.0,10,20,2.0,20
toolbench,rank,gemini-flash,G1_tool,1,top10,0.01,0.15,0.1,10,10,1.0,8
toolbench,rank,gemini-flash,G1_tool,1,top10,0.01,0.15,0.2,10,,,0
toolbench,rank,gemini-flash,G1_tool,1,top10,0.01,0.15,0.3,10,,,0
toolbench,rank,gemini-flash,G1_tool,1,top10,0.01,0.15,0.5,10,,,0
toolbench,rank,gemini-flash,G1_tool,1,top10,0.01,0.15,0.7,10,,,0
toolbench,rank,gemini-flash,G1_tool,1,top10,0.01,0.2,0.0,10,20,2.0,20
toolbench,rank,gemini-flash,G1_tool,1,top10,0.01,0.2,0.1,10,,,0
toolbench,rank,gemini-flash,G1_tool,1,top10,0.01,0.2,0.2,10,,,0
toolbench,rank,gemini-flash,G1_tool,1,top10,0.01,0.2,0.3,10,,,0
toolbench,rank,gemini-flash,G1_tool,1,top10,0.01,0.2,0.5,10,,,0
toolbench,rank,gemini-flash,G1_tool,1,top10,0.01,0.2,0.7,10,,,0
toolbench,rank,gemini-flash,G1_tool,1,top10,0.01,0.3,0.0,10,,,0
toolbench,rank,gemini-flash,G1_tool,1,top10,0.01,0.3,0.1,10,20,2.0,18
toolbench,rank,gemini-flash,G1_tool,1,top10,0.01,0.3,0.2,10,20,2.0,16
toolbench,rank,gemini-flash,G1_tool,1,top10,0.01,0.3,0.3,10,,,0
toolbench,rank,gemini-flash,G1_tool,1,top10,0.01,0.3,0.5,10,10,1.0,7
toolbench,rank,gemini-flash,G1_tool,1,top10,0.01,0.3,0.7,10,,,0
toolbench,rank,gemini-flash,G1_tool,1,top10,0.01,0.5,0.0,10,,,0
toolbench,rank,gemini-flash,G1_tool,1,top10,0.01,0.5,0.1,10,,,0
toolbench,rank,gemini-flash,G1_tool,1,top10,0.01,0.5,0.2,10,,,0
toolbench,rank,gemini-flash,G1_tool,1,top10,0.01,0.5,0.3,10,,,0
toolbench,rank,gemini-flash,G1_tool,1,top10,0.01,0.5,0.5,10,,,0
toolbench,rank,gemini-flash,G1_tool,1,top10,0.01,0.5,0.7,10,,,0
toolbench,rank,gemini-flash,G1_tool,1,top2,0.01,0.0,0.0,,,,0
toolbench,rank,gemini-flash,G1_tool,1,top2,0.01,0.0,0.1,,,,0
toolbench,rank,gemini-flash,G1_tool,1,top2,0.01,0.0,0.2,,,,0
toolbench,rank,gemini-flash,G1_tool,1,top2,0.01,0.0,0.3,,,,0
toolbench,rank,gemini-flash,G1_tool,1,top2,0.01,0.0,0.5,,,,0
toolbench,rank,gemini-flash,G1_tool,1,top2,0.01,0.0,0.7,,,,0
toolbench,rank,gemini-flash,G1_tool,1,top2,0.01,0.05,0.0,,,,0
toolbench,rank,gemini-flash,G1_tool,1,top2,0.01,0.05,0.1,,,,0
toolbench,rank,gemini-flash,G1_tool,1,top2,0.01,0.05,0.2,,,,0
toolbench,rank,gemini-flash,G1_tool,1,top2,0.01,0.05,0.3,,,,0
toolbench,rank,gemini-flash,G1_tool,1,top2,0.01,0.05,0.5,,,,0
toolbench,rank,gemini-flash,G1_tool,1,top2,0.01,0.05,0.7,,,,0
toolbench,rank,gemini-flash,G1_tool,1,top2,0.01,0.1,0.0,,,,0
toolbench,rank,gemini-flash,G1_tool,1,top2,0.01,0.1,0.1,,,,0
toolbench,rank,gemini-flash,G1_tool,1,top2,0.01,0.1,0.2,,,,0
toolbench,rank,gemini-flash,G1_tool,1,top2,0.01,0.1,0.3,,,,0
toolbench,rank,gemini-flash,G1_tool,1,top2,0.01,0.1,0.5,,,,0
toolbench,rank,gemini-flash,G1_tool,1,top2,0.01,0.1,0.7,,,,0
toolbench,rank,gemini-flash,G1_tool,1,top2,0.01,0.15,0.0,,,,0
toolbench,rank,gemini-flash,G1_tool,1,top2,0.01,0.15,0.1,,,,0
toolbench,rank,gemini-flash,G1_tool,1,top2,0.01,0.15,0.2,,,,0
toolbench,rank,gemini-flash,G1_tool,1,top2,0.01,0.15,0.3,,,,0
toolbench,rank,gemini-flash,G1_tool,1,top2,0.01,0.15,0.5,,,,0
toolbench,rank,gemini-flash,G1_tool,1,top2,0.01,0.15,0.7,,,,0
toolbench,rank,gemini-flash,G1_tool,1,top2,0.01,0.2,0.0,,,,0
toolbench,rank,gemini-flash,G1_tool,1,top2,0.01,0.2,0.1,,,,0
toolbench,rank,gemini-flash,G1_tool,1,top2,0.01,0.2,0.2,,,,0
toolbench,rank,gemini-flash,G1_tool,1,top2,0.01,0.2,0.3,,,,0
toolbench,rank,gemini-flash,G1_tool,1,top2,0.01,0.2,0.5,,,,0
toolbench,rank,gemini-flash,G1_tool,1,top2,0.01,0.2,0.7,,,,0
toolbench,rank,gemini-flash,G1_tool,1,top2,0.01,0.3,0.0,,,,0
toolbench,rank,gemini-flash,G1_tool,1,top2,0.01,0.3,0.1,,,,0
toolbench,rank,gemini-flash,G1_tool,1,top2,0.01,0.3,0.2,,,,0
toolbench,rank,gemini-flash,G1_tool,1,top2,0.01,0.3,0.3,,,,0
toolbench,rank,gemini-flash,G1_tool,1,top2,0.01,0.3,0.5,,,,0
toolbench,rank,gemini-flash,G1_tool,1,top2,0.01,0.3,0.7,,,,0
toolbench,rank,gemini-flash,G1_tool,1,top2,0.01,0.5,0.0,,,,0
toolbench,rank,gemini-flash,G1_tool,1,top2,0.01,0.5,0.1,,,,0
toolbench,rank,gemini-flash,G1_tool,1,top2,0.01,0.5,0.2,,,,0
toolbench,rank,gemini-flash,G1_tool,1,top2,0.01,0.5,0.3,,,,0
toolbench,rank,gemini-flash,G1_tool,1,top2,0.01,0.5,0.5,,,,0
toolbench,rank,gemini-flash,G1_tool,1,top2,0.01,0.5,0.7,,,,0
toolbench,rank,gemini-flash,G1_tool,1,top3,0.01,0.0,0.0,,,,0
toolbench,rank,gemini-flash,G1_tool,1,top3,0.01,0.0,0.1,,,,0
toolbench,rank,gemini-flash,G1_tool,1,top3,0.01,0.0,0.2,,,,0
toolbench,rank,gemini-flash,G1_tool,1,top3,0.01,0.0,0.3,,,,0
toolbench,rank,gemini-flash,G1_tool,1,top3,0.01,0.0,0.5,,,,0
toolbench,rank,gemini-flash,G1_tool,1,top3,0.01,0.0,0.7,,,,0
toolbench,rank,gemini-flash,G1_tool,1,top3,0.01,0.05,0.0,,,,0
toolbench,rank,gemini-flash,G1_tool,1,top3,0.01,0.05,0.1,,,,0
toolbench,rank,gemini-flash,G1_tool,1,top3,0.01,0.05,0.2,,,,0
toolbench,rank,gemini-flash,G1_tool,1,top3,0.01,0.05,0.3,,,,0
toolbench,rank,gemini-flash,G1_tool,1,top3,0.01,0.05,0.5,,,,0
toolbench,rank,gemini-flash,G1_tool,1,top3,0.01,0.05,0.7,,,,0
toolbench,rank,gemini-flash,G1_tool,1,top3,0.01,0.1,0.0,,,,0
toolbench,rank,gemini-flash,G1_tool,1,top3,0.01,0.1,0.1,,,,0
toolbench,rank,gemini-flash,G1_tool,1,top3,0.01,0.1,0.2,,,,0
toolbench,rank,gemini-flash,G1_tool,1,top3,0.01,0.1,0.3,,,,0
toolbench,rank,gemini-flash,G1_tool,1,top3,0.01,0.1,0.5,,,,0
toolbench,rank,gemini-flash,G1_tool,1,top3,0.01,0.1,0.7,,,,0
toolbench,rank,gemini-flash,G1_tool,1,top3,0.01,0.15,0.0,,,,0
toolbench,rank,gemini-flash,G1_tool,1,top3,0.01,0.15,0.1,,,,0
toolbench,rank,gemini-flash,G1_tool,1,top3,0.01,0.15,0.2,,,,0
toolbench,rank,gemini-flash,G1_tool,1,top3,0.01,0.15,0.3,,,,0
toolbench,rank,gemini-flash,G1_tool,1,top3,0.01,0.15,0.5,,,,0
toolbench,rank,gemini-flash,G1_tool,1,top3,0.01,0.15,0.7,,,,0
toolbench,rank,gemini-flash,G1_tool,1,top3,0.01,0.2,0.0,,,,0
toolbench,rank,gemini-flash,G1_tool,1,top3,0.01,0.2,0.1,,,,0
toolbench,rank,gemini-flash,G1_tool,1,top3,0.01,0.2,0.2,,,,0
toolbench,rank,gemini-flash,G1_tool,1,top3,0.01,0.2,0.3,,,,0
toolbench,rank,gemini-flash,G1_tool,1,top3,0.01,0.2,0.5,,,,0
toolbench,rank,gemini-flash,G1_tool,1,top3,0.01,0.2,0.7,,,,0
toolbench,rank,gemini-flash,G1_tool,1,top3,0.01,0.3,0.0,,,,0
toolbench,rank,gemini-flash,G1_tool,1,top3,0.01,0.3,0.1,,,,0
toolbench,rank,gemini-flash,G1_tool,1,top3,0.01,0.3,0.2,,,,0
toolbench,rank,gemini-flash,G1_tool,1,top3,0.01,0.3,0.3,,,,0
toolbench,rank,gemini-flash,G1_tool,1,top3,0.01,0.3,0.5,,,,0
toolbench,rank,gemini-flash,G1_tool,1,top3,0.01,0.3,0.7,,,,0
toolbench,rank,gemini-flash,G1_tool,1,top3,0.01,0.5,0.0,,,,0
toolbench,rank,gemini-flash,G1_tool,1,top3,0.01,0.5,0.1,,,,0
toolbench,rank,gemini-flash,G1_tool,1,top3,0.01,0.5,0.2,,,,0
toolbench,rank,gemini-flash,G1_tool,1,top3,0.01,0.5,0.3,,,,0
toolbench,rank,gemini-flash,G1_tool,1,top3,0.01,0.5,0.5,,,,0
toolbench,rank,gemini-flash,G1_tool,1,top3,0.01,0.5,0.7,,,,0
toolbench,rank,gemini-flash,G1_tool,1,top5,0.01,0.0,0.0,10,10,1.0,10
toolbench,rank,gemini-flash,G1_tool,1,top5,0.01,0.0,0.1,10,10,1.0,10
toolbench,rank,gemini-flash,G1_tool,1,top5,0.01,0.0,0.2,10,10,1.0,9
toolbench,rank,gemini-flash,G1_tool,1,top5,0.01,0.0,0.3,10,10,1.0,7
toolbench,rank,gemini-flash,G1_tool,1,top5,0.01,0.0,0.5,10,,,0
toolbench,rank,gemini-flash,G1_tool,1,top5,0.01,0.0,0.7,10,,,0
toolbench,rank,gemini-flash,G1_tool,1,top5,0.01,0.05,0.0,10,10,1.0,10
toolbench,rank,gemini-flash,G1_tool,1,top5,0.01,0.05,0.1,10,,,0
toolbench,rank,gemini-flash,G1_tool,1,top5,0.01,0.05,0.2,10,10,1.0,7
toolbench,rank,gemini-flash,G1_tool,1,top5,0.01,0.05,0.3,10,,,0
toolbench,rank,gemini-flash,G1_tool,1,top5,0.01,0.05,0.5,10,,,0
toolbench,rank,gemini-flash,G1_tool,1,top5,0.01,0.05,0.7,10,,,0
toolbench,rank,gemini-flash,G1_tool,1,top5,0.01,0.1,0.0,10,,,0
toolbench,rank,gemini-flash,G1_tool,1,top5,0.01,0.1,0.1,10,,,0
toolbench,rank,gemini-flash,G1_tool,1,top5,0.01,0.1,0.2,10,,,0
toolbench,rank,gemini-flash,G1_tool,1,top5,0.01,0.1,0.3,10,,,0
toolbench,rank,gemini-flash,G1_tool,1,top5,0.01,0.1,0.5,10,10,1.0,7
toolbench,rank,gemini-flash,G1_tool,1,top5,0.01,0.1,0.7,10,,,0
toolbench,rank,gemini-flash,G1_tool,1,top5,0.01,0.15,0.0,10,10,1.0,10
toolbench,rank,gemini-flash,G1_tool,1,top5,0.01,0.15,0.1,10,,,0
toolbench,rank,gemini-flash,G1_tool,1,top5,0.01,0.15,0.2,10,,,0
toolbench,rank,gemini-flash,G1_tool,1,top5,0.01,0.15,0.3,10,,,0
toolbench,rank,gemini-flash,G1_tool,1,top5,0.01,0.15,0.5,10,,,0
toolbench,rank,gemini-flash,G1_tool,1,top5,0.01,0.15,0.7,10,,,0
toolbench,rank,gemini-flash,G1_tool,1,top5,0.01,0.2,0.0,10,,,0
toolbench,rank,gemini-flash,G1_tool,1,top5,0.01,0.2,0.1,10,,,0
toolbench,rank,gemini-flash,G1_tool,1,top5,0.01,0.2,0.2,10,,,0
toolbench,rank,gemini-flash,G1_tool,1,top5,0.01,0.2,0.3,10,,,0
toolbench,rank,gemini-flash,G1_tool,1,top5,0.01,0.2,0.5,10,,,0
toolbench,rank,gemini-flash,G1_tool,1,top5,0.01,0.2,0.7,10,,,0
toolbench,rank,gemini-flash,G1_tool,1,top5,0.01,0.3,0.0,10,,,0
toolbench,rank,gemini-flash,G1_tool,1,top5,0.01,0.3,0.1,10,,,0
toolbench,rank,gemini-flash,G1_tool,1,top5,0.01,0.3,0.2,10,,,0
toolbench,rank,gemini-flash,G1_tool,1,top5,0.01,0.3,0.3,10,,,0
toolbench,rank,gemini-flash,G1_tool,1,top5,0.01,0.3,0.5,10,,,0
toolbench,rank,gemini-flash,G1_tool,1,top5,0.01,0.3,0.7,10,,,0
toolbench,rank,gemini-flash,G1_tool,1,top5,0.01,0.5,0.0,10,,,0
toolbench,rank,gemini-flash,G1_tool,1,top5,0.01,0.5,0.1,10,,,0
toolbench,rank,gemini-flash,G1_tool,1,top5,0.01,0.5,0.2,10,,,0
toolbench,rank,gemini-flash,G1_tool,1,top5,0.01,0.5,0.3,10,,,0
toolbench,rank,gemini-flash,G1_tool,1,top5,0.01,0.5,0.5,10,,,0
toolbench,rank,gemini-flash,G1_tool,1,top5,0.01,0.5,0.7,10,,,0
toolbench,rank,gemini-flash,G1_tool,2,full_rank,0.01,0.0,0.0,10,10,1.0,10
toolbench,rank,gemini-flash,G1_tool,2,full_rank,0.01,0.0,0.1,10,10,1.0,10
toolbench,rank,gemini-flash,G1_tool,2,full_rank,0.01,0.0,0.2,10,10,1.0,8
toolbench,rank,gemini-flash,G1_tool,2,full_rank,0.01,0.0,0.3,10,10,1.0,7
toolbench,rank,gemini-flash,G1_tool,2,full_rank,0.01,0.0,0.5,10,,,0
toolbench,rank,gemini-flash,G1_tool,2,full_rank,0.01,0.0,0.7,10,,,0
toolbench,rank,gemini-flash,G1_tool,2,full_rank,0.01,0.05,0.0,10,,,0
toolbench,rank,gemini-flash,G1_tool,2,full_rank,0.01,0.05,0.1,10,,,0
toolbench,rank,gemini-flash,G1_tool,2,full_rank,0.01,0.05,0.2,10,,,0
toolbench,rank,gemini-flash,G1_tool,2,full_rank,0.01,0.05,0.3,10,,,0
toolbench,rank,gemini-flash,G1_tool,2,full_rank,0.01,0.05,0.5,10,,,0
toolbench,rank,gemini-flash,G1_tool,2,full_rank,0.01,0.05,0.7,10,,,0
toolbench,rank,gemini-flash,G1_tool,2,full_rank,0.01,0.1,0.0,10,,,0
toolbench,rank,gemini-flash,G1_tool,2,full_rank,0.01,0.1,0.1,10,,,0
toolbench,rank,gemini-flash,G1_tool,2,full_rank,0.01,0.1,0.2,10,10,1.0,9
toolbench,rank,gemini-flash,G1_tool,2,full_rank,0.01,0.1,0.3,10,,,0
toolbench,rank,gemini-flash,G1_tool,2,full_rank,0.01,0.1,0.5,10,10,1.0,7
toolbench,rank,gemini-flash,G1_tool,2,full_rank,0.01,0.1,0.7,10,,,0
toolbench,rank,gemini-flash,G1_tool,2,full_rank,0.01,0.15,0.0,10,10,1.0,10
toolbench,rank,gemini-flash,G1_tool,2,full_rank,0.01,0.15,0.1,10,,,0
toolbench,rank,gemini-flash,G1_tool,2,full_rank,0.01,0.15,0.2,10,,,0
toolbench,rank,gemini-flash,G1_tool,2,full_rank,0.01,0.15,0.3,10,,,0
toolbench,rank,gemini-flash,G1_tool,2,full_rank,0.01,0.15,0.5,10,,,0
toolbench,rank,gemini-flash,G1_tool,2,full_rank,0.01,0.15,0.7,10,,,0
toolbench,rank,gemini-flash,G1_tool,2,full_rank,0.01,0.2,0.0,10,,,0
toolbench,rank,gemini-flash,G1_tool,2,full_rank,0.01,0.2,0.1,10,,,0
toolbench,rank,gemini-flash,G1_tool,2,full_rank,0.01,0.2,0.2,10,,,0
toolbench,rank,gemini-flash,G1_tool,2,full_rank,0.01,0.2,0.3,10,,,0
toolbench,rank,gemini-flash,G1_tool,2,full_rank,0.01,0.2,0.5,10,,,0
toolbench,rank,gemini-flash,G1_tool,2,full_rank,0.01,0.2,0.7,10,,,0
toolbench,rank,gemini-flash,G1_tool,2,full_rank,0.01,0.3,0.0,10,,,0
toolbench,rank,gemini-flash,G1_tool,2,full_rank,0.01,0.3,0.1,10,,,0
toolbench,rank,gemini-flash,G1_tool,2,full_rank,0.01,0.3,0.2,10,,,0
toolbench,rank,gemini-flash,G1_tool,2,full_rank,0.01,0.3,0.3,10,,,0
toolbench,rank,gemini-flash,G1_tool,2,full_rank,0.01,0.3,0.5,10,,,0
toolbench,rank,gemini-flash,G1_tool,2,full_rank,0.01,0.3,0.7,10,,,0
toolbench,rank,gemini-flash,G1_tool,2,full_rank,0.01,0.5,0.0,10,,,0
toolbench,rank,gemini-flash,G1_tool,2,full_rank,0.01,0.5,0.1,10,,,0
toolbench,rank,gemini-flash,G1_tool,2,full_rank,0.01,0.5,0.2,10,,,0
toolbench,rank,gemini-flash,G1_tool,2,full_rank,0.01,0.5,0.3,10,,,0
toolbench,rank,gemini-flash,G1_tool,2,full_rank,0.01,0.5,0.5,10,,,0
toolbench,rank,gemini-flash,G1_tool,2,full_rank,0.01,0.5,0.7,10,,,0
toolbench,rank,gemini-flash,G1_tool,2,top10,0.01,0.0,0.0,10,10,1.0,10
toolbench,rank,gemini-flash,G1_tool,2,top10,0.01,0.0,0.1,10,10,1.0,9
toolbench,rank,gemini-flash,G1_tool,2,top10,0.01,0.0,0.2,10,10,1.0,8
toolbench,rank,gemini-flash,G1_tool,2,top10,0.01,0.0,0.3,10,10,1.0,8
toolbench,rank,gemini-flash,G1_tool,2,top10,0.01,0.0,0.5,10,10,1.0,8
toolbench,rank,gemini-flash,G1_tool,2,top10,0.01,0.0,0.7,10,,,0
toolbench,rank,gemini-flash,G1_tool,2,top10,0.01,0.05,0.0,10,,,0
toolbench,rank,gemini-flash,G1_tool,2,top10,0.01,0.05,0.1,10,10,1.0,9
toolbench,rank,gemini-flash,G1_tool,2,top10,0.01,0.05,0.2,10,10,1.0,8
toolbench,rank,gemini-flash,G1_tool,2,top10,0.01,0.05,0.3,10,,,0
toolbench,rank,gemini-flash,G1_tool,2,top10,0.01,0.05,0.5,10,10,1.0,8
toolbench,rank,gemini-flash,G1_tool,2,top10,0.01,0.05,0.7,10,,,0
toolbench,rank,gemini-flash,G1_tool,2,top10,0.01,0.1,0.0,10,,,0
toolbench,rank,gemini-flash,G1_tool,2,top10,0.01,0.1,0.1,10,,,0
toolbench,rank,gemini-flash,G1_tool,2,top10,0.01,0.1,0.2,10,,,0
toolbench,rank,gemini-flash,G1_tool,2,top10,0.01,0.1,0.3,10,,,0
toolbench,rank,gemini-flash,G1_tool,2,top10,0.01,0.1,0.5,10,,,0
toolbench,rank,gemini-flash,G1_tool,2,top10,0.01,0.1,0.7,10,,,0
toolbench,rank,gemini-flash,G1_tool,2,top10,0.01,0.15,0.0,10,,,0
toolbench,rank,gemini-flash,G1_tool,2,top10,0.01,0.15,0.1,10,,,0
toolbench,rank,gemini-flash,G1_tool,2,top10,0.01,0.15,0.2,10,,,0
toolbench,rank,gemini-flash,G1_tool,2,top10,0.01,0.15,0.3,10,,,0
toolbench,rank,gemini-flash,G1_tool,2,top10,0.01,0.15,0.5,10,,,0
toolbench,rank,gemini-flash,G1_tool,2,top10,0.01,0.15,0.7,10,,,0
toolbench,rank,gemini-flash,G1_tool,2,top10,0.01,0.2,0.0,10,,,0
toolbench,rank,gemini-flash,G1_tool,2,top10,0.01,0.2,0.1,10,,,0
toolbench,rank,gemini-flash,G1_tool,2,top10,0.01,0.2,0.2,10,,,0
toolbench,rank,gemini-flash,G1_tool,2,top10,0.01,0.2,0.3,10,,,0
toolbench,rank,gemini-flash,G1_tool,2,top10,0.01,0.2,0.5,10,,,0
toolbench,rank,gemini-flash,G1_tool,2,top10,0.01,0.2,0.7,10,,,0
toolbench,rank,gemini-flash,G1_tool,2,top10,0.01,0.3,0.0,10,,,0
toolbench,rank,gemini-flash,G1_tool,2,top10,0.01,0.3,0.1,10,,,0
toolbench,rank,gemini-flash,G1_tool,2,top10,0.01,0.3,0.2,10,,,0
toolbench,rank,gemini-flash,G1_tool,2,top10,0.01,0.3,0.3,10,10,1.0,7
toolbench,rank,gemini-flash,G1_tool,2,top10,0.01,0.3,0.5,10,,,0
toolbench,rank,gemini-flash,G1_tool,2,top10,0.01,0.3,0.7,10,,,0
toolbench,rank,gemini-flash,G1_tool,2,top10,0.01,0.5,0.0,10,,,0
toolbench,rank,gemini-flash,G1_tool,2,top10,0.01,0.5,0.1,10,,,0
toolbench,rank,gemini-flash,G1_tool,2,top10,0.01,0.5,0.2,10,,,0
toolbench,rank,gemini-flash,G1_tool,2,top10,0.01,0.5,0.3,10,,,0
toolbench,rank,gemini-flash,G1_tool,2,top10,0.01,0.5,0.5,10,,,0
toolbench,rank,gemini-flash,G1_tool,2,top10,0.01,0.5,0.7,10,,,0
toolbench,rank,gemini-flash,G1_tool,2,top2,0.01,0.0,0.0,,,,0
toolbench,rank,gemini-flash,G1_tool,2,top2,0.01,0.0,0.1,,,,0
toolbench,rank,gemini-flash,G1_tool,2,top2,0.01,0.0,0.2,,,,0
toolbench,rank,gemini-flash,G1_tool,2,top2,0.01,0.0,0.3,,,,0
toolbench,rank,gemini-flash,G1_tool,2,top2,0.01,0.0,0.5,,,,0
toolbench,rank,gemini-flash,G1_tool,2,top2,0.01,0.0,0.7,,,,0
toolbench,rank,gemini-flash,G1_tool,2,top2,0.01,0.05,0.0,,,,0
toolbench,rank,gemini-flash,G1_tool,2,top2,0.01,0.05,0.1,,,,0
toolbench,rank,gemini-flash,G1_tool,2,top2,0.01,0.05,0.2,,,,0
toolbench,rank,gemini-flash,G1_tool,2,top2,0.01,0.05,0.3,,,,0
toolbench,rank,gemini-flash,G1_tool,2,top2,0.01,0.05,0.5,,,,0
toolbench,rank,gemini-flash,G1_tool,2,top2,0.01,0.05,0.7,,,,0
toolbench,rank,gemini-flash,G1_tool,2,top2,0.01,0.1,0.0,,,,0
toolbench,rank,gemini-flash,G1_tool,2,top2,0.01,0.1,0.1,,,,0
toolbench,rank,gemini-flash,G1_tool,2,top2,0.01,0.1,0.2,,,,0
toolbench,rank,gemini-flash,G1_tool,2,top2,0.01,0.1,0.3,,,,0
toolbench,rank,gemini-flash,G1_tool,2,top2,0.01,0.1,0.5,,,,0
toolbench,rank,gemini-flash,G1_tool,2,top2,0.01,0.1,0.7,,,,0
toolbench,rank,gemini-flash,G1_tool,2,top2,0.01,0.15,0.0,,,,0
toolbench,rank,gemini-flash,G1_tool,2,top2,0.01,0.15,0.1,,,,0
toolbench,rank,gemini-flash,G1_tool,2,top2,0.01,0.15,0.2,,,,0
toolbench,rank,gemini-flash,G1_tool,2,top2,0.01,0.15,0.3,,,,0
toolbench,rank,gemini-flash,G1_tool,2,top2,0.01,0.15,0.5,,,,0
toolbench,rank,gemini-flash,G1_tool,2,top2,0.01,0.15,0.7,,,,0
toolbench,rank,gemini-flash,G1_tool,2,top2,0.01,0.2,0.0,,,,0
toolbench,rank,gemini-flash,G1_tool,2,top2,0.01,0.2,0.1,,,,0
toolbench,rank,gemini-flash,G1_tool,2,top2,0.01,0.2,0.2,,,,0
toolbench,rank,gemini-flash,G1_tool,2,top2,0.01,0.2,0.3,,,,0
toolbench,rank,gemini-flash,G1_tool,2,top2,0.01,0.2,0.5,,,,0
toolbench,rank,gemini-flash,G1_tool,2,top2,0.01,0.2,0.7,,,,0
toolbench,rank,gemini-flash,G1_tool,2,top2,0.01,0.3,0.0,,,,0
toolbench,rank,gemini-flash,G1_tool,2,top2,0.01,0.3,0.1,,,,0
toolbench,rank,gemini-flash,G1_tool,2,top2,0.01,0.3,0.2,,,,0
toolbench,rank,gemini-flash,G1_tool,2,top2,0.01,0.3,0.3,,,,0
toolbench,rank,gemini-flash,G1_tool,2,top2,0.01,0.3,0.5,,,,0
toolbench,rank,gemini-flash,G1_tool,2,top2,0.01,0.3,0.7,,,,0
toolbench,rank,gemini-flash,G1_tool,2,top2,0.01,0.5,0.0,,,,0
toolbench,rank,gemini-flash,G1_tool,2,top2,0.01,0.5,0.1,,,,0
toolbench,rank,gemini-flash,G1_tool,2,top2,0.01,0.5,0.2,,,,0
toolbench,rank,gemini-flash,G1_tool,2,top2,0.01,0.5,0.3,,,,0
toolbench,rank,gemini-flash,G1_tool,2,top2,0.01,0.5,0.5,,,,0
toolbench,rank,gemini-flash,G1_tool,2,top2,0.01,0.5,0.7,,,,0
toolbench,rank,gemini-flash,G1_tool,2,top3,0.01,0.0,0.0,10,10,1.0,10
toolbench,rank,gemini-flash,G1_tool,2,top3,0.01,0.0,0.1,10,10,1.0,9
toolbench,rank,gemini-flash,G1_tool,2,top3,0.01,0.0,0.2,10,10,1.0,7
toolbench,rank,gemini-flash,G1_tool,2,top3,0.01,0.0,0.3,10,10,1.0,8
toolbench,rank,gemini-flash,G1_tool,2,top3,0.01,0.0,0.5,10,,,0
toolbench,rank,gemini-flash,G1_tool,2,top3,0.01,0.0,0.7,10,,,0
toolbench,rank,gemini-flash,G1_tool,2,top3,0.01,0.05,0.0,10,10,1.0,10
toolbench,rank,gemini-flash,G1_tool,2,top3,0.01,0.05,0.1,10,10,1.0,7
toolbench,rank,gemini-flash,G1_tool,2,top3,0.01,0.05,0.2,10,10,1.0,9
toolbench,rank,gemini-flash,G1_tool,2,top3,0.01,0.05,0.3,10,,,0
toolbench,rank,gemini-flash,G1_tool,2,top3,0.01,0.05,0.5,10,,,0
toolbench,rank,gemini-flash,G1_tool,2,top3,0.01,0.05,0.7,10,,,0
toolbench,rank,gemini-flash,G1_tool,2,top3,0.01,0.1,0.0,10,10,1.0,10
toolbench,rank,gemini-flash,G1_tool,2,top3,0.01,0.1,0.1,10,10,1.0,8
toolbench,rank,gemini-flash,G1_tool,2,top3,0.01,0.1,0.2,10,,,0
toolbench,rank,gemini-flash,G1_tool,2,top3,0.01,0.1,0.3,10,,,0
toolbench,rank,gemini-flash,G1_tool,2,top3,0.01,0.1,0.5,10,,,0
toolbench,rank,gemini-flash,G1_tool,2,top3,0.01,0.1,0.7,10,,,0
toolbench,rank,gemini-flash,G1_tool,2,top3,0.01,0.15,0.0,10,,,0
toolbench,rank,gemini-flash,G1_tool,2,top3,0.01,0.15,0.1,10,,,0
toolbench,rank,gemini-flash,G1_tool,2,top3,0.01,0.15,0.2,10,,,0
toolbench,rank,gemini-flash,G1_tool,2,top3,0.01,0.15,0.3,10,,,0
toolbench,rank,gemini-flash,G1_tool,2,top3,0.01,0.15,0.5,10,,,0
toolbench,rank,gemini-flash,G1_tool,2,top3,0.01,0.15,0.7,10,,,0
toolbench,rank,gemini-flash,G1_tool,2,top3,0.01,0.2,0.0,10,,,0
toolbench,rank,gemini-flash,G1_tool,2,top3,0.01,0.2,0.1,10,,,0
toolbench,rank,gemini-flash,G1_tool,2,top3,0.01,0.2,0.2,10,,,0
toolbench,rank,gemini-flash,G1_tool,2,top3,0.01,0.2,0.3,10,,,0
toolbench,rank,gemini-flash,G1_tool,2,top3,0.01,0.2,0.5,10,,,0
toolbench,rank,gemini-flash,G1_tool,2,top3,0.01,0.2,0.7,10,,,0
toolbench,rank,gemini-flash,G1_tool,2,top3,0.01,0.3,0.0,10,,,0
toolbench,rank,gemini-flash,G1_tool,2,top3,0.01,0.3,0.1,10,,,0
toolbench,rank,gemini-flash,G1_tool,2,top3,0.01,0.3,0.2,10,,,0
toolbench,rank,gemini-flash,G1_tool,2,top3,0.01,0.3,0.3,10,,,0
toolbench,rank,gemini-flash,G1_tool,2,top3,0.01,0.3,0.5,10,,,0
toolbench,rank,gemini-flash,G1_tool,2,top3,0.01,0.3,0.7,10,,,0
toolbench,rank,gemini-flash,G1_tool,2,top3,0.01,0.5,0.0,10,,,0
toolbench,rank,gemini-flash,G1_tool,2,top3,0.01,0.5,0.1,10,,,0
toolbench,rank,gemini-flash,G1_tool,2,top3,0.01,0.5,0.2,10,,,0
toolbench,rank,gemini-flash,G1_tool,2,top3,0.01,0.5,0.3,10,,,0
toolbench,rank,gemini-flash,G1_tool,2,top3,0.01,0.5,0.5,10,,,0
toolbench,rank,gemini-flash,G1_tool,2,top3,0.01,0.5,0.7,10,,,0
toolbench,rank,gemini-flash,G1_tool,2,top5,0.01,0.0,0.0,10,10,1.0,10
toolbench,rank,gemini-flash,G1_tool,2,top5,0.01,0.0,0.1,10,10,1.0,10
toolbench,rank,gemini-flash,G1_tool,2,top5,0.01,0.0,0.2,10,10,1.0,9
toolbench,rank,gemini-flash,G1_tool,2,top5,0.01,0.0,0.3,10,,,0
toolbench,rank,gemini-flash,G1_tool,2,top5,0.01,0.0,0.5,10,,,0
toolbench,rank,gemini-flash,G1_tool,2,top5,0.01,0.0,0.7,10,,,0
toolbench,rank,gemini-flash,G1_tool,2,top5,0.01,0.05,0.0,10,10,1.0,10
toolbench,rank,gemini-flash,G1_tool,2,top5,0.01,0.05,0.1,10,10,1.0,10
toolbench,rank,gemini-flash,G1_tool,2,top5,0.01,0.05,0.2,10,,,0
toolbench,rank,gemini-flash,G1_tool,2,top5,0.01,0.05,0.3,10,,,0
toolbench,rank,gemini-flash,G1_tool,2,top5,0.01,0.05,0.5,10,10,1.0,8
toolbench,rank,gemini-flash,G1_tool,2,top5,0.01,0.05,0.7,10,,,0
toolbench,rank,gemini-flash,G1_tool,2,top5,0.01,0.1,0.0,10,,,0
toolbench,rank,gemini-flash,G1_tool,2,top5,0.01,0.1,0.1,10,10,1.0,9
toolbench,rank,gemini-flash,G1_tool,2,top5,0.01,0.1,0.2,10,10,1.0,7
toolbench,rank,gemini-flash,G1_tool,2,top5,0.01,0.1,0.3,10,,,0
toolbench,rank,gemini-flash,G1_tool,2,top5,0.01,0.1,0.5,10,,,0
toolbench,rank,gemini-flash,G1_tool,2,top5,0.01,0.1,0.7,10,,,0
toolbench,rank,gemini-flash,G1_tool,2,top5,0.01,0.15,0.0,10,,,0
toolbench,rank,gemini-flash,G1_tool,2,top5,0.01,0.15,0.1,10,,,0
toolbench,rank,gemini-flash,G1_tool,2,top5,0.01,0.15,0.2,10,,,0
toolbench,rank,gemini-flash,G1_tool,2,top5,0.01,0.15,0.3,10,,,0
toolbench,rank,gemini-flash,G1_tool,2,top5,0.01,0.15,0.5,10,,,0
toolbench,rank,gemini-flash,G1_tool,2,top5,0.01,0.15,0.7,10,,,0
toolbench,rank,gemini-flash,G1_tool,2,top5,0.01,0.2,0.0,10,,,0
toolbench,rank,gemini-flash,G1_tool,2,top5,0.01,0.2,0.1,10,,,0
toolbench,rank,gemini-flash,G1_tool,2,top5,0.01,0.2,0.2,10,,,0
toolbench,rank,gemini-flash,G1_tool,2,top5,0.01,0.2,0.3,10,,,0
toolbench,rank,gemini-flash,G1_tool,2,top5,0.01,0.2,0.5,10,,,0
toolbench,rank,gemini-flash,G1_tool,2,top5,0.01,0.2,0.7,10,,,0
toolbench,rank,gemini-flash,G1_tool,2,top5,0.01,0.3,0.0,10,,,0
toolbench,rank,gemini-flash,G1_tool,2,top5,0.01,0.3,0.1,10,,,0
toolbench,rank,gemini-flash,G1_tool,2,top5,0.01,0.3,0.2,10,,,0
toolbench,rank,gemini-flash,G1_tool,2,top5,0.01,0.3,0.3,10,,,0
toolbench,rank,gemini-flash,G1_tool,2,top5,0.01,0.3,0.5,10,,,0
toolbench,rank,gemini-flash,G1_tool,2,top5,0.01,0.3,0.7,10,,,0
toolbench,rank,gemini-flash,G1_tool,2,top5,0.01,0.5,0.0,10,,,0
toolbench,rank,gemini-flash,G1_tool,2,top5,0.01,0.5,0.1,10,,,0
toolbench,rank,gemini-flash,G1_tool,2,top5,0.01,0.5,0.2,10,,,0
toolbench,rank,gemini-flash,G1_tool,2,top5,0.01,0.5,0.3,10,,,0
toolbench,rank,gemini-flash,G1_tool,2,top5,0.01,0.5,0.5,10,,,0
toolbench,rank,gemini-flash,G1_tool,2,top5,0.01,0.5,0.7,10,,,0
toolbench,rank,gemini-flash,G1_tool,3,full_rank,0.01,0.0,0.0,10,10,1.0,10
toolbench,rank,gemini-flash,G1_tool,3,full_rank,0.01,0.0,0.1,10,10,1.0,10
toolbench,rank,gemini-flash,G1_tool,3,full_rank,0.01,0.0,0.2,10,10,1.0,9
toolbench,rank,gemini-flash,G1_tool,3,full_rank,0.01,0.0,0.3,10,,,0
toolbench,rank,gemini-flash,G1_tool,3,full_rank,0.01,0.0,0.5,10,,,0
toolbench,rank,gemini-flash,G1_tool,3,full_rank,0.01,0.0,0.7,10,,,0
toolbench,rank,gemini-flash,G1_tool,3,full_rank,0.01,0.05,0.0,10,10,1.0,10
toolbench,rank,gemini-flash,G1_tool,3,full_rank,0.01,0.05,0.1,10,,,0
toolbench,rank,gemini-flash,G1_tool,3,full_rank,0.01,0.05,0.2,10,,,0
toolbench,rank,gemini-flash,G1_tool,3,full_rank,0.01,0.05,0.3,10,10,1.0,9
toolbench,rank,gemini-flash,G1_tool,3,full_rank,0.01,0.05,0.5,10,,,0
toolbench,rank,gemini-flash,G1_tool,3,full_rank,0.01,0.05,0.7,10,,,0
toolbench,rank,gemini-flash,G1_tool,3,full_rank,0.01,0.1,0.0,10,10,1.0,10
toolbench,rank,gemini-flash,G1_tool,3,full_rank,0.01,0.1,0.1,10,,,0
toolbench,rank,gemini-flash,G1_tool,3,full_rank,0.01,0.1,0.2,10,,,0
toolbench,rank,gemini-flash,G1_tool,3,full_rank,0.01,0.1,0.3,10,10,1.0,7
toolbench,rank,gemini-flash,G1_tool,3,full_rank,0.01,0.1,0.5,10,,,0
toolbench,rank,gemini-flash,G1_tool,3,full_rank,0.01,0.1,0.7,10,,,0
toolbench,rank,gemini-flash,G1_tool,3,full_rank,0.01,0.15,0.0,10,,,0
toolbench,rank,gemini-flash,G1_tool,3,full_rank,0.01,0.15,0.1,10,,,0
toolbench,rank,gemini-flash,G1_tool,3,full_rank,0.01,0.15,0.2,10,,,0
toolbench,rank,gemini-flash,G1_tool,3,full_rank,0.01,0.15,0.3,10,,,0
toolbench,rank,gemini-flash,G1_tool,3,full_rank,0.01,0.15,0.5,10,,,0
toolbench,rank,gemini-flash,G1_tool,3,full_rank,0.01,0.15,0.7,10,,,0
toolbench,rank,gemini-flash,G1_tool,3,full_rank,0.01,0.2,0.0,10,,,0
toolbench,rank,gemini-flash,G1_tool,3,full_rank,0.01,0.2,0.1,10,,,0
toolbench,rank,gemini-flash,G1_tool,3,full_rank,0.01,0.2,0.2,10,,,0
toolbench,rank,gemini-flash,G1_tool,3,full_rank,0.01,0.2,0.3,10,,,0
toolbench,rank,gemini-flash,G1_tool,3,full_rank,0.01,0.2,0.5,10,,,0
toolbench,rank,gemini-flash,G1_tool,3,full_rank,0.01,0.2,0.7,10,,,0
toolbench,rank,gemini-flash,G1_tool,3,full_rank,0.01,0.3,0.0,10,,,0
toolbench,rank,gemini-flash,G1_tool,3,full_rank,0.01,0.3,0.1,10,10,1.0,9
toolbench,rank,gemini-flash,G1_tool,3,full_rank,0.01,0.3,0.2,10,,,0
toolbench,rank,gemini-flash,G1_tool,3,full_rank,0.01,0.3,0.3,10,,,0
toolbench,rank,gemini-flash,G1_tool,3,full_rank,0.01,0.3,0.5,10,,,0
toolbench,rank,gemini-flash,G1_tool,3,full_rank,0.01,0.3,0.7,10,,,0
toolbench,rank,gemini-flash,G1_tool,3,full_rank,0.01,0.5,0.0,10,,,0
toolbench,rank,gemini-flash,G1_tool,3,full_rank,0.01,0.5,0.1,10,,,0
toolbench,rank,gemini-flash,G1_tool,3,full_rank,0.01,0.5,0.2,10,,,0
toolbench,rank,gemini-flash,G1_tool,3,full_rank,0.01,0.5,0.3,10,,,0
toolbench,rank,gemini-flash,G1_tool,3,full_rank,0.01,0.5,0.5,10,,,0
toolbench,rank,gemini-flash,G1_tool,3,full_rank,0.01,0.5,0.7,10,,,0
toolbench,rank,gemini-flash,G1_tool,3,top10,0.01,0.0,0.0,10,10,1.0,10
toolbench,rank,gemini-flash,G1_tool,3,top10,0.01,0.0,0.1,10,10,1.0,9
toolbench,rank,gemini-flash,G1_tool,3,top10,0.01,0.0,0.2,10,10,1.0,8
toolbench,rank,gemini-flash,G1_tool,3,top10,0.01,0.0,0.3,10,10,1.0,7
toolbench,rank,gemini-flash,G1_tool,3,top10,0.01,0.0,0.5,10,,,0
toolbench,rank,gemini-flash,G1_tool,3,top10,0.01,0.0,0.7,10,,,0
toolbench,rank,gemini-flash,G1_tool,3,top10,0.01,0.05,0.0,10,10,1.0,10
toolbench,rank,gemini-flash,G1_tool,3,top10,0.01,0.05,0.1,10,,,0
toolbench,rank,gemini-flash,G1_tool,3,top10,0.01,0.05,0.2,10,10,1.0,9
toolbench,rank,gemini-flash,G1_tool,3,top10,0.01,0.05,0.3,10,,,0
toolbench,rank,gemini-flash,G1_tool,3,top10,0.01,0.05,0.5,10,,,0
toolbench,rank,gemini-flash,G1_tool,3,top10,0.01,0.05,0.7,10,,,0
toolbench,rank,gemini-flash,G1_tool,3,top10,0.01,0.1,0.0,10,,,0
toolbench,rank,gemini-flash,G1_tool,3,top10,0.01,0.1,0.1,10,10,1.0,8
toolbench,rank,gemini-flash,G1_tool,3,top10,0.01,0.1,0.2,10,,,0
toolbench,rank,gemini-flash,G1_tool,3,top10,0.01,0.1,0.3,10,,,0
toolbench,rank,gemini-flash,G1_tool,3,top10,0.01,0.1,0.5,10,,,0
toolbench,rank,gemini-flash,G1_tool,3,top10,0.01,0.1,0.7,10,,,0
toolbench,rank,gemini-flash,G1_tool,3,top10,0.01,0.15,0.0,10,,,0
toolbench,rank,gemini-flash,G1_tool,3,top10,0.01,0.15,0.1,10,,,0
toolbench,rank,gemini-flash,G1_tool,3,top10,0.01,0.15,0.2,10,,,0
toolbench,rank,gemini-flash,G1_tool,3,top10,0.01,0.15,0.3,10,,,0
toolbench,rank,gemini-flash,G1_tool,3,top10,0.01,0.15,0.5,10,,,0
toolbench,rank,gemini-flash,G1_tool,3,top10,0.01,0.15,0.7,10,,,0
toolbench,rank,gemini-flash,G1_tool,3,top10,0.01,0.2,0.0,10,,,0
toolbench,rank,gemini-flash,G1_tool,3,top10,0.01,0.2,0.1,10,10,1.0,9
toolbench,rank,gemini-flash,G1_tool,3,top10,0.01,0.2,0.2,10,,,0
toolbench,rank,gemini-flash,G1_tool,3,top10,0.01,0.2,0.3,10,,,0
toolbench,rank,gemini-flash,G1_tool,3,top10,0.01,0.2,0.5,10,,,0
toolbench,rank,gemini-flash,G1_tool,3,top10,0.01,0.2,0.7,10,,,0
toolbench,rank,gemini-flash,G1_tool,3,top10,0.01,0.3,0.0,10,10,1.0,10
toolbench,rank,gemini-flash,G1_tool,3,top10,0.01,0.3,0.1,10,,,0
toolbench,rank,gemini-flash,G1_tool,3,top10,0.01,0.3,0.2,10,,,0
toolbench,rank,gemini-flash,G1_tool,3,top10,0.01,0.3,0.3,10,,,0
toolbench,rank,gemini-flash,G1_tool,3,top10,0.01,0.3,0.5,10,,,0
toolbench,rank,gemini-flash,G1_tool,3,top10,0.01,0.3,0.7,10,,,0
toolbench,rank,gemini-flash,G1_tool,3,top10,0.01,0.5,0.0,10,,,0
toolbench,rank,gemini-flash,G1_tool,3,top10,0.01,0.5,0.1,10,,,0
toolbench,rank,gemini-flash,G1_tool,3,top10,0.01,0.5,0.2,10,,,0
toolbench,rank,gemini-flash,G1_tool,3,top10,0.01,0.5,0.3,10,,,0
toolbench,rank,gemini-flash,G1_tool,3,top10,0.01,0.5,0.5,10,,,0
toolbench,rank,gemini-flash,G1_tool,3,top10,0.01,0.5,0.7,10,,,0
toolbench,rank,gemini-flash,G1_tool,3,top2,0.01,0.0,0.0,10,10,1.0,10
toolbench,rank,gemini-flash,G1_tool,3,top2,0.01,0.0,0.1,10,10,1.0,10
toolbench,rank,gemini-flash,G1_tool,3,top2,0.01,0.0,0.2,10,10,1.0,8
toolbench,rank,gemini-flash,G1_tool,3,top2,0.01,0.0,0.3,10,10,1.0,8
toolbench,rank,gemini-flash,G1_tool,3,top2,0.01,0.0,0.5,10,10,1.0,7
toolbench,rank,gemini-flash,G1_tool,3,top2,0.01,0.0,0.7,10,,,0
toolbench,rank,gemini-flash,G1_tool,3,top2,0.01,0.05,0.0,10,10,1.0,10
toolbench,rank,gemini-flash,G1_tool,3,top2,0.01,0.05,0.1,10,10,1.0,7
toolbench,rank,gemini-flash,G1_tool,3,top2,0.01,0.05,0.2,10,,,0
toolbench,rank,gemini-flash,G1_tool,3,top2,0.01,0.05,0.3,10,,,0
toolbench,rank,gemini-flash,G1_tool,3,top2,0.01,0.05,0.5,10,10,1.0,7
toolbench,rank,gemini-flash,G1_tool,3,top2,0.01,0.05,0.7,10,,,0
toolbench,rank,gemini-flash,G1_tool,3,top2,0.01,0.1,0.0,10,,,0
toolbench,rank,gemini-flash,G1_tool,3,top2,0.01,0.1,0.1,10,10,1.0,8
toolbench,rank,gemini-flash,G1_tool,3,top2,0.01,0.1,0.2,10,,,0
toolbench,rank,gemini-flash,G1_tool,3,top2,0.01,0.1,0.3,10,10,1.0,8
toolbench,rank,gemini-flash,G1_tool,3,top2,0.01,0.1,0.5,10,,,0
toolbench,rank,gemini-flash,G1_tool,3,top2,0.01,0.1,0.7,10,,,0
toolbench,rank,gemini-flash,G1_tool,3,top2,0.01,0.15,0.0,10,,,0
toolbench,rank,gemini-flash,G1_tool,3,top2,0.01,0.15,0.1,10,,,0
toolbench,rank,gemini-flash,G1_tool,3,top2,0.01,0.15,0.2,10,,,0
toolbench,rank,gemini-flash,G1_tool,3,top2,0.01,0.15,0.3,10,,,0
toolbench,rank,gemini-flash,G1_tool,3,top2,0.01,0.15,0.5,10,,,0
toolbench,rank,gemini-flash,G1_tool,3,top2,0.01,0.15,0.7,10,,,0
toolbench,rank,gemini-flash,G1_tool,3,top2,0.01,0.2,0.0,10,,,0
toolbench,rank,gemini-flash,G1_tool,3,top2,0.01,0.2,0.1,10,,,0
toolbench,rank,gemini-flash,G1_tool,3,top2,0.01,0.2,0.2,10,,,0
toolbench,rank,gemini-flash,G1_tool,3,top2,0.01,0.2,0.3,10,,,0
toolbench,rank,gemini-flash,G1_tool,3,top2,0.01,0.2,0.5,10,,,0
toolbench,rank,gemini-flash,G1_tool,3,top2,0.01,0.2,0.7,10,,,0
toolbench,rank,gemini-flash,G1_tool,3,top2,0.01,0.3,0.0,10,,,0
toolbench,rank,gemini-flash,G1_tool,3,top2,0.01,0.3,0.1,10,,,0
toolbench,rank,gemini-flash,G1_tool,3,top2,0.01,0.3,0.2,10,10,1.0,7
toolbench,rank,gemini-flash,G1_tool,3,top2,0.01,0.3,0.3,10,,,0
toolbench,rank,gemini-flash,G1_tool,3,top2,0.01,0.3,0.5,10,,,0
toolbench,rank,gemini-flash,G1_tool,3,top2,0.01,0.3,0.7,10,,,0
toolbench,rank,gemini-flash,G1_tool,3,top2,0.01,0.5,0.0,10,,,0
toolbench,rank,gemini-flash,G1_tool,3,top2,0.01,0.5,0.1,10,,,0
toolbench,rank,gemini-flash,G1_tool,3,top2,0.01,0.5,0.2,10,,,0
toolbench,rank,gemini-flash,G1_tool,3,top2,0.01,0.5,0.3,10,,,0
toolbench,rank,gemini-flash,G1_tool,3,top2,0.01,0.5,0.5,10,,,0
toolbench,rank,gemini-flash,G1_tool,3,top2,0.01,0.5,0.7,10,,,0
toolbench,rank,gemini-flash,G1_tool,3,top3,0.01,0.0,0.0,10,10,1.0,10
toolbench,rank,gemini-flash,G1_tool,3,top3,0.01,0.0,0.1,10,10,1.0,10
toolbench,rank,gemini-flash,G1_tool,3,top3,0.01,0.0,0.2,10,10,1.0,9
toolbench,rank,gemini-flash,G1_tool,3,top3,0.01,0.0,0.3,10,,,0
toolbench,rank,gemini-flash,G1_tool,3,top3,0.01,0.0,0.5,10,,,0
toolbench,rank,gemini-flash,G1_tool,3,top3,0.01,0.0,0.7,10,,,0
toolbench,rank,gemini-flash,G1_tool,3,top3,0.01,0.05,0.0,10,,,0
toolbench,rank,gemini-flash,G1_tool,3,top3,0.01,0.05,0.1,10,10,1.0,9
toolbench,rank,gemini-flash,G1_tool,3,top3,0.01,0.05,0.2,10,,,0
toolbench,rank,gemini-flash,G1_tool,3,top3,0.01,0.05,0.3,10,10,1.0,9
toolbench,rank,gemini-flash,G1_tool,3,top3,0.01,0.05,0.5,10,,,0
toolbench,rank,gemini-flash,G1_tool,3,top3,0.01,0.05,0.7,10,,,0
toolbench,rank,gemini-flash,G1_tool,3,top3,0.01,0.1,0.0,10,,,0
toolbench,rank,gemini-flash,G1_tool,3,top3,0.01,0.1,0.1,10,,,0
toolbench,rank,gemini-flash,G1_tool,3,top3,0.01,0.1,0.2,10,,,0
toolbench,rank,gemini-flash,G1_tool,3,top3,0.01,0.1,0.3,10,,,0
toolbench,rank,gemini-flash,G1_tool,3,top3,0.01,0.1,0.5,10,,,0
toolbench,rank,gemini-flash,G1_tool,3,top3,0.01,0.1,0.7,10,,,0
toolbench,rank,gemini-flash,G1_tool,3,top3,0.01,0.15,0.0,10,,,0
toolbench,rank,gemini-flash,G1_tool,3,top3,0.01,0.15,0.1,10,,,0
toolbench,rank,gemini-flash,G1_tool,3,top3,0.01,0.15,0.2,10,,,0
toolbench,rank,gemini-flash,G1_tool,3,top3,0.01,0.15,0.3,10,,,0
toolbench,rank,gemini-flash,G1_tool,3,top3,0.01,0.15,0.5,10,,,0
toolbench,rank,gemini-flash,G1_tool,3,top3,0.01,0.15,0.7,10,,,0
toolbench,rank,gemini-flash,G1_tool,3,top3,0.01,0.2,0.0,10,,,0
toolbench,rank,gemini-flash,G1_tool,3,top3,0.01,0.2,0.1,10,,,0
toolbench,rank,gemini-flash,G1_tool,3,top3,0.01,0.2,0.2,10,,,0
toolbench,rank,gemini-flash,G1_tool,3,top3,0.01,0.2,0.3,10,,,0
toolbench,rank,gemini-flash,G1_tool,3,top3,0.01,0.2,0.5,10,,,0
toolbench,rank,gemini-flash,G1_tool,3,top3,0.01,0.2,0.7,10,,,0
toolbench,rank,gemini-flash,G1_tool,3,top3,0.01,0.3,0.0,10,,,0
toolbench,rank,gemini-flash,G1_tool,3,top3,0.01,0.3,0.1,10,,,0
toolbench,rank,gemini-flash,G1_tool,3,top3,0.01,0.3,0.2,10,,,0
toolbench,rank,gemini-flash,G1_tool,3,top3,0.01,0.3,0.3,10,,,0
toolbench,rank,gemini-flash,G1_tool,3,top3,0.01,0.3,0.5,10,,,0
toolbench,rank,gemini-flash,G1_tool,3,top3,0.01,0.3,0.7,10,,,0
toolbench,rank,gemini-flash,G1_tool,3,top3,0.01,0.5,0.0,10,,,0
toolbench,rank,gemini-flash,G1_tool,3,top3,0.01,0.5,0.1,10,,,0
toolbench,rank,gemini-flash,G1_tool,3,top3,0.01,0.5,0.2,10,,,0
toolbench,rank,gemini-flash,G1_tool,3,top3,0.01,0.5,0.3,10,,,0
toolbench,rank,gemini-flash,G1_tool,3,top3,0.01,0.5,0.5,10,,,0
toolbench,rank,gemini-flash,G1_tool,3,top3,0.01,0.5,0.7,10,,,0
toolbench,rank,gemini-flash,G1_tool,3,top5,0.01,0.0,0.0,10,10,1.0,10
toolbench,rank,gemini-flash,G1_tool,3,top5,0.01,0.0,0.1,10,10,1.0,10
toolbench,rank,gemini-flash,G1_tool,3,top5,0.01,0.0,0.2,10,10,1.0,9
toolbench,rank,gemini-flash,G1_tool,3,top5,0.01,0.0,0.3,10,10,1.0,8
toolbench,rank,gemini-flash,G1_tool,3,top5,0.01,0.0,0.5,10,10,1.0,8
toolbench,rank,gemini-flash,G1_tool,3,top5,0.01,0.0,0.7,10,,,0
toolbench,rank,gemini-flash,G1_tool,3,top5,0.01,0.05,0.0,10,,,0
toolbench,rank,gemini-flash,G1_tool,3,top5,0.01,0.05,0.1,10,10,1.0,10
toolbench,rank,gemini-flash,G1_tool,3,top5,0.01,0.05,0.2,10,,,0
toolbench,rank,gemini-flash,G1_tool,3,top5,0.01,0.05,0.3,10,10,1.0,10
toolbench,rank,gemini-flash,G1_tool,3,top5,0.01,0.05,0.5,10,,,0
toolbench,rank,gemini-flash,G1_tool,3,top5,0.01,0.05,0.7,10,,,0
toolbench,rank,gemini-flash,G1_tool,3,top5,0.01,0.1,0.0,10,,,0
toolbench,rank,gemini-flash,G1_tool,3,top5,0.01,0.1,0.1,10,,,0
toolbench,rank,gemini-flash,G1_tool,3,top5,0.01,0.1,0.2,10,,,0
toolbench,rank,gemini-flash,G1_tool,3,top5,0.01,0.1,0.3,10,10,1.0,7
toolbench,rank,gemini-flash,G1_tool,3,top5,0.01,0.1,0.5,10,,,0
toolbench,rank,gemini-flash,G1_tool,3,top5,0.01,0.1,0.7,10,,,0
toolbench,rank,gemini-flash,G1_tool,3,top5,0.01,0.15,0.0,10,,,0
toolbench,rank,gemini-flash,G1_tool,3,top5,0.01,0.15,0.1,10,10,1.0,10
toolbench,rank,gemini-flash,G1_tool,3,top5,0.01,0.15,0.2,10,10,1.0,8
toolbench,rank,gemini-flash,G1_tool,3,top5,0.01,0.15,0.3,10,,,0
toolbench,rank,gemini-flash,G1_tool,3,top5,0.01,0.15,0.5,10,,,0
toolbench,rank,gemini-flash,G1_tool,3,top5,0.01,0.15,0.7,10,,,0
toolbench,rank,gemini-flash,G1_tool,3,top5,0.01,0.2,0.0,10,,,0
toolbench,rank,gemini-flash,G1_tool,3,top5,0.01,0.2,0.1,10,,,0
toolbench,rank,gemini-flash,G1_tool,3,top5,0.01,0.2,0.2,10,,,0
toolbench,rank,gemini-flash,G1_tool,3,top5,0.01,0.2,0.3,10,,,0
toolbench,rank,gemini-flash,G1_tool,3,top5,0.01,0.2,0.5,10,,,0
toolbench,rank,gemini-flash,G1_tool,3,top5,0.01,0.2,0.7,10,,,0
toolbench,rank,gemini-flash,G1_tool,3,top5,0.01,0.3,0.0,10,,,0
toolbench,rank,gemini-flash,G1_tool,3,top5,0.01,0.3,0.1,10,,,0
toolbench,rank,gemini-flash,G1_tool,3,top5,0.01,0.3,0.2,10,,,0
toolbench,rank,gemini-flash,G1_tool,3,top5,0.01,0.3,0.3,10,,,0
toolbench,rank,gemini-flash,G1_tool,3,top5,0.01,0.3,0.5,10,,,0
toolbench,rank,gemini-flash,G1_tool,3,top5,0.01,0.3,0.7,10,,,0
toolbench,rank,gemini-flash,G1_tool,3,top5,0.01,0.5,0.0,10,,,0
toolbench,rank,gemini-flash,G1_tool,3,top5,0.01,0.5,0.1,10,,,0
toolbench,rank,gemini-flash,G1_tool,3,top5,0.01,0.5,0.2,10,,,0
toolbench,rank,gemini-flash,G1_tool,3,top5,0.01,0.5,0.3,10,,,0
toolbench,rank,gemini-flash,G1_tool,3,top5,0.01,0.5,0.5,10,,,0
toolbench,rank,gemini-flash,G1_tool,3,top5,0.01,0.5,0.7,10,,,0
toolbench,rank,gemini-flash,G2_category,1,full_rank,0.01,0.0,0.0,10,10,1.0,10
toolbench,rank,gemini-flash,G2_category,1,full_rank,0.01,0.0,0.1,10,10,1.0,10
toolbench,rank,gemini-flash,G2_category,1,full_rank,0.01,0.0,0.2,10,10,1.0,8
toolbench,rank,gemini-flash,G2_category,1,full_rank,0.01,0.0,0.3,10,10,1.0,8
toolbench,rank,gemini-flash,G2_category,1,full_rank,0.01,0.0,0.5,10,,,0
toolbench,rank,gemini-flash,G2_category,1,full_rank,0.01,0.0,0.7,10,,,0
toolbench,rank,gemini-flash,G2_category,1,full_rank,0.01,0.05,0.0,10,10,1.0,10
toolbench,rank,gemini-flash,G2_category,1,full_rank,0.01,0.05,0.1,10,10,1.0,9
toolbench,rank,gemini-flash,G2_category,1,full_rank,0.01,0.05,0.2,10,10,1.0,7
toolbench,rank,gemini-flash,G2_category,1,full_rank,0.01,0.05,0.3,10,10,1.0,9
toolbench,rank,gemini-flash,G2_category,1,full_rank,0.01,0.05,0.5,10,,,0
toolbench,rank,gemini-flash,G2_category,1,full_rank,0.01,0.05,0.7,10,,,0
toolbench,rank,gemini-flash,G2_category,1,full_rank,0.01,0.1,0.0,10,,,0
toolbench,rank,gemini-flash,G2_category,1,full_rank,0.01,0.1,0.1,10,,,0
toolbench,rank,gemini-flash,G2_category,1,full_rank,0.01,0.1,0.2,10,10,1.0,7
toolbench,rank,gemini-flash,G2_category,1,full_rank,0.01,0.1,0.3,10,,,0
toolbench,rank,gemini-flash,G2_category,1,full_rank,0.01,0.1,0.5,10,,,0
toolbench,rank,gemini-flash,G2_category,1,full_rank,0.01,0.1,0.7,10,,,0
toolbench,rank,gemini-flash,G2_category,1,full_rank,0.01,0.15,0.0,10,,,0
toolbench,rank,gemini-flash,G2_category,1,full_rank,0.01,0.15,0.1,10,,,0
toolbench,rank,gemini-flash,G2_category,1,full_rank,0.01,0.15,0.2,10,,,0
toolbench,rank,gemini-flash,G2_category,1,full_rank,0.01,0.15,0.3,10,,,0
toolbench,rank,gemini-flash,G2_category,1,full_rank,0.01,0.15,0.5,10,,,0
toolbench,rank,gemini-flash,G2_category,1,full_rank,0.01,0.15,0.7,10,,,0
toolbench,rank,gemini-flash,G2_category,1,full_rank,0.01,0.2,0.0,10,,,0
toolbench,rank,gemini-flash,G2_category,1,full_rank,0.01,0.2,0.1,10,,,0
toolbench,rank,gemini-flash,G2_category,1,full_rank,0.01,0.2,0.2,10,,,0
toolbench,rank,gemini-flash,G2_category,1,full_rank,0.01,0.2,0.3,10,,,0
toolbench,rank,gemini-flash,G2_category,1,full_rank,0.01,0.2,0.5,10,,,0
toolbench,rank,gemini-flash,G2_category,1,full_rank,0.01,0.2,0.7,10,,,0
toolbench,rank,gemini-flash,G2_category,1,full_rank,0.01,0.3,0.0,10,,,0
toolbench,rank,gemini-flash,G2_category,1,full_rank,0.01,0.3,0.1,10,,,0
toolbench,rank,gemini-flash,G2_category,1,full_rank,0.01,0.3,0.2,10,,,0
toolbench,rank,gemini-flash,G2_category,1,full_rank,0.01,0.3,0.3,10,,,0
toolbench,rank,gemini-flash,G2_category,1,full_rank,0.01,0.3,0.5,10,,,0
toolbench,rank,gemini-flash,G2_category,1,full_rank,0.01,0.3,0.7,10,,,0
toolbench,rank,gemini-flash,G2_category,1,full_rank,0.01,0.5,0.0,10,,,0
toolbench,rank,gemini-flash,G2_category,1,full_rank,0.01,0.5,0.1,10,,,0
toolbench,rank,gemini-flash,G2_category,1,full_rank,0.01,0.5,0.2,10,,,0
toolbench,rank,gemini-flash,G2_category,1,full_rank,0.01,0.5,0.3,10,,,0
toolbench,rank,gemini-flash,G2_category,1,full_rank,0.01,0.5,0.5,10,,,0
toolbench,rank,gemini-flash,G2_category,1,full_rank,0.01,0.5,0.7,10,,,0
toolbench,rank,gemini-flash,G2_category,1,top10,0.01,0.0,0.0,10,10,1.0,10
toolbench,rank,gemini-flash,G2_category,1,top10,0.01,0.0,0.1,10,10,1.0,9
toolbench,rank,gemini-flash,G2_category,1,top10,0.01,0.0,0.2,10,10,1.0,7
toolbench,rank,gemini-flash,G2_category,1,top10,0.01,0.0,0.3,10,,,0
toolbench,rank,gemini-flash,G2_category,1,top10,0.01,0.0,0.5,10,,,0
toolbench,rank,gemini-flash,G2_category,1,top10,0.01,0.0,0.7,10,,,0
toolbench,rank,gemini-flash,G2_category,1,top10,0.01,0.05,0.0,10,,,0
toolbench,rank,gemini-flash,G2_category,1,top10,0.01,0.05,0.1,10,10,1.0,9
toolbench,rank,gemini-flash,G2_category,1,top10,0.01,0.05,0.2,10,10,1.0,9
toolbench,rank,gemini-flash,G2_category,1,top10,0.01,0.05,0.3,10,10,1.0,7
toolbench,rank,gemini-flash,G2_category,1,top10,0.01,0.05,0.5,10,,,0
toolbench,rank,gemini-flash,G2_category,1,top10,0.01,0.05,0.7,10,,,0
toolbench,rank,gemini-flash,G2_category,1,top10,0.01,0.1,0.0,10,10,1.0,10
toolbench,rank,gemini-flash,G2_category,1,top10,0.01,0.1,0.1,10,,,0
toolbench,rank,gemini-flash,G2_category,1,top10,0.01,0.1,0.2,10,10,1.0,8
toolbench,rank,gemini-flash,G2_category,1,top10,0.01,0.1,0.3,10,10,1.0,8
toolbench,rank,gemini-flash,G2_category,1,top10,0.01,0.1,0.5,10,,,0
toolbench,rank,gemini-flash,G2_category,1,top10,0.01,0.1,0.7,10,,,0
toolbench,rank,gemini-flash,G2_category,1,top10,0.01,0.15,0.0,10,10,1.0,10
toolbench,rank,gemini-flash,G2_category,1,top10,0.01,0.15,0.1,10,,,0
toolbench,rank,gemini-flash,G2_category,1,top10,0.01,0.15,0.2,10,,,0
toolbench,rank,gemini-flash,G2_category,1,top10,0.01,0.15,0.3,10,,,0
toolbench,rank,gemini-flash,G2_category,1,top10,0.01,0.15,0.5,10,,,0
toolbench,rank,gemini-flash,G2_category,1,top10,0.01,0.15,0.7,10,,,0
toolbench,rank,gemini-flash,G2_category,1,top10,0.01,0.2,0.0,10,,,0
toolbench,rank,gemini-flash,G2_category,1,top10,0.01,0.2,0.1,10,,,0
toolbench,rank,gemini-flash,G2_category,1,top10,0.01,0.2,0.2,10,,,0
toolbench,rank,gemini-flash,G2_category,1,top10,0.01,0.2,0.3,10,,,0
toolbench,rank,gemini-flash,G2_category,1,top10,0.01,0.2,0.5,10,,,0
toolbench,rank,gemini-flash,G2_category,1,top10,0.01,0.2,0.7,10,,,0
toolbench,rank,gemini-flash,G2_category,1,top10,0.01,0.3,0.0,10,,,0
toolbench,rank,gemini-flash,G2_category,1,top10,0.01,0.3,0.1,10,,,0
toolbench,rank,gemini-flash,G2_category,1,top10,0.01,0.3,0.2,10,,,0
toolbench,rank,gemini-flash,G2_category,1,top10,0.01,0.3,0.3,10,,,0
toolbench,rank,gemini-flash,G2_category,1,top10,0.01,0.3,0.5,10,,,0
toolbench,rank,gemini-flash,G2_category,1,top10,0.01,0.3,0.7,10,,,0
toolbench,rank,gemini-flash,G2_category,1,top10,0.01,0.5,0.0,10,,,0
toolbench,rank,gemini-flash,G2_category,1,top10,0.01,0.5,0.1,10,,,0
toolbench,rank,gemini-flash,G2_category,1,top10,0.01,0.5,0.2,10,,,0
toolbench,rank,gemini-flash,G2_category,1,top10,0.01,0.5,0.3,10,,,0
toolbench,rank,gemini-flash,G2_category,1,top10,0.01,0.5,0.5,10,,,0
toolbench,rank,gemini-flash,G2_category,1,top10,0.01,0.5,0.7,10,,,0
toolbench,rank,gemini-flash,G2_category,1,top2,0.01,0.0,0.0,,,,0
toolbench,rank,gemini-flash,G2_category,1,top2,0.01,0.0,0.1,,,,0
toolbench,rank,gemini-flash,G2_category,1,top2,0.01,0.0,0.2,,,,0
toolbench,rank,gemini-flash,G2_category,1,top2,0.01,0.0,0.3,,,,0
toolbench,rank,gemini-flash,G2_category,1,top2,0.01,0.0,0.5,,,,0
toolbench,rank,gemini-flash,G2_category,1,top2,0.01,0.0,0.7,,,,0
toolbench,rank,gemini-flash,G2_category,1,top2,0.01,0.05,0.0,,,,0
toolbench,rank,gemini-flash,G2_category,1,top2,0.01,0.05,0.1,,,,0
toolbench,rank,gemini-flash,G2_category,1,top2,0.01,0.05,0.2,,,,0
toolbench,rank,gemini-flash,G2_category,1,top2,0.01,0.05,0.3,,,,0
toolbench,rank,gemini-flash,G2_category,1,top2,0.01,0.05,0.5,,,,0
toolbench,rank,gemini-flash,G2_category,1,top2,0.01,0.05,0.7,,,,0
toolbench,rank,gemini-flash,G2_category,1,top2,0.01,0.1,0.0,,,,0
toolbench,rank,gemini-flash,G2_category,1,top2,0.01,0.1,0.1,,,,0
toolbench,rank,gemini-flash,G2_category,1,top2,0.01,0.1,0.2,,,,0
toolbench,rank,gemini-flash,G2_category,1,top2,0.01,0.1,0.3,,,,0
toolbench,rank,gemini-flash,G2_category,1,top2,0.01,0.1,0.5,,,,0
toolbench,rank,gemini-flash,G2_category,1,top2,0.01,0.1,0.7,,,,0
toolbench,rank,gemini-flash,G2_category,1,top2,0.01,0.15,0.0,,,,0
toolbench,rank,gemini-flash,G2_category,1,top2,0.01,0.15,0.1,,,,0
toolbench,rank,gemini-flash,G2_category,1,top2,0.01,0.15,0.2,,,,0
toolbench,rank,gemini-flash,G2_category,1,top2,0.01,0.15,0.3,,,,0
toolbench,rank,gemini-flash,G2_category,1,top2,0.01,0.15,0.5,,,,0
toolbench,rank,gemini-flash,G2_category,1,top2,0.01,0.15,0.7,,,,0
toolbench,rank,gemini-flash,G2_category,1,top2,0.01,0.2,0.0,,,,0
toolbench,rank,gemini-flash,G2_category,1,top2,0.01,0.2,0.1,,,,0
toolbench,rank,gemini-flash,G2_category,1,top2,0.01,0.2,0.2,,,,0
toolbench,rank,gemini-flash,G2_category,1,top2,0.01,0.2,0.3,,,,0
toolbench,rank,gemini-flash,G2_category,1,top2,0.01,0.2,0.5,,,,0
toolbench,rank,gemini-flash,G2_category,1,top2,0.01,0.2,0.7,,,,0
toolbench,rank,gemini-flash,G2_category,1,top2,0.01,0.3,0.0,,,,0
toolbench,rank,gemini-flash,G2_category,1,top2,0.01,0.3,0.1,,,,0
toolbench,rank,gemini-flash,G2_category,1,top2,0.01,0.3,0.2,,,,0
toolbench,rank,gemini-flash,G2_category,1,top2,0.01,0.3,0.3,,,,0
toolbench,rank,gemini-flash,G2_category,1,top2,0.01,0.3,0.5,,,,0
toolbench,rank,gemini-flash,G2_category,1,top2,0.01,0.3,0.7,,,,0
toolbench,rank,gemini-flash,G2_category,1,top2,0.01,0.5,0.0,,,,0
toolbench,rank,gemini-flash,G2_category,1,top2,0.01,0.5,0.1,,,,0
toolbench,rank,gemini-flash,G2_category,1,top2,0.01,0.5,0.2,,,,0
toolbench,rank,gemini-flash,G2_category,1,top2,0.01,0.5,0.3,,,,0
toolbench,rank,gemini-flash,G2_category,1,top2,0.01,0.5,0.5,,,,0
toolbench,rank,gemini-flash,G2_category,1,top2,0.01,0.5,0.7,,,,0
toolbench,rank,gemini-flash,G2_category,1,top3,0.01,0.0,0.0,,,,0
toolbench,rank,gemini-flash,G2_category,1,top3,0.01,0.0,0.1,,,,0
toolbench,rank,gemini-flash,G2_category,1,top3,0.01,0.0,0.2,,,,0
toolbench,rank,gemini-flash,G2_category,1,top3,0.01,0.0,0.3,,,,0
toolbench,rank,gemini-flash,G2_category,1,top3,0.01,0.0,0.5,,,,0
toolbench,rank,gemini-flash,G2_category,1,top3,0.01,0.0,0.7,,,,0
toolbench,rank,gemini-flash,G2_category,1,top3,0.01,0.05,0.0,,,,0
toolbench,rank,gemini-flash,G2_category,1,top3,0.01,0.05,0.1,,,,0
toolbench,rank,gemini-flash,G2_category,1,top3,0.01,0.05,0.2,,,,0
toolbench,rank,gemini-flash,G2_category,1,top3,0.01,0.05,0.3,,,,0
toolbench,rank,gemini-flash,G2_category,1,top3,0.01,0.05,0.5,,,,0
toolbench,rank,gemini-flash,G2_category,1,top3,0.01,0.05,0.7,,,,0
toolbench,rank,gemini-flash,G2_category,1,top3,0.01,0.1,0.0,,,,0
toolbench,rank,gemini-flash,G2_category,1,top3,0.01,0.1,0.1,,,,0
toolbench,rank,gemini-flash,G2_category,1,top3,0.01,0.1,0.2,,,,0
toolbench,rank,gemini-flash,G2_category,1,top3,0.01,0.1,0.3,,,,0
toolbench,rank,gemini-flash,G2_category,1,top3,0.01,0.1,0.5,,,,0
toolbench,rank,gemini-flash,G2_category,1,top3,0.01,0.1,0.7,,,,0
toolbench,rank,gemini-flash,G2_category,1,top3,0.01,0.15,0.0,,,,0
toolbench,rank,gemini-flash,G2_category,1,top3,0.01,0.15,0.1,,,,0
toolbench,rank,gemini-flash,G2_category,1,top3,0.01,0.15,0.2,,,,0
toolbench,rank,gemini-flash,G2_category,1,top3,0.01,0.15,0.3,,,,0
toolbench,rank,gemini-flash,G2_category,1,top3,0.01,0.15,0.5,,,,0
toolbench,rank,gemini-flash,G2_category,1,top3,0.01,0.15,0.7,,,,0
toolbench,rank,gemini-flash,G2_category,1,top3,0.01,0.2,0.0,,,,0
toolbench,rank,gemini-flash,G2_category,1,top3,0.01,0.2,0.1,,,,0
toolbench,rank,gemini-flash,G2_category,1,top3,0.01,0.2,0.2,,,,0
toolbench,rank,gemini-flash,G2_category,1,top3,0.01,0.2,0.3,,,,0
toolbench,rank,gemini-flash,G2_category,1,top3,0.01,0.2,0.5,,,,0
toolbench,rank,gemini-flash,G2_category,1,top3,0.01,0.2,0.7,,,,0
toolbench,rank,gemini-flash,G2_category,1,top3,0.01,0.3,0.0,,,,0
toolbench,rank,gemini-flash,G2_category,1,top3,0.01,0.3,0.1,,,,0
toolbench,rank,gemini-flash,G2_category,1,top3,0.01,0.3,0.2,,,,0
toolbench,rank,gemini-flash,G2_category,1,top3,0.01,0.3,0.3,,,,0
toolbench,rank,gemini-flash,G2_category,1,top3,0.01,0.3,0.5,,,,0
toolbench,rank,gemini-flash,G2_category,1,top3,0.01,0.3,0.7,,,,0
toolbench,rank,gemini-flash,G2_category,1,top3,0.01,0.5,0.0,,,,0
toolbench,rank,gemini-flash,G2_category,1,top3,0.01,0.5,0.1,,,,0
toolbench,rank,gemini-flash,G2_category,1,top3,0.01,0.5,0.2,,,,0
toolbench,rank,gemini-flash,G2_category,1,top3,0.01,0.5,0.3,,,,0
toolbench,rank,gemini-flash,G2_category,1,top3,0.01,0.5,0.5,,,,0
toolbench,rank,gemini-flash,G2_category,1,top3,0.01,0.5,0.7,,,,0
toolbench,rank,gemini-flash,G2_category,1,top5,0.01,0.0,0.0,10,10,1.0,10
toolbench,rank,gemini-flash,G2_category,1,top5,0.01,0.0,0.1,10,10,1.0,10
toolbench,rank,gemini-flash,G2_category,1,top5,0.01,0.0,0.2,10,10,1.0,8
toolbench,rank,gemini-flash,G2_category,1,top5,0.01,0.0,0.3,10,,,0
toolbench,rank,gemini-flash,G2_category,1,top5,0.01,0.0,0.5,10,,,0
toolbench,rank,gemini-flash,G2_category,1,top5,0.01,0.0,0.7,10,,,0
toolbench,rank,gemini-flash,G2_category,1,top5,0.01,0.05,0.0,10,10,1.0,10
toolbench,rank,gemini-flash,G2_category,1,top5,0.01,0.05,0.1,10,10,1.0,10
toolbench,rank,gemini-flash,G2_category,1,top5,0.01,0.05,0.2,10,10,1.0,8
toolbench,rank,gemini-flash,G2_category,1,top5,0.01,0.05,0.3,10,10,1.0,8
toolbench,rank,gemini-flash,G2_category,1,top5,0.01,0.05,0.5,10,,,0
toolbench,rank,gemini-flash,G2_category,1,top5,0.01,0.05,0.7,10,,,0
toolbench,rank,gemini-flash,G2_category,1,top5,0.01,0.1,0.0,10,,,0
toolbench,rank,gemini-flash,G2_category,1,top5,0.01,0.1,0.1,10,10,1.0,10
toolbench,rank,gemini-flash,G2_category,1,top5,0.01,0.1,0.2,10,10,1.0,8
toolbench,rank,gemini-flash,G2_category,1,top5,0.01,0.1,0.3,10,,,0
toolbench,rank,gemini-flash,G2_category,1,top5,0.01,0.1,0.5,10,,,0
toolbench,rank,gemini-flash,G2_category,1,top5,0.01,0.1,0.7,10,,,0
toolbench,rank,gemini-flash,G2_category,1,top5,0.01,0.15,0.0,10,,,0
toolbench,rank,gemini-flash,G2_category,1,top5,0.01,0.15,0.1,10,10,1.0,9
toolbench,rank,gemini-flash,G2_category,1,top5,0.01,0.15,0.2,10,,,0
toolbench,rank,gemini-flash,G2_category,1,top5,0.01,0.15,0.3,10,10,1.0,8
toolbench,rank,gemini-flash,G2_category,1,top5,0.01,0.15,0.5,10,,,0
toolbench,rank,gemini-flash,G2_category,1,top5,0.01,0.15,0.7,10,,,0
toolbench,rank,gemini-flash,G2_category,1,top5,0.01,0.2,0.0,10,,,0
toolbench,rank,gemini-flash,G2_category,1,top5,0.01,0.2,0.1,10,,,0
toolbench,rank,gemini-flash,G2_category,1,top5,0.01,0.2,0.2,10,,,0
toolbench,rank,gemini-flash,G2_category,1,top5,0.01,0.2,0.3,10,,,0
toolbench,rank,gemini-flash,G2_category,1,top5,0.01,0.2,0.5,10,,,0
toolbench,rank,gemini-flash,G2_category,1,top5,0.01,0.2,0.7,10,,,0
toolbench,rank,gemini-flash,G2_category,1,top5,0.01,0.3,0.0,10,,,0
toolbench,rank,gemini-flash,G2_category,1,top5,0.01,0.3,0.1,10,10,1.0,9
toolbench,rank,gemini-flash,G2_category,1,top5,0.01,0.3,0.2,10,,,0
toolbench,rank,gemini-flash,G2_category,1,top5,0.01,0.3,0.3,10,,,0
toolbench,rank,gemini-flash,G2_category,1,top5,0.01,0.3,0.5,10,,,0
toolbench,rank,gemini-flash,G2_category,1,top5,0.01,0.3,0.7,10,,,0
toolbench,rank,gemini-flash,G2_category,1,top5,0.01,0.5,0.0,10,,,0
toolbench,rank,gemini-flash,G2_category,1,top5,0.01,0.5,0.1,10,,,0
toolbench,rank,gemini-flash,G2_category,1,top5,0.01,0.5,0.2,10,,,0
toolbench,rank,gemini-flash,G2_category,1,top5,0.01,0.5,0.3,10,,,0
toolbench,rank,gemini-flash,G2_category,1,top5,0.01,0.5,0.5,10,,,0
toolbench,rank,gemini-flash,G2_category,1,top5,0.01,0.5,0.7,10,,,0
toolbench,rank,gemini-flash,G2_category,2,full_rank,0.01,0.0,0.0,10,10,1.0,10
toolbench,rank,gemini-flash,G2_category,2,full_rank,0.01,0.0,0.1,10,10,1.0,10
toolbench,rank,gemini-flash,G2_category,2,full_rank,0.01,0.0,0.2,10,10,1.0,10
toolbench,rank,gemini-flash,G2_category,2,full_rank,0.01,0.0,0.3,10,10,1.0,9
toolbench,rank,gemini-flash,G2_category,2,full_rank,0.01,0.0,0.5,10,10,1.0,7
toolbench,rank,gemini-flash,G2_category,2,full_rank,0.01,0.0,0.7,10,20,2.0,8
toolbench,rank,gemini-flash,G2_category,2,full_rank,0.01,0.05,0.0,10,20,2.0,20
toolbench,rank,gemini-flash,G2_category,2,full_rank,0.01,0.05,0.1,10,10,1.0,10
toolbench,rank,gemini-flash,G2_category,2,full_rank,0.01,0.05,0.2,10,10,1.0,8
toolbench,rank,gemini-flash,G2_category,2,full_rank,0.01,0.05,0.3,10,20,2.0,15
toolbench,rank,gemini-flash,G2_category,2,full_rank,0.01,0.05,0.5,10,20,2.0,12
toolbench,rank,gemini-flash,G2_category,2,full_rank,0.01,0.05,0.7,10,20,2.0,7
toolbench,rank,gemini-flash,G2_category,2,full_rank,0.01,0.1,0.0,10,20,2.0,20
toolbench,rank,gemini-flash,G2_category,2,full_rank,0.01,0.1,0.1,10,,,0
toolbench,rank,gemini-flash,G2_category,2,full_rank,0.01,0.1,0.2,10,20,2.0,15
toolbench,rank,gemini-flash,G2_category,2,full_rank,0.01,0.1,0.3,10,10,1.0,8
toolbench,rank,gemini-flash,G2_category,2,full_rank,0.01,0.1,0.5,10,20,2.0,11
toolbench,rank,gemini-flash,G2_category,2,full_rank,0.01,0.1,0.7,10,,,0
toolbench,rank,gemini-flash,G2_category,2,full_rank,0.01,0.15,0.0,10,20,2.0,20
toolbench,rank,gemini-flash,G2_category,2,full_rank,0.01,0.15,0.1,10,,,0
toolbench,rank,gemini-flash,G2_category,2,full_rank,0.01,0.15,0.2,10,20,2.0,16
toolbench,rank,gemini-flash,G2_category,2,full_rank,0.01,0.15,0.3,10,20,2.0,14
toolbench,rank,gemini-flash,G2_category,2,full_rank,0.01,0.15,0.5,10,,,0
toolbench,rank,gemini-flash,G2_category,2,full_rank,0.01,0.15,0.7,10,20,2.0,8
toolbench,rank,gemini-flash,G2_category,2,full_rank,0.01,0.2,0.0,10,,,0
toolbench,rank,gemini-flash,G2_category,2,full_rank,0.01,0.2,0.1,10,,,0
toolbench,rank,gemini-flash,G2_category,2,full_rank,0.01,0.2,0.2,10,,,0
toolbench,rank,gemini-flash,G2_category,2,full_rank,0.01,0.2,0.3,10,20,2.0,14
toolbench,rank,gemini-flash,G2_category,2,full_rank,0.01,0.2,0.5,10,,,0
toolbench,rank,gemini-flash,G2_category,2,full_rank,0.01,0.2,0.7,10,,,0
toolbench,rank,gemini-flash,G2_category,2,full_rank,0.01,0.3,0.0,10,20,2.0,20
toolbench,rank,gemini-flash,G2_category,2,full_rank,0.01,0.3,0.1,10,,,0
toolbench,rank,gemini-flash,G2_category,2,full_rank,0.01,0.3,0.2,10,,,0
toolbench,rank,gemini-flash,G2_category,2,full_rank,0.01,0.3,0.3,10,,,0
toolbench,rank,gemini-flash,G2_category,2,full_rank,0.01,0.3,0.5,10,,,0
toolbench,rank,gemini-flash,G2_category,2,full_rank,0.01,0.3,0.7,10,,,0
toolbench,rank,gemini-flash,G2_category,2,full_rank,0.01,0.5,0.0,10,,,0
toolbench,rank,gemini-flash,G2_category,2,full_rank,0.01,0.5,0.1,10,,,0
toolbench,rank,gemini-flash,G2_category,2,full_rank,0.01,0.5,0.2,10,,,0
toolbench,rank,gemini-flash,G2_category,2,full_rank,0.01,0.5,0.3,10,,,0
toolbench,rank,gemini-flash,G2_category,2,full_rank,0.01,0.5,0.5,10,,,0
toolbench,rank,gemini-flash,G2_category,2,full_rank,0.01,0.5,0.7,10,,,0
toolbench,rank,gemini-flash,G2_category,2,top10,0.01,0.0,0.0,10,10,1.0,10
toolbench,rank,gemini-flash,G2_category,2,top10,0.01,0.0,0.1,10,10,1.0,9
toolbench,rank,gemini-flash,G2_category,2,top10,0.01,0.0,0.2,10,10,1.0,10
toolbench,rank,gemini-flash,G2_category,2,top10,0.01,0.0,0.3,10,10,1.0,9
toolbench,rank,gemini-flash,G2_category,2,top10,0.01,0.0,0.5,10,20,2.0,8
toolbench,rank,gemini-flash,G2_category,2,top10,0.01,0.0,0.7,10,,,0
toolbench,rank,gemini-flash,G2_category,2,top10,0.01,0.05,0.0,10,10,1.0,10
toolbench,rank,gemini-flash,G2_category,2,top10,0.01,0.05,0.1,10,10,1.0,7
toolbench,rank,gemini-flash,G2_category,2,top10,0.01,0.05,0.2,10,20,2.0,17
toolbench,rank,gemini-flash,G2_category,2,top10,0.01,0.05,0.3,10,10,1.0,7
toolbench,rank,gemini-flash,G2_category,2,top10,0.01,0.05,0.5,10,20,2.0,11
toolbench,rank,gemini-flash,G2_category,2,top10,0.01,0.05,0.7,10,,,0
toolbench,rank,gemini-flash,G2_category,2,top10,0.01,0.1,0.0,10,,,0
toolbench,rank,gemini-flash,G2_category,2,top10,0.01,0.1,0.1,10,10,1.0,8
toolbench,rank,gemini-flash,G2_category,2,top10,0.01,0.1,0.2,10,20,2.0,15
toolbench,rank,gemini-flash,G2_category,2,top10,0.01,0.1,0.3,10,10,1.0,8
toolbench,rank,gemini-flash,G2_category,2,top10,0.01,0.1,0.5,10,,,0
toolbench,rank,gemini-flash,G2_category,2,top10,0.01,0.1,0.7,10,20,2.0,7
toolbench,rank,gemini-flash,G2_category,2,top10,0.01,0.15,0.0,10,20,2.0,20
toolbench,rank,gemini-flash,G2_category,2,top10,0.01,0.15,0.1,10,20,2.0,19
toolbench,rank,gemini-flash,G2_category,2,top10,0.01,0.15,0.2,10,10,1.0,10
toolbench,rank,gemini-flash,G2_category,2,top10,0.01,0.15,0.3,10,10,1.0,9
toolbench,rank,gemini-flash,G2_category,2,top10,0.01,0.15,0.5,10,,,0
toolbench,rank,gemini-flash,G2_category,2,top10,0.01,0.15,0.7,10,20,2.0,7
toolbench,rank,gemini-flash,G2_category,2,top10,0.01,0.2,0.0,10,20,2.0,20
toolbench,rank,gemini-flash,G2_category,2,top10,0.01,0.2,0.1,10,10,1.0,8
toolbench,rank,gemini-flash,G2_category,2,top10,0.01,0.2,0.2,10,20,2.0,17
toolbench,rank,gemini-flash,G2_category,2,top10,0.01,0.2,0.3,10,20,2.0,14
toolbench,rank,gemini-flash,G2_category,2,top10,0.01,0.2,0.5,10,,,0
toolbench,rank,gemini-flash,G2_category,2,top10,0.01,0.2,0.7,10,,,0
toolbench,rank,gemini-flash,G2_category,2,top10,0.01,0.3,0.0,10,,,0
toolbench,rank,gemini-flash,G2_category,2,top10,0.01,0.3,0.1,10,,,0
toolbench,rank,gemini-flash,G2_category,2,top10,0.01,0.3,0.2,10,20,2.0,17
toolbench,rank,gemini-flash,G2_category,2,top10,0.01,0.3,0.3,10,,,0
toolbench,rank,gemini-flash,G2_category,2,top10,0.01,0.3,0.5,10,,,0
toolbench,rank,gemini-flash,G2_category,2,top10,0.01,0.3,0.7,10,,,0
toolbench,rank,gemini-flash,G2_category,2,top10,0.01,0.5,0.0,10,,,0
toolbench,rank,gemini-flash,G2_category,2,top10,0.01,0.5,0.1,10,,,0
toolbench,rank,gemini-flash,G2_category,2,top10,0.01,0.5,0.2,10,,,0
toolbench,rank,gemini-flash,G2_category,2,top10,0.01,0.5,0.3,10,,,0
toolbench,rank,gemini-flash,G2_category,2,top10,0.01,0.5,0.5,10,,,0
toolbench,rank,gemini-flash,G2_category,2,top10,0.01,0.5,0.7,10,,,0
toolbench,rank,gemini-flash,G2_category,2,top2,0.01,0.0,0.0,,,,0
toolbench,rank,gemini-flash,G2_category,2,top2,0.01,0.0,0.1,,,,0
toolbench,rank,gemini-flash,G2_category,2,top2,0.01,0.0,0.2,,,,0
toolbench,rank,gemini-flash,G2_category,2,top2,0.01,0.0,0.3,,,,0
toolbench,rank,gemini-flash,G2_category,2,top2,0.01,0.0,0.5,,,,0
toolbench,rank,gemini-flash,G2_category,2,top2,0.01,0.0,0.7,,,,0
toolbench,rank,gemini-flash,G2_category,2,top2,0.01,0.05,0.0,,,,0
toolbench,rank,gemini-flash,G2_category,2,top2,0.01,0.05,0.1,,,,0
toolbench,rank,gemini-flash,G2_category,2,top2,0.01,0.05,0.2,,,,0
toolbench,rank,gemini-flash,G2_category,2,top2,0.01,0.05,0.3,,,,0
toolbench,rank,gemini-flash,G2_category,2,top2,0.01,0.05,0.5,,,,0
toolbench,rank,gemini-flash,G2_category,2,top2,0.01,0.05,0.7,,,,0
toolbench,rank,gemini-flash,G2_category,2,top2,0.01,0.1,0.0,,,,0
toolbench,rank,gemini-flash,G2_category,2,top2,0.01,0.1,0.1,,,,0
toolbench,rank,gemini-flash,G2_category,2,top2,0.01,0.1,0.2,,,,0
toolbench,rank,gemini-flash,G2_category,2,top2,0.01,0.1,0.3,,,,0
toolbench,rank,gemini-flash,G2_category,2,top2,0.01,0.1,0.5,,,,0
toolbench,rank,gemini-flash,G2_category,2,top2,0.01,0.1,0.7,,,,0
toolbench,rank,gemini-flash,G2_category,2,top2,0.01,0.15,0.0,,,,0
toolbench,rank,gemini-flash,G2_category,2,top2,0.01,0.15,0.1,,,,0
toolbench,rank,gemini-flash,G2_category,2,top2,0.01,0.15,0.2,,,,0
toolbench,rank,gemini-flash,G2_category,2,top2,0.01,0.15,0.3,,,,0
toolbench,rank,gemini-flash,G2_category,2,top2,0.01,0.15,0.5,,,,0
toolbench,rank,gemini-flash,G2_category,2,top2,0.01,0.15,0.7,,,,0
toolbench,rank,gemini-flash,G2_category,2,top2,0.01,0.2,0.0,,,,0
toolbench,rank,gemini-flash,G2_category,2,top2,0.01,0.2,0.1,,,,0
toolbench,rank,gemini-flash,G2_category,2,top2,0.01,0.2,0.2,,,,0
toolbench,rank,gemini-flash,G2_category,2,top2,0.01,0.2,0.3,,,,0
toolbench,rank,gemini-flash,G2_category,2,top2,0.01,0.2,0.5,,,,0
toolbench,rank,gemini-flash,G2_category,2,top2,0.01,0.2,0.7,,,,0
toolbench,rank,gemini-flash,G2_category,2,top2,0.01,0.3,0.0,,,,0
toolbench,rank,gemini-flash,G2_category,2,top2,0.01,0.3,0.1,,,,0
toolbench,rank,gemini-flash,G2_category,2,top2,0.01,0.3,0.2,,,,0
toolbench,rank,gemini-flash,G2_category,2,top2,0.01,0.3,0.3,,,,0
toolbench,rank,gemini-flash,G2_category,2,top2,0.01,0.3,0.5,,,,0
toolbench,rank,gemini-flash,G2_category,2,top2,0.01,0.3,0.7,,,,0
toolbench,rank,gemini-flash,G2_category,2,top2,0.01,0.5,0.0,,,,0
toolbench,rank,gemini-flash,G2_category,2,top2,0.01,0.5,0.1,,,,0
toolbench,rank,gemini-flash,G2_category,2,top2,0.01,0.5,0.2,,,,0
toolbench,rank,gemini-flash,G2_category,2,top2,0.01,0.5,0.3,,,,0
toolbench,rank,gemini-flash,G2_category,2,top2,0.01,0.5,0.5,,,,0
toolbench,rank,gemini-flash,G2_category,2,top2,0.01,0.5,0.7,,,,0
toolbench,rank,gemini-flash,G2_category,2,top3,0.01,0.0,0.0,10,10,1.0,10
toolbench,rank,gemini-flash,G2_category,2,top3,0.01,0.0,0.1,10,10,1.0,9
toolbench,rank,gemini-flash,G2_category,2,top3,0.01,0.0,0.2,10,10,1.0,7
toolbench,rank,gemini-flash,G2_category,2,top3,0.01,0.0,0.3,10,10,1.0,7
toolbench,rank,gemini-flash,G2_category,2,top3,0.01,0.0,0.5,10,,,0
toolbench,rank,gemini-flash,G2_category,2,top3,0.01,0.0,0.7,10,,,0
toolbench,rank,gemini-flash,G2_category,2,top3,0.01,0.05,0.0,10,,,0
toolbench,rank,gemini-flash,G2_category,2,top3,0.01,0.05,0.1,10,,,0
toolbench,rank,gemini-flash,G2_category,2,top3,0.01,0.05,0.2,10,10,1.0,8
toolbench,rank,gemini-flash,G2_category,2,top3,0.01,0.05,0.3,10,,,0
toolbench,rank,gemini-flash,G2_category,2,top3,0.01,0.05,0.5,10,,,0
toolbench,rank,gemini-flash,G2_category,2,top3,0.01,0.05,0.7,10,,,0
toolbench,rank,gemini-flash,G2_category,2,top3,0.01,0.1,0.0,10,,,0
toolbench,rank,gemini-flash,G2_category,2,top3,0.01,0.1,0.1,10,,,0
toolbench,rank,gemini-flash,G2_category,2,top3,0.01,0.1,0.2,10,10,1.0,9
toolbench,rank,gemini-flash,G2_category,2,top3,0.01,0.1,0.3,10,10,1.0,7
toolbench,rank,gemini-flash,G2_category,2,top3,0.01,0.1,0.5,10,,,0
toolbench,rank,gemini-flash,G2_category,2,top3,0.01,0.1,0.7,10,,,0
toolbench,rank,gemini-flash,G2_category,2,top3,0.01,0.15,0.0,10,,,0
toolbench,rank,gemini-flash,G2_category,2,top3,0.01,0.15,0.1,10,,,0
toolbench,rank,gemini-flash,G2_category,2,top3,0.01,0.15,0.2,10,,,0
toolbench,rank,gemini-flash,G2_category,2,top3,0.01,0.15,0.3,10,,,0
toolbench,rank,gemini-flash,G2_category,2,top3,0.01,0.15,0.5,10,,,0
toolbench,rank,gemini-flash,G2_category,2,top3,0.01,0.15,0.7,10,,,0
toolbench,rank,gemini-flash,G2_category,2,top3,0.01,0.2,0.0,10,,,0
toolbench,rank,gemini-flash,G2_category,2,top3,0.01,0.2,0.1,10,,,0
toolbench,rank,gemini-flash,G2_category,2,top3,0.01,0.2,0.2,10,,,0
toolbench,rank,gemini-flash,G2_category,2,top3,0.01,0.2,0.3,10,,,0
toolbench,rank,gemini-flash,G2_category,2,top3,0.01,0.2,0.5,10,,,0
toolbench,rank,gemini-flash,G2_category,2,top3,0.01,0.2,0.7,10,,,0
toolbench,rank,gemini-flash,G2_category,2,top3,0.01,0.3,0.0,10,,,0
toolbench,rank,gemini-flash,G2_category,2,top3,0.01,0.3,0.1,10,,,0
toolbench,rank,gemini-flash,G2_category,2,top3,0.01,0.3,0.2,10,,,0
toolbench,rank,gemini-flash,G2_category,2,top3,0.01,0.3,0.3,10,,,0
toolbench,rank,gemini-flash,G2_category,2,top3,0.01,0.3,0.5,10,,,0
toolbench,rank,gemini-flash,G2_category,2,top3,0.01,0.3,0.7,10,,,0
toolbench,rank,gemini-flash,G2_category,2,top3,0.01,0.5,0.0,10,,,0
toolbench,rank,gemini-flash,G2_category,2,top3,0.01,0.5,0.1,10,,,0
toolbench,rank,gemini-flash,G2_category,2,top3,0.01,0.5,0.2,10,,,0
toolbench,rank,gemini-flash,G2_category,2,top3,0.01,0.5,0.3,10,,,0
toolbench,rank,gemini-flash,G2_category,2,top3,0.01,0.5,0.5,10,,,0
toolbench,rank,gemini-flash,G2_category,2,top3,0.01,0.5,0.7,10,,,0
toolbench,rank,gemini-flash,G2_category,2,top5,0.01,0.0,0.0,10,10,1.0,10
toolbench,rank,gemini-flash,G2_category,2,top5,0.01,0.0,0.1,10,10,1.0,9
toolbench,rank,gemini-flash,G2_category,2,top5,0.01,0.0,0.2,10,10,1.0,9
toolbench,rank,gemini-flash,G2_category,2,top5,0.01,0.0,0.3,10,,,0
toolbench,rank,gemini-flash,G2_category,2,top5,0.01,0.0,0.5,10,,,0
toolbench,rank,gemini-flash,G2_category,2,top5,0.01,0.0,0.7,10,,,0
toolbench,rank,gemini-flash,G2_category,2,top5,0.01,0.05,0.0,10,10,1.0,10
toolbench,rank,gemini-flash,G2_category,2,top5,0.01,0.05,0.1,10,10,1.0,9
toolbench,rank,gemini-flash,G2_category,2,top5,0.01,0.05,0.2,10,,,0
toolbench,rank,gemini-flash,G2_category,2,top5,0.01,0.05,0.3,10,10,1.0,7
toolbench,rank,gemini-flash,G2_category,2,top5,0.01,0.05,0.5,10,10,1.0,7
toolbench,rank,gemini-flash,G2_category,2,top5,0.01,0.05,0.7,10,,,0
toolbench,rank,gemini-flash,G2_category,2,top5,0.01,0.1,0.0,10,10,1.0,10
toolbench,rank,gemini-flash,G2_category,2,top5,0.01,0.1,0.1,10,,,0
toolbench,rank,gemini-flash,G2_category,2,top5,0.01,0.1,0.2,10,,,0
toolbench,rank,gemini-flash,G2_category,2,top5,0.01,0.1,0.3,10,10,1.0,7
toolbench,rank,gemini-flash,G2_category,2,top5,0.01,0.1,0.5,10,,,0
toolbench,rank,gemini-flash,G2_category,2,top5,0.01,0.1,0.7,10,,,0
toolbench,rank,gemini-flash,G2_category,2,top5,0.01,0.15,0.0,10,,,0
toolbench,rank,gemini-flash,G2_category,2,top5,0.01,0.15,0.1,10,,,0
toolbench,rank,gemini-flash,G2_category,2,top5,0.01,0.15,0.2,10,,,0
toolbench,rank,gemini-flash,G2_category,2,top5,0.01,0.15,0.3,10,,,0
toolbench,rank,gemini-flash,G2_category,2,top5,0.01,0.15,0.5,10,,,0
toolbench,rank,gemini-flash,G2_category,2,top5,0.01,0.15,0.7,10,,,0
toolbench,rank,gemini-flash,G2_category,2,top5,0.01,0.2,0.0,10,,,0
toolbench,rank,gemini-flash,G2_category,2,top5,0.01,0.2,0.1,10,,,0
toolbench,rank,gemini-flash,G2_category,2,top5,0.01,0.2,0.2,10,,,0
toolbench,rank,gemini-flash,G2_category,2,top5,0.01,0.2,0.3,10,10,1.0,7
toolbench,rank,gemini-flash,G2_category,2,top5,0.01,0.2,0.5,10,,,0
toolbench,rank,gemini-flash,G2_category,2,top5,0.01,0.2,0.7,10,,,0
toolbench,rank,gemini-flash,G2_category,2,top5,0.01,0.3,0.0,10,,,0
toolbench,rank,gemini-flash,G2_category,2,top5,0.01,0.3,0.1,10,,,0
toolbench,rank,gemini-flash,G2_category,2,top5,0.01,0.3,0.2,10,,,0
toolbench,rank,gemini-flash,G2_category,2,top5,0.01,0.3,0.3,10,,,0
toolbench,rank,gemini-flash,G2_category,2,top5,0.01,0.3,0.5,10,,,0
toolbench,rank,gemini-flash,G2_category,2,top5,0.01,0.3,0.7,10,,,0
toolbench,rank,gemini-flash,G2_category,2,top5,0.01,0.5,0.0,10,,,0
toolbench,rank,gemini-flash,G2_category,2,top5,0.01,0.5,0.1,10,,,0
toolbench,rank,gemini-flash,G2_category,2,top5,0.01,0.5,0.2,10,,,0
toolbench,rank,gemini-flash,G2_category,2,top5,0.01,0.5,0.3,10,,,0
toolbench,rank,gemini-flash,G2_category,2,top5,0.01,0.5,0.5,10,,,0
toolbench,rank,gemini-flash,G2_category,2,top5,0.01,0.5,0.7,10,,,0
toolbench,rank,gemini-flash,G2_category,3,full_rank,0.01,0.0,0.0,10,10,1.0,10
toolbench,rank,gemini-flash,G2_category,3,full_rank,0.01,0.0,0.1,10,10,1.0,7
toolbench,rank,gemini-flash,G2_category,3,full_rank,0.01,0.0,0.2,10,10,1.0,8
toolbench,rank,gemini-flash,G2_category,3,full_rank,0.01,0.0,0.3,10,10,1.0,8
toolbench,rank,gemini-flash,G2_category,3,full_rank,0.01,0.0,0.5,10,,,0
toolbench,rank,gemini-flash,G2_category,3,full_rank,0.01,0.0,0.7,10,,,0
toolbench,rank,gemini-flash,G2_category,3,full_rank,0.01,0.05,0.0,10,10,1.0,10
toolbench,rank,gemini-flash,G2_category,3,full_rank,0.01,0.05,0.1,10,10,1.0,8
toolbench,rank,gemini-flash,G2_category,3,full_rank,0.01,0.05,0.2,10,10,1.0,8
toolbench,rank,gemini-flash,G2_category,3,full_rank,0.01,0.05,0.3,10,10,1.0,7
toolbench,rank,gemini-flash,G2_category,3,full_rank,0.01,0.05,0.5,10,,,0
toolbench,rank,gemini-flash,G2_category,3,full_rank,0.01,0.05,0.7,10,,,0
toolbench,rank,gemini-flash,G2_category,3,full_rank,0.01,0.1,0.0,10,,,0
toolbench,rank,gemini-flash,G2_category,3,full_rank,0.01,0.1,0.1,10,10,1.0,8
toolbench,rank,gemini-flash,G2_category,3,full_rank,0.01,0.1,0.2,10,10,1.0,7
toolbench,rank,gemini-flash,G2_category,3,full_rank,0.01,0.1,0.3,10,10,1.0,7
toolbench,rank,gemini-flash,G2_category,3,full_rank,0.01,0.1,0.5,10,,,0
toolbench,rank,gemini-flash,G2_category,3,full_rank,0.01,0.1,0.7,10,,,0
toolbench,rank,gemini-flash,G2_category,3,full_rank,0.01,0.15,0.0,10,,,0
toolbench,rank,gemini-flash,G2_category,3,full_rank,0.01,0.15,0.1,10,10,1.0,8
toolbench,rank,gemini-flash,G2_category,3,full_rank,0.01,0.15,0.2,10,,,0
toolbench,rank,gemini-flash,G2_category,3,full_rank,0.01,0.15,0.3,10,,,0
toolbench,rank,gemini-flash,G2_category,3,full_rank,0.01,0.15,0.5,10,,,0
toolbench,rank,gemini-flash,G2_category,3,full_rank,0.01,0.15,0.7,10,,,0
toolbench,rank,gemini-flash,G2_category,3,full_rank,0.01,0.2,0.0,10,10,1.0,10
toolbench,rank,gemini-flash,G2_category,3,full_rank,0.01,0.2,0.1,10,,,0
toolbench,rank,gemini-flash,G2_category,3,full_rank,0.01,0.2,0.2,10,,,0
toolbench,rank,gemini-flash,G2_category,3,full_rank,0.01,0.2,0.3,10,,,0
toolbench,rank,gemini-flash,G2_category,3,full_rank,0.01,0.2,0.5,10,,,0
toolbench,rank,gemini-flash,G2_category,3,full_rank,0.01,0.2,0.7,10,,,0
toolbench,rank,gemini-flash,G2_category,3,full_rank,0.01,0.3,0.0,10,,,0
toolbench,rank,gemini-flash,G2_category,3,full_rank,0.01,0.3,0.1,10,,,0
toolbench,rank,gemini-flash,G2_category,3,full_rank,0.01,0.3,0.2,10,,,0
toolbench,rank,gemini-flash,G2_category,3,full_rank,0.01,0.3,0.3,10,,,0
toolbench,rank,gemini-flash,G2_category,3,full_rank,0.01,0.3,0.5,10,,,0
toolbench,rank,gemini-flash,G2_category,3,full_rank,0.01,0.3,0.7,10,,,0
toolbench,rank,gemini-flash,G2_category,3,full_rank,0.01,0.5,0.0,10,,,0
toolbench,rank,gemini-flash,G2_category,3,full_rank,0.01,0.5,0.1,10,,,0
toolbench,rank,gemini-flash,G2_category,3,full_rank,0.01,0.5,0.2,10,,,0
toolbench,rank,gemini-flash,G2_category,3,full_rank,0.01,0.5,0.3,10,,,0
toolbench,rank,gemini-flash,G2_category,3,full_rank,0.01,0.5,0.5,10,,,0
toolbench,rank,gemini-flash,G2_category,3,full_rank,0.01,0.5,0.7,10,,,0
toolbench,rank,gemini-flash,G2_category,3,top10,0.01,0.0,0.0,10,10,1.0,10
toolbench,rank,gemini-flash,G2_category,3,top10,0.01,0.0,0.1,10,10,1.0,9
toolbench,rank,gemini-flash,G2_category,3,top10,0.01,0.0,0.2,10,10,1.0,8
toolbench,rank,gemini-flash,G2_category,3,top10,0.01,0.0,0.3,10,,,0
toolbench,rank,gemini-flash,G2_category,3,top10,0.01,0.0,0.5,10,,,0
toolbench,rank,gemini-flash,G2_category,3,top10,0.01,0.0,0.7,10,,,0
toolbench,rank,gemini-flash,G2_category,3,top10,0.01,0.05,0.0,10,,,0
toolbench,rank,gemini-flash,G2_category,3,top10,0.01,0.05,0.1,10,,,0
toolbench,rank,gemini-flash,G2_category,3,top10,0.01,0.05,0.2,10,10,1.0,7
toolbench,rank,gemini-flash,G2_category,3,top10,0.01,0.05,0.3,10,,,0
toolbench,rank,gemini-flash,G2_category,3,top10,0.01,0.05,0.5,10,,,0
toolbench,rank,gemini-flash,G2_category,3,top10,0.01,0.05,0.7,10,,,0
toolbench,rank,gemini-flash,G2_category,3,top10,0.01,0.1,0.0,10,,,0
toolbench,rank,gemini-flash,G2_category,3,top10,0.01,0.1,0.1,10,10,1.0,9
toolbench,rank,gemini-flash,G2_category,3,top10,0.01,0.1,0.2,10,10,1.0,8
toolbench,rank,gemini-flash,G2_category,3,top10,0.01,0.1,0.3,10,10,1.0,7
toolbench,rank,gemini-flash,G2_category,3,top10,0.01,0.1,0.5,10,,,0
toolbench,rank,gemini-flash,G2_category,3,top10,0.01,0.1,0.7,10,,,0
toolbench,rank,gemini-flash,G2_category,3,top10,0.01,0.15,0.0,10,,,0
toolbench,rank,gemini-flash,G2_category,3,top10,0.01,0.15,0.1,10,,,0
toolbench,rank,gemini-flash,G2_category,3,top10,0.01,0.15,0.2,10,,,0
toolbench,rank,gemini-flash,G2_category,3,top10,0.01,0.15,0.3,10,10,1.0,9
toolbench,rank,gemini-flash,G2_category,3,top10,0.01,0.15,0.5,10,10,1.0,7
toolbench,rank,gemini-flash,G2_category,3,top10,0.01,0.15,0.7,10,,,0
toolbench,rank,gemini-flash,G2_category,3,top10,0.01,0.2,0.0,10,,,0
toolbench,rank,gemini-flash,G2_category,3,top10,0.01,0.2,0.1,10,10,1.0,9
toolbench,rank,gemini-flash,G2_category,3,top10,0.01,0.2,0.2,10,,,0
toolbench,rank,gemini-flash,G2_category,3,top10,0.01,0.2,0.3,10,,,0
toolbench,rank,gemini-flash,G2_category,3,top10,0.01,0.2,0.5,10,,,0
toolbench,rank,gemini-flash,G2_category,3,top10,0.01,0.2,0.7,10,,,0
toolbench,rank,gemini-flash,G2_category,3,top10,0.01,0.3,0.0,10,,,0
toolbench,rank,gemini-flash,G2_category,3,top10,0.01,0.3,0.1,10,,,0
toolbench,rank,gemini-flash,G2_category,3,top10,0.01,0.3,0.2,10,,,0
toolbench,rank,gemini-flash,G2_category,3,top10,0.01,0.3,0.3,10,,,0
toolbench,rank,gemini-flash,G2_category,3,top10,0.01,0.3,0.5,10,,,0
toolbench,rank,gemini-flash,G2_category,3,top10,0.01,0.3,0.7,10,,,0
toolbench,rank,gemini-flash,G2_category,3,top10,0.01,0.5,0.0,10,,,0
toolbench,rank,gemini-flash,G2_category,3,top10,0.01,0.5,0.1,10,,,0
toolbench,rank,gemini-flash,G2_category,3,top10,0.01,0.5,0.2,10,,,0
toolbench,rank,gemini-flash,G2_category,3,top10,0.01,0.5,0.3,10,,,0
toolbench,rank,gemini-flash,G2_category,3,top10,0.01,0.5,0.5,10,,,0
toolbench,rank,gemini-flash,G2_category,3,top10,0.01,0.5,0.7,10,,,0
toolbench,rank,gemini-flash,G2_category,3,top2,0.01,0.0,0.0,,,,0
toolbench,rank,gemini-flash,G2_category,3,top2,0.01,0.0,0.1,,,,0
toolbench,rank,gemini-flash,G2_category,3,top2,0.01,0.0,0.2,,,,0
toolbench,rank,gemini-flash,G2_category,3,top2,0.01,0.0,0.3,,,,0
toolbench,rank,gemini-flash,G2_category,3,top2,0.01,0.0,0.5,,,,0
toolbench,rank,gemini-flash,G2_category,3,top2,0.01,0.0,0.7,,,,0
toolbench,rank,gemini-flash,G2_category,3,top2,0.01,0.05,0.0,,,,0
toolbench,rank,gemini-flash,G2_category,3,top2,0.01,0.05,0.1,,,,0
toolbench,rank,gemini-flash,G2_category,3,top2,0.01,0.05,0.2,,,,0
toolbench,rank,gemini-flash,G2_category,3,top2,0.01,0.05,0.3,,,,0
toolbench,rank,gemini-flash,G2_category,3,top2,0.01,0.05,0.5,,,,0
toolbench,rank,gemini-flash,G2_category,3,top2,0.01,0.05,0.7,,,,0
toolbench,rank,gemini-flash,G2_category,3,top2,0.01,0.1,0.0,,,,0
toolbench,rank,gemini-flash,G2_category,3,top2,0.01,0.1,0.1,,,,0
toolbench,rank,gemini-flash,G2_category,3,top2,0.01,0.1,0.2,,,,0
toolbench,rank,gemini-flash,G2_category,3,top2,0.01,0.1,0.3,,,,0
toolbench,rank,gemini-flash,G2_category,3,top2,0.01,0.1,0.5,,,,0
toolbench,rank,gemini-flash,G2_category,3,top2,0.01,0.1,0.7,,,,0
toolbench,rank,gemini-flash,G2_category,3,top2,0.01,0.15,0.0,,,,0
toolbench,rank,gemini-flash,G2_category,3,top2,0.01,0.15,0.1,,,,0
toolbench,rank,gemini-flash,G2_category,3,top2,0.01,0.15,0.2,,,,0
toolbench,rank,gemini-flash,G2_category,3,top2,0.01,0.15,0.3,,,,0
toolbench,rank,gemini-flash,G2_category,3,top2,0.01,0.15,0.5,,,,0
toolbench,rank,gemini-flash,G2_category,3,top2,0.01,0.15,0.7,,,,0
toolbench,rank,gemini-flash,G2_category,3,top2,0.01,0.2,0.0,,,,0
toolbench,rank,gemini-flash,G2_category,3,top2,0.01,0.2,0.1,,,,0
toolbench,rank,gemini-flash,G2_category,3,top2,0.01,0.2,0.2,,,,0
toolbench,rank,gemini-flash,G2_category,3,top2,0.01,0.2,0.3,,,,0
toolbench,rank,gemini-flash,G2_category,3,top2,0.01,0.2,0.5,,,,0
toolbench,rank,gemini-flash,G2_category,3,top2,0.01,0.2,0.7,,,,0
toolbench,rank,gemini-flash,G2_category,3,top2,0.01,0.3,0.0,,,,0
toolbench,rank,gemini-flash,G2_category,3,top2,0.01,0.3,0.1,,,,0
toolbench,rank,gemini-flash,G2_category,3,top2,0.01,0.3,0.2,,,,0
toolbench,rank,gemini-flash,G2_category,3,top2,0.01,0.3,0.3,,,,0
toolbench,rank,gemini-flash,G2_category,3,top2,0.01,0.3,0.5,,,,0
toolbench,rank,gemini-flash,G2_category,3,top2,0.01,0.3,0.7,,,,0
toolbench,rank,gemini-flash,G2_category,3,top2,0.01,0.5,0.0,,,,0
toolbench,rank,gemini-flash,G2_category,3,top2,0.01,0.5,0.1,,,,0
toolbench,rank,gemini-flash,G2_category,3,top2,0.01,0.5,0.2,,,,0
toolbench,rank,gemini-flash,G2_category,3,top2,0.01,0.5,0.3,,,,0
toolbench,rank,gemini-flash,G2_category,3,top2,0.01,0.5,0.5,,,,0
toolbench,rank,gemini-flash,G2_category,3,top2,0.01,0.5,0.7,,,,0
toolbench,rank,gemini-flash,G2_category,3,top3,0.01,0.0,0.0,,,,0
toolbench,rank,gemini-flash,G2_category,3,top3,0.01,0.0,0.1,,,,0
toolbench,rank,gemini-flash,G2_category,3,top3,0.01,0.0,0.2,,,,0
toolbench,rank,gemini-flash,G2_category,3,top3,0.01,0.0,0.3,,,,0
toolbench,rank,gemini-flash,G2_category,3,top3,0.01,0.0,0.5,,,,0
toolbench,rank,gemini-flash,G2_category,3,top3,0.01,0.0,0.7,,,,0
toolbench,rank,gemini-flash,G2_category,3,top3,0.01,0.05,0.0,,,,0
toolbench,rank,gemini-flash,G2_category,3,top3,0.01,0.05,0.1,,,,0
toolbench,rank,gemini-flash,G2_category,3,top3,0.01,0.05,0.2,,,,0
toolbench,rank,gemini-flash,G2_category,3,top3,0.01,0.05,0.3,,,,0
toolbench,rank,gemini-flash,G2_category,3,top3,0.01,0.05,0.5,,,,0
toolbench,rank,gemini-flash,G2_category,3,top3,0.01,0.05,0.7,,,,0
toolbench,rank,gemini-flash,G2_category,3,top3,0.01,0.1,0.0,,,,0
toolbench,rank,gemini-flash,G2_category,3,top3,0.01,0.1,0.1,,,,0
toolbench,rank,gemini-flash,G2_category,3,top3,0.01,0.1,0.2,,,,0
toolbench,rank,gemini-flash,G2_category,3,top3,0.01,0.1,0.3,,,,0
toolbench,rank,gemini-flash,G2_category,3,top3,0.01,0.1,0.5,,,,0
toolbench,rank,gemini-flash,G2_category,3,top3,0.01,0.1,0.7,,,,0
toolbench,rank,gemini-flash,G2_category,3,top3,0.01,0.15,0.0,,,,0
toolbench,rank,gemini-flash,G2_category,3,top3,0.01,0.15,0.1,,,,0
toolbench,rank,gemini-flash,G2_category,3,top3,0.01,0.15,0.2,,,,0
toolbench,rank,gemini-flash,G2_category,3,top3,0.01,0.15,0.3,,,,0
toolbench,rank,gemini-flash,G2_category,3,top3,0.01,0.15,0.5,,,,0
toolbench,rank,gemini-flash,G2_category,3,top3,0.01,0.15,0.7,,,,0
toolbench,rank,gemini-flash,G2_category,3,top3,0.01,0.2,0.0,,,,0
toolbench,rank,gemini-flash,G2_category,3,top3,0.01,0.2,0.1,,,,0
toolbench,rank,gemini-flash,G2_category,3,top3,0.01,0.2,0.2,,,,0
toolbench,rank,gemini-flash,G2_category,3,top3,0.01,0.2,0.3,,,,0
toolbench,rank,gemini-flash,G2_category,3,top3,0.01,0.2,0.5,,,,0
toolbench,rank,gemini-flash,G2_category,3,top3,0.01,0.2,0.7,,,,0
toolbench,rank,gemini-flash,G2_category,3,top3,0.01,0.3,0.0,,,,0
toolbench,rank,gemini-flash,G2_category,3,top3,0.01,0.3,0.1,,,,0
toolbench,rank,gemini-flash,G2_category,3,top3,0.01,0.3,0.2,,,,0
toolbench,rank,gemini-flash,G2_category,3,top3,0.01,0.3,0.3,,,,0
toolbench,rank,gemini-flash,G2_category,3,top3,0.01,0.3,0.5,,,,0
toolbench,rank,gemini-flash,G2_category,3,top3,0.01,0.3,0.7,,,,0
toolbench,rank,gemini-flash,G2_category,3,top3,0.01,0.5,0.0,,,,0
toolbench,rank,gemini-flash,G2_category,3,top3,0.01,0.5,0.1,,,,0
toolbench,rank,gemini-flash,G2_category,3,top3,0.01,0.5,0.2,,,,0
toolbench,rank,gemini-flash,G2_category,3,top3,0.01,0.5,0.3,,,,0
toolbench,rank,gemini-flash,G2_category,3,top3,0.01,0.5,0.5,,,,0
toolbench,rank,gemini-flash,G2_category,3,top3,0.01,0.5,0.7,,,,0
toolbench,rank,gemini-flash,G2_category,3,top5,0.01,0.0,0.0,10,10,1.0,10
toolbench,rank,gemini-flash,G2_category,3,top5,0.01,0.0,0.1,10,10,1.0,9
toolbench,rank,gemini-flash,G2_category,3,top5,0.01,0.0,0.2,10,,,0
toolbench,rank,gemini-flash,G2_category,3,top5,0.01,0.0,0.3,10,,,0
toolbench,rank,gemini-flash,G2_category,3,top5,0.01,0.0,0.5,10,,,0
toolbench,rank,gemini-flash,G2_category,3,top5,0.01,0.0,0.7,10,,,0
toolbench,rank,gemini-flash,G2_category,3,top5,0.01,0.05,0.0,10,,,0
toolbench,rank,gemini-flash,G2_category,3,top5,0.01,0.05,0.1,10,10,1.0,10
toolbench,rank,gemini-flash,G2_category,3,top5,0.01,0.05,0.2,10,10,1.0,9
toolbench,rank,gemini-flash,G2_category,3,top5,0.01,0.05,0.3,10,,,0
toolbench,rank,gemini-flash,G2_category,3,top5,0.01,0.05,0.5,10,,,0
toolbench,rank,gemini-flash,G2_category,3,top5,0.01,0.05,0.7,10,,,0
toolbench,rank,gemini-flash,G2_category,3,top5,0.01,0.1,0.0,10,,,0
toolbench,rank,gemini-flash,G2_category,3,top5,0.01,0.1,0.1,10,10,1.0,9
toolbench,rank,gemini-flash,G2_category,3,top5,0.01,0.1,0.2,10,,,0
toolbench,rank,gemini-flash,G2_category,3,top5,0.01,0.1,0.3,10,,,0
toolbench,rank,gemini-flash,G2_category,3,top5,0.01,0.1,0.5,10,,,0
toolbench,rank,gemini-flash,G2_category,3,top5,0.01,0.1,0.7,10,,,0
toolbench,rank,gemini-flash,G2_category,3,top5,0.01,0.15,0.0,10,,,0
toolbench,rank,gemini-flash,G2_category,3,top5,0.01,0.15,0.1,10,,,0
toolbench,rank,gemini-flash,G2_category,3,top5,0.01,0.15,0.2,10,,,0
toolbench,rank,gemini-flash,G2_category,3,top5,0.01,0.15,0.3,10,,,0
toolbench,rank,gemini-flash,G2_category,3,top5,0.01,0.15,0.5,10,,,0
toolbench,rank,gemini-flash,G2_category,3,top5,0.01,0.15,0.7,10,,,0
toolbench,rank,gemini-flash,G2_category,3,top5,0.01,0.2,0.0,10,,,0
toolbench,rank,gemini-flash,G2_category,3,top5,0.01,0.2,0.1,10,,,0
toolbench,rank,gemini-flash,G2_category,3,top5,0.01,0.2,0.2,10,,,0
toolbench,rank,gemini-flash,G2_category,3,top5,0.01,0.2,0.3,10,,,0
toolbench,rank,gemini-flash,G2_category,3,top5,0.01,0.2,0.5,10,,,0
toolbench,rank,gemini-flash,G2_category,3,top5,0.01,0.2,0.7,10,,,0
toolbench,rank,gemini-flash,G2_category,3,top5,0.01,0.3,0.0,10,,,0
toolbench,rank,gemini-flash,G2_category,3,top5,0.01,0.3,0.1,10,,,0
toolbench,rank,gemini-flash,G2_category,3,top5,0.01,0.3,0.2,10,,,0
toolbench,rank,gemini-flash,G2_category,3,top5,0.01,0.3,0.3,10,,,0
toolbench,rank,gemini-flash,G2_category,3,top5,0.01,0.3,0.5,10,,,0
toolbench,rank,gemini-flash,G2_category,3,top5,0.01,0.3,0.7,10,,,0
toolbench,rank,gemini-flash,G2_category,3,top5,0.01,0.5,0.0,10,,,0
toolbench,rank,gemini-flash,G2_category,3,top5,0.01,0.5,0.1,10,,,0
toolbench,rank,gemini-flash,G2_category,3,top5,0.01,0.5,0.2,10,,,0
toolbench,rank,gemini-flash,G2_category,3,top5,0.01,0.5,0.3,10,,,0
toolbench,rank,gemini-flash,G2_category,3,top5,0.01,0.5,0.5,10,,,0
toolbench,rank,gemini-flash,G2_category,3,top5,0.01,0.5,0.7,10,,,0
toolbench,rank,gemini-flash,G2_instruction,1,full_rank,0.01,0.0,0.0,10,10,1.0,10
toolbench,rank,gemini-flash,G2_instruction,1,full_rank,0.01,0.0,0.1,10,10,1.0,10
toolbench,rank,gemini-flash,G2_instruction,1,full_rank,0.01,0.0,0.2,10,10,1.0,7
toolbench,rank,gemini-flash,G2_instruction,1,full_rank,0.01,0.0,0.3,10,10,1.0,7
toolbench,rank,gemini-flash,G2_instruction,1,full_rank,0.01,0.0,0.5,10,10,1.0,7
toolbench,rank,gemini-flash,G2_instruction,1,full_rank,0.01,0.0,0.7,10,,,0
toolbench,rank,gemini-flash,G2_instruction,1,full_rank,0.01,0.05,0.0,10,10,1.0,10
toolbench,rank,gemini-flash,G2_instruction,1,full_rank,0.01,0.05,0.1,10,,,0
toolbench,rank,gemini-flash,G2_instruction,1,full_rank,0.01,0.05,0.2,10,,,0
toolbench,rank,gemini-flash,G2_instruction,1,full_rank,0.01,0.05,0.3,10,,,0
toolbench,rank,gemini-flash,G2_instruction,1,full_rank,0.01,0.05,0.5,10,,,0
toolbench,rank,gemini-flash,G2_instruction,1,full_rank,0.01,0.05,0.7,10,,,0
toolbench,rank,gemini-flash,G2_instruction,1,full_rank,0.01,0.1,0.0,10,10,1.0,10
toolbench,rank,gemini-flash,G2_instruction,1,full_rank,0.01,0.1,0.1,10,10,1.0,9
toolbench,rank,gemini-flash,G2_instruction,1,full_rank,0.01,0.1,0.2,10,,,0
toolbench,rank,gemini-flash,G2_instruction,1,full_rank,0.01,0.1,0.3,10,,,0
toolbench,rank,gemini-flash,G2_instruction,1,full_rank,0.01,0.1,0.5,10,,,0
toolbench,rank,gemini-flash,G2_instruction,1,full_rank,0.01,0.1,0.7,10,,,0
toolbench,rank,gemini-flash,G2_instruction,1,full_rank,0.01,0.15,0.0,10,,,0
toolbench,rank,gemini-flash,G2_instruction,1,full_rank,0.01,0.15,0.1,10,10,1.0,7
toolbench,rank,gemini-flash,G2_instruction,1,full_rank,0.01,0.15,0.2,10,,,0
toolbench,rank,gemini-flash,G2_instruction,1,full_rank,0.01,0.15,0.3,10,,,0
toolbench,rank,gemini-flash,G2_instruction,1,full_rank,0.01,0.15,0.5,10,,,0
toolbench,rank,gemini-flash,G2_instruction,1,full_rank,0.01,0.15,0.7,10,,,0
toolbench,rank,gemini-flash,G2_instruction,1,full_rank,0.01,0.2,0.0,10,,,0
toolbench,rank,gemini-flash,G2_instruction,1,full_rank,0.01,0.2,0.1,10,,,0
toolbench,rank,gemini-flash,G2_instruction,1,full_rank,0.01,0.2,0.2,10,,,0
toolbench,rank,gemini-flash,G2_instruction,1,full_rank,0.01,0.2,0.3,10,,,0
toolbench,rank,gemini-flash,G2_instruction,1,full_rank,0.01,0.2,0.5,10,,,0
toolbench,rank,gemini-flash,G2_instruction,1,full_rank,0.01,0.2,0.7,10,,,0
toolbench,rank,gemini-flash,G2_instruction,1,full_rank,0.01,0.3,0.0,10,,,0
toolbench,rank,gemini-flash,G2_instruction,1,full_rank,0.01,0.3,0.1,10,,,0
toolbench,rank,gemini-flash,G2_instruction,1,full_rank,0.01,0.3,0.2,10,,,0
toolbench,rank,gemini-flash,G2_instruction,1,full_rank,0.01,0.3,0.3,10,,,0
toolbench,rank,gemini-flash,G2_instruction,1,full_rank,0.01,0.3,0.5,10,,,0
toolbench,rank,gemini-flash,G2_instruction,1,full_rank,0.01,0.3,0.7,10,,,0
toolbench,rank,gemini-flash,G2_instruction,1,full_rank,0.01,0.5,0.0,10,,,0
toolbench,rank,gemini-flash,G2_instruction,1,full_rank,0.01,0.5,0.1,10,,,0
toolbench,rank,gemini-flash,G2_instruction,1,full_rank,0.01,0.5,0.2,10,,,0
toolbench,rank,gemini-flash,G2_instruction,1,full_rank,0.01,0.5,0.3,10,,,0
toolbench,rank,gemini-flash,G2_instruction,1,full_rank,0.01,0.5,0.5,10,,,0
toolbench,rank,gemini-flash,G2_instruction,1,full_rank,0.01,0.5,0.7,10,,,0
toolbench,rank,gemini-flash,G2_instruction,1,top10,0.01,0.0,0.0,10,10,1.0,10
toolbench,rank,gemini-flash,G2_instruction,1,top10,0.01,0.0,0.1,10,10,1.0,10
toolbench,rank,gemini-flash,G2_instruction,1,top10,0.01,0.0,0.2,10,10,1.0,8
toolbench,rank,gemini-flash,G2_instruction,1,top10,0.01,0.0,0.3,10,,,0
toolbench,rank,gemini-flash,G2_instruction,1,top10,0.01,0.0,0.5,10,,,0
toolbench,rank,gemini-flash,G2_instruction,1,top10,0.01,0.0,0.7,10,,,0
toolbench,rank,gemini-flash,G2_instruction,1,top10,0.01,0.05,0.0,10,,,0
toolbench,rank,gemini-flash,G2_instruction,1,top10,0.01,0.05,0.1,10,10,1.0,10
toolbench,rank,gemini-flash,G2_instruction,1,top10,0.01,0.05,0.2,10,,,0
toolbench,rank,gemini-flash,G2_instruction,1,top10,0.01,0.05,0.3,10,10,1.0,8
toolbench,rank,gemini-flash,G2_instruction,1,top10,0.01,0.05,0.5,10,,,0
toolbench,rank,gemini-flash,G2_instruction,1,top10,0.01,0.05,0.7,10,,,0
toolbench,rank,gemini-flash,G2_instruction,1,top10,0.01,0.1,0.0,10,,,0
toolbench,rank,gemini-flash,G2_instruction,1,top10,0.01,0.1,0.1,10,,,0
toolbench,rank,gemini-flash,G2_instruction,1,top10,0.01,0.1,0.2,10,10,1.0,9
toolbench,rank,gemini-flash,G2_instruction,1,top10,0.01,0.1,0.3,10,,,0
toolbench,rank,gemini-flash,G2_instruction,1,top10,0.01,0.1,0.5,10,,,0
toolbench,rank,gemini-flash,G2_instruction,1,top10,0.01,0.1,0.7,10,,,0
toolbench,rank,gemini-flash,G2_instruction,1,top10,0.01,0.15,0.0,10,,,0
toolbench,rank,gemini-flash,G2_instruction,1,top10,0.01,0.15,0.1,10,,,0
toolbench,rank,gemini-flash,G2_instruction,1,top10,0.01,0.15,0.2,10,,,0
toolbench,rank,gemini-flash,G2_instruction,1,top10,0.01,0.15,0.3,10,,,0
toolbench,rank,gemini-flash,G2_instruction,1,top10,0.01,0.15,0.5,10,,,0
toolbench,rank,gemini-flash,G2_instruction,1,top10,0.01,0.15,0.7,10,,,0
toolbench,rank,gemini-flash,G2_instruction,1,top10,0.01,0.2,0.0,10,10,1.0,10
toolbench,rank,gemini-flash,G2_instruction,1,top10,0.01,0.2,0.1,10,,,0
toolbench,rank,gemini-flash,G2_instruction,1,top10,0.01,0.2,0.2,10,10,1.0,7
toolbench,rank,gemini-flash,G2_instruction,1,top10,0.01,0.2,0.3,10,,,0
toolbench,rank,gemini-flash,G2_instruction,1,top10,0.01,0.2,0.5,10,,,0
toolbench,rank,gemini-flash,G2_instruction,1,top10,0.01,0.2,0.7,10,,,0
toolbench,rank,gemini-flash,G2_instruction,1,top10,0.01,0.3,0.0,10,,,0
toolbench,rank,gemini-flash,G2_instruction,1,top10,0.01,0.3,0.1,10,,,0
toolbench,rank,gemini-flash,G2_instruction,1,top10,0.01,0.3,0.2,10,,,0
toolbench,rank,gemini-flash,G2_instruction,1,top10,0.01,0.3,0.3,10,,,0
toolbench,rank,gemini-flash,G2_instruction,1,top10,0.01,0.3,0.5,10,,,0
toolbench,rank,gemini-flash,G2_instruction,1,top10,0.01,0.3,0.7,10,,,0
toolbench,rank,gemini-flash,G2_instruction,1,top10,0.01,0.5,0.0,10,,,0
toolbench,rank,gemini-flash,G2_instruction,1,top10,0.01,0.5,0.1,10,,,0
toolbench,rank,gemini-flash,G2_instruction,1,top10,0.01,0.5,0.2,10,,,0
toolbench,rank,gemini-flash,G2_instruction,1,top10,0.01,0.5,0.3,10,,,0
toolbench,rank,gemini-flash,G2_instruction,1,top10,0.01,0.5,0.5,10,,,0
toolbench,rank,gemini-flash,G2_instruction,1,top10,0.01,0.5,0.7,10,,,0
toolbench,rank,gemini-flash,G2_instruction,1,top2,0.01,0.0,0.0,,,,0
toolbench,rank,gemini-flash,G2_instruction,1,top2,0.01,0.0,0.1,,,,0
toolbench,rank,gemini-flash,G2_instruction,1,top2,0.01,0.0,0.2,,,,0
toolbench,rank,gemini-flash,G2_instruction,1,top2,0.01,0.0,0.3,,,,0
toolbench,rank,gemini-flash,G2_instruction,1,top2,0.01,0.0,0.5,,,,0
toolbench,rank,gemini-flash,G2_instruction,1,top2,0.01,0.0,0.7,,,,0
toolbench,rank,gemini-flash,G2_instruction,1,top2,0.01,0.05,0.0,,,,0
toolbench,rank,gemini-flash,G2_instruction,1,top2,0.01,0.05,0.1,,,,0
toolbench,rank,gemini-flash,G2_instruction,1,top2,0.01,0.05,0.2,,,,0
toolbench,rank,gemini-flash,G2_instruction,1,top2,0.01,0.05,0.3,,,,0
toolbench,rank,gemini-flash,G2_instruction,1,top2,0.01,0.05,0.5,,,,0
toolbench,rank,gemini-flash,G2_instruction,1,top2,0.01,0.05,0.7,,,,0
toolbench,rank,gemini-flash,G2_instruction,1,top2,0.01,0.1,0.0,,,,0
toolbench,rank,gemini-flash,G2_instruction,1,top2,0.01,0.1,0.1,,,,0
toolbench,rank,gemini-flash,G2_instruction,1,top2,0.01,0.1,0.2,,,,0
toolbench,rank,gemini-flash,G2_instruction,1,top2,0.01,0.1,0.3,,,,0
toolbench,rank,gemini-flash,G2_instruction,1,top2,0.01,0.1,0.5,,,,0
toolbench,rank,gemini-flash,G2_instruction,1,top2,0.01,0.1,0.7,,,,0
toolbench,rank,gemini-flash,G2_instruction,1,top2,0.01,0.15,0.0,,,,0
toolbench,rank,gemini-flash,G2_instruction,1,top2,0.01,0.15,0.1,,,,0
toolbench,rank,gemini-flash,G2_instruction,1,top2,0.01,0.15,0.2,,,,0
toolbench,rank,gemini-flash,G2_instruction,1,top2,0.01,0.15,0.3,,,,0
toolbench,rank,gemini-flash,G2_instruction,1,top2,0.01,0.15,0.5,,,,0
toolbench,rank,gemini-flash,G2_instruction,1,top2,0.01,0.15,0.7,,,,0
toolbench,rank,gemini-flash,G2_instruction,1,top2,0.01,0.2,0.0,,,,0
toolbench,rank,gemini-flash,G2_instruction,1,top2,0.01,0.2,0.1,,,,0
toolbench,rank,gemini-flash,G2_instruction,1,top2,0.01,0.2,0.2,,,,0
toolbench,rank,gemini-flash,G2_instruction,1,top2,0.01,0.2,0.3,,,,0
toolbench,rank,gemini-flash,G2_instruction,1,top2,0.01,0.2,0.5,,,,0
toolbench,rank,gemini-flash,G2_instruction,1,top2,0.01,0.2,0.7,,,,0
toolbench,rank,gemini-flash,G2_instruction,1,top2,0.01,0.3,0.0,,,,0
toolbench,rank,gemini-flash,G2_instruction,1,top2,0.01,0.3,0.1,,,,0
toolbench,rank,gemini-flash,G2_instruction,1,top2,0.01,0.3,0.2,,,,0
toolbench,rank,gemini-flash,G2_instruction,1,top2,0.01,0.3,0.3,,,,0
toolbench,rank,gemini-flash,G2_instruction,1,top2,0.01,0.3,0.5,,,,0
toolbench,rank,gemini-flash,G2_instruction,1,top2,0.01,0.3,0.7,,,,0
toolbench,rank,gemini-flash,G2_instruction,1,top2,0.01,0.5,0.0,,,,0
toolbench,rank,gemini-flash,G2_instruction,1,top2,0.01,0.5,0.1,,,,0
toolbench,rank,gemini-flash,G2_instruction,1,top2,0.01,0.5,0.2,,,,0
toolbench,rank,gemini-flash,G2_instruction,1,top2,0.01,0.5,0.3,,,,0
toolbench,rank,gemini-flash,G2_instruction,1,top2,0.01,0.5,0.5,,,,0
toolbench,rank,gemini-flash,G2_instruction,1,top2,0.01,0.5,0.7,,,,0
toolbench,rank,gemini-flash,G2_instruction,1,top3,0.01,0.0,0.0,,,,0
toolbench,rank,gemini-flash,G2_instruction,1,top3,0.01,0.0,0.1,,,,0
toolbench,rank,gemini-flash,G2_instruction,1,top3,0.01,0.0,0.2,,,,0
toolbench,rank,gemini-flash,G2_instruction,1,top3,0.01,0.0,0.3,,,,0
toolbench,rank,gemini-flash,G2_instruction,1,top3,0.01,0.0,0.5,,,,0
toolbench,rank,gemini-flash,G2_instruction,1,top3,0.01,0.0,0.7,,,,0
toolbench,rank,gemini-flash,G2_instruction,1,top3,0.01,0.05,0.0,,,,0
toolbench,rank,gemini-flash,G2_instruction,1,top3,0.01,0.05,0.1,,,,0
toolbench,rank,gemini-flash,G2_instruction,1,top3,0.01,0.05,0.2,,,,0
toolbench,rank,gemini-flash,G2_instruction,1,top3,0.01,0.05,0.3,,,,0
toolbench,rank,gemini-flash,G2_instruction,1,top3,0.01,0.05,0.5,,,,0
toolbench,rank,gemini-flash,G2_instruction,1,top3,0.01,0.05,0.7,,,,0
toolbench,rank,gemini-flash,G2_instruction,1,top3,0.01,0.1,0.0,,,,0
toolbench,rank,gemini-flash,G2_instruction,1,top3,0.01,0.1,0.1,,,,0
toolbench,rank,gemini-flash,G2_instruction,1,top3,0.01,0.1,0.2,,,,0
toolbench,rank,gemini-flash,G2_instruction,1,top3,0.01,0.1,0.3,,,,0
toolbench,rank,gemini-flash,G2_instruction,1,top3,0.01,0.1,0.5,,,,0
toolbench,rank,gemini-flash,G2_instruction,1,top3,0.01,0.1,0.7,,,,0
toolbench,rank,gemini-flash,G2_instruction,1,top3,0.01,0.15,0.0,,,,0
toolbench,rank,gemini-flash,G2_instruction,1,top3,0.01,0.15,0.1,,,,0
toolbench,rank,gemini-flash,G2_instruction,1,top3,0.01,0.15,0.2,,,,0
toolbench,rank,gemini-flash,G2_instruction,1,top3,0.01,0.15,0.3,,,,0
toolbench,rank,gemini-flash,G2_instruction,1,top3,0.01,0.15,0.5,,,,0
toolbench,rank,gemini-flash,G2_instruction,1,top3,0.01,0.15,0.7,,,,0
toolbench,rank,gemini-flash,G2_instruction,1,top3,0.01,0.2,0.0,,,,0
toolbench,rank,gemini-flash,G2_instruction,1,top3,0.01,0.2,0.1,,,,0
toolbench,rank,gemini-flash,G2_instruction,1,top3,0.01,0.2,0.2,,,,0
toolbench,rank,gemini-flash,G2_instruction,1,top3,0.01,0.2,0.3,,,,0
toolbench,rank,gemini-flash,G2_instruction,1,top3,0.01,0.2,0.5,,,,0
toolbench,rank,gemini-flash,G2_instruction,1,top3,0.01,0.2,0.7,,,,0
toolbench,rank,gemini-flash,G2_instruction,1,top3,0.01,0.3,0.0,,,,0
toolbench,rank,gemini-flash,G2_instruction,1,top3,0.01,0.3,0.1,,,,0
toolbench,rank,gemini-flash,G2_instruction,1,top3,0.01,0.3,0.2,,,,0
toolbench,rank,gemini-flash,G2_instruction,1,top3,0.01,0.3,0.3,,,,0
toolbench,rank,gemini-flash,G2_instruction,1,top3,0.01,0.3,0.5,,,,0
toolbench,rank,gemini-flash,G2_instruction,1,top3,0.01,0.3,0.7,,,,0
toolbench,rank,gemini-flash,G2_instruction,1,top3,0.01,0.5,0.0,,,,0
toolbench,rank,gemini-flash,G2_instruction,1,top3,0.01,0.5,0.1,,,,0
toolbench,rank,gemini-flash,G2_instruction,1,top3,0.01,0.5,0.2,,,,0
toolbench,rank,gemini-flash,G2_instruction,1,top3,0.01,0.5,0.3,,,,0
toolbench,rank,gemini-flash,G2_instruction,1,top3,0.01,0.5,0.5,,,,0
toolbench,rank,gemini-flash,G2_instruction,1,top3,0.01,0.5,0.7,,,,0
toolbench,rank,gemini-flash,G2_instruction,1,top5,0.01,0.0,0.0,10,10,1.0,10
toolbench,rank,gemini-flash,G2_instruction,1,top5,0.01,0.0,0.1,10,10,1.0,8
toolbench,rank,gemini-flash,G2_instruction,1,top5,0.01,0.0,0.2,10,10,1.0,9
toolbench,rank,gemini-flash,G2_instruction,1,top5,0.01,0.0,0.3,10,10,1.0,7
toolbench,rank,gemini-flash,G2_instruction,1,top5,0.01,0.0,0.5,10,,,0
toolbench,rank,gemini-flash,G2_instruction,1,top5,0.01,0.0,0.7,10,,,0
toolbench,rank,gemini-flash,G2_instruction,1,top5,0.01,0.05,0.0,10,,,0
toolbench,rank,gemini-flash,G2_instruction,1,top5,0.01,0.05,0.1,10,10,1.0,10
toolbench,rank,gemini-flash,G2_instruction,1,top5,0.01,0.05,0.2,10,,,0
toolbench,rank,gemini-flash,G2_instruction,1,top5,0.01,0.05,0.3,10,,,0
toolbench,rank,gemini-flash,G2_instruction,1,top5,0.01,0.05,0.5,10,,,0
toolbench,rank,gemini-flash,G2_instruction,1,top5,0.01,0.05,0.7,10,,,0
toolbench,rank,gemini-flash,G2_instruction,1,top5,0.01,0.1,0.0,10,,,0
toolbench,rank,gemini-flash,G2_instruction,1,top5,0.01,0.1,0.1,10,,,0
toolbench,rank,gemini-flash,G2_instruction,1,top5,0.01,0.1,0.2,10,10,1.0,8
toolbench,rank,gemini-flash,G2_instruction,1,top5,0.01,0.1,0.3,10,,,0
toolbench,rank,gemini-flash,G2_instruction,1,top5,0.01,0.1,0.5,10,,,0
toolbench,rank,gemini-flash,G2_instruction,1,top5,0.01,0.1,0.7,10,,,0
toolbench,rank,gemini-flash,G2_instruction,1,top5,0.01,0.15,0.0,10,,,0
toolbench,rank,gemini-flash,G2_instruction,1,top5,0.01,0.15,0.1,10,10,1.0,9
toolbench,rank,gemini-flash,G2_instruction,1,top5,0.01,0.15,0.2,10,,,0
toolbench,rank,gemini-flash,G2_instruction,1,top5,0.01,0.15,0.3,10,,,0
toolbench,rank,gemini-flash,G2_instruction,1,top5,0.01,0.15,0.5,10,,,0
toolbench,rank,gemini-flash,G2_instruction,1,top5,0.01,0.15,0.7,10,,,0
toolbench,rank,gemini-flash,G2_instruction,1,top5,0.01,0.2,0.0,10,,,0
toolbench,rank,gemini-flash,G2_instruction,1,top5,0.01,0.2,0.1,10,,,0
toolbench,rank,gemini-flash,G2_instruction,1,top5,0.01,0.2,0.2,10,,,0
toolbench,rank,gemini-flash,G2_instruction,1,top5,0.01,0.2,0.3,10,,,0
toolbench,rank,gemini-flash,G2_instruction,1,top5,0.01,0.2,0.5,10,,,0
toolbench,rank,gemini-flash,G2_instruction,1,top5,0.01,0.2,0.7,10,,,0
toolbench,rank,gemini-flash,G2_instruction,1,top5,0.01,0.3,0.0,10,,,0
toolbench,rank,gemini-flash,G2_instruction,1,top5,0.01,0.3,0.1,10,,,0
toolbench,rank,gemini-flash,G2_instruction,1,top5,0.01,0.3,0.2,10,,,0
toolbench,rank,gemini-flash,G2_instruction,1,top5,0.01,0.3,0.3,10,,,0
toolbench,rank,gemini-flash,G2_instruction,1,top5,0.01,0.3,0.5,10,,,0
toolbench,rank,gemini-flash,G2_instruction,1,top5,0.01,0.3,0.7,10,,,0
toolbench,rank,gemini-flash,G2_instruction,1,top5,0.01,0.5,0.0,10,,,0
toolbench,rank,gemini-flash,G2_instruction,1,top5,0.01,0.5,0.1,10,,,0
toolbench,rank,gemini-flash,G2_instruction,1,top5,0.01,0.5,0.2,10,,,0
toolbench,rank,gemini-flash,G2_instruction,1,top5,0.01,0.5,0.3,10,,,0
toolbench,rank,gemini-flash,G2_instruction,1,top5,0.01,0.5,0.5,10,,,0
toolbench,rank,gemini-flash,G2_instruction,1,top5,0.01,0.5,0.7,10,,,0
toolbench,rank,gemini-flash,G2_instruction,2,full_rank,0.01,0.0,0.0,10,10,1.0,10
toolbench,rank,gemini-flash,G2_instruction,2,full_rank,0.01,0.0,0.1,10,10,1.0,9
toolbench,rank,gemini-flash,G2_instruction,2,full_rank,0.01,0.0,0.2,10,10,1.0,8
toolbench,rank,gemini-flash,G2_instruction,2,full_rank,0.01,0.0,0.3,10,10,1.0,8
toolbench,rank,gemini-flash,G2_instruction,2,full_rank,0.01,0.0,0.5,10,20,2.0,7
toolbench,rank,gemini-flash,G2_instruction,2,full_rank,0.01,0.0,0.7,10,,,0
toolbench,rank,gemini-flash,G2_instruction,2,full_rank,0.01,0.05,0.0,10,10,1.0,10
toolbench,rank,gemini-flash,G2_instruction,2,full_rank,0.01,0.05,0.1,10,10,1.0,8
toolbench,rank,gemini-flash,G2_instruction,2,full_rank,0.01,0.05,0.2,10,10,1.0,8
toolbench,rank,gemini-flash,G2_instruction,2,full_rank,0.01,0.05,0.3,10,20,2.0,18
toolbench,rank,gemini-flash,G2_instruction,2,full_rank,0.01,0.05,0.5,10,,,0
toolbench,rank,gemini-flash,G2_instruction,2,full_rank,0.01,0.05,0.7,10,,,0
toolbench,rank,gemini-flash,G2_instruction,2,full_rank,0.01,0.1,0.0,10,10,1.0,10
toolbench,rank,gemini-flash,G2_instruction,2,full_rank,0.01,0.1,0.1,10,20,2.0,17
toolbench,rank,gemini-flash,G2_instruction,2,full_rank,0.01,0.1,0.2,10,10,1.0,8
toolbench,rank,gemini-flash,G2_instruction,2,full_rank,0.01,0.1,0.3,10,10,1.0,7
toolbench,rank,gemini-flash,G2_instruction,2,full_rank,0.01,0.1,0.5,10,,,0
toolbench,rank,gemini-flash,G2_instruction,2,full_rank,0.01,0.1,0.7,10,,,0
toolbench,rank,gemini-flash,G2_instruction,2,full_rank,0.01,0.15,0.0,10,20,2.0,20
toolbench,rank,gemini-flash,G2_instruction,2,full_rank,0.01,0.15,0.1,10,10,1.0,8
toolbench,rank,gemini-flash,G2_instruction,2,full_rank,0.01,0.15,0.2,10,,,0
toolbench,rank,gemini-flash,G2_instruction,2,full_rank,0.01,0.15,0.3,10,10,1.0,7
toolbench,rank,gemini-flash,G2_instruction,2,full_rank,0.01,0.15,0.5,10,20,2.0,12
toolbench,rank,gemini-flash,G2_instruction,2,full_rank,0.01,0.15,0.7,10,,,0
toolbench,rank,gemini-flash,G2_instruction,2,full_rank,0.01,0.2,0.0,10,,,0
toolbench,rank,gemini-flash,G2_instruction,2,full_rank,0.01,0.2,0.1,10,,,0
toolbench,rank,gemini-flash,G2_instruction,2,full_rank,0.01,0.2,0.2,10,20,2.0,16
toolbench,rank,gemini-flash,G2_instruction,2,full_rank,0.01,0.2,0.3,10,,,0
toolbench,rank,gemini-flash,G2_instruction,2,full_rank,0.01,0.2,0.5,10,,,0
toolbench,rank,gemini-flash,G2_instruction,2,full_rank,0.01,0.2,0.7,10,,,0
toolbench,rank,gemini-flash,G2_instruction,2,full_rank,0.01,0.3,0.0,10,,,0
toolbench,rank,gemini-flash,G2_instruction,2,full_rank,0.01,0.3,0.1,10,,,0
toolbench,rank,gemini-flash,G2_instruction,2,full_rank,0.01,0.3,0.2,10,,,0
toolbench,rank,gemini-flash,G2_instruction,2,full_rank,0.01,0.3,0.3,10,,,0
toolbench,rank,gemini-flash,G2_instruction,2,full_rank,0.01,0.3,0.5,10,,,0
toolbench,rank,gemini-flash,G2_instruction,2,full_rank,0.01,0.3,0.7,10,,,0
toolbench,rank,gemini-flash,G2_instruction,2,full_rank,0.01,0.5,0.0,10,,,0
toolbench,rank,gemini-flash,G2_instruction,2,full_rank,0.01,0.5,0.1,10,,,0
toolbench,rank,gemini-flash,G2_instruction,2,full_rank,0.01,0.5,0.2,10,,,0
toolbench,rank,gemini-flash,G2_instruction,2,full_rank,0.01,0.5,0.3,10,,,0
toolbench,rank,gemini-flash,G2_instruction,2,full_rank,0.01,0.5,0.5,10,,,0
toolbench,rank,gemini-flash,G2_instruction,2,full_rank,0.01,0.5,0.7,10,,,0
toolbench,rank,gemini-flash,G2_instruction,2,top10,0.01,0.0,0.0,10,10,1.0,10
toolbench,rank,gemini-flash,G2_instruction,2,top10,0.01,0.0,0.1,10,10,1.0,9
toolbench,rank,gemini-flash,G2_instruction,2,top10,0.01,0.0,0.2,10,10,1.0,8
toolbench,rank,gemini-flash,G2_instruction,2,top10,0.01,0.0,0.3,10,10,1.0,7
toolbench,rank,gemini-flash,G2_instruction,2,top10,0.01,0.0,0.5,10,20,2.0,12
toolbench,rank,gemini-flash,G2_instruction,2,top10,0.01,0.0,0.7,10,,,0
toolbench,rank,gemini-flash,G2_instruction,2,top10,0.01,0.05,0.0,10,10,1.0,10
toolbench,rank,gemini-flash,G2_instruction,2,top10,0.01,0.05,0.1,10,10,1.0,10
toolbench,rank,gemini-flash,G2_instruction,2,top10,0.01,0.05,0.2,10,10,1.0,10
toolbench,rank,gemini-flash,G2_instruction,2,top10,0.01,0.05,0.3,10,,,0
toolbench,rank,gemini-flash,G2_instruction,2,top10,0.01,0.05,0.5,10,20,2.0,9
toolbench,rank,gemini-flash,G2_instruction,2,top10,0.01,0.05,0.7,10,,,0
toolbench,rank,gemini-flash,G2_instruction,2,top10,0.01,0.1,0.0,10,10,1.0,10
toolbench,rank,gemini-flash,G2_instruction,2,top10,0.01,0.1,0.1,10,10,1.0,8
toolbench,rank,gemini-flash,G2_instruction,2,top10,0.01,0.1,0.2,10,10,1.0,9
toolbench,rank,gemini-flash,G2_instruction,2,top10,0.01,0.1,0.3,10,,,0
toolbench,rank,gemini-flash,G2_instruction,2,top10,0.01,0.1,0.5,10,20,2.0,12
toolbench,rank,gemini-flash,G2_instruction,2,top10,0.01,0.1,0.7,10,,,0
toolbench,rank,gemini-flash,G2_instruction,2,top10,0.01,0.15,0.0,10,20,2.0,20
toolbench,rank,gemini-flash,G2_instruction,2,top10,0.01,0.15,0.1,10,20,2.0,20
toolbench,rank,gemini-flash,G2_instruction,2,top10,0.01,0.15,0.2,10,10,1.0,7
toolbench,rank,gemini-flash,G2_instruction,2,top10,0.01,0.15,0.3,10,20,2.0,12
toolbench,rank,gemini-flash,G2_instruction,2,top10,0.01,0.15,0.5,10,,,0
toolbench,rank,gemini-flash,G2_instruction,2,top10,0.01,0.15,0.7,10,,,0
toolbench,rank,gemini-flash,G2_instruction,2,top10,0.01,0.2,0.0,10,20,2.0,20
toolbench,rank,gemini-flash,G2_instruction,2,top10,0.01,0.2,0.1,10,20,2.0,17
toolbench,rank,gemini-flash,G2_instruction,2,top10,0.01,0.2,0.2,10,,,0
toolbench,rank,gemini-flash,G2_instruction,2,top10,0.01,0.2,0.3,10,,,0
toolbench,rank,gemini-flash,G2_instruction,2,top10,0.01,0.2,0.5,10,10,1.0,7
toolbench,rank,gemini-flash,G2_instruction,2,top10,0.01,0.2,0.7,10,,,0
toolbench,rank,gemini-flash,G2_instruction,2,top10,0.01,0.3,0.0,10,,,0
toolbench,rank,gemini-flash,G2_instruction,2,top10,0.01,0.3,0.1,10,,,0
toolbench,rank,gemini-flash,G2_instruction,2,top10,0.01,0.3,0.2,10,,,0
toolbench,rank,gemini-flash,G2_instruction,2,top10,0.01,0.3,0.3,10,,,0
toolbench,rank,gemini-flash,G2_instruction,2,top10,0.01,0.3,0.5,10,,,0
toolbench,rank,gemini-flash,G2_instruction,2,top10,0.01,0.3,0.7,10,,,0
toolbench,rank,gemini-flash,G2_instruction,2,top10,0.01,0.5,0.0,10,,,0
toolbench,rank,gemini-flash,G2_instruction,2,top10,0.01,0.5,0.1,10,,,0
toolbench,rank,gemini-flash,G2_instruction,2,top10,0.01,0.5,0.2,10,,,0
toolbench,rank,gemini-flash,G2_instruction,2,top10,0.01,0.5,0.3,10,,,0
toolbench,rank,gemini-flash,G2_instruction,2,top10,0.01,0.5,0.5,10,,,0
toolbench,rank,gemini-flash,G2_instruction,2,top10,0.01,0.5,0.7,10,,,0
toolbench,rank,gemini-flash,G2_instruction,2,top2,0.01,0.0,0.0,,,,0
toolbench,rank,gemini-flash,G2_instruction,2,top2,0.01,0.0,0.1,,,,0
toolbench,rank,gemini-flash,G2_instruction,2,top2,0.01,0.0,0.2,,,,0
toolbench,rank,gemini-flash,G2_instruction,2,top2,0.01,0.0,0.3,,,,0
toolbench,rank,gemini-flash,G2_instruction,2,top2,0.01,0.0,0.5,,,,0
toolbench,rank,gemini-flash,G2_instruction,2,top2,0.01,0.0,0.7,,,,0
toolbench,rank,gemini-flash,G2_instruction,2,top2,0.01,0.05,0.0,,,,0
toolbench,rank,gemini-flash,G2_instruction,2,top2,0.01,0.05,0.1,,,,0
toolbench,rank,gemini-flash,G2_instruction,2,top2,0.01,0.05,0.2,,,,0
toolbench,rank,gemini-flash,G2_instruction,2,top2,0.01,0.05,0.3,,,,0
toolbench,rank,gemini-flash,G2_instruction,2,top2,0.01,0.05,0.5,,,,0
toolbench,rank,gemini-flash,G2_instruction,2,top2,0.01,0.05,0.7,,,,0
toolbench,rank,gemini-flash,G2_instruction,2,top2,0.01,0.1,0.0,,,,0
toolbench,rank,gemini-flash,G2_instruction,2,top2,0.01,0.1,0.1,,,,0
toolbench,rank,gemini-flash,G2_instruction,2,top2,0.01,0.1,0.2,,,,0
toolbench,rank,gemini-flash,G2_instruction,2,top2,0.01,0.1,0.3,,,,0
toolbench,rank,gemini-flash,G2_instruction,2,top2,0.01,0.1,0.5,,,,0
toolbench,rank,gemini-flash,G2_instruction,2,top2,0.01,0.1,0.7,,,,0
toolbench,rank,gemini-flash,G2_instruction,2,top2,0.01,0.15,0.0,,,,0
toolbench,rank,gemini-flash,G2_instruction,2,top2,0.01,0.15,0.1,,,,0
toolbench,rank,gemini-flash,G2_instruction,2,top2,0.01,0.15,0.2,,,,0
toolbench,rank,gemini-flash,G2_instruction,2,top2,0.01,0.15,0.3,,,,0
toolbench,rank,gemini-flash,G2_instruction,2,top2,0.01,0.15,0.5,,,,0
toolbench,rank,gemini-flash,G2_instruction,2,top2,0.01,0.15,0.7,,,,0
toolbench,rank,gemini-flash,G2_instruction,2,top2,0.01,0.2,0.0,,,,0
toolbench,rank,gemini-flash,G2_instruction,2,top2,0.01,0.2,0.1,,,,0
toolbench,rank,gemini-flash,G2_instruction,2,top2,0.01,0.2,0.2,,,,0
toolbench,rank,gemini-flash,G2_instruction,2,top2,0.01,0.2,0.3,,,,0
toolbench,rank,gemini-flash,G2_instruction,2,top2,0.01,0.2,0.5,,,,0
toolbench,rank,gemini-flash,G2_instruction,2,top2,0.01,0.2,0.7,,,,0
toolbench,rank,gemini-flash,G2_instruction,2,top2,0.01,0.3,0.0,,,,0
toolbench,rank,gemini-flash,G2_instruction,2,top2,0.01,0.3,0.1,,,,0
toolbench,rank,gemini-flash,G2_instruction,2,top2,0.01,0.3,0.2,,,,0
toolbench,rank,gemini-flash,G2_instruction,2,top2,0.01,0.3,0.3,,,,0
toolbench,rank,gemini-flash,G2_instruction,2,top2,0.01,0.3,0.5,,,,0
toolbench,rank,gemini-flash,G2_instruction,2,top2,0.01,0.3,0.7,,,,0
toolbench,rank,gemini-flash,G2_instruction,2,top2,0.01,0.5,0.0,,,,0
toolbench,rank,gemini-flash,G2_instruction,2,top2,0.01,0.5,0.1,,,,0
toolbench,rank,gemini-flash,G2_instruction,2,top2,0.01,0.5,0.2,,,,0
toolbench,rank,gemini-flash,G2_instruction,2,top2,0.01,0.5,0.3,,,,0
toolbench,rank,gemini-flash,G2_instruction,2,top2,0.01,0.5,0.5,,,,0
toolbench,rank,gemini-flash,G2_instruction,2,top2,0.01,0.5,0.7,,,,0
toolbench,rank,gemini-flash,G2_instruction,2,top3,0.01,0.0,0.0,10,10,1.0,10
toolbench,rank,gemini-flash,G2_instruction,2,top3,0.01,0.0,0.1,10,10,1.0,9
toolbench,rank,gemini-flash,G2_instruction,2,top3,0.01,0.0,0.2,10,10,1.0,9
toolbench,rank,gemini-flash,G2_instruction,2,top3,0.01,0.0,0.3,10,,,0
toolbench,rank,gemini-flash,G2_instruction,2,top3,0.01,0.0,0.5,10,,,0
toolbench,rank,gemini-flash,G2_instruction,2,top3,0.01,0.0,0.7,10,,,0
toolbench,rank,gemini-flash,G2_instruction,2,top3,0.01,0.05,0.0,10,10,1.0,10
toolbench,rank,gemini-flash,G2_instruction,2,top3,0.01,0.05,0.1,10,,,0
toolbench,rank,gemini-flash,G2_instruction,2,top3,0.01,0.05,0.2,10,10,1.0,7
toolbench,rank,gemini-flash,G2_instruction,2,top3,0.01,0.05,0.3,10,10,1.0,8
toolbench,rank,gemini-flash,G2_instruction,2,top3,0.01,0.05,0.5,10,,,0
toolbench,rank,gemini-flash,G2_instruction,2,top3,0.01,0.05,0.7,10,,,0
toolbench,rank,gemini-flash,G2_instruction,2,top3,0.01,0.1,0.0,10,,,0
toolbench,rank,gemini-flash,G2_instruction,2,top3,0.01,0.1,0.1,10,,,0
toolbench,rank,gemini-flash,G2_instruction,2,top3,0.01,0.1,0.2,10,,,0
toolbench,rank,gemini-flash,G2_instruction,2,top3,0.01,0.1,0.3,10,,,0
toolbench,rank,gemini-flash,G2_instruction,2,top3,0.01,0.1,0.5,10,,,0
toolbench,rank,gemini-flash,G2_instruction,2,top3,0.01,0.1,0.7,10,,,0
toolbench,rank,gemini-flash,G2_instruction,2,top3,0.01,0.15,0.0,10,,,0
toolbench,rank,gemini-flash,G2_instruction,2,top3,0.01,0.15,0.1,10,,,0
toolbench,rank,gemini-flash,G2_instruction,2,top3,0.01,0.15,0.2,10,,,0
toolbench,rank,gemini-flash,G2_instruction,2,top3,0.01,0.15,0.3,10,10,1.0,7
toolbench,rank,gemini-flash,G2_instruction,2,top3,0.01,0.15,0.5,10,,,0
toolbench,rank,gemini-flash,G2_instruction,2,top3,0.01,0.15,0.7,10,,,0
toolbench,rank,gemini-flash,G2_instruction,2,top3,0.01,0.2,0.0,10,10,1.0,10
toolbench,rank,gemini-flash,G2_instruction,2,top3,0.01,0.2,0.1,10,,,0
toolbench,rank,gemini-flash,G2_instruction,2,top3,0.01,0.2,0.2,10,,,0
toolbench,rank,gemini-flash,G2_instruction,2,top3,0.01,0.2,0.3,10,,,0
toolbench,rank,gemini-flash,G2_instruction,2,top3,0.01,0.2,0.5,10,,,0
toolbench,rank,gemini-flash,G2_instruction,2,top3,0.01,0.2,0.7,10,,,0
toolbench,rank,gemini-flash,G2_instruction,2,top3,0.01,0.3,0.0,10,,,0
toolbench,rank,gemini-flash,G2_instruction,2,top3,0.01,0.3,0.1,10,,,0
toolbench,rank,gemini-flash,G2_instruction,2,top3,0.01,0.3,0.2,10,,,0
toolbench,rank,gemini-flash,G2_instruction,2,top3,0.01,0.3,0.3,10,,,0
toolbench,rank,gemini-flash,G2_instruction,2,top3,0.01,0.3,0.5,10,,,0
toolbench,rank,gemini-flash,G2_instruction,2,top3,0.01,0.3,0.7,10,,,0
toolbench,rank,gemini-flash,G2_instruction,2,top3,0.01,0.5,0.0,10,,,0
toolbench,rank,gemini-flash,G2_instruction,2,top3,0.01,0.5,0.1,10,,,0
toolbench,rank,gemini-flash,G2_instruction,2,top3,0.01,0.5,0.2,10,,,0
toolbench,rank,gemini-flash,G2_instruction,2,top3,0.01,0.5,0.3,10,,,0
toolbench,rank,gemini-flash,G2_instruction,2,top3,0.01,0.5,0.5,10,,,0
toolbench,rank,gemini-flash,G2_instruction,2,top3,0.01,0.5,0.7,10,,,0
toolbench,rank,gemini-flash,G2_instruction,2,top5,0.01,0.0,0.0,10,10,1.0,10
toolbench,rank,gemini-flash,G2_instruction,2,top5,0.01,0.0,0.1,10,10,1.0,7
toolbench,rank,gemini-flash,G2_instruction,2,top5,0.01,0.0,0.2,10,10,1.0,9
toolbench,rank,gemini-flash,G2_instruction,2,top5,0.01,0.0,0.3,10,10,1.0,8
toolbench,rank,gemini-flash,G2_instruction,2,top5,0.01,0.0,0.5,10,,,0
toolbench,rank,gemini-flash,G2_instruction,2,top5,0.01,0.0,0.7,10,,,0
toolbench,rank,gemini-flash,G2_instruction,2,top5,0.01,0.05,0.0,10,10,1.0,10
toolbench,rank,gemini-flash,G2_instruction,2,top5,0.01,0.05,0.1,10,10,1.0,8
toolbench,rank,gemini-flash,G2_instruction,2,top5,0.01,0.05,0.2,10,,,0
toolbench,rank,gemini-flash,G2_instruction,2,top5,0.01,0.05,0.3,10,,,0
toolbench,rank,gemini-flash,G2_instruction,2,top5,0.01,0.05,0.5,10,,,0
toolbench,rank,gemini-flash,G2_instruction,2,top5,0.01,0.05,0.7,10,,,0
toolbench,rank,gemini-flash,G2_instruction,2,top5,0.01,0.1,0.0,10,10,1.0,10
toolbench,rank,gemini-flash,G2_instruction,2,top5,0.01,0.1,0.1,10,10,1.0,8
toolbench,rank,gemini-flash,G2_instruction,2,top5,0.01,0.1,0.2,10,10,1.0,8
toolbench,rank,gemini-flash,G2_instruction,2,top5,0.01,0.1,0.3,10,10,1.0,8
toolbench,rank,gemini-flash,G2_instruction,2,top5,0.01,0.1,0.5,10,,,0
toolbench,rank,gemini-flash,G2_instruction,2,top5,0.01,0.1,0.7,10,,,0
toolbench,rank,gemini-flash,G2_instruction,2,top5,0.01,0.15,0.0,10,,,0
toolbench,rank,gemini-flash,G2_instruction,2,top5,0.01,0.15,0.1,10,,,0
toolbench,rank,gemini-flash,G2_instruction,2,top5,0.01,0.15,0.2,10,,,0
toolbench,rank,gemini-flash,G2_instruction,2,top5,0.01,0.15,0.3,10,,,0
toolbench,rank,gemini-flash,G2_instruction,2,top5,0.01,0.15,0.5,10,,,0
toolbench,rank,gemini-flash,G2_instruction,2,top5,0.01,0.15,0.7,10,10,1.0,7
toolbench,rank,gemini-flash,G2_instruction,2,top5,0.01,0.2,0.0,10,,,0
toolbench,rank,gemini-flash,G2_instruction,2,top5,0.01,0.2,0.1,10,,,0
toolbench,rank,gemini-flash,G2_instruction,2,top5,0.01,0.2,0.2,10,,,0
toolbench,rank,gemini-flash,G2_instruction,2,top5,0.01,0.2,0.3,10,,,0
toolbench,rank,gemini-flash,G2_instruction,2,top5,0.01,0.2,0.5,10,,,0
toolbench,rank,gemini-flash,G2_instruction,2,top5,0.01,0.2,0.7,10,,,0
toolbench,rank,gemini-flash,G2_instruction,2,top5,0.01,0.3,0.0,10,,,0
toolbench,rank,gemini-flash,G2_instruction,2,top5,0.01,0.3,0.1,10,,,0
toolbench,rank,gemini-flash,G2_instruction,2,top5,0.01,0.3,0.2,10,,,0
toolbench,rank,gemini-flash,G2_instruction,2,top5,0.01,0.3,0.3,10,,,0
toolbench,rank,gemini-flash,G2_instruction,2,top5,0.01,0.3,0.5,10,,,0
toolbench,rank,gemini-flash,G2_instruction,2,top5,0.01,0.3,0.7,10,,,0
toolbench,rank,gemini-flash,G2_instruction,2,top5,0.01,0.5,0.0,10,,,0
toolbench,rank,gemini-flash,G2_instruction,2,top5,0.01,0.5,0.1,10,,,0
toolbench,rank,gemini-flash,G2_instruction,2,top5,0.01,0.5,0.2,10,,,0
toolbench,rank,gemini-flash,G2_instruction,2,top5,0.01,0.5,0.3,10,,,0
toolbench,rank,gemini-flash,G2_instruction,2,top5,0.01,0.5,0.5,10,,,0
toolbench,rank,gemini-flash,G2_instruction,2,top5,0.01,0.5,0.7,10,,,0
toolbench,rank,gemini-flash,G2_instruction,3,full_rank,0.01,0.0,0.0,10,10,1.0,10
toolbench,rank,gemini-flash,G2_instruction,3,full_rank,0.01,0.0,0.1,10,10,1.0,9
toolbench,rank,gemini-flash,G2_instruction,3,full_rank,0.01,0.0,0.2,10,10,1.0,7
toolbench,rank,gemini-flash,G2_instruction,3,full_rank,0.01,0.0,0.3,10,,,0
toolbench,rank,gemini-flash,G2_instruction,3,full_rank,0.01,0.0,0.5,10,,,0
toolbench,rank,gemini-flash,G2_instruction,3,full_rank,0.01,0.0,0.7,10,,,0
toolbench,rank,gemini-flash,G2_instruction,3,full_rank,0.01,0.05,0.0,10,10,1.0,10
toolbench,rank,gemini-flash,G2_instruction,3,full_rank,0.01,0.05,0.1,10,,,0
toolbench,rank,gemini-flash,G2_instruction,3,full_rank,0.01,0.05,0.2,10,10,1.0,9
toolbench,rank,gemini-flash,G2_instruction,3,full_rank,0.01,0.05,0.3,10,,,0
toolbench,rank,gemini-flash,G2_instruction,3,full_rank,0.01,0.05,0.5,10,10,1.0,7
toolbench,rank,gemini-flash,G2_instruction,3,full_rank,0.01,0.05,0.7,10,,,0
toolbench,rank,gemini-flash,G2_instruction,3,full_rank,0.01,0.1,0.0,10,,,0
toolbench,rank,gemini-flash,G2_instruction,3,full_rank,0.01,0.1,0.1,10,10,1.0,10
toolbench,rank,gemini-flash,G2_instruction,3,full_rank,0.01,0.1,0.2,10,10,1.0,9
toolbench,rank,gemini-flash,G2_instruction,3,full_rank,0.01,0.1,0.3,10,,,0
toolbench,rank,gemini-flash,G2_instruction,3,full_rank,0.01,0.1,0.5,10,,,0
toolbench,rank,gemini-flash,G2_instruction,3,full_rank,0.01,0.1,0.7,10,,,0
toolbench,rank,gemini-flash,G2_instruction,3,full_rank,0.01,0.15,0.0,10,,,0
toolbench,rank,gemini-flash,G2_instruction,3,full_rank,0.01,0.15,0.1,10,,,0
toolbench,rank,gemini-flash,G2_instruction,3,full_rank,0.01,0.15,0.2,10,,,0
toolbench,rank,gemini-flash,G2_instruction,3,full_rank,0.01,0.15,0.3,10,10,1.0,7
toolbench,rank,gemini-flash,G2_instruction,3,full_rank,0.01,0.15,0.5,10,,,0
toolbench,rank,gemini-flash,G2_instruction,3,full_rank,0.01,0.15,0.7,10,,,0
toolbench,rank,gemini-flash,G2_instruction,3,full_rank,0.01,0.2,0.0,10,,,0
toolbench,rank,gemini-flash,G2_instruction,3,full_rank,0.01,0.2,0.1,10,,,0
toolbench,rank,gemini-flash,G2_instruction,3,full_rank,0.01,0.2,0.2,10,,,0
toolbench,rank,gemini-flash,G2_instruction,3,full_rank,0.01,0.2,0.3,10,,,0
toolbench,rank,gemini-flash,G2_instruction,3,full_rank,0.01,0.2,0.5,10,,,0
toolbench,rank,gemini-flash,G2_instruction,3,full_rank,0.01,0.2,0.7,10,,,0
toolbench,rank,gemini-flash,G2_instruction,3,full_rank,0.01,0.3,0.0,10,,,0
toolbench,rank,gemini-flash,G2_instruction,3,full_rank,0.01,0.3,0.1,10,,,0
toolbench,rank,gemini-flash,G2_instruction,3,full_rank,0.01,0.3,0.2,10,,,0
toolbench,rank,gemini-flash,G2_instruction,3,full_rank,0.01,0.3,0.3,10,,,0
toolbench,rank,gemini-flash,G2_instruction,3,full_rank,0.01,0.3,0.5,10,,,0
toolbench,rank,gemini-flash,G2_instruction,3,full_rank,0.01,0.3,0.7,10,,,0
toolbench,rank,gemini-flash,G2_instruction,3,full_rank,0.01,0.5,0.0,10,,,0
toolbench,rank,gemini-flash,G2_instruction,3,full_rank,0.01,0.5,0.1,10,,,0
toolbench,rank,gemini-flash,G2_instruction,3,full_rank,0.01,0.5,0.2,10,,,0
toolbench,rank,gemini-flash,G2_instruction,3,full_rank,0.01,0.5,0.3,10,,,0
toolbench,rank,gemini-flash,G2_instruction,3,full_rank,0.01,0.5,0.5,10,,,0
toolbench,rank,gemini-flash,G2_instruction,3,full_rank,0.01,0.5,0.7,10,,,0
toolbench,rank,gemini-flash,G2_instruction,3,top10,0.01,0.0,0.0,10,10,1.0,10
toolbench,rank,gemini-flash,G2_instruction,3,top10,0.01,0.0,0.1,10,10,1.0,9
toolbench,rank,gemini-flash,G2_instruction,3,top10,0.01,0.0,0.2,10,10,1.0,9
toolbench,rank,gemini-flash,G2_instruction,3,top10,0.01,0.0,0.3,10,10,1.0,9
toolbench,rank,gemini-flash,G2_instruction,3,top10,0.01,0.0,0.5,10,,,0
toolbench,rank,gemini-flash,G2_instruction,3,top10,0.01,0.0,0.7,10,,,0
toolbench,rank,gemini-flash,G2_instruction,3,top10,0.01,0.05,0.0,10,,,0
toolbench,rank,gemini-flash,G2_instruction,3,top10,0.01,0.05,0.1,10,,,0
toolbench,rank,gemini-flash,G2_instruction,3,top10,0.01,0.05,0.2,10,,,0
toolbench,rank,gemini-flash,G2_instruction,3,top10,0.01,0.05,0.3,10,10,1.0,8
toolbench,rank,gemini-flash,G2_instruction,3,top10,0.01,0.05,0.5,10,10,1.0,7
toolbench,rank,gemini-flash,G2_instruction,3,top10,0.01,0.05,0.7,10,,,0
toolbench,rank,gemini-flash,G2_instruction,3,top10,0.01,0.1,0.0,10,,,0
toolbench,rank,gemini-flash,G2_instruction,3,top10,0.01,0.1,0.1,10,,,0
toolbench,rank,gemini-flash,G2_instruction,3,top10,0.01,0.1,0.2,10,,,0
toolbench,rank,gemini-flash,G2_instruction,3,top10,0.01,0.1,0.3,10,10,1.0,9
toolbench,rank,gemini-flash,G2_instruction,3,top10,0.01,0.1,0.5,10,10,1.0,8
toolbench,rank,gemini-flash,G2_instruction,3,top10,0.01,0.1,0.7,10,,,0
toolbench,rank,gemini-flash,G2_instruction,3,top10,0.01,0.15,0.0,10,,,0
toolbench,rank,gemini-flash,G2_instruction,3,top10,0.01,0.15,0.1,10,,,0
toolbench,rank,gemini-flash,G2_instruction,3,top10,0.01,0.15,0.2,10,,,0
toolbench,rank,gemini-flash,G2_instruction,3,top10,0.01,0.15,0.3,10,,,0
toolbench,rank,gemini-flash,G2_instruction,3,top10,0.01,0.15,0.5,10,,,0
toolbench,rank,gemini-flash,G2_instruction,3,top10,0.01,0.15,0.7,10,,,0
toolbench,rank,gemini-flash,G2_instruction,3,top10,0.01,0.2,0.0,10,,,0
toolbench,rank,gemini-flash,G2_instruction,3,top10,0.01,0.2,0.1,10,,,0
toolbench,rank,gemini-flash,G2_instruction,3,top10,0.01,0.2,0.2,10,,,0
toolbench,rank,gemini-flash,G2_instruction,3,top10,0.01,0.2,0.3,10,,,0
toolbench,rank,gemini-flash,G2_instruction,3,top10,0.01,0.2,0.5,10,,,0
toolbench,rank,gemini-flash,G2_instruction,3,top10,0.01,0.2,0.7,10,,,0
toolbench,rank,gemini-flash,G2_instruction,3,top10,0.01,0.3,0.0,10,,,0
toolbench,rank,gemini-flash,G2_instruction,3,top10,0.01,0.3,0.1,10,10,1.0,9
toolbench,rank,gemini-flash,G2_instruction,3,top10,0.01,0.3,0.2,10,,,0
toolbench,rank,gemini-flash,G2_instruction,3,top10,0.01,0.3,0.3,10,,,0
toolbench,rank,gemini-flash,G2_instruction,3,top10,0.01,0.3,0.5,10,,,0
toolbench,rank,gemini-flash,G2_instruction,3,top10,0.01,0.3,0.7,10,,,0
toolbench,rank,gemini-flash,G2_instruction,3,top10,0.01,0.5,0.0,10,,,0
toolbench,rank,gemini-flash,G2_instruction,3,top10,0.01,0.5,0.1,10,,,0
toolbench,rank,gemini-flash,G2_instruction,3,top10,0.01,0.5,0.2,10,,,0
toolbench,rank,gemini-flash,G2_instruction,3,top10,0.01,0.5,0.3,10,,,0
toolbench,rank,gemini-flash,G2_instruction,3,top10,0.01,0.5,0.5,10,,,0
toolbench,rank,gemini-flash,G2_instruction,3,top10,0.01,0.5,0.7,10,,,0
toolbench,rank,gemini-flash,G2_instruction,3,top2,0.01,0.0,0.0,,,,0
toolbench,rank,gemini-flash,G2_instruction,3,top2,0.01,0.0,0.1,,,,0
toolbench,rank,gemini-flash,G2_instruction,3,top2,0.01,0.0,0.2,,,,0
toolbench,rank,gemini-flash,G2_instruction,3,top2,0.01,0.0,0.3,,,,0
toolbench,rank,gemini-flash,G2_instruction,3,top2,0.01,0.0,0.5,,,,0
toolbench,rank,gemini-flash,G2_instruction,3,top2,0.01,0.0,0.7,,,,0
toolbench,rank,gemini-flash,G2_instruction,3,top2,0.01,0.05,0.0,,,,0
toolbench,rank,gemini-flash,G2_instruction,3,top2,0.01,0.05,0.1,,,,0
toolbench,rank,gemini-flash,G2_instruction,3,top2,0.01,0.05,0.2,,,,0
toolbench,rank,gemini-flash,G2_instruction,3,top2,0.01,0.05,0.3,,,,0
toolbench,rank,gemini-flash,G2_instruction,3,top2,0.01,0.05,0.5,,,,0
toolbench,rank,gemini-flash,G2_instruction,3,top2,0.01,0.05,0.7,,,,0
toolbench,rank,gemini-flash,G2_instruction,3,top2,0.01,0.1,0.0,,,,0
toolbench,rank,gemini-flash,G2_instruction,3,top2,0.01,0.1,0.1,,,,0
toolbench,rank,gemini-flash,G2_instruction,3,top2,0.01,0.1,0.2,,,,0
toolbench,rank,gemini-flash,G2_instruction,3,top2,0.01,0.1,0.3,,,,0
toolbench,rank,gemini-flash,G2_instruction,3,top2,0.01,0.1,0.5,,,,0
toolbench,rank,gemini-flash,G2_instruction,3,top2,0.01,0.1,0.7,,,,0
toolbench,rank,gemini-flash,G2_instruction,3,top2,0.01,0.15,0.0,,,,0
toolbench,rank,gemini-flash,G2_instruction,3,top2,0.01,0.15,0.1,,,,0
toolbench,rank,gemini-flash,G2_instruction,3,top2,0.01,0.15,0.2,,,,0
toolbench,rank,gemini-flash,G2_instruction,3,top2,0.01,0.15,0.3,,,,0
toolbench,rank,gemini-flash,G2_instruction,3,top2,0.01,0.15,0.5,,,,0
toolbench,rank,gemini-flash,G2_instruction,3,top2,0.01,0.15,0.7,,,,0
toolbench,rank,gemini-flash,G2_instruction,3,top2,0.01,0.2,0.0,,,,0
toolbench,rank,gemini-flash,G2_instruction,3,top2,0.01,0.2,0.1,,,,0
toolbench,rank,gemini-flash,G2_instruction,3,top2,0.01,0.2,0.2,,,,0
toolbench,rank,gemini-flash,G2_instruction,3,top2,0.01,0.2,0.3,,,,0
toolbench,rank,gemini-flash,G2_instruction,3,top2,0.01,0.2,0.5,,,,0
toolbench,rank,gemini-flash,G2_instruction,3,top2,0.01,0.2,0.7,,,,0
toolbench,rank,gemini-flash,G2_instruction,3,top2,0.01,0.3,0.0,,,,0
toolbench,rank,gemini-flash,G2_instruction,3,top2,0.01,0.3,0.1,,,,0
toolbench,rank,gemini-flash,G2_instruction,3,top2,0.01,0.3,0.2,,,,0
toolbench,rank,gemini-flash,G2_instruction,3,top2,0.01,0.3,0.3,,,,0
toolbench,rank,gemini-flash,G2_instruction,3,top2,0.01,0.3,0.5,,,,0
toolbench,rank,gemini-flash,G2_instruction,3,top2,0.01,0.3,0.7,,,,0
toolbench,rank,gemini-flash,G2_instruction,3,top2,0.01,0.5,0.0,,,,0
toolbench,rank,gemini-flash,G2_instruction,3,top2,0.01,0.5,0.1,,,,0
toolbench,rank,gemini-flash,G2_instruction,3,top2,0.01,0.5,0.2,,,,0
toolbench,rank,gemini-flash,G2_instruction,3,top2,0.01,0.5,0.3,,,,0
toolbench,rank,gemini-flash,G2_instruction,3,top2,0.01,0.5,0.5,,,,0
toolbench,rank,gemini-flash,G2_instruction,3,top2,0.01,0.5,0.7,,,,0
toolbench,rank,gemini-flash,G2_instruction,3,top3,0.01,0.0,0.0,,,,0
toolbench,rank,gemini-flash,G2_instruction,3,top3,0.01,0.0,0.1,,,,0
toolbench,rank,gemini-flash,G2_instruction,3,top3,0.01,0.0,0.2,,,,0
toolbench,rank,gemini-flash,G2_instruction,3,top3,0.01,0.0,0.3,,,,0
toolbench,rank,gemini-flash,G2_instruction,3,top3,0.01,0.0,0.5,,,,0
toolbench,rank,gemini-flash,G2_instruction,3,top3,0.01,0.0,0.7,,,,0
toolbench,rank,gemini-flash,G2_instruction,3,top3,0.01,0.05,0.0,,,,0
toolbench,rank,gemini-flash,G2_instruction,3,top3,0.01,0.05,0.1,,,,0
toolbench,rank,gemini-flash,G2_instruction,3,top3,0.01,0.05,0.2,,,,0
toolbench,rank,gemini-flash,G2_instruction,3,top3,0.01,0.05,0.3,,,,0
toolbench,rank,gemini-flash,G2_instruction,3,top3,0.01,0.05,0.5,,,,0
toolbench,rank,gemini-flash,G2_instruction,3,top3,0.01,0.05,0.7,,,,0
toolbench,rank,gemini-flash,G2_instruction,3,top3,0.01,0.1,0.0,,,,0
toolbench,rank,gemini-flash,G2_instruction,3,top3,0.01,0.1,0.1,,,,0
toolbench,rank,gemini-flash,G2_instruction,3,top3,0.01,0.1,0.2,,,,0
toolbench,rank,gemini-flash,G2_instruction,3,top3,0.01,0.1,0.3,,,,0
toolbench,rank,gemini-flash,G2_instruction,3,top3,0.01,0.1,0.5,,,,0
toolbench,rank,gemini-flash,G2_instruction,3,top3,0.01,0.1,0.7,,,,0
toolbench,rank,gemini-flash,G2_instruction,3,top3,0.01,0.15,0.0,,,,0
toolbench,rank,gemini-flash,G2_instruction,3,top3,0.01,0.15,0.1,,,,0
toolbench,rank,gemini-flash,G2_instruction,3,top3,0.01,0.15,0.2,,,,0
toolbench,rank,gemini-flash,G2_instruction,3,top3,0.01,0.15,0.3,,,,0
toolbench,rank,gemini-flash,G2_instruction,3,top3,0.01,0.15,0.5,,,,0
toolbench,rank,gemini-flash,G2_instruction,3,top3,0.01,0.15,0.7,,,,0
toolbench,rank,gemini-flash,G2_instruction,3,top3,0.01,0.2,0.0,,,,0
toolbench,rank,gemini-flash,G2_instruction,3,top3,0.01,0.2,0.1,,,,0
toolbench,rank,gemini-flash,G2_instruction,3,top3,0.01,0.2,0.2,,,,0
toolbench,rank,gemini-flash,G2_instruction,3,top3,0.01,0.2,0.3,,,,0
toolbench,rank,gemini-flash,G2_instruction,3,top3,0.01,0.2,0.5,,,,0
toolbench,rank,gemini-flash,G2_instruction,3,top3,0.01,0.2,0.7,,,,0
toolbench,rank,gemini-flash,G2_instruction,3,top3,0.01,0.3,0.0,,,,0
toolbench,rank,gemini-flash,G2_instruction,3,top3,0.01,0.3,0.1,,,,0
toolbench,rank,gemini-flash,G2_instruction,3,top3,0.01,0.3,0.2,,,,0
toolbench,rank,gemini-flash,G2_instruction,3,top3,0.01,0.3,0.3,,,,0
toolbench,rank,gemini-flash,G2_instruction,3,top3,0.01,0.3,0.5,,,,0
toolbench,rank,gemini-flash,G2_instruction,3,top3,0.01,0.3,0.7,,,,0
toolbench,rank,gemini-flash,G2_instruction,3,top3,0.01,0.5,0.0,,,,0
toolbench,rank,gemini-flash,G2_instruction,3,top3,0.01,0.5,0.1,,,,0
toolbench,rank,gemini-flash,G2_instruction,3,top3,0.01,0.5,0.2,,,,0
toolbench,rank,gemini-flash,G2_instruction,3,top3,0.01,0.5,0.3,,,,0
toolbench,rank,gemini-flash,G2_instruction,3,top3,0.01,0.5,0.5,,,,0
toolbench,rank,gemini-flash,G2_instruction,3,top3,0.01,0.5,0.7,,,,0
toolbench,rank,gemini-flash,G2_instruction,3,top5,0.01,0.0,0.0,10,10,1.0,10
toolbench,rank,gemini-flash,G2_instruction,3,top5,0.01,0.0,0.1,10,10,1.0,8
toolbench,rank,gemini-flash,G2_instruction,3,top5,0.01,0.0,0.2,10,10,1.0,8
toolbench,rank,gemini-flash,G2_instruction,3,top5,0.01,0.0,0.3,10,10,1.0,7
toolbench,rank,gemini-flash,G2_instruction,3,top5,0.01,0.0,0.5,10,,,0
toolbench,rank,gemini-flash,G2_instruction,3,top5,0.01,0.0,0.7,10,,,0
toolbench,rank,gemini-flash,G2_instruction,3,top5,0.01,0.05,0.0,10,10,1.0,10
toolbench,rank,gemini-flash,G2_instruction,3,top5,0.01,0.05,0.1,10,,,0
toolbench,rank,gemini-flash,G2_instruction,3,top5,0.01,0.05,0.2,10,10,1.0,8
toolbench,rank,gemini-flash,G2_instruction,3,top5,0.01,0.05,0.3,10,10,1.0,8
toolbench,rank,gemini-flash,G2_instruction,3,top5,0.01,0.05,0.5,10,,,0
toolbench,rank,gemini-flash,G2_instruction,3,top5,0.01,0.05,0.7,10,,,0
toolbench,rank,gemini-flash,G2_instruction,3,top5,0.01,0.1,0.0,10,,,0
toolbench,rank,gemini-flash,G2_instruction,3,top5,0.01,0.1,0.1,10,,,0
toolbench,rank,gemini-flash,G2_instruction,3,top5,0.01,0.1,0.2,10,,,0
toolbench,rank,gemini-flash,G2_instruction,3,top5,0.01,0.1,0.3,10,,,0
toolbench,rank,gemini-flash,G2_instruction,3,top5,0.01,0.1,0.5,10,,,0
toolbench,rank,gemini-flash,G2_instruction,3,top5,0.01,0.1,0.7,10,,,0
toolbench,rank,gemini-flash,G2_instruction,3,top5,0.01,0.15,0.0,10,,,0
toolbench,rank,gemini-flash,G2_instruction,3,top5,0.01,0.15,0.1,10,,,0
toolbench,rank,gemini-flash,G2_instruction,3,top5,0.01,0.15,0.2,10,,,0
toolbench,rank,gemini-flash,G2_instruction,3,top5,0.01,0.15,0.3,10,,,0
toolbench,rank,gemini-flash,G2_instruction,3,top5,0.01,0.15,0.5,10,,,0
toolbench,rank,gemini-flash,G2_instruction,3,top5,0.01,0.15,0.7,10,,,0
toolbench,rank,gemini-flash,G2_instruction,3,top5,0.01,0.2,0.0,10,,,0
toolbench,rank,gemini-flash,G2_instruction,3,top5,0.01,0.2,0.1,10,,,0
toolbench,rank,gemini-flash,G2_instruction,3,top5,0.01,0.2,0.2,10,,,0
toolbench,rank,gemini-flash,G2_instruction,3,top5,0.01,0.2,0.3,10,,,0
toolbench,rank,gemini-flash,G2_instruction,3,top5,0.01,0.2,0.5,10,,,0
toolbench,rank,gemini-flash,G2_instruction,3,top5,0.01,0.2,0.7,10,,,0
toolbench,rank,gemini-flash,G2_instruction,3,top5,0.01,0.3,0.0,10,,,0
toolbench,rank,gemini-flash,G2_instruction,3,top5,0.01,0.3,0.1,10,,,0
toolbench,rank,gemini-flash,G2_instruction,3,top5,0.01,0.3,0.2,10,,,0
toolbench,rank,gemini-flash,G2_instruction,3,top5,0.01,0.3,0.3,10,,,0
toolbench,rank,gemini-flash,G2_instruction,3,top5,0.01,0.3,0.5,10,,,0
toolbench,rank,gemini-flash,G2_instruction,3,top5,0.01,0.3,0.7,10,,,0
toolbench,rank,gemini-flash,G2_instruction,3,top5,0.01,0.5,0.0,10,,,0
toolbench,rank,gemini-flash,G2_instruction,3,top5,0.01,0.5,0.1,10,,,0
toolbench,rank,gemini-flash,G2_instruction,3,top5,0.01,0.5,0.2,10,,,0
toolbench,rank,gemini-flash,G2_instruction,3,top5,0.01,0.5,0.3,10,,,0
toolbench,rank,gemini-flash,G2_instruction,3,top5,0.01,0.5,0.5,10,,,0
toolbench,rank,gemini-flash,G2_instruction,3,top5,0.01,0.5,0.7,10,,,0
toolbench,rank,gemini-flash,G3_instruction,1,full_rank,0.01,0.0,0.0,10,10,1.0,10
toolbench,rank,gemini-flash,G3_instruction,1,full_rank,0.01,0.0,0.1,10,10,1.0,9
toolbench,rank,gemini-flash,G3_instruction,1,full_rank,0.01,0.0,0.2,10,10,1.0,8
toolbench,rank,gemini-flash,G3_instruction,1,full_rank,0.01,0.0,0.3,10,,,0
toolbench,rank,gemini-flash,G3_instruction,1,full_rank,0.01,0.0,0.5,10,,,0
toolbench,rank,gemini-flash,G3_instruction,1,full_rank,0.01,0.0,0.7,10,,,0
toolbench,rank,gemini-flash,G3_instruction,1,full_rank,0.01,0.05,0.0,10,,,0
toolbench,rank,gemini-flash,G3_instruction,1,full_rank,0.01,0.05,0.1,10,10,1.0,8
toolbench,rank,gemini-flash,G3_instruction,1,full_rank,0.01,0.05,0.2,10,10,1.0,8
toolbench,rank,gemini-flash,G3_instruction,1,full_rank,0.01,0.05,0.3,10,,,0
toolbench,rank,gemini-flash,G3_instruction,1,full_rank,0.01,0.05,0.5,10,,,0
toolbench,rank,gemini-flash,G3_instruction,1,full_rank,0.01,0.05,0.7,10,,,0
toolbench,rank,gemini-flash,G3_instruction,1,full_rank,0.01,0.1,0.0,10,,,0
toolbench,rank,gemini-flash,G3_instruction,1,full_rank,0.01,0.1,0.1,10,10,1.0,8
toolbench,rank,gemini-flash,G3_instruction,1,full_rank,0.01,0.1,0.2,10,10,1.0,9
toolbench,rank,gemini-flash,G3_instruction,1,full_rank,0.01,0.1,0.3,10,,,0
toolbench,rank,gemini-flash,G3_instruction,1,full_rank,0.01,0.1,0.5,10,,,0
toolbench,rank,gemini-flash,G3_instruction,1,full_rank,0.01,0.1,0.7,10,,,0
toolbench,rank,gemini-flash,G3_instruction,1,full_rank,0.01,0.15,0.0,10,,,0
toolbench,rank,gemini-flash,G3_instruction,1,full_rank,0.01,0.15,0.1,10,,,0
toolbench,rank,gemini-flash,G3_instruction,1,full_rank,0.01,0.15,0.2,10,,,0
toolbench,rank,gemini-flash,G3_instruction,1,full_rank,0.01,0.15,0.3,10,,,0
toolbench,rank,gemini-flash,G3_instruction,1,full_rank,0.01,0.15,0.5,10,,,0
toolbench,rank,gemini-flash,G3_instruction,1,full_rank,0.01,0.15,0.7,10,,,0
toolbench,rank,gemini-flash,G3_instruction,1,full_rank,0.01,0.2,0.0,10,,,0
toolbench,rank,gemini-flash,G3_instruction,1,full_rank,0.01,0.2,0.1,10,,,0
toolbench,rank,gemini-flash,G3_instruction,1,full_rank,0.01,0.2,0.2,10,,,0
toolbench,rank,gemini-flash,G3_instruction,1,full_rank,0.01,0.2,0.3,10,,,0
toolbench,rank,gemini-flash,G3_instruction,1,full_rank,0.01,0.2,0.5,10,10,1.0,7
toolbench,rank,gemini-flash,G3_instruction,1,full_rank,0.01,0.2,0.7,10,,,0
toolbench,rank,gemini-flash,G3_instruction,1,full_rank,0.01,0.3,0.0,10,,,0
toolbench,rank,gemini-flash,G3_instruction,1,full_rank,0.01,0.3,0.1,10,,,0
toolbench,rank,gemini-flash,G3_instruction,1,full_rank,0.01,0.3,0.2,10,,,0
toolbench,rank,gemini-flash,G3_instruction,1,full_rank,0.01,0.3,0.3,10,,,0
toolbench,rank,gemini-flash,G3_instruction,1,full_rank,0.01,0.3,0.5,10,,,0
toolbench,rank,gemini-flash,G3_instruction,1,full_rank,0.01,0.3,0.7,10,,,0
toolbench,rank,gemini-flash,G3_instruction,1,full_rank,0.01,0.5,0.0,10,,,0
toolbench,rank,gemini-flash,G3_instruction,1,full_rank,0.01,0.5,0.1,10,,,0
toolbench,rank,gemini-flash,G3_instruction,1,full_rank,0.01,0.5,0.2,10,,,0
toolbench,rank,gemini-flash,G3_instruction,1,full_rank,0.01,0.5,0.3,10,,,0
toolbench,rank,gemini-flash,G3_instruction,1,full_rank,0.01,0.5,0.5,10,,,0
toolbench,rank,gemini-flash,G3_instruction,1,full_rank,0.01,0.5,0.7,10,,,0
toolbench,rank,gemini-flash,G3_instruction,1,top10,0.01,0.0,0.0,10,10,1.0,10
toolbench,rank,gemini-flash,G3_instruction,1,top10,0.01,0.0,0.1,10,10,1.0,10
toolbench,rank,gemini-flash,G3_instruction,1,top10,0.01,0.0,0.2,10,10,1.0,9
toolbench,rank,gemini-flash,G3_instruction,1,top10,0.01,0.0,0.3,10,10,1.0,7
toolbench,rank,gemini-flash,G3_instruction,1,top10,0.01,0.0,0.5,10,,,0
toolbench,rank,gemini-flash,G3_instruction,1,top10,0.01,0.0,0.7,10,,,0
toolbench,rank,gemini-flash,G3_instruction,1,top10,0.01,0.05,0.0,10,10,1.0,10
toolbench,rank,gemini-flash,G3_instruction,1,top10,0.01,0.05,0.1,10,,,0
toolbench,rank,gemini-flash,G3_instruction,1,top10,0.01,0.05,0.2,10,10,1.0,8
toolbench,rank,gemini-flash,G3_instruction,1,top10,0.01,0.05,0.3,10,10,1.0,9
toolbench,rank,gemini-flash,G3_instruction,1,top10,0.01,0.05,0.5,10,,,0
toolbench,rank,gemini-flash,G3_instruction,1,top10,0.01,0.05,0.7,10,,,0
toolbench,rank,gemini-flash,G3_instruction,1,top10,0.01,0.1,0.0,10,,,0
toolbench,rank,gemini-flash,G3_instruction,1,top10,0.01,0.1,0.1,10,,,0
toolbench,rank,gemini-flash,G3_instruction,1,top10,0.01,0.1,0.2,10,10,1.0,8
toolbench,rank,gemini-flash,G3_instruction,1,top10,0.01,0.1,0.3,10,,,0
toolbench,rank,gemini-flash,G3_instruction,1,top10,0.01,0.1,0.5,10,,,0
toolbench,rank,gemini-flash,G3_instruction,1,top10,0.01,0.1,0.7,10,,,0
toolbench,rank,gemini-flash,G3_instruction,1,top10,0.01,0.15,0.0,10,,,0
toolbench,rank,gemini-flash,G3_instruction,1,top10,0.01,0.15,0.1,10,,,0
toolbench,rank,gemini-flash,G3_instruction,1,top10,0.01,0.15,0.2,10,,,0
toolbench,rank,gemini-flash,G3_instruction,1,top10,0.01,0.15,0.3,10,10,1.0,9
toolbench,rank,gemini-flash,G3_instruction,1,top10,0.01,0.15,0.5,10,,,0
toolbench,rank,gemini-flash,G3_instruction,1,top10,0.01,0.15,0.7,10,,,0
toolbench,rank,gemini-flash,G3_instruction,1,top10,0.01,0.2,0.0,10,,,0
toolbench,rank,gemini-flash,G3_instruction,1,top10,0.01,0.2,0.1,10,,,0
toolbench,rank,gemini-flash,G3_instruction,1,top10,0.01,0.2,0.2,10,,,0
toolbench,rank,gemini-flash,G3_instruction,1,top10,0.01,0.2,0.3,10,,,0
toolbench,rank,gemini-flash,G3_instruction,1,top10,0.01,0.2,0.5,10,,,0
toolbench,rank,gemini-flash,G3_instruction,1,top10,0.01,0.2,0.7,10,,,0
toolbench,rank,gemini-flash,G3_instruction,1,top10,0.01,0.3,0.0,10,,,0
toolbench,rank,gemini-flash,G3_instruction,1,top10,0.01,0.3,0.1,10,,,0
toolbench,rank,gemini-flash,G3_instruction,1,top10,0.01,0.3,0.2,10,,,0
toolbench,rank,gemini-flash,G3_instruction,1,top10,0.01,0.3,0.3,10,,,0
toolbench,rank,gemini-flash,G3_instruction,1,top10,0.01,0.3,0.5,10,,,0
toolbench,rank,gemini-flash,G3_instruction,1,top10,0.01,0.3,0.7,10,,,0
toolbench,rank,gemini-flash,G3_instruction,1,top10,0.01,0.5,0.0,10,,,0
toolbench,rank,gemini-flash,G3_instruction,1,top10,0.01,0.5,0.1,10,,,0
toolbench,rank,gemini-flash,G3_instruction,1,top10,0.01,0.5,0.2,10,,,0
toolbench,rank,gemini-flash,G3_instruction,1,top10,0.01,0.5,0.3,10,,,0
toolbench,rank,gemini-flash,G3_instruction,1,top10,0.01,0.5,0.5,10,,,0
toolbench,rank,gemini-flash,G3_instruction,1,top10,0.01,0.5,0.7,10,,,0
toolbench,rank,gemini-flash,G3_instruction,1,top2,0.01,0.0,0.0,,,,0
toolbench,rank,gemini-flash,G3_instruction,1,top2,0.01,0.0,0.1,,,,0
toolbench,rank,gemini-flash,G3_instruction,1,top2,0.01,0.0,0.2,,,,0
toolbench,rank,gemini-flash,G3_instruction,1,top2,0.01,0.0,0.3,,,,0
toolbench,rank,gemini-flash,G3_instruction,1,top2,0.01,0.0,0.5,,,,0
toolbench,rank,gemini-flash,G3_instruction,1,top2,0.01,0.0,0.7,,,,0
toolbench,rank,gemini-flash,G3_instruction,1,top2,0.01,0.05,0.0,,,,0
toolbench,rank,gemini-flash,G3_instruction,1,top2,0.01,0.05,0.1,,,,0
toolbench,rank,gemini-flash,G3_instruction,1,top2,0.01,0.05,0.2,,,,0
toolbench,rank,gemini-flash,G3_instruction,1,top2,0.01,0.05,0.3,,,,0
toolbench,rank,gemini-flash,G3_instruction,1,top2,0.01,0.05,0.5,,,,0
toolbench,rank,gemini-flash,G3_instruction,1,top2,0.01,0.05,0.7,,,,0
toolbench,rank,gemini-flash,G3_instruction,1,top2,0.01,0.1,0.0,,,,0
toolbench,rank,gemini-flash,G3_instruction,1,top2,0.01,0.1,0.1,,,,0
toolbench,rank,gemini-flash,G3_instruction,1,top2,0.01,0.1,0.2,,,,0
toolbench,rank,gemini-flash,G3_instruction,1,top2,0.01,0.1,0.3,,,,0
toolbench,rank,gemini-flash,G3_instruction,1,top2,0.01,0.1,0.5,,,,0
toolbench,rank,gemini-flash,G3_instruction,1,top2,0.01,0.1,0.7,,,,0
toolbench,rank,gemini-flash,G3_instruction,1,top2,0.01,0.15,0.0,,,,0
toolbench,rank,gemini-flash,G3_instruction,1,top2,0.01,0.15,0.1,,,,0
toolbench,rank,gemini-flash,G3_instruction,1,top2,0.01,0.15,0.2,,,,0
toolbench,rank,gemini-flash,G3_instruction,1,top2,0.01,0.15,0.3,,,,0
toolbench,rank,gemini-flash,G3_instruction,1,top2,0.01,0.15,0.5,,,,0
toolbench,rank,gemini-flash,G3_instruction,1,top2,0.01,0.15,0.7,,,,0
toolbench,rank,gemini-flash,G3_instruction,1,top2,0.01,0.2,0.0,,,,0
toolbench,rank,gemini-flash,G3_instruction,1,top2,0.01,0.2,0.1,,,,0
toolbench,rank,gemini-flash,G3_instruction,1,top2,0.01,0.2,0.2,,,,0
toolbench,rank,gemini-flash,G3_instruction,1,top2,0.01,0.2,0.3,,,,0
toolbench,rank,gemini-flash,G3_instruction,1,top2,0.01,0.2,0.5,,,,0
toolbench,rank,gemini-flash,G3_instruction,1,top2,0.01,0.2,0.7,,,,0
toolbench,rank,gemini-flash,G3_instruction,1,top2,0.01,0.3,0.0,,,,0
toolbench,rank,gemini-flash,G3_instruction,1,top2,0.01,0.3,0.1,,,,0
toolbench,rank,gemini-flash,G3_instruction,1,top2,0.01,0.3,0.2,,,,0
toolbench,rank,gemini-flash,G3_instruction,1,top2,0.01,0.3,0.3,,,,0
toolbench,rank,gemini-flash,G3_instruction,1,top2,0.01,0.3,0.5,,,,0
toolbench,rank,gemini-flash,G3_instruction,1,top2,0.01,0.3,0.7,,,,0
toolbench,rank,gemini-flash,G3_instruction,1,top2,0.01,0.5,0.0,,,,0
toolbench,rank,gemini-flash,G3_instruction,1,top2,0.01,0.5,0.1,,,,0
toolbench,rank,gemini-flash,G3_instruction,1,top2,0.01,0.5,0.2,,,,0
toolbench,rank,gemini-flash,G3_instruction,1,top2,0.01,0.5,0.3,,,,0
toolbench,rank,gemini-flash,G3_instruction,1,top2,0.01,0.5,0.5,,,,0
toolbench,rank,gemini-flash,G3_instruction,1,top2,0.01,0.5,0.7,,,,0
toolbench,rank,gemini-flash,G3_instruction,1,top3,0.01,0.0,0.0,10,10,1.0,10
toolbench,rank,gemini-flash,G3_instruction,1,top3,0.01,0.0,0.1,10,10,1.0,8
toolbench,rank,gemini-flash,G3_instruction,1,top3,0.01,0.0,0.2,10,10,1.0,9
toolbench,rank,gemini-flash,G3_instruction,1,top3,0.01,0.0,0.3,10,,,0
toolbench,rank,gemini-flash,G3_instruction,1,top3,0.01,0.0,0.5,10,,,0
toolbench,rank,gemini-flash,G3_instruction,1,top3,0.01,0.0,0.7,10,,,0
toolbench,rank,gemini-flash,G3_instruction,1,top3,0.01,0.05,0.0,10,,,0
toolbench,rank,gemini-flash,G3_instruction,1,top3,0.01,0.05,0.1,10,10,1.0,9
toolbench,rank,gemini-flash,G3_instruction,1,top3,0.01,0.05,0.2,10,10,1.0,9
toolbench,rank,gemini-flash,G3_instruction,1,top3,0.01,0.05,0.3,10,,,0
toolbench,rank,gemini-flash,G3_instruction,1,top3,0.01,0.05,0.5,10,,,0
toolbench,rank,gemini-flash,G3_instruction,1,top3,0.01,0.05,0.7,10,,,0
toolbench,rank,gemini-flash,G3_instruction,1,top3,0.01,0.1,0.0,10,,,0
toolbench,rank,gemini-flash,G3_instruction,1,top3,0.01,0.1,0.1,10,,,0
toolbench,rank,gemini-flash,G3_instruction,1,top3,0.01,0.1,0.2,10,10,1.0,7
toolbench,rank,gemini-flash,G3_instruction,1,top3,0.01,0.1,0.3,10,10,1.0,8
toolbench,rank,gemini-flash,G3_instruction,1,top3,0.01,0.1,0.5,10,,,0
toolbench,rank,gemini-flash,G3_instruction,1,top3,0.01,0.1,0.7,10,,,0
toolbench,rank,gemini-flash,G3_instruction,1,top3,0.01,0.15,0.0,10,,,0
toolbench,rank,gemini-flash,G3_instruction,1,top3,0.01,0.15,0.1,10,,,0
toolbench,rank,gemini-flash,G3_instruction,1,top3,0.01,0.15,0.2,10,10,1.0,8
toolbench,rank,gemini-flash,G3_instruction,1,top3,0.01,0.15,0.3,10,,,0
toolbench,rank,gemini-flash,G3_instruction,1,top3,0.01,0.15,0.5,10,,,0
toolbench,rank,gemini-flash,G3_instruction,1,top3,0.01,0.15,0.7,10,,,0
toolbench,rank,gemini-flash,G3_instruction,1,top3,0.01,0.2,0.0,10,,,0
toolbench,rank,gemini-flash,G3_instruction,1,top3,0.01,0.2,0.1,10,,,0
toolbench,rank,gemini-flash,G3_instruction,1,top3,0.01,0.2,0.2,10,,,0
toolbench,rank,gemini-flash,G3_instruction,1,top3,0.01,0.2,0.3,10,,,0
toolbench,rank,gemini-flash,G3_instruction,1,top3,0.01,0.2,0.5,10,,,0
toolbench,rank,gemini-flash,G3_instruction,1,top3,0.01,0.2,0.7,10,,,0
toolbench,rank,gemini-flash,G3_instruction,1,top3,0.01,0.3,0.0,10,,,0
toolbench,rank,gemini-flash,G3_instruction,1,top3,0.01,0.3,0.1,10,,,0
toolbench,rank,gemini-flash,G3_instruction,1,top3,0.01,0.3,0.2,10,,,0
toolbench,rank,gemini-flash,G3_instruction,1,top3,0.01,0.3,0.3,10,,,0
toolbench,rank,gemini-flash,G3_instruction,1,top3,0.01,0.3,0.5,10,,,0
toolbench,rank,gemini-flash,G3_instruction,1,top3,0.01,0.3,0.7,10,,,0
toolbench,rank,gemini-flash,G3_instruction,1,top3,0.01,0.5,0.0,10,,,0
toolbench,rank,gemini-flash,G3_instruction,1,top3,0.01,0.5,0.1,10,,,0
toolbench,rank,gemini-flash,G3_instruction,1,top3,0.01,0.5,0.2,10,,,0
toolbench,rank,gemini-flash,G3_instruction,1,top3,0.01,0.5,0.3,10,,,0
toolbench,rank,gemini-flash,G3_instruction,1,top3,0.01,0.5,0.5,10,,,0
toolbench,rank,gemini-flash,G3_instruction,1,top3,0.01,0.5,0.7,10,,,0
toolbench,rank,gemini-flash,G3_instruction,1,top5,0.01,0.0,0.0,10,10,1.0,10
toolbench,rank,gemini-flash,G3_instruction,1,top5,0.01,0.0,0.1,10,10,1.0,10
toolbench,rank,gemini-flash,G3_instruction,1,top5,0.01,0.0,0.2,10,,,0
toolbench,rank,gemini-flash,G3_instruction,1,top5,0.01,0.0,0.3,10,,,0
toolbench,rank,gemini-flash,G3_instruction,1,top5,0.01,0.0,0.5,10,,,0
toolbench,rank,gemini-flash,G3_instruction,1,top5,0.01,0.0,0.7,10,,,0
toolbench,rank,gemini-flash,G3_instruction,1,top5,0.01,0.05,0.0,10,,,0
toolbench,rank,gemini-flash,G3_instruction,1,top5,0.01,0.05,0.1,10,,,0
toolbench,rank,gemini-flash,G3_instruction,1,top5,0.01,0.05,0.2,10,10,1.0,8
toolbench,rank,gemini-flash,G3_instruction,1,top5,0.01,0.05,0.3,10,,,0
toolbench,rank,gemini-flash,G3_instruction,1,top5,0.01,0.05,0.5,10,10,1.0,7
toolbench,rank,gemini-flash,G3_instruction,1,top5,0.01,0.05,0.7,10,,,0
toolbench,rank,gemini-flash,G3_instruction,1,top5,0.01,0.1,0.0,10,,,0
toolbench,rank,gemini-flash,G3_instruction,1,top5,0.01,0.1,0.1,10,10,1.0,10
toolbench,rank,gemini-flash,G3_instruction,1,top5,0.01,0.1,0.2,10,,,0
toolbench,rank,gemini-flash,G3_instruction,1,top5,0.01,0.1,0.3,10,,,0
toolbench,rank,gemini-flash,G3_instruction,1,top5,0.01,0.1,0.5,10,,,0
toolbench,rank,gemini-flash,G3_instruction,1,top5,0.01,0.1,0.7,10,,,0
toolbench,rank,gemini-flash,G3_instruction,1,top5,0.01,0.15,0.0,10,,,0
toolbench,rank,gemini-flash,G3_instruction,1,top5,0.01,0.15,0.1,10,,,0
toolbench,rank,gemini-flash,G3_instruction,1,top5,0.01,0.15,0.2,10,,,0
toolbench,rank,gemini-flash,G3_instruction,1,top5,0.01,0.15,0.3,10,,,0
toolbench,rank,gemini-flash,G3_instruction,1,top5,0.01,0.15,0.5,10,,,0
toolbench,rank,gemini-flash,G3_instruction,1,top5,0.01,0.15,0.7,10,,,0
toolbench,rank,gemini-flash,G3_instruction,1,top5,0.01,0.2,0.0,10,,,0
toolbench,rank,gemini-flash,G3_instruction,1,top5,0.01,0.2,0.1,10,,,0
toolbench,rank,gemini-flash,G3_instruction,1,top5,0.01,0.2,0.2,10,,,0
toolbench,rank,gemini-flash,G3_instruction,1,top5,0.01,0.2,0.3,10,10,1.0,7
toolbench,rank,gemini-flash,G3_instruction,1,top5,0.01,0.2,0.5,10,,,0
toolbench,rank,gemini-flash,G3_instruction,1,top5,0.01,0.2,0.7,10,,,0
toolbench,rank,gemini-flash,G3_instruction,1,top5,0.01,0.3,0.0,10,,,0
toolbench,rank,gemini-flash,G3_instruction,1,top5,0.01,0.3,0.1,10,,,0
toolbench,rank,gemini-flash,G3_instruction,1,top5,0.01,0.3,0.2,10,,,0
toolbench,rank,gemini-flash,G3_instruction,1,top5,0.01,0.3,0.3,10,,,0
toolbench,rank,gemini-flash,G3_instruction,1,top5,0.01,0.3,0.5,10,,,0
toolbench,rank,gemini-flash,G3_instruction,1,top5,0.01,0.3,0.7,10,,,0
toolbench,rank,gemini-flash,G3_instruction,1,top5,0.01,0.5,0.0,10,,,0
toolbench,rank,gemini-flash,G3_instruction,1,top5,0.01,0.5,0.1,10,,,0
toolbench,rank,gemini-flash,G3_instruction,1,top5,0.01,0.5,0.2,10,,,0
toolbench,rank,gemini-flash,G3_instruction,1,top5,0.01,0.5,0.3,10,,,0
toolbench,rank,gemini-flash,G3_instruction,1,top5,0.01,0.5,0.5,10,,,0
toolbench,rank,gemini-flash,G3_instruction,1,top5,0.01,0.5,0.7,10,,,0
toolbench,rank,gemini-flash,G3_instruction,2,full_rank,0.01,0.0,0.0,10,10,1.0,10
toolbench,rank,gemini-flash,G3_instruction,2,full_rank,0.01,0.0,0.1,10,10,1.0,8
toolbench,rank,gemini-flash,G3_instruction,2,full_rank,0.01,0.0,0.2,10,10,1.0,7
toolbench,rank,gemini-flash,G3_instruction,2,full_rank,0.01,0.0,0.3,10,20,2.0,17
toolbench,rank,gemini-flash,G3_instruction,2,full_rank,0.01,0.0,0.5,10,10,1.0,8
toolbench,rank,gemini-flash,G3_instruction,2,full_rank,0.01,0.0,0.7,10,20,2.0,7
toolbench,rank,gemini-flash,G3_instruction,2,full_rank,0.01,0.05,0.0,10,10,1.0,10
toolbench,rank,gemini-flash,G3_instruction,2,full_rank,0.01,0.05,0.1,10,10,1.0,10
toolbench,rank,gemini-flash,G3_instruction,2,full_rank,0.01,0.05,0.2,10,10,1.0,8
toolbench,rank,gemini-flash,G3_instruction,2,full_rank,0.01,0.05,0.3,10,20,2.0,14
toolbench,rank,gemini-flash,G3_instruction,2,full_rank,0.01,0.05,0.5,10,20,2.0,11
toolbench,rank,gemini-flash,G3_instruction,2,full_rank,0.01,0.05,0.7,10,,,0
toolbench,rank,gemini-flash,G3_instruction,2,full_rank,0.01,0.1,0.0,10,20,2.0,20
toolbench,rank,gemini-flash,G3_instruction,2,full_rank,0.01,0.1,0.1,10,10,1.0,8
toolbench,rank,gemini-flash,G3_instruction,2,full_rank,0.01,0.1,0.2,10,10,1.0,8
toolbench,rank,gemini-flash,G3_instruction,2,full_rank,0.01,0.1,0.3,10,,,0
toolbench,rank,gemini-flash,G3_instruction,2,full_rank,0.01,0.1,0.5,10,20,2.0,9
toolbench,rank,gemini-flash,G3_instruction,2,full_rank,0.01,0.1,0.7,10,,,0
toolbench,rank,gemini-flash,G3_instruction,2,full_rank,0.01,0.15,0.0,10,20,2.0,20
toolbench,rank,gemini-flash,G3_instruction,2,full_rank,0.01,0.15,0.1,10,20,2.0,17
toolbench,rank,gemini-flash,G3_instruction,2,full_rank,0.01,0.15,0.2,10,,,0
toolbench,rank,gemini-flash,G3_instruction,2,full_rank,0.01,0.15,0.3,10,20,2.0,17
toolbench,rank,gemini-flash,G3_instruction,2,full_rank,0.01,0.15,0.5,10,20,2.0,11
toolbench,rank,gemini-flash,G3_instruction,2,full_rank,0.01,0.15,0.7,10,20,2.0,7
toolbench,rank,gemini-flash,G3_instruction,2,full_rank,0.01,0.2,0.0,10,20,2.0,20
toolbench,rank,gemini-flash,G3_instruction,2,full_rank,0.01,0.2,0.1,10,,,0
toolbench,rank,gemini-flash,G3_instruction,2,full_rank,0.01,0.2,0.2,10,,,0
toolbench,rank,gemini-flash,G3_instruction,2,full_rank,0.01,0.2,0.3,10,,,0
toolbench,rank,gemini-flash,G3_instruction,2,full_rank,0.01,0.2,0.5,10,,,0
toolbench,rank,gemini-flash,G3_instruction,2,full_rank,0.01,0.2,0.7,10,,,0
toolbench,rank,gemini-flash,G3_instruction,2,full_rank,0.01,0.3,0.0,10,,,0
toolbench,rank,gemini-flash,G3_instruction,2,full_rank,0.01,0.3,0.1,10,20,2.0,19
toolbench,rank,gemini-flash,G3_instruction,2,full_rank,0.01,0.3,0.2,10,,,0
toolbench,rank,gemini-flash,G3_instruction,2,full_rank,0.01,0.3,0.3,10,,,0
toolbench,rank,gemini-flash,G3_instruction,2,full_rank,0.01,0.3,0.5,10,,,0
toolbench,rank,gemini-flash,G3_instruction,2,full_rank,0.01,0.3,0.7,10,,,0
toolbench,rank,gemini-flash,G3_instruction,2,full_rank,0.01,0.5,0.0,10,,,0
toolbench,rank,gemini-flash,G3_instruction,2,full_rank,0.01,0.5,0.1,10,,,0
toolbench,rank,gemini-flash,G3_instruction,2,full_rank,0.01,0.5,0.2,10,,,0
toolbench,rank,gemini-flash,G3_instruction,2,full_rank,0.01,0.5,0.3,10,,,0
toolbench,rank,gemini-flash,G3_instruction,2,full_rank,0.01,0.5,0.5,10,,,0
toolbench,rank,gemini-flash,G3_instruction,2,full_rank,0.01,0.5,0.7,10,,,0
toolbench,rank,gemini-flash,G3_instruction,2,top10,0.01,0.0,0.0,10,10,1.0,10
toolbench,rank,gemini-flash,G3_instruction,2,top10,0.01,0.0,0.1,10,10,1.0,8
toolbench,rank,gemini-flash,G3_instruction,2,top10,0.01,0.0,0.2,10,10,1.0,8
toolbench,rank,gemini-flash,G3_instruction,2,top10,0.01,0.0,0.3,10,10,1.0,8
toolbench,rank,gemini-flash,G3_instruction,2,top10,0.01,0.0,0.5,10,20,2.0,10
toolbench,rank,gemini-flash,G3_instruction,2,top10,0.01,0.0,0.7,10,,,0
toolbench,rank,gemini-flash,G3_instruction,2,top10,0.01,0.05,0.0,10,20,2.0,20
toolbench,rank,gemini-flash,G3_instruction,2,top10,0.01,0.05,0.1,10,10,1.0,10
toolbench,rank,gemini-flash,G3_instruction,2,top10,0.01,0.05,0.2,10,10,1.0,9
toolbench,rank,gemini-flash,G3_instruction,2,top10,0.01,0.05,0.3,10,10,1.0,7
toolbench,rank,gemini-flash,G3_instruction,2,top10,0.01,0.05,0.5,10,,,0
toolbench,rank,gemini-flash,G3_instruction,2,top10,0.01,0.05,0.7,10,,,0
toolbench,rank,gemini-flash,G3_instruction,2,top10,0.01,0.1,0.0,10,20,2.0,20
toolbench,rank,gemini-flash,G3_instruction,2,top10,0.01,0.1,0.1,10,20,2.0,19
toolbench,rank,gemini-flash,G3_instruction,2,top10,0.01,0.1,0.2,10,20,2.0,18
toolbench,rank,gemini-flash,G3_instruction,2,top10,0.01,0.1,0.3,10,10,1.0,7
toolbench,rank,gemini-flash,G3_instruction,2,top10,0.01,0.1,0.5,10,,,0
toolbench,rank,gemini-flash,G3_instruction,2,top10,0.01,0.1,0.7,10,,,0
toolbench,rank,gemini-flash,G3_instruction,2,top10,0.01,0.15,0.0,10,20,2.0,20
toolbench,rank,gemini-flash,G3_instruction,2,top10,0.01,0.15,0.1,10,20,2.0,19
toolbench,rank,gemini-flash,G3_instruction,2,top10,0.01,0.15,0.2,10,10,1.0,9
toolbench,rank,gemini-flash,G3_instruction,2,top10,0.01,0.15,0.3,10,20,2.0,17
toolbench,rank,gemini-flash,G3_instruction,2,top10,0.01,0.15,0.5,10,,,0
toolbench,rank,gemini-flash,G3_instruction,2,top10,0.01,0.15,0.7,10,,,0
toolbench,rank,gemini-flash,G3_instruction,2,top10,0.01,0.2,0.0,10,10,1.0,10
toolbench,rank,gemini-flash,G3_instruction,2,top10,0.01,0.2,0.1,10,,,0
toolbench,rank,gemini-flash,G3_instruction,2,top10,0.01,0.2,0.2,10,,,0
toolbench,rank,gemini-flash,G3_instruction,2,top10,0.01,0.2,0.3,10,,,0
toolbench,rank,gemini-flash,G3_instruction,2,top10,0.01,0.2,0.5,10,,,0
toolbench,rank,gemini-flash,G3_instruction,2,top10,0.01,0.2,0.7,10,,,0
toolbench,rank,gemini-flash,G3_instruction,2,top10,0.01,0.3,0.0,10,20,2.0,20
toolbench,rank,gemini-flash,G3_instruction,2,top10,0.01,0.3,0.1,10,,,0
toolbench,rank,gemini-flash,G3_instruction,2,top10,0.01,0.3,0.2,10,,,0
toolbench,rank,gemini-flash,G3_instruction,2,top10,0.01,0.3,0.3,10,20,2.0,14
toolbench,rank,gemini-flash,G3_instruction,2,top10,0.01,0.3,0.5,10,,,0
toolbench,rank,gemini-flash,G3_instruction,2,top10,0.01,0.3,0.7,10,,,0
toolbench,rank,gemini-flash,G3_instruction,2,top10,0.01,0.5,0.0,10,,,0
toolbench,rank,gemini-flash,G3_instruction,2,top10,0.01,0.5,0.1,10,,,0
toolbench,rank,gemini-flash,G3_instruction,2,top10,0.01,0.5,0.2,10,,,0
toolbench,rank,gemini-flash,G3_instruction,2,top10,0.01,0.5,0.3,10,,,0
toolbench,rank,gemini-flash,G3_instruction,2,top10,0.01,0.5,0.5,10,,,0
toolbench,rank,gemini-flash,G3_instruction,2,top10,0.01,0.5,0.7,10,,,0
toolbench,rank,gemini-flash,G3_instruction,2,top2,0.01,0.0,0.0,10,10,1.0,10
toolbench,rank,gemini-flash,G3_instruction,2,top2,0.01,0.0,0.1,10,10,1.0,7
toolbench,rank,gemini-flash,G3_instruction,2,top2,0.01,0.0,0.2,10,10,1.0,7
toolbench,rank,gemini-flash,G3_instruction,2,top2,0.01,0.0,0.3,10,,,0
toolbench,rank,gemini-flash,G3_instruction,2,top2,0.01,0.0,0.5,10,,,0
toolbench,rank,gemini-flash,G3_instruction,2,top2,0.01,0.0,0.7,10,,,0
toolbench,rank,gemini-flash,G3_instruction,2,top2,0.01,0.05,0.0,10,10,1.0,10
toolbench,rank,gemini-flash,G3_instruction,2,top2,0.01,0.05,0.1,10,10,1.0,9
toolbench,rank,gemini-flash,G3_instruction,2,top2,0.01,0.05,0.2,10,10,1.0,9
toolbench,rank,gemini-flash,G3_instruction,2,top2,0.01,0.05,0.3,10,10,1.0,9
toolbench,rank,gemini-flash,G3_instruction,2,top2,0.01,0.05,0.5,10,,,0
toolbench,rank,gemini-flash,G3_instruction,2,top2,0.01,0.05,0.7,10,,,0
toolbench,rank,gemini-flash,G3_instruction,2,top2,0.01,0.1,0.0,10,,,0
toolbench,rank,gemini-flash,G3_instruction,2,top2,0.01,0.1,0.1,10,,,0
toolbench,rank,gemini-flash,G3_instruction,2,top2,0.01,0.1,0.2,10,,,0
toolbench,rank,gemini-flash,G3_instruction,2,top2,0.01,0.1,0.3,10,,,0
toolbench,rank,gemini-flash,G3_instruction,2,top2,0.01,0.1,0.5,10,10,1.0,8
toolbench,rank,gemini-flash,G3_instruction,2,top2,0.01,0.1,0.7,10,,,0
toolbench,rank,gemini-flash,G3_instruction,2,top2,0.01,0.15,0.0,10,,,0
toolbench,rank,gemini-flash,G3_instruction,2,top2,0.01,0.15,0.1,10,,,0
toolbench,rank,gemini-flash,G3_instruction,2,top2,0.01,0.15,0.2,10,,,0
toolbench,rank,gemini-flash,G3_instruction,2,top2,0.01,0.15,0.3,10,,,0
toolbench,rank,gemini-flash,G3_instruction,2,top2,0.01,0.15,0.5,10,,,0
toolbench,rank,gemini-flash,G3_instruction,2,top2,0.01,0.15,0.7,10,,,0
toolbench,rank,gemini-flash,G3_instruction,2,top2,0.01,0.2,0.0,10,,,0
toolbench,rank,gemini-flash,G3_instruction,2,top2,0.01,0.2,0.1,10,,,0
toolbench,rank,gemini-flash,G3_instruction,2,top2,0.01,0.2,0.2,10,,,0
toolbench,rank,gemini-flash,G3_instruction,2,top2,0.01,0.2,0.3,10,,,0
toolbench,rank,gemini-flash,G3_instruction,2,top2,0.01,0.2,0.5,10,,,0
toolbench,rank,gemini-flash,G3_instruction,2,top2,0.01,0.2,0.7,10,10,1.0,7
toolbench,rank,gemini-flash,G3_instruction,2,top2,0.01,0.3,0.0,10,,,0
toolbench,rank,gemini-flash,G3_instruction,2,top2,0.01,0.3,0.1,10,,,0
toolbench,rank,gemini-flash,G3_instruction,2,top2,0.01,0.3,0.2,10,,,0
toolbench,rank,gemini-flash,G3_instruction,2,top2,0.01,0.3,0.3,10,10,1.0,8
toolbench,rank,gemini-flash,G3_instruction,2,top2,0.01,0.3,0.5,10,,,0
toolbench,rank,gemini-flash,G3_instruction,2,top2,0.01,0.3,0.7,10,,,0
toolbench,rank,gemini-flash,G3_instruction,2,top2,0.01,0.5,0.0,10,,,0
toolbench,rank,gemini-flash,G3_instruction,2,top2,0.01,0.5,0.1,10,,,0
toolbench,rank,gemini-flash,G3_instruction,2,top2,0.01,0.5,0.2,10,,,0
toolbench,rank,gemini-flash,G3_instruction,2,top2,0.01,0.5,0.3,10,,,0
toolbench,rank,gemini-flash,G3_instruction,2,top2,0.01,0.5,0.5,10,,,0
toolbench,rank,gemini-flash,G3_instruction,2,top2,0.01,0.5,0.7,10,,,0
toolbench,rank,gemini-flash,G3_instruction,2,top3,0.01,0.0,0.0,10,10,1.0,10
toolbench,rank,gemini-flash,G3_instruction,2,top3,0.01,0.0,0.1,10,10,1.0,9
toolbench,rank,gemini-flash,G3_instruction,2,top3,0.01,0.0,0.2,10,10,1.0,9
toolbench,rank,gemini-flash,G3_instruction,2,top3,0.01,0.0,0.3,10,10,1.0,8
toolbench,rank,gemini-flash,G3_instruction,2,top3,0.01,0.0,0.5,10,,,0
toolbench,rank,gemini-flash,G3_instruction,2,top3,0.01,0.0,0.7,10,,,0
toolbench,rank,gemini-flash,G3_instruction,2,top3,0.01,0.05,0.0,10,10,1.0,10
toolbench,rank,gemini-flash,G3_instruction,2,top3,0.01,0.05,0.1,10,10,1.0,9
toolbench,rank,gemini-flash,G3_instruction,2,top3,0.01,0.05,0.2,10,,,0
toolbench,rank,gemini-flash,G3_instruction,2,top3,0.01,0.05,0.3,10,10,1.0,8
toolbench,rank,gemini-flash,G3_instruction,2,top3,0.01,0.05,0.5,10,,,0
toolbench,rank,gemini-flash,G3_instruction,2,top3,0.01,0.05,0.7,10,,,0
toolbench,rank,gemini-flash,G3_instruction,2,top3,0.01,0.1,0.0,10,,,0
toolbench,rank,gemini-flash,G3_instruction,2,top3,0.01,0.1,0.1,10,,,0
toolbench,rank,gemini-flash,G3_instruction,2,top3,0.01,0.1,0.2,10,10,1.0,8
toolbench,rank,gemini-flash,G3_instruction,2,top3,0.01,0.1,0.3,10,10,1.0,9
toolbench,rank,gemini-flash,G3_instruction,2,top3,0.01,0.1,0.5,10,,,0
toolbench,rank,gemini-flash,G3_instruction,2,top3,0.01,0.1,0.7,10,,,0
toolbench,rank,gemini-flash,G3_instruction,2,top3,0.01,0.15,0.0,10,,,0
toolbench,rank,gemini-flash,G3_instruction,2,top3,0.01,0.15,0.1,10,,,0
toolbench,rank,gemini-flash,G3_instruction,2,top3,0.01,0.15,0.2,10,,,0
toolbench,rank,gemini-flash,G3_instruction,2,top3,0.01,0.15,0.3,10,10,1.0,8
toolbench,rank,gemini-flash,G3_instruction,2,top3,0.01,0.15,0.5,10,,,0
toolbench,rank,gemini-flash,G3_instruction,2,top3,0.01,0.15,0.7,10,,,0
toolbench,rank,gemini-flash,G3_instruction,2,top3,0.01,0.2,0.0,10,,,0
toolbench,rank,gemini-flash,G3_instruction,2,top3,0.01,0.2,0.1,10,,,0
toolbench,rank,gemini-flash,G3_instruction,2,top3,0.01,0.2,0.2,10,,,0
toolbench,rank,gemini-flash,G3_instruction,2,top3,0.01,0.2,0.3,10,,,0
toolbench,rank,gemini-flash,G3_instruction,2,top3,0.01,0.2,0.5,10,,,0
toolbench,rank,gemini-flash,G3_instruction,2,top3,0.01,0.2,0.7,10,,,0
toolbench,rank,gemini-flash,G3_instruction,2,top3,0.01,0.3,0.0,10,,,0
toolbench,rank,gemini-flash,G3_instruction,2,top3,0.01,0.3,0.1,10,,,0
toolbench,rank,gemini-flash,G3_instruction,2,top3,0.01,0.3,0.2,10,,,0
toolbench,rank,gemini-flash,G3_instruction,2,top3,0.01,0.3,0.3,10,,,0
toolbench,rank,gemini-flash,G3_instruction,2,top3,0.01,0.3,0.5,10,,,0
toolbench,rank,gemini-flash,G3_instruction,2,top3,0.01,0.3,0.7,10,,,0
toolbench,rank,gemini-flash,G3_instruction,2,top3,0.01,0.5,0.0,10,,,0
toolbench,rank,gemini-flash,G3_instruction,2,top3,0.01,0.5,0.1,10,,,0
toolbench,rank,gemini-flash,G3_instruction,2,top3,0.01,0.5,0.2,10,,,0
toolbench,rank,gemini-flash,G3_instruction,2,top3,0.01,0.5,0.3,10,,,0
toolbench,rank,gemini-flash,G3_instruction,2,top3,0.01,0.5,0.5,10,,,0
toolbench,rank,gemini-flash,G3_instruction,2,top3,0.01,0.5,0.7,10,,,0
toolbench,rank,gemini-flash,G3_instruction,2,top5,0.01,0.0,0.0,10,10,1.0,10
toolbench,rank,gemini-flash,G3_instruction,2,top5,0.01,0.0,0.1,10,10,1.0,9
toolbench,rank,gemini-flash,G3_instruction,2,top5,0.01,0.0,0.2,10,10,1.0,10
toolbench,rank,gemini-flash,G3_instruction,2,top5,0.01,0.0,0.3,10,20,2.0,16
toolbench,rank,gemini-flash,G3_instruction,2,top5,0.01,0.0,0.5,10,20,2.0,12
toolbench,rank,gemini-flash,G3_instruction,2,top5,0.01,0.0,0.7,10,,,0
toolbench,rank,gemini-flash,G3_instruction,2,top5,0.01,0.05,0.0,10,10,1.0,10
toolbench,rank,gemini-flash,G3_instruction,2,top5,0.01,0.05,0.1,10,10,1.0,9
toolbench,rank,gemini-flash,G3_instruction,2,top5,0.01,0.05,0.2,10,10,1.0,7
toolbench,rank,gemini-flash,G3_instruction,2,top5,0.01,0.05,0.3,10,20,2.0,13
toolbench,rank,gemini-flash,G3_instruction,2,top5,0.01,0.05,0.5,10,,,0
toolbench,rank,gemini-flash,G3_instruction,2,top5,0.01,0.05,0.7,10,,,0
toolbench,rank,gemini-flash,G3_instruction,2,top5,0.01,0.1,0.0,10,20,2.0,20
toolbench,rank,gemini-flash,G3_instruction,2,top5,0.01,0.1,0.1,10,10,1.0,8
toolbench,rank,gemini-flash,G3_instruction,2,top5,0.01,0.1,0.2,10,10,1.0,8
toolbench,rank,gemini-flash,G3_instruction,2,top5,0.01,0.1,0.3,10,20,2.0,13
toolbench,rank,gemini-flash,G3_instruction,2,top5,0.01,0.1,0.5,10,20,2.0,8
toolbench,rank,gemini-flash,G3_instruction,2,top5,0.01,0.1,0.7,10,,,0
toolbench,rank,gemini-flash,G3_instruction,2,top5,0.01,0.15,0.0,10,20,2.0,20
toolbench,rank,gemini-flash,G3_instruction,2,top5,0.01,0.15,0.1,10,20,2.0,17
toolbench,rank,gemini-flash,G3_instruction,2,top5,0.01,0.15,0.2,10,20,2.0,18
toolbench,rank,gemini-flash,G3_instruction,2,top5,0.01,0.15,0.3,10,20,2.0,14
toolbench,rank,gemini-flash,G3_instruction,2,top5,0.01,0.15,0.5,10,,,0
toolbench,rank,gemini-flash,G3_instruction,2,top5,0.01,0.15,0.7,10,,,0
toolbench,rank,gemini-flash,G3_instruction,2,top5,0.01,0.2,0.0,10,20,2.0,20
toolbench,rank,gemini-flash,G3_instruction,2,top5,0.01,0.2,0.1,10,20,2.0,20
toolbench,rank,gemini-flash,G3_instruction,2,top5,0.01,0.2,0.2,10,10,1.0,8
toolbench,rank,gemini-flash,G3_instruction,2,top5,0.01,0.2,0.3,10,20,2.0,12
toolbench,rank,gemini-flash,G3_instruction,2,top5,0.01,0.2,0.5,10,,,0
toolbench,rank,gemini-flash,G3_instruction,2,top5,0.01,0.2,0.7,10,,,0
toolbench,rank,gemini-flash,G3_instruction,2,top5,0.01,0.3,0.0,10,,,0
toolbench,rank,gemini-flash,G3_instruction,2,top5,0.01,0.3,0.1,10,,,0
toolbench,rank,gemini-flash,G3_instruction,2,top5,0.01,0.3,0.2,10,,,0
toolbench,rank,gemini-flash,G3_instruction,2,top5,0.01,0.3,0.3,10,,,0
toolbench,rank,gemini-flash,G3_instruction,2,top5,0.01,0.3,0.5,10,20,2.0,8
toolbench,rank,gemini-flash,G3_instruction,2,top5,0.01,0.3,0.7,10,,,0
toolbench,rank,gemini-flash,G3_instruction,2,top5,0.01,0.5,0.0,10,,,0
toolbench,rank,gemini-flash,G3_instruction,2,top5,0.01,0.5,0.1,10,,,0
toolbench,rank,gemini-flash,G3_instruction,2,top5,0.01,0.5,0.2,10,,,0
toolbench,rank,gemini-flash,G3_instruction,2,top5,0.01,0.5,0.3,10,,,0
toolbench,rank,gemini-flash,G3_instruction,2,top5,0.01,0.5,0.5,10,,,0
toolbench,rank,gemini-flash,G3_instruction,2,top5,0.01,0.5,0.7,10,,,0
toolbench,rank,gemini-flash,G3_instruction,3,full_rank,0.01,0.0,0.0,10,10,1.0,10
toolbench,rank,gemini-flash,G3_instruction,3,full_rank,0.01,0.0,0.1,10,10,1.0,10
toolbench,rank,gemini-flash,G3_instruction,3,full_rank,0.01,0.0,0.2,10,20,2.0,16
toolbench,rank,gemini-flash,G3_instruction,3,full_rank,0.01,0.0,0.3,10,10,1.0,8
toolbench,rank,gemini-flash,G3_instruction,3,full_rank,0.01,0.0,0.5,10,20,2.0,12
toolbench,rank,gemini-flash,G3_instruction,3,full_rank,0.01,0.0,0.7,10,,,0
toolbench,rank,gemini-flash,G3_instruction,3,full_rank,0.01,0.05,0.0,10,20,2.0,20
toolbench,rank,gemini-flash,G3_instruction,3,full_rank,0.01,0.05,0.1,10,10,1.0,9
toolbench,rank,gemini-flash,G3_instruction,3,full_rank,0.01,0.05,0.2,10,10,1.0,7
toolbench,rank,gemini-flash,G3_instruction,3,full_rank,0.01,0.05,0.3,10,20,2.0,14
toolbench,rank,gemini-flash,G3_instruction,3,full_rank,0.01,0.05,0.5,10,20,2.0,9
toolbench,rank,gemini-flash,G3_instruction,3,full_rank,0.01,0.05,0.7,10,,,0
toolbench,rank,gemini-flash,G3_instruction,3,full_rank,0.01,0.1,0.0,10,10,1.0,10
toolbench,rank,gemini-flash,G3_instruction,3,full_rank,0.01,0.1,0.1,10,20,2.0,18
toolbench,rank,gemini-flash,G3_instruction,3,full_rank,0.01,0.1,0.2,10,,,0
toolbench,rank,gemini-flash,G3_instruction,3,full_rank,0.01,0.1,0.3,10,,,0
toolbench,rank,gemini-flash,G3_instruction,3,full_rank,0.01,0.1,0.5,10,,,0
toolbench,rank,gemini-flash,G3_instruction,3,full_rank,0.01,0.1,0.7,10,,,0
toolbench,rank,gemini-flash,G3_instruction,3,full_rank,0.01,0.15,0.0,10,10,1.0,10
toolbench,rank,gemini-flash,G3_instruction,3,full_rank,0.01,0.15,0.1,10,20,2.0,19
toolbench,rank,gemini-flash,G3_instruction,3,full_rank,0.01,0.15,0.2,10,20,2.0,14
toolbench,rank,gemini-flash,G3_instruction,3,full_rank,0.01,0.15,0.3,10,20,2.0,11
toolbench,rank,gemini-flash,G3_instruction,3,full_rank,0.01,0.15,0.5,10,20,2.0,9
toolbench,rank,gemini-flash,G3_instruction,3,full_rank,0.01,0.15,0.7,10,,,0
toolbench,rank,gemini-flash,G3_instruction,3,full_rank,0.01,0.2,0.0,10,,,0
toolbench,rank,gemini-flash,G3_instruction,3,full_rank,0.01,0.2,0.1,10,,,0
toolbench,rank,gemini-flash,G3_instruction,3,full_rank,0.01,0.2,0.2,10,,,0
toolbench,rank,gemini-flash,G3_instruction,3,full_rank,0.01,0.2,0.3,10,,,0
toolbench,rank,gemini-flash,G3_instruction,3,full_rank,0.01,0.2,0.5,10,20,2.0,11
toolbench,rank,gemini-flash,G3_instruction,3,full_rank,0.01,0.2,0.7,10,,,0
toolbench,rank,gemini-flash,G3_instruction,3,full_rank,0.01,0.3,0.0,10,,,0
toolbench,rank,gemini-flash,G3_instruction,3,full_rank,0.01,0.3,0.1,10,20,2.0,19
toolbench,rank,gemini-flash,G3_instruction,3,full_rank,0.01,0.3,0.2,10,,,0
toolbench,rank,gemini-flash,G3_instruction,3,full_rank,0.01,0.3,0.3,10,,,0
toolbench,rank,gemini-flash,G3_instruction,3,full_rank,0.01,0.3,0.5,10,,,0
toolbench,rank,gemini-flash,G3_instruction,3,full_rank,0.01,0.3,0.7,10,,,0
toolbench,rank,gemini-flash,G3_instruction,3,full_rank,0.01,0.5,0.0,10,,,0
toolbench,rank,gemini-flash,G3_instruction,3,full_rank,0.01,0.5,0.1,10,,,0
toolbench,rank,gemini-flash,G3_instruction,3,full_rank,0.01,0.5,0.2,10,,,0
toolbench,rank,gemini-flash,G3_instruction,3,full_rank,0.01,0.5,0.3,10,,,0
toolbench,rank,gemini-flash,G3_instruction,3,full_rank,0.01,0.5,0.5,10,,,0
toolbench,rank,gemini-flash,G3_instruction,3,full_rank,0.01,0.5,0.7,10,,,0
toolbench,rank,gemini-flash,G3_instruction,3,top10,0.01,0.0,0.0,10,10,1.0,10
toolbench,rank,gemini-flash,G3_instruction,3,top10,0.01,0.0,0.1,10,10,1.0,10
toolbench,rank,gemini-flash,G3_instruction,3,top10,0.01,0.0,0.2,10,10,1.0,9
toolbench,rank,gemini-flash,G3_instruction,3,top10,0.01,0.0,0.3,10,10,1.0,10
toolbench,rank,gemini-flash,G3_instruction,3,top10,0.01,0.0,0.5,10,20,2.0,10
toolbench,rank,gemini-flash,G3_instruction,3,top10,0.01,0.0,0.7,10,20,2.0,7
toolbench,rank,gemini-flash,G3_instruction,3,top10,0.01,0.05,0.0,10,20,2.0,20
toolbench,rank,gemini-flash,G3_instruction,3,top10,0.01,0.05,0.1,10,20,2.0,20
toolbench,rank,gemini-flash,G3_instruction,3,top10,0.01,0.05,0.2,10,10,1.0,7
toolbench,rank,gemini-flash,G3_instruction,3,top10,0.01,0.05,0.3,10,10,1.0,9
toolbench,rank,gemini-flash,G3_instruction,3,top10,0.01,0.05,0.5,10,20,2.0,14
toolbench,rank,gemini-flash,G3_instruction,3,top10,0.01,0.05,0.7,10,,,0
toolbench,rank,gemini-flash,G3_instruction,3,top10,0.01,0.1,0.0,10,20,2.0,20
toolbench,rank,gemini-flash,G3_instruction,3,top10,0.01,0.1,0.1,10,10,1.0,8
toolbench,rank,gemini-flash,G3_instruction,3,top10,0.01,0.1,0.2,10,20,2.0,14
toolbench,rank,gemini-flash,G3_instruction,3,top10,0.01,0.1,0.3,10,,,0
toolbench,rank,gemini-flash,G3_instruction,3,top10,0.01,0.1,0.5,10,20,2.0,11
toolbench,rank,gemini-flash,G3_instruction,3,top10,0.01,0.1,0.7,10,,,0
toolbench,rank,gemini-flash,G3_instruction,3,top10,0.01,0.15,0.0,10,20,2.0,20
toolbench,rank,gemini-flash,G3_instruction,3,top10,0.01,0.15,0.1,10,20,2.0,19
toolbench,rank,gemini-flash,G3_instruction,3,top10,0.01,0.15,0.2,10,20,2.0,17
toolbench,rank,gemini-flash,G3_instruction,3,top10,0.01,0.15,0.3,10,,,0
toolbench,rank,gemini-flash,G3_instruction,3,top10,0.01,0.15,0.5,10,20,2.0,7
toolbench,rank,gemini-flash,G3_instruction,3,top10,0.01,0.15,0.7,10,,,0
toolbench,rank,gemini-flash,G3_instruction,3,top10,0.01,0.2,0.0,10,20,2.0,20
toolbench,rank,gemini-flash,G3_instruction,3,top10,0.01,0.2,0.1,10,,,0
toolbench,rank,gemini-flash,G3_instruction,3,top10,0.01,0.2,0.2,10,10,1.0,8
toolbench,rank,gemini-flash,G3_instruction,3,top10,0.01,0.2,0.3,10,,,0
toolbench,rank,gemini-flash,G3_instruction,3,top10,0.01,0.2,0.5,10,,,0
toolbench,rank,gemini-flash,G3_instruction,3,top10,0.01,0.2,0.7,10,,,0
toolbench,rank,gemini-flash,G3_instruction,3,top10,0.01,0.3,0.0,10,,,0
toolbench,rank,gemini-flash,G3_instruction,3,top10,0.01,0.3,0.1,10,,,0
toolbench,rank,gemini-flash,G3_instruction,3,top10,0.01,0.3,0.2,10,,,0
toolbench,rank,gemini-flash,G3_instruction,3,top10,0.01,0.3,0.3,10,,,0
toolbench,rank,gemini-flash,G3_instruction,3,top10,0.01,0.3,0.5,10,,,0
toolbench,rank,gemini-flash,G3_instruction,3,top10,0.01,0.3,0.7,10,,,0
toolbench,rank,gemini-flash,G3_instruction,3,top10,0.01,0.5,0.0,10,,,0
toolbench,rank,gemini-flash,G3_instruction,3,top10,0.01,0.5,0.1,10,,,0
toolbench,rank,gemini-flash,G3_instruction,3,top10,0.01,0.5,0.2,10,,,0
toolbench,rank,gemini-flash,G3_instruction,3,top10,0.01,0.5,0.3,10,,,0
toolbench,rank,gemini-flash,G3_instruction,3,top10,0.01,0.5,0.5,10,,,0
toolbench,rank,gemini-flash,G3_instruction,3,top10,0.01,0.5,0.7,10,,,0
toolbench,rank,gemini-flash,G3_instruction,3,top2,0.01,0.0,0.0,,,,0
toolbench,rank,gemini-flash,G3_instruction,3,top2,0.01,0.0,0.1,,,,0
toolbench,rank,gemini-flash,G3_instruction,3,top2,0.01,0.0,0.2,,,,0
toolbench,rank,gemini-flash,G3_instruction,3,top2,0.01,0.0,0.3,,,,0
toolbench,rank,gemini-flash,G3_instruction,3,top2,0.01,0.0,0.5,,,,0
toolbench,rank,gemini-flash,G3_instruction,3,top2,0.01,0.0,0.7,,,,0
toolbench,rank,gemini-flash,G3_instruction,3,top2,0.01,0.05,0.0,,,,0
toolbench,rank,gemini-flash,G3_instruction,3,top2,0.01,0.05,0.1,,,,0
toolbench,rank,gemini-flash,G3_instruction,3,top2,0.01,0.05,0.2,,,,0
toolbench,rank,gemini-flash,G3_instruction,3,top2,0.01,0.05,0.3,,,,0
toolbench,rank,gemini-flash,G3_instruction,3,top2,0.01,0.05,0.5,,,,0
toolbench,rank,gemini-flash,G3_instruction,3,top2,0.01,0.05,0.7,,,,0
toolbench,rank,gemini-flash,G3_instruction,3,top2,0.01,0.1,0.0,,,,0
toolbench,rank,gemini-flash,G3_instruction,3,top2,0.01,0.1,0.1,,,,0
toolbench,rank,gemini-flash,G3_instruction,3,top2,0.01,0.1,0.2,,,,0
toolbench,rank,gemini-flash,G3_instruction,3,top2,0.01,0.1,0.3,,,,0
toolbench,rank,gemini-flash,G3_instruction,3,top2,0.01,0.1,0.5,,,,0
toolbench,rank,gemini-flash,G3_instruction,3,top2,0.01,0.1,0.7,,,,0
toolbench,rank,gemini-flash,G3_instruction,3,top2,0.01,0.15,0.0,,,,0
toolbench,rank,gemini-flash,G3_instruction,3,top2,0.01,0.15,0.1,,,,0
toolbench,rank,gemini-flash,G3_instruction,3,top2,0.01,0.15,0.2,,,,0
toolbench,rank,gemini-flash,G3_instruction,3,top2,0.01,0.15,0.3,,,,0
toolbench,rank,gemini-flash,G3_instruction,3,top2,0.01,0.15,0.5,,,,0
toolbench,rank,gemini-flash,G3_instruction,3,top2,0.01,0.15,0.7,,,,0
toolbench,rank,gemini-flash,G3_instruction,3,top2,0.01,0.2,0.0,,,,0
toolbench,rank,gemini-flash,G3_instruction,3,top2,0.01,0.2,0.1,,,,0
toolbench,rank,gemini-flash,G3_instruction,3,top2,0.01,0.2,0.2,,,,0
toolbench,rank,gemini-flash,G3_instruction,3,top2,0.01,0.2,0.3,,,,0
toolbench,rank,gemini-flash,G3_instruction,3,top2,0.01,0.2,0.5,,,,0
toolbench,rank,gemini-flash,G3_instruction,3,top2,0.01,0.2,0.7,,,,0
toolbench,rank,gemini-flash,G3_instruction,3,top2,0.01,0.3,0.0,,,,0
toolbench,rank,gemini-flash,G3_instruction,3,top2,0.01,0.3,0.1,,,,0
toolbench,rank,gemini-flash,G3_instruction,3,top2,0.01,0.3,0.2,,,,0
toolbench,rank,gemini-flash,G3_instruction,3,top2,0.01,0.3,0.3,,,,0
toolbench,rank,gemini-flash,G3_instruction,3,top2,0.01,0.3,0.5,,,,0
toolbench,rank,gemini-flash,G3_instruction,3,top2,0.01,0.3,0.7,,,,0
toolbench,rank,gemini-flash,G3_instruction,3,top2,0.01,0.5,0.0,,,,0
toolbench,rank,gemini-flash,G3_instruction,3,top2,0.01,0.5,0.1,,,,0
toolbench,rank,gemini-flash,G3_instruction,3,top2,0.01,0.5,0.2,,,,0
toolbench,rank,gemini-flash,G3_instruction,3,top2,0.01,0.5,0.3,,,,0
toolbench,rank,gemini-flash,G3_instruction,3,top2,0.01,0.5,0.5,,,,0
toolbench,rank,gemini-flash,G3_instruction,3,top2,0.01,0.5,0.7,,,,0
toolbench,rank,gemini-flash,G3_instruction,3,top3,0.01,0.0,0.0,10,10,1.0,10
toolbench,rank,gemini-flash,G3_instruction,3,top3,0.01,0.0,0.1,10,10,1.0,9
toolbench,rank,gemini-flash,G3_instruction,3,top3,0.01,0.0,0.2,10,10,1.0,9
toolbench,rank,gemini-flash,G3_instruction,3,top3,0.01,0.0,0.3,10,,,0
toolbench,rank,gemini-flash,G3_instruction,3,top3,0.01,0.0,0.5,10,10,1.0,9
toolbench,rank,gemini-flash,G3_instruction,3,top3,0.01,0.0,0.7,10,,,0
toolbench,rank,gemini-flash,G3_instruction,3,top3,0.01,0.05,0.0,10,10,1.0,10
toolbench,rank,gemini-flash,G3_instruction,3,top3,0.01,0.05,0.1,10,,,0
toolbench,rank,gemini-flash,G3_instruction,3,top3,0.01,0.05,0.2,10,10,1.0,7
toolbench,rank,gemini-flash,G3_instruction,3,top3,0.01,0.05,0.3,10,,,0
toolbench,rank,gemini-flash,G3_instruction,3,top3,0.01,0.05,0.5,10,,,0
toolbench,rank,gemini-flash,G3_instruction,3,top3,0.01,0.05,0.7,10,,,0
toolbench,rank,gemini-flash,G3_instruction,3,top3,0.01,0.1,0.0,10,,,0
toolbench,rank,gemini-flash,G3_instruction,3,top3,0.01,0.1,0.1,10,10,1.0,9
toolbench,rank,gemini-flash,G3_instruction,3,top3,0.01,0.1,0.2,10,10,1.0,10
toolbench,rank,gemini-flash,G3_instruction,3,top3,0.01,0.1,0.3,10,,,0
toolbench,rank,gemini-flash,G3_instruction,3,top3,0.01,0.1,0.5,10,,,0
toolbench,rank,gemini-flash,G3_instruction,3,top3,0.01,0.1,0.7,10,,,0
toolbench,rank,gemini-flash,G3_instruction,3,top3,0.01,0.15,0.0,10,10,1.0,10
toolbench,rank,gemini-flash,G3_instruction,3,top3,0.01,0.15,0.1,10,10,1.0,7
toolbench,rank,gemini-flash,G3_instruction,3,top3,0.01,0.15,0.2,10,,,0
toolbench,rank,gemini-flash,G3_instruction,3,top3,0.01,0.15,0.3,10,,,0
toolbench,rank,gemini-flash,G3_instruction,3,top3,0.01,0.15,0.5,10,,,0
toolbench,rank,gemini-flash,G3_instruction,3,top3,0.01,0.15,0.7,10,,,0
toolbench,rank,gemini-flash,G3_instruction,3,top3,0.01,0.2,0.0,10,10,1.0,10
toolbench,rank,gemini-flash,G3_instruction,3,top3,0.01,0.2,0.1,10,,,0
toolbench,rank,gemini-flash,G3_instruction,3,top3,0.01,0.2,0.2,10,,,0
toolbench,rank,gemini-flash,G3_instruction,3,top3,0.01,0.2,0.3,10,,,0
toolbench,rank,gemini-flash,G3_instruction,3,top3,0.01,0.2,0.5,10,,,0
toolbench,rank,gemini-flash,G3_instruction,3,top3,0.01,0.2,0.7,10,,,0
toolbench,rank,gemini-flash,G3_instruction,3,top3,0.01,0.3,0.0,10,,,0
toolbench,rank,gemini-flash,G3_instruction,3,top3,0.01,0.3,0.1,10,,,0
toolbench,rank,gemini-flash,G3_instruction,3,top3,0.01,0.3,0.2,10,,,0
toolbench,rank,gemini-flash,G3_instruction,3,top3,0.01,0.3,0.3,10,,,0
toolbench,rank,gemini-flash,G3_instruction,3,top3,0.01,0.3,0.5,10,,,0
toolbench,rank,gemini-flash,G3_instruction,3,top3,0.01,0.3,0.7,10,,,0
toolbench,rank,gemini-flash,G3_instruction,3,top3,0.01,0.5,0.0,10,,,0
toolbench,rank,gemini-flash,G3_instruction,3,top3,0.01,0.5,0.1,10,,,0
toolbench,rank,gemini-flash,G3_instruction,3,top3,0.01,0.5,0.2,10,,,0
toolbench,rank,gemini-flash,G3_instruction,3,top3,0.01,0.5,0.3,10,,,0
toolbench,rank,gemini-flash,G3_instruction,3,top3,0.01,0.5,0.5,10,,,0
toolbench,rank,gemini-flash,G3_instruction,3,top3,0.01,0.5,0.7,10,,,0
toolbench,rank,gemini-flash,G3_instruction,3,top5,0.01,0.0,0.0,10,10,1.0,10
toolbench,rank,gemini-flash,G3_instruction,3,top5,0.01,0.0,0.1,10,10,1.0,9
toolbench,rank,gemini-flash,G3_instruction,3,top5,0.01,0.0,0.2,10,10,1.0,7
toolbench,rank,gemini-flash,G3_instruction,3,top5,0.01,0.0,0.3,10,10,1.0,10
toolbench,rank,gemini-flash,G3_instruction,3,top5,0.01,0.0,0.5,10,20,2.0,9
toolbench,rank,gemini-flash,G3_instruction,3,top5,0.01,0.0,0.7,10,,,0
toolbench,rank,gemini-flash,G3_instruction,3,top5,0.01,0.05,0.0,10,10,1.0,10
toolbench,rank,gemini-flash,G3_instruction,3,top5,0.01,0.05,0.1,10,20,2.0,18
toolbench,rank,gemini-flash,G3_instruction,3,top5,0.01,0.05,0.2,10,10,1.0,10
toolbench,rank,gemini-flash,G3_instruction,3,top5,0.01,0.05,0.3,10,20,2.0,15
toolbench,rank,gemini-flash,G3_instruction,3,top5,0.01,0.05,0.5,10,,,0
toolbench,rank,gemini-flash,G3_instruction,3,top5,0.01,0.05,0.7,10,20,2.0,7
toolbench,rank,gemini-flash,G3_instruction,3,top5,0.01,0.1,0.0,10,10,1.0,10
toolbench,rank,gemini-flash,G3_instruction,3,top5,0.01,0.1,0.1,10,10,1.0,7
toolbench,rank,gemini-flash,G3_instruction,3,top5,0.01,0.1,0.2,10,20,2.0,17
toolbench,rank,gemini-flash,G3_instruction,3,top5,0.01,0.1,0.3,10,10,1.0,8
toolbench,rank,gemini-flash,G3_instruction,3,top5,0.01,0.1,0.5,10,,,0
toolbench,rank,gemini-flash,G3_instruction,3,top5,0.01,0.1,0.7,10,,,0
toolbench,rank,gemini-flash,G3_instruction,3,top5,0.01,0.15,0.0,10,20,2.0,20
toolbench,rank,gemini-flash,G3_instruction,3,top5,0.01,0.15,0.1,10,20,2.0,14
toolbench,rank,gemini-flash,G3_instruction,3,top5,0.01,0.15,0.2,10,10,1.0,8
toolbench,rank,gemini-flash,G3_instruction,3,top5,0.01,0.15,0.3,10,,,0
toolbench,rank,gemini-flash,G3_instruction,3,top5,0.01,0.15,0.5,10,,,0
toolbench,rank,gemini-flash,G3_instruction,3,top5,0.01,0.15,0.7,10,,,0
toolbench,rank,gemini-flash,G3_instruction,3,top5,0.01,0.2,0.0,10,,,0
toolbench,rank,gemini-flash,G3_instruction,3,top5,0.01,0.2,0.1,10,,,0
toolbench,rank,gemini-flash,G3_instruction,3,top5,0.01,0.2,0.2,10,20,2.0,14
toolbench,rank,gemini-flash,G3_instruction,3,top5,0.01,0.2,0.3,10,10,1.0,7
toolbench,rank,gemini-flash,G3_instruction,3,top5,0.01,0.2,0.5,10,,,0
toolbench,rank,gemini-flash,G3_instruction,3,top5,0.01,0.2,0.7,10,,,0
toolbench,rank,gemini-flash,G3_instruction,3,top5,0.01,0.3,0.0,10,20,2.0,20
toolbench,rank,gemini-flash,G3_instruction,3,top5,0.01,0.3,0.1,10,,,0
toolbench,rank,gemini-flash,G3_instruction,3,top5,0.01,0.3,0.2,10,,,0
toolbench,rank,gemini-flash,G3_instruction,3,top5,0.01,0.3,0.3,10,20,2.0,13
toolbench,rank,gemini-flash,G3_instruction,3,top5,0.01,0.3,0.5,10,,,0
toolbench,rank,gemini-flash,G3_instruction,3,top5,0.01,0.3,0.7,10,,,0
toolbench,rank,gemini-flash,G3_instruction,3,top5,0.01,0.5,0.0,10,,,0
toolbench,rank,gemini-flash,G3_instruction,3,top5,0.01,0.5,0.1,10,,,0
toolbench,rank,gemini-flash,G3_instruction,3,top5,0.01,0.5,0.2,10,,,0
toolbench,rank,gemini-flash,G3_instruction,3,top5,0.01,0.5,0.3,10,,,0
toolbench,rank,gemini-flash,G3_instruction,3,top5,0.01,0.5,0.5,10,,,0
toolbench,rank,gemini-flash,G3_instruction,3,top5,0.01,0.5,0.7,10,,,0
