dataset,model,split,topk,noise_model,epsilon,window_size_steps,trials,path_window_success_rate,independent_prediction_from_fit,note
toolbench,deepseek,G1_category,3,adjacent_swap,0.0,4,500,1.0,1.0,"medium audit-window path consistency, not full RLNC payload recovery"
toolbench,deepseek,G1_category,3,adjacent_swap,0.0,8,500,1.0,1.0,"medium audit-window path consistency, not full RLNC payload recovery"
toolbench,deepseek,G1_category,3,adjacent_swap,0.0,12,500,1.0,1.0,"medium audit-window path consistency, not full RLNC payload recovery"
toolbench,deepseek,G1_category,3,adjacent_swap,0.05,4,500,0.92,0.871206,"medium audit-window path consistency, not full RLNC payload recovery"
toolbench,deepseek,G1_category,3,adjacent_swap,0.05,8,500,0.85,0.759001,"medium audit-window path consistency, not full RLNC payload recovery"
toolbench,deepseek,G1_category,3,adjacent_swap,0.05,12,500,0.756,0.661246,"medium audit-window path consistency, not full RLNC payload recovery"
toolbench,deepseek,G1_category,3,adjacent_swap,0.1,4,500,0.584,0.753362,"medium audit-window path consistency, not full RLNC payload recovery"
toolbench,deepseek,G1_category,3,adjacent_swap,0.1,8,500,0.356,0.567555,"medium audit-window path consistency, not full RLNC payload recovery"
toolbench,deepseek,G1_category,3,adjacent_swap,0.1,12,500,0.23,0.427574,"medium audit-window path consistency, not full RLNC payload recovery"
toolbench,deepseek,G1_category,3,adjacent_swap,0.15,4,500,0.582,0.646068,"medium audit-window path consistency, not full RLNC payload recovery"
toolbench,deepseek,G1_category,3,adjacent_swap,0.15,8,500,0.33,0.417404,"medium audit-window path consistency, not full RLNC payload recovery"
toolbench,deepseek,G1_category,3,adjacent_swap,0.15,12,500,0.178,0.269671,"medium audit-window path consistency, not full RLNC payload recovery"
toolbench,deepseek,G1_category,3,adjacent_swap,0.2,4,500,0.428,0.548916,"medium audit-window path consistency, not full RLNC payload recovery"
toolbench,deepseek,G1_category,3,adjacent_swap,0.2,8,500,0.182,0.301309,"medium audit-window path consistency, not full RLNC payload recovery"
toolbench,deepseek,G1_category,3,adjacent_swap,0.2,12,500,0.082,0.165393,"medium audit-window path consistency, not full RLNC payload recovery"
toolbench,deepseek,G1_category,3,adjacent_swap,0.25,4,500,0.358,0.461493,"medium audit-window path consistency, not full RLNC payload recovery"
toolbench,deepseek,G1_category,3,adjacent_swap,0.25,8,500,0.134,0.212975,"medium audit-window path consistency, not full RLNC payload recovery"
toolbench,deepseek,G1_category,3,adjacent_swap,0.25,12,500,0.048,0.098287,"medium audit-window path consistency, not full RLNC payload recovery"
toolbench,deepseek,G1_category,3,adjacent_swap,0.3,4,500,0.288,0.383375,"medium audit-window path consistency, not full RLNC payload recovery"
toolbench,deepseek,G1_category,3,adjacent_swap,0.3,8,500,0.066,0.146976,"medium audit-window path consistency, not full RLNC payload recovery"
toolbench,deepseek,G1_category,3,adjacent_swap,0.3,12,500,0.024,0.056347,"medium audit-window path consistency, not full RLNC payload recovery"
toolbench,deepseek,G1_category,3,adjacent_swap,0.35,4,500,0.252,0.314131,"medium audit-window path consistency, not full RLNC payload recovery"
toolbench,deepseek,G1_category,3,adjacent_swap,0.35,8,500,0.064,0.098678,"medium audit-window path consistency, not full RLNC payload recovery"
toolbench,deepseek,G1_category,3,adjacent_swap,0.35,12,500,0.014,0.030998,"medium audit-window path consistency, not full RLNC payload recovery"
toolbench,deepseek,G1_category,3,adjacent_swap,0.4,4,500,0.256,0.253321,"medium audit-window path consistency, not full RLNC payload recovery"
toolbench,deepseek,G1_category,3,adjacent_swap,0.4,8,500,0.048,0.064171,"medium audit-window path consistency, not full RLNC payload recovery"
toolbench,deepseek,G1_category,3,adjacent_swap,0.4,12,500,0.008,0.016256,"medium audit-window path consistency, not full RLNC payload recovery"
toolbench,deepseek,G1_category,3,adjacent_swap,0.45,4,500,0.152,0.200491,"medium audit-window path consistency, not full RLNC payload recovery"
toolbench,deepseek,G1_category,3,adjacent_swap,0.45,8,500,0.022,0.040197,"medium audit-window path consistency, not full RLNC payload recovery"
toolbench,deepseek,G1_category,3,adjacent_swap,0.45,12,500,0.002,0.008059,"medium audit-window path consistency, not full RLNC payload recovery"
toolbench,deepseek,G1_category,3,adjacent_swap,0.5,4,500,0.084,0.155178,"medium audit-window path consistency, not full RLNC payload recovery"
toolbench,deepseek,G1_category,3,adjacent_swap,0.5,8,500,0.008,0.02408,"medium audit-window path consistency, not full RLNC payload recovery"
toolbench,deepseek,G1_category,3,adjacent_swap,0.5,12,500,0.0,0.003737,"medium audit-window path consistency, not full RLNC payload recovery"
toolbench,deepseek,G1_category,5,adjacent_swap,0.0,4,500,1.0,1.0,"medium audit-window path consistency, not full RLNC payload recovery"
toolbench,deepseek,G1_category,5,adjacent_swap,0.0,8,500,1.0,1.0,"medium audit-window path consistency, not full RLNC payload recovery"
toolbench,deepseek,G1_category,5,adjacent_swap,0.0,12,500,1.0,1.0,"medium audit-window path consistency, not full RLNC payload recovery"
toolbench,deepseek,G1_category,5,adjacent_swap,0.05,4,500,0.726,0.81317,"medium audit-window path consistency, not full RLNC payload recovery"
toolbench,deepseek,G1_category,5,adjacent_swap,0.05,8,500,0.56,0.661246,"medium audit-window path consistency, not full RLNC payload recovery"
toolbench,deepseek,G1_category,5,adjacent_swap,0.05,12,500,0.438,0.537706,"medium audit-window path consistency, not full RLNC payload recovery"
toolbench,deepseek,G1_category,5,adjacent_swap,0.1,4,500,0.474,0.653892,"medium audit-window path consistency, not full RLNC payload recovery"
toolbench,deepseek,G1_category,5,adjacent_swap,0.1,8,500,0.268,0.427574,"medium audit-window path consistency, not full RLNC payload recovery"
toolbench,deepseek,G1_category,5,adjacent_swap,0.1,12,500,0.154,0.279587,"medium audit-window path consistency, not full RLNC payload recovery"
toolbench,deepseek,G1_category,5,adjacent_swap,0.15,4,500,0.434,0.519299,"medium audit-window path consistency, not full RLNC payload recovery"
toolbench,deepseek,G1_category,5,adjacent_swap,0.15,8,500,0.228,0.269671,"medium audit-window path consistency, not full RLNC payload recovery"
toolbench,deepseek,G1_category,5,adjacent_swap,0.15,12,500,0.1,0.14004,"medium audit-window path consistency, not full RLNC payload recovery"
toolbench,deepseek,G1_category,5,adjacent_swap,0.2,4,500,0.312,0.406686,"medium audit-window path consistency, not full RLNC payload recovery"
toolbench,deepseek,G1_category,5,adjacent_swap,0.2,8,500,0.092,0.165393,"medium audit-window path consistency, not full RLNC payload recovery"
toolbench,deepseek,G1_category,5,adjacent_swap,0.2,12,500,0.012,0.067263,"medium audit-window path consistency, not full RLNC payload recovery"
toolbench,deepseek,G1_category,5,adjacent_swap,0.25,4,500,0.282,0.313507,"medium audit-window path consistency, not full RLNC payload recovery"
toolbench,deepseek,G1_category,5,adjacent_swap,0.25,8,500,0.066,0.098287,"medium audit-window path consistency, not full RLNC payload recovery"
toolbench,deepseek,G1_category,5,adjacent_swap,0.25,12,500,0.026,0.030814,"medium audit-window path consistency, not full RLNC payload recovery"
toolbench,deepseek,G1_category,5,adjacent_swap,0.3,4,500,0.24,0.237375,"medium audit-window path consistency, not full RLNC payload recovery"
toolbench,deepseek,G1_category,5,adjacent_swap,0.3,8,500,0.048,0.056347,"medium audit-window path consistency, not full RLNC payload recovery"
toolbench,deepseek,G1_category,5,adjacent_swap,0.3,12,500,0.014,0.013375,"medium audit-window path consistency, not full RLNC payload recovery"
toolbench,deepseek,G1_category,5,adjacent_swap,0.35,4,500,0.112,0.176062,"medium audit-window path consistency, not full RLNC payload recovery"
toolbench,deepseek,G1_category,5,adjacent_swap,0.35,8,500,0.014,0.030998,"medium audit-window path consistency, not full RLNC payload recovery"
toolbench,deepseek,G1_category,5,adjacent_swap,0.35,12,500,0.002,0.005458,"medium audit-window path consistency, not full RLNC payload recovery"
toolbench,deepseek,G1_category,5,adjacent_swap,0.4,4,500,0.108,0.127499,"medium audit-window path consistency, not full RLNC payload recovery"
toolbench,deepseek,G1_category,5,adjacent_swap,0.4,8,500,0.018,0.016256,"medium audit-window path consistency, not full RLNC payload recovery"
toolbench,deepseek,G1_category,5,adjacent_swap,0.4,12,500,0.0,0.002073,"medium audit-window path consistency, not full RLNC payload recovery"
toolbench,deepseek,G1_category,5,adjacent_swap,0.45,4,500,0.082,0.089772,"medium audit-window path consistency, not full RLNC payload recovery"
toolbench,deepseek,G1_category,5,adjacent_swap,0.45,8,500,0.008,0.008059,"medium audit-window path consistency, not full RLNC payload recovery"
toolbench,deepseek,G1_category,5,adjacent_swap,0.45,12,500,0.0,0.000723,"medium audit-window path consistency, not full RLNC payload recovery"
toolbench,deepseek,G1_category,5,adjacent_swap,0.5,4,500,0.074,0.061129,"medium audit-window path consistency, not full RLNC payload recovery"
toolbench,deepseek,G1_category,5,adjacent_swap,0.5,8,500,0.0,0.003737,"medium audit-window path consistency, not full RLNC payload recovery"
toolbench,deepseek,G1_category,5,adjacent_swap,0.5,12,500,0.0,0.000228,"medium audit-window path consistency, not full RLNC payload recovery"
toolbench,deepseek,G1_category,10,adjacent_swap,0.0,4,500,1.0,1.0,"medium audit-window path consistency, not full RLNC payload recovery"
toolbench,deepseek,G1_category,10,adjacent_swap,0.0,8,500,1.0,1.0,"medium audit-window path consistency, not full RLNC payload recovery"
toolbench,deepseek,G1_category,10,adjacent_swap,0.0,12,500,1.0,1.0,"medium audit-window path consistency, not full RLNC payload recovery"
toolbench,deepseek,G1_category,10,adjacent_swap,0.05,4,500,0.748,0.759001,"medium audit-window path consistency, not full RLNC payload recovery"
toolbench,deepseek,G1_category,10,adjacent_swap,0.05,8,500,0.566,0.576082,"medium audit-window path consistency, not full RLNC payload recovery"
toolbench,deepseek,G1_category,10,adjacent_swap,0.05,12,500,0.39,0.437246,"medium audit-window path consistency, not full RLNC payload recovery"
toolbench,deepseek,G1_category,10,adjacent_swap,0.1,4,500,0.486,0.567555,"medium audit-window path consistency, not full RLNC payload recovery"
toolbench,deepseek,G1_category,10,adjacent_swap,0.1,8,500,0.234,0.322118,"medium audit-window path consistency, not full RLNC payload recovery"
toolbench,deepseek,G1_category,10,adjacent_swap,0.1,12,500,0.126,0.18282,"medium audit-window path consistency, not full RLNC payload recovery"
toolbench,deepseek,G1_category,10,adjacent_swap,0.15,4,500,0.378,0.417404,"medium audit-window path consistency, not full RLNC payload recovery"
toolbench,deepseek,G1_category,10,adjacent_swap,0.15,8,500,0.142,0.174226,"medium audit-window path consistency, not full RLNC payload recovery"
toolbench,deepseek,G1_category,10,adjacent_swap,0.15,12,500,0.05,0.072722,"medium audit-window path consistency, not full RLNC payload recovery"
toolbench,deepseek,G1_category,10,adjacent_swap,0.2,4,500,0.322,0.301309,"medium audit-window path consistency, not full RLNC payload recovery"
toolbench,deepseek,G1_category,10,adjacent_swap,0.2,8,500,0.098,0.090787,"medium audit-window path consistency, not full RLNC payload recovery"
toolbench,deepseek,G1_category,10,adjacent_swap,0.2,12,500,0.018,0.027355,"medium audit-window path consistency, not full RLNC payload recovery"
toolbench,deepseek,G1_category,10,adjacent_swap,0.25,4,500,0.224,0.212975,"medium audit-window path consistency, not full RLNC payload recovery"
toolbench,deepseek,G1_category,10,adjacent_swap,0.25,8,500,0.044,0.045359,"medium audit-window path consistency, not full RLNC payload recovery"
toolbench,deepseek,G1_category,10,adjacent_swap,0.25,12,500,0.014,0.00966,"medium audit-window path consistency, not full RLNC payload recovery"
toolbench,deepseek,G1_category,10,adjacent_swap,0.3,4,500,0.176,0.146976,"medium audit-window path consistency, not full RLNC payload recovery"
toolbench,deepseek,G1_category,10,adjacent_swap,0.3,8,500,0.026,0.021602,"medium audit-window path consistency, not full RLNC payload recovery"
toolbench,deepseek,G1_category,10,adjacent_swap,0.3,12,500,0.01,0.003175,"medium audit-window path consistency, not full RLNC payload recovery"
toolbench,deepseek,G1_category,10,adjacent_swap,0.35,4,500,0.122,0.098678,"medium audit-window path consistency, not full RLNC payload recovery"
toolbench,deepseek,G1_category,10,adjacent_swap,0.35,8,500,0.01,0.009737,"medium audit-window path consistency, not full RLNC payload recovery"
toolbench,deepseek,G1_category,10,adjacent_swap,0.35,12,500,0.002,0.000961,"medium audit-window path consistency, not full RLNC payload recovery"
toolbench,deepseek,G1_category,10,adjacent_swap,0.4,4,500,0.08,0.064171,"medium audit-window path consistency, not full RLNC payload recovery"
toolbench,deepseek,G1_category,10,adjacent_swap,0.4,8,500,0.002,0.004118,"medium audit-window path consistency, not full RLNC payload recovery"
toolbench,deepseek,G1_category,10,adjacent_swap,0.4,12,500,0.0,0.000264,"medium audit-window path consistency, not full RLNC payload recovery"
toolbench,deepseek,G1_category,10,adjacent_swap,0.45,4,500,0.072,0.040197,"medium audit-window path consistency, not full RLNC payload recovery"
toolbench,deepseek,G1_category,10,adjacent_swap,0.45,8,500,0.01,0.001616,"medium audit-window path consistency, not full RLNC payload recovery"
toolbench,deepseek,G1_category,10,adjacent_swap,0.45,12,500,0.002,6.5e-05,"medium audit-window path consistency, not full RLNC payload recovery"
toolbench,deepseek,G1_category,10,adjacent_swap,0.5,4,500,0.04,0.02408,"medium audit-window path consistency, not full RLNC payload recovery"
toolbench,deepseek,G1_category,10,adjacent_swap,0.5,8,500,0.0,0.00058,"medium audit-window path consistency, not full RLNC payload recovery"
toolbench,deepseek,G1_category,10,adjacent_swap,0.5,12,500,0.0,1.4e-05,"medium audit-window path consistency, not full RLNC payload recovery"
toolbench,deepseek,G1_instruction,3,adjacent_swap,0.0,4,500,1.0,1.0,"medium audit-window path consistency, not full RLNC payload recovery"
toolbench,deepseek,G1_instruction,3,adjacent_swap,0.0,8,500,1.0,1.0,"medium audit-window path consistency, not full RLNC payload recovery"
toolbench,deepseek,G1_instruction,3,adjacent_swap,0.0,12,500,1.0,1.0,"medium audit-window path consistency, not full RLNC payload recovery"
toolbench,deepseek,G1_instruction,3,adjacent_swap,0.05,4,500,0.794,0.871206,"medium audit-window path consistency, not full RLNC payload recovery"
toolbench,deepseek,G1_instruction,3,adjacent_swap,0.05,8,500,0.656,0.759001,"medium audit-window path consistency, not full RLNC payload recovery"
toolbench,deepseek,G1_instruction,3,adjacent_swap,0.05,12,500,0.504,0.661246,"medium audit-window path consistency, not full RLNC payload recovery"
toolbench,deepseek,G1_instruction,3,adjacent_swap,0.1,4,500,0.716,0.753362,"medium audit-window path consistency, not full RLNC payload recovery"
toolbench,deepseek,G1_instruction,3,adjacent_swap,0.1,8,500,0.518,0.567555,"medium audit-window path consistency, not full RLNC payload recovery"
toolbench,deepseek,G1_instruction,3,adjacent_swap,0.1,12,500,0.35,0.427574,"medium audit-window path consistency, not full RLNC payload recovery"
toolbench,deepseek,G1_instruction,3,adjacent_swap,0.15,4,500,0.672,0.646068,"medium audit-window path consistency, not full RLNC payload recovery"
toolbench,deepseek,G1_instruction,3,adjacent_swap,0.15,8,500,0.438,0.417404,"medium audit-window path consistency, not full RLNC payload recovery"
toolbench,deepseek,G1_instruction,3,adjacent_swap,0.15,12,500,0.358,0.269671,"medium audit-window path consistency, not full RLNC payload recovery"
toolbench,deepseek,G1_instruction,3,adjacent_swap,0.2,4,500,0.572,0.548916,"medium audit-window path consistency, not full RLNC payload recovery"
toolbench,deepseek,G1_instruction,3,adjacent_swap,0.2,8,500,0.282,0.301309,"medium audit-window path consistency, not full RLNC payload recovery"
toolbench,deepseek,G1_instruction,3,adjacent_swap,0.2,12,500,0.138,0.165393,"medium audit-window path consistency, not full RLNC payload recovery"
toolbench,deepseek,G1_instruction,3,adjacent_swap,0.25,4,500,0.498,0.461493,"medium audit-window path consistency, not full RLNC payload recovery"
toolbench,deepseek,G1_instruction,3,adjacent_swap,0.25,8,500,0.198,0.212975,"medium audit-window path consistency, not full RLNC payload recovery"
toolbench,deepseek,G1_instruction,3,adjacent_swap,0.25,12,500,0.09,0.098287,"medium audit-window path consistency, not full RLNC payload recovery"
toolbench,deepseek,G1_instruction,3,adjacent_swap,0.3,4,500,0.306,0.383375,"medium audit-window path consistency, not full RLNC payload recovery"
toolbench,deepseek,G1_instruction,3,adjacent_swap,0.3,8,500,0.086,0.146976,"medium audit-window path consistency, not full RLNC payload recovery"
toolbench,deepseek,G1_instruction,3,adjacent_swap,0.3,12,500,0.028,0.056347,"medium audit-window path consistency, not full RLNC payload recovery"
toolbench,deepseek,G1_instruction,3,adjacent_swap,0.35,4,500,0.284,0.314131,"medium audit-window path consistency, not full RLNC payload recovery"
toolbench,deepseek,G1_instruction,3,adjacent_swap,0.35,8,500,0.084,0.098678,"medium audit-window path consistency, not full RLNC payload recovery"
toolbench,deepseek,G1_instruction,3,adjacent_swap,0.35,12,500,0.026,0.030998,"medium audit-window path consistency, not full RLNC payload recovery"
toolbench,deepseek,G1_instruction,3,adjacent_swap,0.4,4,500,0.306,0.253321,"medium audit-window path consistency, not full RLNC payload recovery"
toolbench,deepseek,G1_instruction,3,adjacent_swap,0.4,8,500,0.084,0.064171,"medium audit-window path consistency, not full RLNC payload recovery"
toolbench,deepseek,G1_instruction,3,adjacent_swap,0.4,12,500,0.016,0.016256,"medium audit-window path consistency, not full RLNC payload recovery"
toolbench,deepseek,G1_instruction,3,adjacent_swap,0.45,4,500,0.2,0.200491,"medium audit-window path consistency, not full RLNC payload recovery"
toolbench,deepseek,G1_instruction,3,adjacent_swap,0.45,8,500,0.046,0.040197,"medium audit-window path consistency, not full RLNC payload recovery"
toolbench,deepseek,G1_instruction,3,adjacent_swap,0.45,12,500,0.008,0.008059,"medium audit-window path consistency, not full RLNC payload recovery"
toolbench,deepseek,G1_instruction,3,adjacent_swap,0.5,4,500,0.174,0.155178,"medium audit-window path consistency, not full RLNC payload recovery"
toolbench,deepseek,G1_instruction,3,adjacent_swap,0.5,8,500,0.034,0.02408,"medium audit-window path consistency, not full RLNC payload recovery"
toolbench,deepseek,G1_instruction,3,adjacent_swap,0.5,12,500,0.004,0.003737,"medium audit-window path consistency, not full RLNC payload recovery"
toolbench,deepseek,G1_instruction,5,adjacent_swap,0.0,4,500,1.0,1.0,"medium audit-window path consistency, not full RLNC payload recovery"
toolbench,deepseek,G1_instruction,5,adjacent_swap,0.0,8,500,1.0,1.0,"medium audit-window path consistency, not full RLNC payload recovery"
toolbench,deepseek,G1_instruction,5,adjacent_swap,0.0,12,500,1.0,1.0,"medium audit-window path consistency, not full RLNC payload recovery"
toolbench,deepseek,G1_instruction,5,adjacent_swap,0.05,4,500,0.728,0.81317,"medium audit-window path consistency, not full RLNC payload recovery"
toolbench,deepseek,G1_instruction,5,adjacent_swap,0.05,8,500,0.572,0.661246,"medium audit-window path consistency, not full RLNC payload recovery"
toolbench,deepseek,G1_instruction,5,adjacent_swap,0.05,12,500,0.406,0.537706,"medium audit-window path consistency, not full RLNC payload recovery"
toolbench,deepseek,G1_instruction,5,adjacent_swap,0.1,4,500,0.634,0.653892,"medium audit-window path consistency, not full RLNC payload recovery"
toolbench,deepseek,G1_instruction,5,adjacent_swap,0.1,8,500,0.35,0.427574,"medium audit-window path consistency, not full RLNC payload recovery"
toolbench,deepseek,G1_instruction,5,adjacent_swap,0.1,12,500,0.194,0.279587,"medium audit-window path consistency, not full RLNC payload recovery"
toolbench,deepseek,G1_instruction,5,adjacent_swap,0.15,4,500,0.388,0.519299,"medium audit-window path consistency, not full RLNC payload recovery"
toolbench,deepseek,G1_instruction,5,adjacent_swap,0.15,8,500,0.186,0.269671,"medium audit-window path consistency, not full RLNC payload recovery"
toolbench,deepseek,G1_instruction,5,adjacent_swap,0.15,12,500,0.056,0.14004,"medium audit-window path consistency, not full RLNC payload recovery"
toolbench,deepseek,G1_instruction,5,adjacent_swap,0.2,4,500,0.318,0.406686,"medium audit-window path consistency, not full RLNC payload recovery"
toolbench,deepseek,G1_instruction,5,adjacent_swap,0.2,8,500,0.11,0.165393,"medium audit-window path consistency, not full RLNC payload recovery"
toolbench,deepseek,G1_instruction,5,adjacent_swap,0.2,12,500,0.054,0.067263,"medium audit-window path consistency, not full RLNC payload recovery"
toolbench,deepseek,G1_instruction,5,adjacent_swap,0.25,4,500,0.182,0.313507,"medium audit-window path consistency, not full RLNC payload recovery"
toolbench,deepseek,G1_instruction,5,adjacent_swap,0.25,8,500,0.042,0.098287,"medium audit-window path consistency, not full RLNC payload recovery"
toolbench,deepseek,G1_instruction,5,adjacent_swap,0.25,12,500,0.016,0.030814,"medium audit-window path consistency, not full RLNC payload recovery"
toolbench,deepseek,G1_instruction,5,adjacent_swap,0.3,4,500,0.208,0.237375,"medium audit-window path consistency, not full RLNC payload recovery"
toolbench,deepseek,G1_instruction,5,adjacent_swap,0.3,8,500,0.044,0.056347,"medium audit-window path consistency, not full RLNC payload recovery"
toolbench,deepseek,G1_instruction,5,adjacent_swap,0.3,12,500,0.008,0.013375,"medium audit-window path consistency, not full RLNC payload recovery"
toolbench,deepseek,G1_instruction,5,adjacent_swap,0.35,4,500,0.146,0.176062,"medium audit-window path consistency, not full RLNC payload recovery"
toolbench,deepseek,G1_instruction,5,adjacent_swap,0.35,8,500,0.018,0.030998,"medium audit-window path consistency, not full RLNC payload recovery"
toolbench,deepseek,G1_instruction,5,adjacent_swap,0.35,12,500,0.004,0.005458,"medium audit-window path consistency, not full RLNC payload recovery"
toolbench,deepseek,G1_instruction,5,adjacent_swap,0.4,4,500,0.13,0.127499,"medium audit-window path consistency, not full RLNC payload recovery"
toolbench,deepseek,G1_instruction,5,adjacent_swap,0.4,8,500,0.014,0.016256,"medium audit-window path consistency, not full RLNC payload recovery"
toolbench,deepseek,G1_instruction,5,adjacent_swap,0.4,12,500,0.002,0.002073,"medium audit-window path consistency, not full RLNC payload recovery"
toolbench,deepseek,G1_instruction,5,adjacent_swap,0.45,4,500,0.1,0.089772,"medium audit-window path consistency, not full RLNC payload recovery"
toolbench,deepseek,G1_instruction,5,adjacent_swap,0.45,8,500,0.01,0.008059,"medium audit-window path consistency, not full RLNC payload recovery"
toolbench,deepseek,G1_instruction,5,adjacent_swap,0.45,12,500,0.002,0.000723,"medium audit-window path consistency, not full RLNC payload recovery"
toolbench,deepseek,G1_instruction,5,adjacent_swap,0.5,4,500,0.064,0.061129,"medium audit-window path consistency, not full RLNC payload recovery"
toolbench,deepseek,G1_instruction,5,adjacent_swap,0.5,8,500,0.002,0.003737,"medium audit-window path consistency, not full RLNC payload recovery"
toolbench,deepseek,G1_instruction,5,adjacent_swap,0.5,12,500,0.0,0.000228,"medium audit-window path consistency, not full RLNC payload recovery"
toolbench,deepseek,G1_instruction,10,adjacent_swap,0.0,4,500,1.0,1.0,"medium audit-window path consistency, not full RLNC payload recovery"
toolbench,deepseek,G1_instruction,10,adjacent_swap,0.0,8,500,1.0,1.0,"medium audit-window path consistency, not full RLNC payload recovery"
toolbench,deepseek,G1_instruction,10,adjacent_swap,0.0,12,500,1.0,1.0,"medium audit-window path consistency, not full RLNC payload recovery"
toolbench,deepseek,G1_instruction,10,adjacent_swap,0.05,4,500,0.704,0.759001,"medium audit-window path consistency, not full RLNC payload recovery"
toolbench,deepseek,G1_instruction,10,adjacent_swap,0.05,8,500,0.502,0.576082,"medium audit-window path consistency, not full RLNC payload recovery"
toolbench,deepseek,G1_instruction,10,adjacent_swap,0.05,12,500,0.388,0.437246,"medium audit-window path consistency, not full RLNC payload recovery"
toolbench,deepseek,G1_instruction,10,adjacent_swap,0.1,4,500,0.606,0.567555,"medium audit-window path consistency, not full RLNC payload recovery"
toolbench,deepseek,G1_instruction,10,adjacent_swap,0.1,8,500,0.386,0.322118,"medium audit-window path consistency, not full RLNC payload recovery"
toolbench,deepseek,G1_instruction,10,adjacent_swap,0.1,12,500,0.2,0.18282,"medium audit-window path consistency, not full RLNC payload recovery"
toolbench,deepseek,G1_instruction,10,adjacent_swap,0.15,4,500,0.464,0.417404,"medium audit-window path consistency, not full RLNC payload recovery"
toolbench,deepseek,G1_instruction,10,adjacent_swap,0.15,8,500,0.184,0.174226,"medium audit-window path consistency, not full RLNC payload recovery"
toolbench,deepseek,G1_instruction,10,adjacent_swap,0.15,12,500,0.1,0.072722,"medium audit-window path consistency, not full RLNC payload recovery"
toolbench,deepseek,G1_instruction,10,adjacent_swap,0.2,4,500,0.262,0.301309,"medium audit-window path consistency, not full RLNC payload recovery"
toolbench,deepseek,G1_instruction,10,adjacent_swap,0.2,8,500,0.078,0.090787,"medium audit-window path consistency, not full RLNC payload recovery"
toolbench,deepseek,G1_instruction,10,adjacent_swap,0.2,12,500,0.026,0.027355,"medium audit-window path consistency, not full RLNC payload recovery"
toolbench,deepseek,G1_instruction,10,adjacent_swap,0.25,4,500,0.246,0.212975,"medium audit-window path consistency, not full RLNC payload recovery"
toolbench,deepseek,G1_instruction,10,adjacent_swap,0.25,8,500,0.056,0.045359,"medium audit-window path consistency, not full RLNC payload recovery"
toolbench,deepseek,G1_instruction,10,adjacent_swap,0.25,12,500,0.016,0.00966,"medium audit-window path consistency, not full RLNC payload recovery"
toolbench,deepseek,G1_instruction,10,adjacent_swap,0.3,4,500,0.124,0.146976,"medium audit-window path consistency, not full RLNC payload recovery"
toolbench,deepseek,G1_instruction,10,adjacent_swap,0.3,8,500,0.012,0.021602,"medium audit-window path consistency, not full RLNC payload recovery"
toolbench,deepseek,G1_instruction,10,adjacent_swap,0.3,12,500,0.006,0.003175,"medium audit-window path consistency, not full RLNC payload recovery"
toolbench,deepseek,G1_instruction,10,adjacent_swap,0.35,4,500,0.14,0.098678,"medium audit-window path consistency, not full RLNC payload recovery"
toolbench,deepseek,G1_instruction,10,adjacent_swap,0.35,8,500,0.018,0.009737,"medium audit-window path consistency, not full RLNC payload recovery"
toolbench,deepseek,G1_instruction,10,adjacent_swap,0.35,12,500,0.002,0.000961,"medium audit-window path consistency, not full RLNC payload recovery"
toolbench,deepseek,G1_instruction,10,adjacent_swap,0.4,4,500,0.12,0.064171,"medium audit-window path consistency, not full RLNC payload recovery"
toolbench,deepseek,G1_instruction,10,adjacent_swap,0.4,8,500,0.012,0.004118,"medium audit-window path consistency, not full RLNC payload recovery"
toolbench,deepseek,G1_instruction,10,adjacent_swap,0.4,12,500,0.0,0.000264,"medium audit-window path consistency, not full RLNC payload recovery"
toolbench,deepseek,G1_instruction,10,adjacent_swap,0.45,4,500,0.064,0.040197,"medium audit-window path consistency, not full RLNC payload recovery"
toolbench,deepseek,G1_instruction,10,adjacent_swap,0.45,8,500,0.0,0.001616,"medium audit-window path consistency, not full RLNC payload recovery"
toolbench,deepseek,G1_instruction,10,adjacent_swap,0.45,12,500,0.0,6.5e-05,"medium audit-window path consistency, not full RLNC payload recovery"
toolbench,deepseek,G1_instruction,10,adjacent_swap,0.5,4,500,0.046,0.02408,"medium audit-window path consistency, not full RLNC payload recovery"
toolbench,deepseek,G1_instruction,10,adjacent_swap,0.5,8,500,0.0,0.00058,"medium audit-window path consistency, not full RLNC payload recovery"
toolbench,deepseek,G1_instruction,10,adjacent_swap,0.5,12,500,0.0,1.4e-05,"medium audit-window path consistency, not full RLNC payload recovery"
toolbench,deepseek,G1_tool,3,adjacent_swap,0.0,4,500,1.0,1.0,"medium audit-window path consistency, not full RLNC payload recovery"
toolbench,deepseek,G1_tool,3,adjacent_swap,0.0,8,500,1.0,1.0,"medium audit-window path consistency, not full RLNC payload recovery"
toolbench,deepseek,G1_tool,3,adjacent_swap,0.0,12,500,1.0,1.0,"medium audit-window path consistency, not full RLNC payload recovery"
toolbench,deepseek,G1_tool,3,adjacent_swap,0.05,4,500,0.8,0.871206,"medium audit-window path consistency, not full RLNC payload recovery"
toolbench,deepseek,G1_tool,3,adjacent_swap,0.05,8,500,0.592,0.759001,"medium audit-window path consistency, not full RLNC payload recovery"
toolbench,deepseek,G1_tool,3,adjacent_swap,0.05,12,500,0.484,0.661246,"medium audit-window path consistency, not full RLNC payload recovery"
toolbench,deepseek,G1_tool,3,adjacent_swap,0.1,4,500,0.596,0.753362,"medium audit-window path consistency, not full RLNC payload recovery"
toolbench,deepseek,G1_tool,3,adjacent_swap,0.1,8,500,0.338,0.567555,"medium audit-window path consistency, not full RLNC payload recovery"
toolbench,deepseek,G1_tool,3,adjacent_swap,0.1,12,500,0.214,0.427574,"medium audit-window path consistency, not full RLNC payload recovery"
toolbench,deepseek,G1_tool,3,adjacent_swap,0.15,4,500,0.638,0.646068,"medium audit-window path consistency, not full RLNC payload recovery"
toolbench,deepseek,G1_tool,3,adjacent_swap,0.15,8,500,0.382,0.417404,"medium audit-window path consistency, not full RLNC payload recovery"
toolbench,deepseek,G1_tool,3,adjacent_swap,0.15,12,500,0.23,0.269671,"medium audit-window path consistency, not full RLNC payload recovery"
toolbench,deepseek,G1_tool,3,adjacent_swap,0.2,4,500,0.432,0.548916,"medium audit-window path consistency, not full RLNC payload recovery"
toolbench,deepseek,G1_tool,3,adjacent_swap,0.2,8,500,0.162,0.301309,"medium audit-window path consistency, not full RLNC payload recovery"
toolbench,deepseek,G1_tool,3,adjacent_swap,0.2,12,500,0.078,0.165393,"medium audit-window path consistency, not full RLNC payload recovery"
toolbench,deepseek,G1_tool,3,adjacent_swap,0.25,4,500,0.394,0.461493,"medium audit-window path consistency, not full RLNC payload recovery"
toolbench,deepseek,G1_tool,3,adjacent_swap,0.25,8,500,0.146,0.212975,"medium audit-window path consistency, not full RLNC payload recovery"
toolbench,deepseek,G1_tool,3,adjacent_swap,0.25,12,500,0.04,0.098287,"medium audit-window path consistency, not full RLNC payload recovery"
toolbench,deepseek,G1_tool,3,adjacent_swap,0.3,4,500,0.252,0.383375,"medium audit-window path consistency, not full RLNC payload recovery"
toolbench,deepseek,G1_tool,3,adjacent_swap,0.3,8,500,0.066,0.146976,"medium audit-window path consistency, not full RLNC payload recovery"
toolbench,deepseek,G1_tool,3,adjacent_swap,0.3,12,500,0.018,0.056347,"medium audit-window path consistency, not full RLNC payload recovery"
toolbench,deepseek,G1_tool,3,adjacent_swap,0.35,4,500,0.238,0.314131,"medium audit-window path consistency, not full RLNC payload recovery"
toolbench,deepseek,G1_tool,3,adjacent_swap,0.35,8,500,0.058,0.098678,"medium audit-window path consistency, not full RLNC payload recovery"
toolbench,deepseek,G1_tool,3,adjacent_swap,0.35,12,500,0.01,0.030998,"medium audit-window path consistency, not full RLNC payload recovery"
toolbench,deepseek,G1_tool,3,adjacent_swap,0.4,4,500,0.192,0.253321,"medium audit-window path consistency, not full RLNC payload recovery"
toolbench,deepseek,G1_tool,3,adjacent_swap,0.4,8,500,0.028,0.064171,"medium audit-window path consistency, not full RLNC payload recovery"
toolbench,deepseek,G1_tool,3,adjacent_swap,0.4,12,500,0.006,0.016256,"medium audit-window path consistency, not full RLNC payload recovery"
toolbench,deepseek,G1_tool,3,adjacent_swap,0.45,4,500,0.116,0.200491,"medium audit-window path consistency, not full RLNC payload recovery"
toolbench,deepseek,G1_tool,3,adjacent_swap,0.45,8,500,0.04,0.040197,"medium audit-window path consistency, not full RLNC payload recovery"
toolbench,deepseek,G1_tool,3,adjacent_swap,0.45,12,500,0.002,0.008059,"medium audit-window path consistency, not full RLNC payload recovery"
toolbench,deepseek,G1_tool,3,adjacent_swap,0.5,4,500,0.126,0.155178,"medium audit-window path consistency, not full RLNC payload recovery"
toolbench,deepseek,G1_tool,3,adjacent_swap,0.5,8,500,0.014,0.02408,"medium audit-window path consistency, not full RLNC payload recovery"
toolbench,deepseek,G1_tool,3,adjacent_swap,0.5,12,500,0.0,0.003737,"medium audit-window path consistency, not full RLNC payload recovery"
toolbench,deepseek,G1_tool,5,adjacent_swap,0.0,4,500,1.0,1.0,"medium audit-window path consistency, not full RLNC payload recovery"
toolbench,deepseek,G1_tool,5,adjacent_swap,0.0,8,500,1.0,1.0,"medium audit-window path consistency, not full RLNC payload recovery"
toolbench,deepseek,G1_tool,5,adjacent_swap,0.0,12,500,1.0,1.0,"medium audit-window path consistency, not full RLNC payload recovery"
toolbench,deepseek,G1_tool,5,adjacent_swap,0.05,4,500,0.778,0.81317,"medium audit-window path consistency, not full RLNC payload recovery"
toolbench,deepseek,G1_tool,5,adjacent_swap,0.05,8,500,0.582,0.661246,"medium audit-window path consistency, not full RLNC payload recovery"
toolbench,deepseek,G1_tool,5,adjacent_swap,0.05,12,500,0.422,0.537706,"medium audit-window path consistency, not full RLNC payload recovery"
toolbench,deepseek,G1_tool,5,adjacent_swap,0.1,4,500,0.588,0.653892,"medium audit-window path consistency, not full RLNC payload recovery"
toolbench,deepseek,G1_tool,5,adjacent_swap,0.1,8,500,0.318,0.427574,"medium audit-window path consistency, not full RLNC payload recovery"
toolbench,deepseek,G1_tool,5,adjacent_swap,0.1,12,500,0.186,0.279587,"medium audit-window path consistency, not full RLNC payload recovery"
toolbench,deepseek,G1_tool,5,adjacent_swap,0.15,4,500,0.324,0.519299,"medium audit-window path consistency, not full RLNC payload recovery"
toolbench,deepseek,G1_tool,5,adjacent_swap,0.15,8,500,0.116,0.269671,"medium audit-window path consistency, not full RLNC payload recovery"
toolbench,deepseek,G1_tool,5,adjacent_swap,0.15,12,500,0.038,0.14004,"medium audit-window path consistency, not full RLNC payload recovery"
toolbench,deepseek,G1_tool,5,adjacent_swap,0.2,4,500,0.26,0.406686,"medium audit-window path consistency, not full RLNC payload recovery"
toolbench,deepseek,G1_tool,5,adjacent_swap,0.2,8,500,0.084,0.165393,"medium audit-window path consistency, not full RLNC payload recovery"
toolbench,deepseek,G1_tool,5,adjacent_swap,0.2,12,500,0.03,0.067263,"medium audit-window path consistency, not full RLNC payload recovery"
toolbench,deepseek,G1_tool,5,adjacent_swap,0.25,4,500,0.248,0.313507,"medium audit-window path consistency, not full RLNC payload recovery"
toolbench,deepseek,G1_tool,5,adjacent_swap,0.25,8,500,0.044,0.098287,"medium audit-window path consistency, not full RLNC payload recovery"
toolbench,deepseek,G1_tool,5,adjacent_swap,0.25,12,500,0.01,0.030814,"medium audit-window path consistency, not full RLNC payload recovery"
toolbench,deepseek,G1_tool,5,adjacent_swap,0.3,4,500,0.16,0.237375,"medium audit-window path consistency, not full RLNC payload recovery"
toolbench,deepseek,G1_tool,5,adjacent_swap,0.3,8,500,0.018,0.056347,"medium audit-window path consistency, not full RLNC payload recovery"
toolbench,deepseek,G1_tool,5,adjacent_swap,0.3,12,500,0.002,0.013375,"medium audit-window path consistency, not full RLNC payload recovery"
toolbench,deepseek,G1_tool,5,adjacent_swap,0.35,4,500,0.154,0.176062,"medium audit-window path consistency, not full RLNC payload recovery"
toolbench,deepseek,G1_tool,5,adjacent_swap,0.35,8,500,0.02,0.030998,"medium audit-window path consistency, not full RLNC payload recovery"
toolbench,deepseek,G1_tool,5,adjacent_swap,0.35,12,500,0.002,0.005458,"medium audit-window path consistency, not full RLNC payload recovery"
toolbench,deepseek,G1_tool,5,adjacent_swap,0.4,4,500,0.068,0.127499,"medium audit-window path consistency, not full RLNC payload recovery"
toolbench,deepseek,G1_tool,5,adjacent_swap,0.4,8,500,0.0,0.016256,"medium audit-window path consistency, not full RLNC payload recovery"
toolbench,deepseek,G1_tool,5,adjacent_swap,0.4,12,500,0.0,0.002073,"medium audit-window path consistency, not full RLNC payload recovery"
toolbench,deepseek,G1_tool,5,adjacent_swap,0.45,4,500,0.064,0.089772,"medium audit-window path consistency, not full RLNC payload recovery"
toolbench,deepseek,G1_tool,5,adjacent_swap,0.45,8,500,0.0,0.008059,"medium audit-window path consistency, not full RLNC payload recovery"
toolbench,deepseek,G1_tool,5,adjacent_swap,0.45,12,500,0.0,0.000723,"medium audit-window path consistency, not full RLNC payload recovery"
toolbench,deepseek,G1_tool,5,adjacent_swap,0.5,4,500,0.05,0.061129,"medium audit-window path consistency, not full RLNC payload recovery"
toolbench,deepseek,G1_tool,5,adjacent_swap,0.5,8,500,0.0,0.003737,"medium audit-window path consistency, not full RLNC payload recovery"
toolbench,deepseek,G1_tool,5,adjacent_swap,0.5,12,500,0.0,0.000228,"medium audit-window path consistency, not full RLNC payload recovery"
toolbench,deepseek,G1_tool,10,adjacent_swap,0.0,4,500,1.0,1.0,"medium audit-window path consistency, not full RLNC payload recovery"
toolbench,deepseek,G1_tool,10,adjacent_swap,0.0,8,500,1.0,1.0,"medium audit-window path consistency, not full RLNC payload recovery"
toolbench,deepseek,G1_tool,10,adjacent_swap,0.0,12,500,1.0,1.0,"medium audit-window path consistency, not full RLNC payload recovery"
toolbench,deepseek,G1_tool,10,adjacent_swap,0.05,4,500,0.716,0.759001,"medium audit-window path consistency, not full RLNC payload recovery"
toolbench,deepseek,G1_tool,10,adjacent_swap,0.05,8,500,0.53,0.576082,"medium audit-window path consistency, not full RLNC payload recovery"
toolbench,deepseek,G1_tool,10,adjacent_swap,0.05,12,500,0.392,0.437246,"medium audit-window path consistency, not full RLNC payload recovery"
toolbench,deepseek,G1_tool,10,adjacent_swap,0.1,4,500,0.57,0.567555,"medium audit-window path consistency, not full RLNC payload recovery"
toolbench,deepseek,G1_tool,10,adjacent_swap,0.1,8,500,0.312,0.322118,"medium audit-window path consistency, not full RLNC payload recovery"
toolbench,deepseek,G1_tool,10,adjacent_swap,0.1,12,500,0.204,0.18282,"medium audit-window path consistency, not full RLNC payload recovery"
toolbench,deepseek,G1_tool,10,adjacent_swap,0.15,4,500,0.42,0.417404,"medium audit-window path consistency, not full RLNC payload recovery"
toolbench,deepseek,G1_tool,10,adjacent_swap,0.15,8,500,0.166,0.174226,"medium audit-window path consistency, not full RLNC payload recovery"
toolbench,deepseek,G1_tool,10,adjacent_swap,0.15,12,500,0.08,0.072722,"medium audit-window path consistency, not full RLNC payload recovery"
toolbench,deepseek,G1_tool,10,adjacent_swap,0.2,4,500,0.314,0.301309,"medium audit-window path consistency, not full RLNC payload recovery"
toolbench,deepseek,G1_tool,10,adjacent_swap,0.2,8,500,0.112,0.090787,"medium audit-window path consistency, not full RLNC payload recovery"
toolbench,deepseek,G1_tool,10,adjacent_swap,0.2,12,500,0.038,0.027355,"medium audit-window path consistency, not full RLNC payload recovery"
toolbench,deepseek,G1_tool,10,adjacent_swap,0.25,4,500,0.238,0.212975,"medium audit-window path consistency, not full RLNC payload recovery"
toolbench,deepseek,G1_tool,10,adjacent_swap,0.25,8,500,0.062,0.045359,"medium audit-window path consistency, not full RLNC payload recovery"
toolbench,deepseek,G1_tool,10,adjacent_swap,0.25,12,500,0.016,0.00966,"medium audit-window path consistency, not full RLNC payload recovery"
toolbench,deepseek,G1_tool,10,adjacent_swap,0.3,4,500,0.16,0.146976,"medium audit-window path consistency, not full RLNC payload recovery"
toolbench,deepseek,G1_tool,10,adjacent_swap,0.3,8,500,0.024,0.021602,"medium audit-window path consistency, not full RLNC payload recovery"
toolbench,deepseek,G1_tool,10,adjacent_swap,0.3,12,500,0.006,0.003175,"medium audit-window path consistency, not full RLNC payload recovery"
toolbench,deepseek,G1_tool,10,adjacent_swap,0.35,4,500,0.1,0.098678,"medium audit-window path consistency, not full RLNC payload recovery"
toolbench,deepseek,G1_tool,10,adjacent_swap,0.35,8,500,0.008,0.009737,"medium audit-window path consistency, not full RLNC payload recovery"
toolbench,deepseek,G1_tool,10,adjacent_swap,0.35,12,500,0.002,0.000961,"medium audit-window path consistency, not full RLNC payload recovery"
toolbench,deepseek,G1_tool,10,adjacent_swap,0.4,4,500,0.078,0.064171,"medium audit-window path consistency, not full RLNC payload recovery"
toolbench,deepseek,G1_tool,10,adjacent_swap,0.4,8,500,0.006,0.004118,"medium audit-window path consistency, not full RLNC payload recovery"
toolbench,deepseek,G1_tool,10,adjacent_swap,0.4,12,500,0.002,0.000264,"medium audit-window path consistency, not full RLNC payload recovery"
toolbench,deepseek,G1_tool,10,adjacent_swap,0.45,4,500,0.068,0.040197,"medium audit-window path consistency, not full RLNC payload recovery"
toolbench,deepseek,G1_tool,10,adjacent_swap,0.45,8,500,0.004,0.001616,"medium audit-window path consistency, not full RLNC payload recovery"
toolbench,deepseek,G1_tool,10,adjacent_swap,0.45,12,500,0.0,6.5e-05,"medium audit-window path consistency, not full RLNC payload recovery"
toolbench,deepseek,G1_tool,10,adjacent_swap,0.5,4,500,0.04,0.02408,"medium audit-window path consistency, not full RLNC payload recovery"
toolbench,deepseek,G1_tool,10,adjacent_swap,0.5,8,500,0.002,0.00058,"medium audit-window path consistency, not full RLNC payload recovery"
toolbench,deepseek,G1_tool,10,adjacent_swap,0.5,12,500,0.0,1.4e-05,"medium audit-window path consistency, not full RLNC payload recovery"
toolbench,deepseek,G2_category,3,adjacent_swap,0.0,4,500,1.0,1.0,"medium audit-window path consistency, not full RLNC payload recovery"
toolbench,deepseek,G2_category,3,adjacent_swap,0.0,8,500,1.0,1.0,"medium audit-window path consistency, not full RLNC payload recovery"
toolbench,deepseek,G2_category,3,adjacent_swap,0.0,12,500,1.0,1.0,"medium audit-window path consistency, not full RLNC payload recovery"
toolbench,deepseek,G2_category,3,adjacent_swap,0.05,4,500,0.72,0.871206,"medium audit-window path consistency, not full RLNC payload recovery"
toolbench,deepseek,G2_category,3,adjacent_swap,0.05,8,500,0.49,0.759001,"medium audit-window path consistency, not full RLNC payload recovery"
toolbench,deepseek,G2_category,3,adjacent_swap,0.05,12,500,0.344,0.661246,"medium audit-window path consistency, not full RLNC payload recovery"
toolbench,deepseek,G2_category,3,adjacent_swap,0.1,4,500,0.488,0.753362,"medium audit-window path consistency, not full RLNC payload recovery"
toolbench,deepseek,G2_category,3,adjacent_swap,0.1,8,500,0.25,0.567555,"medium audit-window path consistency, not full RLNC payload recovery"
toolbench,deepseek,G2_category,3,adjacent_swap,0.1,12,500,0.138,0.427574,"medium audit-window path consistency, not full RLNC payload recovery"
toolbench,deepseek,G2_category,3,adjacent_swap,0.15,4,500,0.468,0.646068,"medium audit-window path consistency, not full RLNC payload recovery"
toolbench,deepseek,G2_category,3,adjacent_swap,0.15,8,500,0.218,0.417404,"medium audit-window path consistency, not full RLNC payload recovery"
toolbench,deepseek,G2_category,3,adjacent_swap,0.15,12,500,0.088,0.269671,"medium audit-window path consistency, not full RLNC payload recovery"
toolbench,deepseek,G2_category,3,adjacent_swap,0.2,4,500,0.354,0.548916,"medium audit-window path consistency, not full RLNC payload recovery"
toolbench,deepseek,G2_category,3,adjacent_swap,0.2,8,500,0.128,0.301309,"medium audit-window path consistency, not full RLNC payload recovery"
toolbench,deepseek,G2_category,3,adjacent_swap,0.2,12,500,0.06,0.165393,"medium audit-window path consistency, not full RLNC payload recovery"
toolbench,deepseek,G2_category,3,adjacent_swap,0.25,4,500,0.238,0.461493,"medium audit-window path consistency, not full RLNC payload recovery"
toolbench,deepseek,G2_category,3,adjacent_swap,0.25,8,500,0.09,0.212975,"medium audit-window path consistency, not full RLNC payload recovery"
toolbench,deepseek,G2_category,3,adjacent_swap,0.25,12,500,0.02,0.098287,"medium audit-window path consistency, not full RLNC payload recovery"
toolbench,deepseek,G2_category,3,adjacent_swap,0.3,4,500,0.174,0.383375,"medium audit-window path consistency, not full RLNC payload recovery"
toolbench,deepseek,G2_category,3,adjacent_swap,0.3,8,500,0.028,0.146976,"medium audit-window path consistency, not full RLNC payload recovery"
toolbench,deepseek,G2_category,3,adjacent_swap,0.3,12,500,0.004,0.056347,"medium audit-window path consistency, not full RLNC payload recovery"
toolbench,deepseek,G2_category,3,adjacent_swap,0.35,4,500,0.14,0.314131,"medium audit-window path consistency, not full RLNC payload recovery"
toolbench,deepseek,G2_category,3,adjacent_swap,0.35,8,500,0.014,0.098678,"medium audit-window path consistency, not full RLNC payload recovery"
toolbench,deepseek,G2_category,3,adjacent_swap,0.35,12,500,0.004,0.030998,"medium audit-window path consistency, not full RLNC payload recovery"
toolbench,deepseek,G2_category,3,adjacent_swap,0.4,4,500,0.078,0.253321,"medium audit-window path consistency, not full RLNC payload recovery"
toolbench,deepseek,G2_category,3,adjacent_swap,0.4,8,500,0.006,0.064171,"medium audit-window path consistency, not full RLNC payload recovery"
toolbench,deepseek,G2_category,3,adjacent_swap,0.4,12,500,0.0,0.016256,"medium audit-window path consistency, not full RLNC payload recovery"
toolbench,deepseek,G2_category,3,adjacent_swap,0.45,4,500,0.062,0.200491,"medium audit-window path consistency, not full RLNC payload recovery"
toolbench,deepseek,G2_category,3,adjacent_swap,0.45,8,500,0.002,0.040197,"medium audit-window path consistency, not full RLNC payload recovery"
toolbench,deepseek,G2_category,3,adjacent_swap,0.45,12,500,0.0,0.008059,"medium audit-window path consistency, not full RLNC payload recovery"
toolbench,deepseek,G2_category,3,adjacent_swap,0.5,4,500,0.048,0.155178,"medium audit-window path consistency, not full RLNC payload recovery"
toolbench,deepseek,G2_category,3,adjacent_swap,0.5,8,500,0.0,0.02408,"medium audit-window path consistency, not full RLNC payload recovery"
toolbench,deepseek,G2_category,3,adjacent_swap,0.5,12,500,0.0,0.003737,"medium audit-window path consistency, not full RLNC payload recovery"
toolbench,deepseek,G2_category,5,adjacent_swap,0.0,4,500,1.0,1.0,"medium audit-window path consistency, not full RLNC payload recovery"
toolbench,deepseek,G2_category,5,adjacent_swap,0.0,8,500,1.0,1.0,"medium audit-window path consistency, not full RLNC payload recovery"
toolbench,deepseek,G2_category,5,adjacent_swap,0.0,12,500,1.0,1.0,"medium audit-window path consistency, not full RLNC payload recovery"
toolbench,deepseek,G2_category,5,adjacent_swap,0.05,4,500,0.764,0.81317,"medium audit-window path consistency, not full RLNC payload recovery"
toolbench,deepseek,G2_category,5,adjacent_swap,0.05,8,500,0.642,0.661246,"medium audit-window path consistency, not full RLNC payload recovery"
toolbench,deepseek,G2_category,5,adjacent_swap,0.05,12,500,0.478,0.537706,"medium audit-window path consistency, not full RLNC payload recovery"
toolbench,deepseek,G2_category,5,adjacent_swap,0.1,4,500,0.514,0.653892,"medium audit-window path consistency, not full RLNC payload recovery"
toolbench,deepseek,G2_category,5,adjacent_swap,0.1,8,500,0.224,0.427574,"medium audit-window path consistency, not full RLNC payload recovery"
toolbench,deepseek,G2_category,5,adjacent_swap,0.1,12,500,0.098,0.279587,"medium audit-window path consistency, not full RLNC payload recovery"
toolbench,deepseek,G2_category,5,adjacent_swap,0.15,4,500,0.384,0.519299,"medium audit-window path consistency, not full RLNC payload recovery"
toolbench,deepseek,G2_category,5,adjacent_swap,0.15,8,500,0.154,0.269671,"medium audit-window path consistency, not full RLNC payload recovery"
toolbench,deepseek,G2_category,5,adjacent_swap,0.15,12,500,0.056,0.14004,"medium audit-window path consistency, not full RLNC payload recovery"
toolbench,deepseek,G2_category,5,adjacent_swap,0.2,4,500,0.238,0.406686,"medium audit-window path consistency, not full RLNC payload recovery"
toolbench,deepseek,G2_category,5,adjacent_swap,0.2,8,500,0.072,0.165393,"medium audit-window path consistency, not full RLNC payload recovery"
toolbench,deepseek,G2_category,5,adjacent_swap,0.2,12,500,0.014,0.067263,"medium audit-window path consistency, not full RLNC payload recovery"
toolbench,deepseek,G2_category,5,adjacent_swap,0.25,4,500,0.202,0.313507,"medium audit-window path consistency, not full RLNC payload recovery"
toolbench,deepseek,G2_category,5,adjacent_swap,0.25,8,500,0.046,0.098287,"medium audit-window path consistency, not full RLNC payload recovery"
toolbench,deepseek,G2_category,5,adjacent_swap,0.25,12,500,0.014,0.030814,"medium audit-window path consistency, not full RLNC payload recovery"
toolbench,deepseek,G2_category,5,adjacent_swap,0.3,4,500,0.14,0.237375,"medium audit-window path consistency, not full RLNC payload recovery"
toolbench,deepseek,G2_category,5,adjacent_swap,0.3,8,500,0.016,0.056347,"medium audit-window path consistency, not full RLNC payload recovery"
toolbench,deepseek,G2_category,5,adjacent_swap,0.3,12,500,0.0,0.013375,"medium audit-window path consistency, not full RLNC payload recovery"
toolbench,deepseek,G2_category,5,adjacent_swap,0.35,4,500,0.144,0.176062,"medium audit-window path consistency, not full RLNC payload recovery"
toolbench,deepseek,G2_category,5,adjacent_swap,0.35,8,500,0.02,0.030998,"medium audit-window path consistency, not full RLNC payload recovery"
toolbench,deepseek,G2_category,5,adjacent_swap,0.35,12,500,0.0,0.005458,"medium audit-window path consistency, not full RLNC payload recovery"
toolbench,deepseek,G2_category,5,adjacent_swap,0.4,4,500,0.056,0.127499,"medium audit-window path consistency, not full RLNC payload recovery"
toolbench,deepseek,G2_category,5,adjacent_swap,0.4,8,500,0.008,0.016256,"medium audit-window path consistency, not full RLNC payload recovery"
toolbench,deepseek,G2_category,5,adjacent_swap,0.4,12,500,0.004,0.002073,"medium audit-window path consistency, not full RLNC payload recovery"
toolbench,deepseek,G2_category,5,adjacent_swap,0.45,4,500,0.068,0.089772,"medium audit-window path consistency, not full RLNC payload recovery"
toolbench,deepseek,G2_category,5,adjacent_swap,0.45,8,500,0.008,0.008059,"medium audit-window path consistency, not full RLNC payload recovery"
toolbench,deepseek,G2_category,5,adjacent_swap,0.45,12,500,0.0,0.000723,"medium audit-window path consistency, not full RLNC payload recovery"
toolbench,deepseek,G2_category,5,adjacent_swap,0.5,4,500,0.028,0.061129,"medium audit-window path consistency, not full RLNC payload recovery"
toolbench,deepseek,G2_category,5,adjacent_swap,0.5,8,500,0.002,0.003737,"medium audit-window path consistency, not full RLNC payload recovery"
toolbench,deepseek,G2_category,5,adjacent_swap,0.5,12,500,0.0,0.000228,"medium audit-window path consistency, not full RLNC payload recovery"
toolbench,deepseek,G2_category,10,adjacent_swap,0.0,4,500,1.0,1.0,"medium audit-window path consistency, not full RLNC payload recovery"
toolbench,deepseek,G2_category,10,adjacent_swap,0.0,8,500,1.0,1.0,"medium audit-window path consistency, not full RLNC payload recovery"
toolbench,deepseek,G2_category,10,adjacent_swap,0.0,12,500,1.0,1.0,"medium audit-window path consistency, not full RLNC payload recovery"
toolbench,deepseek,G2_category,10,adjacent_swap,0.05,4,500,0.704,0.759001,"medium audit-window path consistency, not full RLNC payload recovery"
toolbench,deepseek,G2_category,10,adjacent_swap,0.05,8,500,0.54,0.576082,"medium audit-window path consistency, not full RLNC payload recovery"
toolbench,deepseek,G2_category,10,adjacent_swap,0.05,12,500,0.352,0.437246,"medium audit-window path consistency, not full RLNC payload recovery"
toolbench,deepseek,G2_category,10,adjacent_swap,0.1,4,500,0.438,0.567555,"medium audit-window path consistency, not full RLNC payload recovery"
toolbench,deepseek,G2_category,10,adjacent_swap,0.1,8,500,0.272,0.322118,"medium audit-window path consistency, not full RLNC payload recovery"
toolbench,deepseek,G2_category,10,adjacent_swap,0.1,12,500,0.108,0.18282,"medium audit-window path consistency, not full RLNC payload recovery"
toolbench,deepseek,G2_category,10,adjacent_swap,0.15,4,500,0.42,0.417404,"medium audit-window path consistency, not full RLNC payload recovery"
toolbench,deepseek,G2_category,10,adjacent_swap,0.15,8,500,0.14,0.174226,"medium audit-window path consistency, not full RLNC payload recovery"
toolbench,deepseek,G2_category,10,adjacent_swap,0.15,12,500,0.08,0.072722,"medium audit-window path consistency, not full RLNC payload recovery"
toolbench,deepseek,G2_category,10,adjacent_swap,0.2,4,500,0.324,0.301309,"medium audit-window path consistency, not full RLNC payload recovery"
toolbench,deepseek,G2_category,10,adjacent_swap,0.2,8,500,0.1,0.090787,"medium audit-window path consistency, not full RLNC payload recovery"
toolbench,deepseek,G2_category,10,adjacent_swap,0.2,12,500,0.012,0.027355,"medium audit-window path consistency, not full RLNC payload recovery"
toolbench,deepseek,G2_category,10,adjacent_swap,0.25,4,500,0.212,0.212975,"medium audit-window path consistency, not full RLNC payload recovery"
toolbench,deepseek,G2_category,10,adjacent_swap,0.25,8,500,0.06,0.045359,"medium audit-window path consistency, not full RLNC payload recovery"
toolbench,deepseek,G2_category,10,adjacent_swap,0.25,12,500,0.012,0.00966,"medium audit-window path consistency, not full RLNC payload recovery"
toolbench,deepseek,G2_category,10,adjacent_swap,0.3,4,500,0.148,0.146976,"medium audit-window path consistency, not full RLNC payload recovery"
toolbench,deepseek,G2_category,10,adjacent_swap,0.3,8,500,0.036,0.021602,"medium audit-window path consistency, not full RLNC payload recovery"
toolbench,deepseek,G2_category,10,adjacent_swap,0.3,12,500,0.01,0.003175,"medium audit-window path consistency, not full RLNC payload recovery"
toolbench,deepseek,G2_category,10,adjacent_swap,0.35,4,500,0.098,0.098678,"medium audit-window path consistency, not full RLNC payload recovery"
toolbench,deepseek,G2_category,10,adjacent_swap,0.35,8,500,0.006,0.009737,"medium audit-window path consistency, not full RLNC payload recovery"
toolbench,deepseek,G2_category,10,adjacent_swap,0.35,12,500,0.0,0.000961,"medium audit-window path consistency, not full RLNC payload recovery"
toolbench,deepseek,G2_category,10,adjacent_swap,0.4,4,500,0.102,0.064171,"medium audit-window path consistency, not full RLNC payload recovery"
toolbench,deepseek,G2_category,10,adjacent_swap,0.4,8,500,0.012,0.004118,"medium audit-window path consistency, not full RLNC payload recovery"
toolbench,deepseek,G2_category,10,adjacent_swap,0.4,12,500,0.002,0.000264,"medium audit-window path consistency, not full RLNC payload recovery"
toolbench,deepseek,G2_category,10,adjacent_swap,0.45,4,500,0.036,0.040197,"medium audit-window path consistency, not full RLNC payload recovery"
toolbench,deepseek,G2_category,10,adjacent_swap,0.45,8,500,0.002,0.001616,"medium audit-window path consistency, not full RLNC payload recovery"
toolbench,deepseek,G2_category,10,adjacent_swap,0.45,12,500,0.0,6.5e-05,"medium audit-window path consistency, not full RLNC payload recovery"
toolbench,deepseek,G2_category,10,adjacent_swap,0.5,4,500,0.038,0.02408,"medium audit-window path consistency, not full RLNC payload recovery"
toolbench,deepseek,G2_category,10,adjacent_swap,0.5,8,500,0.002,0.00058,"medium audit-window path consistency, not full RLNC payload recovery"
toolbench,deepseek,G2_category,10,adjacent_swap,0.5,12,500,0.0,1.4e-05,"medium audit-window path consistency, not full RLNC payload recovery"
toolbench,deepseek,G2_instruction,3,adjacent_swap,0.0,4,500,1.0,1.0,"medium audit-window path consistency, not full RLNC payload recovery"
toolbench,deepseek,G2_instruction,3,adjacent_swap,0.0,8,500,1.0,1.0,"medium audit-window path consistency, not full RLNC payload recovery"
toolbench,deepseek,G2_instruction,3,adjacent_swap,0.0,12,500,1.0,1.0,"medium audit-window path consistency, not full RLNC payload recovery"
toolbench,deepseek,G2_instruction,3,adjacent_swap,0.05,4,500,0.766,0.871206,"medium audit-window path consistency, not full RLNC payload recovery"
toolbench,deepseek,G2_instruction,3,adjacent_swap,0.05,8,500,0.542,0.759001,"medium audit-window path consistency, not full RLNC payload recovery"
toolbench,deepseek,G2_instruction,3,adjacent_swap,0.05,12,500,0.414,0.661246,"medium audit-window path consistency, not full RLNC payload recovery"
toolbench,deepseek,G2_instruction,3,adjacent_swap,0.1,4,500,0.726,0.753362,"medium audit-window path consistency, not full RLNC payload recovery"
toolbench,deepseek,G2_instruction,3,adjacent_swap,0.1,8,500,0.5,0.567555,"medium audit-window path consistency, not full RLNC payload recovery"
toolbench,deepseek,G2_instruction,3,adjacent_swap,0.1,12,500,0.354,0.427574,"medium audit-window path consistency, not full RLNC payload recovery"
toolbench,deepseek,G2_instruction,3,adjacent_swap,0.15,4,500,0.528,0.646068,"medium audit-window path consistency, not full RLNC payload recovery"
toolbench,deepseek,G2_instruction,3,adjacent_swap,0.15,8,500,0.294,0.417404,"medium audit-window path consistency, not full RLNC payload recovery"
toolbench,deepseek,G2_instruction,3,adjacent_swap,0.15,12,500,0.176,0.269671,"medium audit-window path consistency, not full RLNC payload recovery"
toolbench,deepseek,G2_instruction,3,adjacent_swap,0.2,4,500,0.372,0.548916,"medium audit-window path consistency, not full RLNC payload recovery"
toolbench,deepseek,G2_instruction,3,adjacent_swap,0.2,8,500,0.122,0.301309,"medium audit-window path consistency, not full RLNC payload recovery"
toolbench,deepseek,G2_instruction,3,adjacent_swap,0.2,12,500,0.05,0.165393,"medium audit-window path consistency, not full RLNC payload recovery"
toolbench,deepseek,G2_instruction,3,adjacent_swap,0.25,4,500,0.35,0.461493,"medium audit-window path consistency, not full RLNC payload recovery"
toolbench,deepseek,G2_instruction,3,adjacent_swap,0.25,8,500,0.152,0.212975,"medium audit-window path consistency, not full RLNC payload recovery"
toolbench,deepseek,G2_instruction,3,adjacent_swap,0.25,12,500,0.038,0.098287,"medium audit-window path consistency, not full RLNC payload recovery"
toolbench,deepseek,G2_instruction,3,adjacent_swap,0.3,4,500,0.252,0.383375,"medium audit-window path consistency, not full RLNC payload recovery"
toolbench,deepseek,G2_instruction,3,adjacent_swap,0.3,8,500,0.088,0.146976,"medium audit-window path consistency, not full RLNC payload recovery"
toolbench,deepseek,G2_instruction,3,adjacent_swap,0.3,12,500,0.02,0.056347,"medium audit-window path consistency, not full RLNC payload recovery"
toolbench,deepseek,G2_instruction,3,adjacent_swap,0.35,4,500,0.234,0.314131,"medium audit-window path consistency, not full RLNC payload recovery"
toolbench,deepseek,G2_instruction,3,adjacent_swap,0.35,8,500,0.048,0.098678,"medium audit-window path consistency, not full RLNC payload recovery"
toolbench,deepseek,G2_instruction,3,adjacent_swap,0.35,12,500,0.006,0.030998,"medium audit-window path consistency, not full RLNC payload recovery"
toolbench,deepseek,G2_instruction,3,adjacent_swap,0.4,4,500,0.12,0.253321,"medium audit-window path consistency, not full RLNC payload recovery"
toolbench,deepseek,G2_instruction,3,adjacent_swap,0.4,8,500,0.016,0.064171,"medium audit-window path consistency, not full RLNC payload recovery"
toolbench,deepseek,G2_instruction,3,adjacent_swap,0.4,12,500,0.002,0.016256,"medium audit-window path consistency, not full RLNC payload recovery"
toolbench,deepseek,G2_instruction,3,adjacent_swap,0.45,4,500,0.168,0.200491,"medium audit-window path consistency, not full RLNC payload recovery"
toolbench,deepseek,G2_instruction,3,adjacent_swap,0.45,8,500,0.026,0.040197,"medium audit-window path consistency, not full RLNC payload recovery"
toolbench,deepseek,G2_instruction,3,adjacent_swap,0.45,12,500,0.006,0.008059,"medium audit-window path consistency, not full RLNC payload recovery"
toolbench,deepseek,G2_instruction,3,adjacent_swap,0.5,4,500,0.138,0.155178,"medium audit-window path consistency, not full RLNC payload recovery"
toolbench,deepseek,G2_instruction,3,adjacent_swap,0.5,8,500,0.022,0.02408,"medium audit-window path consistency, not full RLNC payload recovery"
toolbench,deepseek,G2_instruction,3,adjacent_swap,0.5,12,500,0.006,0.003737,"medium audit-window path consistency, not full RLNC payload recovery"
toolbench,deepseek,G2_instruction,5,adjacent_swap,0.0,4,500,1.0,1.0,"medium audit-window path consistency, not full RLNC payload recovery"
toolbench,deepseek,G2_instruction,5,adjacent_swap,0.0,8,500,1.0,1.0,"medium audit-window path consistency, not full RLNC payload recovery"
toolbench,deepseek,G2_instruction,5,adjacent_swap,0.0,12,500,1.0,1.0,"medium audit-window path consistency, not full RLNC payload recovery"
toolbench,deepseek,G2_instruction,5,adjacent_swap,0.05,4,500,0.664,0.81317,"medium audit-window path consistency, not full RLNC payload recovery"
toolbench,deepseek,G2_instruction,5,adjacent_swap,0.05,8,500,0.396,0.661246,"medium audit-window path consistency, not full RLNC payload recovery"
toolbench,deepseek,G2_instruction,5,adjacent_swap,0.05,12,500,0.274,0.537706,"medium audit-window path consistency, not full RLNC payload recovery"
toolbench,deepseek,G2_instruction,5,adjacent_swap,0.1,4,500,0.554,0.653892,"medium audit-window path consistency, not full RLNC payload recovery"
toolbench,deepseek,G2_instruction,5,adjacent_swap,0.1,8,500,0.324,0.427574,"medium audit-window path consistency, not full RLNC payload recovery"
toolbench,deepseek,G2_instruction,5,adjacent_swap,0.1,12,500,0.178,0.279587,"medium audit-window path consistency, not full RLNC payload recovery"
toolbench,deepseek,G2_instruction,5,adjacent_swap,0.15,4,500,0.466,0.519299,"medium audit-window path consistency, not full RLNC payload recovery"
toolbench,deepseek,G2_instruction,5,adjacent_swap,0.15,8,500,0.224,0.269671,"medium audit-window path consistency, not full RLNC payload recovery"
toolbench,deepseek,G2_instruction,5,adjacent_swap,0.15,12,500,0.098,0.14004,"medium audit-window path consistency, not full RLNC payload recovery"
toolbench,deepseek,G2_instruction,5,adjacent_swap,0.2,4,500,0.308,0.406686,"medium audit-window path consistency, not full RLNC payload recovery"
toolbench,deepseek,G2_instruction,5,adjacent_swap,0.2,8,500,0.064,0.165393,"medium audit-window path consistency, not full RLNC payload recovery"
toolbench,deepseek,G2_instruction,5,adjacent_swap,0.2,12,500,0.024,0.067263,"medium audit-window path consistency, not full RLNC payload recovery"
toolbench,deepseek,G2_instruction,5,adjacent_swap,0.25,4,500,0.202,0.313507,"medium audit-window path consistency, not full RLNC payload recovery"
toolbench,deepseek,G2_instruction,5,adjacent_swap,0.25,8,500,0.032,0.098287,"medium audit-window path consistency, not full RLNC payload recovery"
toolbench,deepseek,G2_instruction,5,adjacent_swap,0.25,12,500,0.014,0.030814,"medium audit-window path consistency, not full RLNC payload recovery"
toolbench,deepseek,G2_instruction,5,adjacent_swap,0.3,4,500,0.2,0.237375,"medium audit-window path consistency, not full RLNC payload recovery"
toolbench,deepseek,G2_instruction,5,adjacent_swap,0.3,8,500,0.036,0.056347,"medium audit-window path consistency, not full RLNC payload recovery"
toolbench,deepseek,G2_instruction,5,adjacent_swap,0.3,12,500,0.002,0.013375,"medium audit-window path consistency, not full RLNC payload recovery"
toolbench,deepseek,G2_instruction,5,adjacent_swap,0.35,4,500,0.108,0.176062,"medium audit-window path consistency, not full RLNC payload recovery"
toolbench,deepseek,G2_instruction,5,adjacent_swap,0.35,8,500,0.014,0.030998,"medium audit-window path consistency, not full RLNC payload recovery"
toolbench,deepseek,G2_instruction,5,adjacent_swap,0.35,12,500,0.0,0.005458,"medium audit-window path consistency, not full RLNC payload recovery"
toolbench,deepseek,G2_instruction,5,adjacent_swap,0.4,4,500,0.122,0.127499,"medium audit-window path consistency, not full RLNC payload recovery"
toolbench,deepseek,G2_instruction,5,adjacent_swap,0.4,8,500,0.026,0.016256,"medium audit-window path consistency, not full RLNC payload recovery"
toolbench,deepseek,G2_instruction,5,adjacent_swap,0.4,12,500,0.004,0.002073,"medium audit-window path consistency, not full RLNC payload recovery"
toolbench,deepseek,G2_instruction,5,adjacent_swap,0.45,4,500,0.06,0.089772,"medium audit-window path consistency, not full RLNC payload recovery"
toolbench,deepseek,G2_instruction,5,adjacent_swap,0.45,8,500,0.006,0.008059,"medium audit-window path consistency, not full RLNC payload recovery"
toolbench,deepseek,G2_instruction,5,adjacent_swap,0.45,12,500,0.002,0.000723,"medium audit-window path consistency, not full RLNC payload recovery"
toolbench,deepseek,G2_instruction,5,adjacent_swap,0.5,4,500,0.042,0.061129,"medium audit-window path consistency, not full RLNC payload recovery"
toolbench,deepseek,G2_instruction,5,adjacent_swap,0.5,8,500,0.004,0.003737,"medium audit-window path consistency, not full RLNC payload recovery"
toolbench,deepseek,G2_instruction,5,adjacent_swap,0.5,12,500,0.0,0.000228,"medium audit-window path consistency, not full RLNC payload recovery"
toolbench,deepseek,G2_instruction,10,adjacent_swap,0.0,4,500,1.0,1.0,"medium audit-window path consistency, not full RLNC payload recovery"
toolbench,deepseek,G2_instruction,10,adjacent_swap,0.0,8,500,1.0,1.0,"medium audit-window path consistency, not full RLNC payload recovery"
toolbench,deepseek,G2_instruction,10,adjacent_swap,0.0,12,500,1.0,1.0,"medium audit-window path consistency, not full RLNC payload recovery"
toolbench,deepseek,G2_instruction,10,adjacent_swap,0.05,4,500,0.746,0.759001,"medium audit-window path consistency, not full RLNC payload recovery"
toolbench,deepseek,G2_instruction,10,adjacent_swap,0.05,8,500,0.56,0.576082,"medium audit-window path consistency, not full RLNC payload recovery"
toolbench,deepseek,G2_instruction,10,adjacent_swap,0.05,12,500,0.418,0.437246,"medium audit-window path consistency, not full RLNC payload recovery"
toolbench,deepseek,G2_instruction,10,adjacent_swap,0.1,4,500,0.588,0.567555,"medium audit-window path consistency, not full RLNC payload recovery"
toolbench,deepseek,G2_instruction,10,adjacent_swap,0.1,8,500,0.346,0.322118,"medium audit-window path consistency, not full RLNC payload recovery"
toolbench,deepseek,G2_instruction,10,adjacent_swap,0.1,12,500,0.2,0.18282,"medium audit-window path consistency, not full RLNC payload recovery"
toolbench,deepseek,G2_instruction,10,adjacent_swap,0.15,4,500,0.412,0.417404,"medium audit-window path consistency, not full RLNC payload recovery"
toolbench,deepseek,G2_instruction,10,adjacent_swap,0.15,8,500,0.182,0.174226,"medium audit-window path consistency, not full RLNC payload recovery"
toolbench,deepseek,G2_instruction,10,adjacent_swap,0.15,12,500,0.052,0.072722,"medium audit-window path consistency, not full RLNC payload recovery"
toolbench,deepseek,G2_instruction,10,adjacent_swap,0.2,4,500,0.288,0.301309,"medium audit-window path consistency, not full RLNC payload recovery"
toolbench,deepseek,G2_instruction,10,adjacent_swap,0.2,8,500,0.12,0.090787,"medium audit-window path consistency, not full RLNC payload recovery"
toolbench,deepseek,G2_instruction,10,adjacent_swap,0.2,12,500,0.032,0.027355,"medium audit-window path consistency, not full RLNC payload recovery"
toolbench,deepseek,G2_instruction,10,adjacent_swap,0.25,4,500,0.218,0.212975,"medium audit-window path consistency, not full RLNC payload recovery"
toolbench,deepseek,G2_instruction,10,adjacent_swap,0.25,8,500,0.06,0.045359,"medium audit-window path consistency, not full RLNC payload recovery"
toolbench,deepseek,G2_instruction,10,adjacent_swap,0.25,12,500,0.004,0.00966,"medium audit-window path consistency, not full RLNC payload recovery"
toolbench,deepseek,G2_instruction,10,adjacent_swap,0.3,4,500,0.142,0.146976,"medium audit-window path consistency, not full RLNC payload recovery"
toolbench,deepseek,G2_instruction,10,adjacent_swap,0.3,8,500,0.014,0.021602,"medium audit-window path consistency, not full RLNC payload recovery"
toolbench,deepseek,G2_instruction,10,adjacent_swap,0.3,12,500,0.004,0.003175,"medium audit-window path consistency, not full RLNC payload recovery"
toolbench,deepseek,G2_instruction,10,adjacent_swap,0.35,4,500,0.14,0.098678,"medium audit-window path consistency, not full RLNC payload recovery"
toolbench,deepseek,G2_instruction,10,adjacent_swap,0.35,8,500,0.02,0.009737,"medium audit-window path consistency, not full RLNC payload recovery"
toolbench,deepseek,G2_instruction,10,adjacent_swap,0.35,12,500,0.002,0.000961,"medium audit-window path consistency, not full RLNC payload recovery"
toolbench,deepseek,G2_instruction,10,adjacent_swap,0.4,4,500,0.094,0.064171,"medium audit-window path consistency, not full RLNC payload recovery"
toolbench,deepseek,G2_instruction,10,adjacent_swap,0.4,8,500,0.004,0.004118,"medium audit-window path consistency, not full RLNC payload recovery"
toolbench,deepseek,G2_instruction,10,adjacent_swap,0.4,12,500,0.0,0.000264,"medium audit-window path consistency, not full RLNC payload recovery"
toolbench,deepseek,G2_instruction,10,adjacent_swap,0.45,4,500,0.076,0.040197,"medium audit-window path consistency, not full RLNC payload recovery"
toolbench,deepseek,G2_instruction,10,adjacent_swap,0.45,8,500,0.002,0.001616,"medium audit-window path consistency, not full RLNC payload recovery"
toolbench,deepseek,G2_instruction,10,adjacent_swap,0.45,12,500,0.0,6.5e-05,"medium audit-window path consistency, not full RLNC payload recovery"
toolbench,deepseek,G2_instruction,10,adjacent_swap,0.5,4,500,0.06,0.02408,"medium audit-window path consistency, not full RLNC payload recovery"
toolbench,deepseek,G2_instruction,10,adjacent_swap,0.5,8,500,0.006,0.00058,"medium audit-window path consistency, not full RLNC payload recovery"
toolbench,deepseek,G2_instruction,10,adjacent_swap,0.5,12,500,0.0,1.4e-05,"medium audit-window path consistency, not full RLNC payload recovery"
toolbench,deepseek,G3_instruction,3,adjacent_swap,0.0,4,500,1.0,1.0,"medium audit-window path consistency, not full RLNC payload recovery"
toolbench,deepseek,G3_instruction,3,adjacent_swap,0.0,8,500,1.0,1.0,"medium audit-window path consistency, not full RLNC payload recovery"
toolbench,deepseek,G3_instruction,3,adjacent_swap,0.0,12,500,1.0,1.0,"medium audit-window path consistency, not full RLNC payload recovery"
toolbench,deepseek,G3_instruction,3,adjacent_swap,0.05,4,500,0.878,0.871206,"medium audit-window path consistency, not full RLNC payload recovery"
toolbench,deepseek,G3_instruction,3,adjacent_swap,0.05,8,500,0.786,0.759001,"medium audit-window path consistency, not full RLNC payload recovery"
toolbench,deepseek,G3_instruction,3,adjacent_swap,0.05,12,500,0.674,0.661246,"medium audit-window path consistency, not full RLNC payload recovery"
toolbench,deepseek,G3_instruction,3,adjacent_swap,0.1,4,500,0.756,0.753362,"medium audit-window path consistency, not full RLNC payload recovery"
toolbench,deepseek,G3_instruction,3,adjacent_swap,0.1,8,500,0.464,0.567555,"medium audit-window path consistency, not full RLNC payload recovery"
toolbench,deepseek,G3_instruction,3,adjacent_swap,0.1,12,500,0.338,0.427574,"medium audit-window path consistency, not full RLNC payload recovery"
toolbench,deepseek,G3_instruction,3,adjacent_swap,0.15,4,500,0.622,0.646068,"medium audit-window path consistency, not full RLNC payload recovery"
toolbench,deepseek,G3_instruction,3,adjacent_swap,0.15,8,500,0.39,0.417404,"medium audit-window path consistency, not full RLNC payload recovery"
toolbench,deepseek,G3_instruction,3,adjacent_swap,0.15,12,500,0.262,0.269671,"medium audit-window path consistency, not full RLNC payload recovery"
toolbench,deepseek,G3_instruction,3,adjacent_swap,0.2,4,500,0.548,0.548916,"medium audit-window path consistency, not full RLNC payload recovery"
toolbench,deepseek,G3_instruction,3,adjacent_swap,0.2,8,500,0.356,0.301309,"medium audit-window path consistency, not full RLNC payload recovery"
toolbench,deepseek,G3_instruction,3,adjacent_swap,0.2,12,500,0.222,0.165393,"medium audit-window path consistency, not full RLNC payload recovery"
toolbench,deepseek,G3_instruction,3,adjacent_swap,0.25,4,500,0.522,0.461493,"medium audit-window path consistency, not full RLNC payload recovery"
toolbench,deepseek,G3_instruction,3,adjacent_swap,0.25,8,500,0.238,0.212975,"medium audit-window path consistency, not full RLNC payload recovery"
toolbench,deepseek,G3_instruction,3,adjacent_swap,0.25,12,500,0.122,0.098287,"medium audit-window path consistency, not full RLNC payload recovery"
toolbench,deepseek,G3_instruction,3,adjacent_swap,0.3,4,500,0.42,0.383375,"medium audit-window path consistency, not full RLNC payload recovery"
toolbench,deepseek,G3_instruction,3,adjacent_swap,0.3,8,500,0.17,0.146976,"medium audit-window path consistency, not full RLNC payload recovery"
toolbench,deepseek,G3_instruction,3,adjacent_swap,0.3,12,500,0.082,0.056347,"medium audit-window path consistency, not full RLNC payload recovery"
toolbench,deepseek,G3_instruction,3,adjacent_swap,0.35,4,500,0.38,0.314131,"medium audit-window path consistency, not full RLNC payload recovery"
toolbench,deepseek,G3_instruction,3,adjacent_swap,0.35,8,500,0.146,0.098678,"medium audit-window path consistency, not full RLNC payload recovery"
toolbench,deepseek,G3_instruction,3,adjacent_swap,0.35,12,500,0.036,0.030998,"medium audit-window path consistency, not full RLNC payload recovery"
toolbench,deepseek,G3_instruction,3,adjacent_swap,0.4,4,500,0.374,0.253321,"medium audit-window path consistency, not full RLNC payload recovery"
toolbench,deepseek,G3_instruction,3,adjacent_swap,0.4,8,500,0.124,0.064171,"medium audit-window path consistency, not full RLNC payload recovery"
toolbench,deepseek,G3_instruction,3,adjacent_swap,0.4,12,500,0.056,0.016256,"medium audit-window path consistency, not full RLNC payload recovery"
toolbench,deepseek,G3_instruction,3,adjacent_swap,0.45,4,500,0.274,0.200491,"medium audit-window path consistency, not full RLNC payload recovery"
toolbench,deepseek,G3_instruction,3,adjacent_swap,0.45,8,500,0.098,0.040197,"medium audit-window path consistency, not full RLNC payload recovery"
toolbench,deepseek,G3_instruction,3,adjacent_swap,0.45,12,500,0.026,0.008059,"medium audit-window path consistency, not full RLNC payload recovery"
toolbench,deepseek,G3_instruction,3,adjacent_swap,0.5,4,500,0.288,0.155178,"medium audit-window path consistency, not full RLNC payload recovery"
toolbench,deepseek,G3_instruction,3,adjacent_swap,0.5,8,500,0.076,0.02408,"medium audit-window path consistency, not full RLNC payload recovery"
toolbench,deepseek,G3_instruction,3,adjacent_swap,0.5,12,500,0.018,0.003737,"medium audit-window path consistency, not full RLNC payload recovery"
toolbench,deepseek,G3_instruction,5,adjacent_swap,0.0,4,500,1.0,1.0,"medium audit-window path consistency, not full RLNC payload recovery"
toolbench,deepseek,G3_instruction,5,adjacent_swap,0.0,8,500,1.0,1.0,"medium audit-window path consistency, not full RLNC payload recovery"
toolbench,deepseek,G3_instruction,5,adjacent_swap,0.0,12,500,1.0,1.0,"medium audit-window path consistency, not full RLNC payload recovery"
toolbench,deepseek,G3_instruction,5,adjacent_swap,0.05,4,500,0.8,0.81317,"medium audit-window path consistency, not full RLNC payload recovery"
toolbench,deepseek,G3_instruction,5,adjacent_swap,0.05,8,500,0.638,0.661246,"medium audit-window path consistency, not full RLNC payload recovery"
toolbench,deepseek,G3_instruction,5,adjacent_swap,0.05,12,500,0.458,0.537706,"medium audit-window path consistency, not full RLNC payload recovery"
toolbench,deepseek,G3_instruction,5,adjacent_swap,0.1,4,500,0.558,0.653892,"medium audit-window path consistency, not full RLNC payload recovery"
toolbench,deepseek,G3_instruction,5,adjacent_swap,0.1,8,500,0.326,0.427574,"medium audit-window path consistency, not full RLNC payload recovery"
toolbench,deepseek,G3_instruction,5,adjacent_swap,0.1,12,500,0.222,0.279587,"medium audit-window path consistency, not full RLNC payload recovery"
toolbench,deepseek,G3_instruction,5,adjacent_swap,0.15,4,500,0.484,0.519299,"medium audit-window path consistency, not full RLNC payload recovery"
toolbench,deepseek,G3_instruction,5,adjacent_swap,0.15,8,500,0.196,0.269671,"medium audit-window path consistency, not full RLNC payload recovery"
toolbench,deepseek,G3_instruction,5,adjacent_swap,0.15,12,500,0.122,0.14004,"medium audit-window path consistency, not full RLNC payload recovery"
toolbench,deepseek,G3_instruction,5,adjacent_swap,0.2,4,500,0.398,0.406686,"medium audit-window path consistency, not full RLNC payload recovery"
toolbench,deepseek,G3_instruction,5,adjacent_swap,0.2,8,500,0.128,0.165393,"medium audit-window path consistency, not full RLNC payload recovery"
toolbench,deepseek,G3_instruction,5,adjacent_swap,0.2,12,500,0.05,0.067263,"medium audit-window path consistency, not full RLNC payload recovery"
toolbench,deepseek,G3_instruction,5,adjacent_swap,0.25,4,500,0.282,0.313507,"medium audit-window path consistency, not full RLNC payload recovery"
toolbench,deepseek,G3_instruction,5,adjacent_swap,0.25,8,500,0.092,0.098287,"medium audit-window path consistency, not full RLNC payload recovery"
toolbench,deepseek,G3_instruction,5,adjacent_swap,0.25,12,500,0.036,0.030814,"medium audit-window path consistency, not full RLNC payload recovery"
toolbench,deepseek,G3_instruction,5,adjacent_swap,0.3,4,500,0.182,0.237375,"medium audit-window path consistency, not full RLNC payload recovery"
toolbench,deepseek,G3_instruction,5,adjacent_swap,0.3,8,500,0.048,0.056347,"medium audit-window path consistency, not full RLNC payload recovery"
toolbench,deepseek,G3_instruction,5,adjacent_swap,0.3,12,500,0.008,0.013375,"medium audit-window path consistency, not full RLNC payload recovery"
toolbench,deepseek,G3_instruction,5,adjacent_swap,0.35,4,500,0.226,0.176062,"medium audit-window path consistency, not full RLNC payload recovery"
toolbench,deepseek,G3_instruction,5,adjacent_swap,0.35,8,500,0.05,0.030998,"medium audit-window path consistency, not full RLNC payload recovery"
toolbench,deepseek,G3_instruction,5,adjacent_swap,0.35,12,500,0.006,0.005458,"medium audit-window path consistency, not full RLNC payload recovery"
toolbench,deepseek,G3_instruction,5,adjacent_swap,0.4,4,500,0.142,0.127499,"medium audit-window path consistency, not full RLNC payload recovery"
toolbench,deepseek,G3_instruction,5,adjacent_swap,0.4,8,500,0.016,0.016256,"medium audit-window path consistency, not full RLNC payload recovery"
toolbench,deepseek,G3_instruction,5,adjacent_swap,0.4,12,500,0.0,0.002073,"medium audit-window path consistency, not full RLNC payload recovery"
toolbench,deepseek,G3_instruction,5,adjacent_swap,0.45,4,500,0.082,0.089772,"medium audit-window path consistency, not full RLNC payload recovery"
toolbench,deepseek,G3_instruction,5,adjacent_swap,0.45,8,500,0.008,0.008059,"medium audit-window path consistency, not full RLNC payload recovery"
toolbench,deepseek,G3_instruction,5,adjacent_swap,0.45,12,500,0.002,0.000723,"medium audit-window path consistency, not full RLNC payload recovery"
toolbench,deepseek,G3_instruction,5,adjacent_swap,0.5,4,500,0.046,0.061129,"medium audit-window path consistency, not full RLNC payload recovery"
toolbench,deepseek,G3_instruction,5,adjacent_swap,0.5,8,500,0.002,0.003737,"medium audit-window path consistency, not full RLNC payload recovery"
toolbench,deepseek,G3_instruction,5,adjacent_swap,0.5,12,500,0.0,0.000228,"medium audit-window path consistency, not full RLNC payload recovery"
toolbench,deepseek,G3_instruction,10,adjacent_swap,0.0,4,500,1.0,1.0,"medium audit-window path consistency, not full RLNC payload recovery"
toolbench,deepseek,G3_instruction,10,adjacent_swap,0.0,8,500,1.0,1.0,"medium audit-window path consistency, not full RLNC payload recovery"
toolbench,deepseek,G3_instruction,10,adjacent_swap,0.0,12,500,1.0,1.0,"medium audit-window path consistency, not full RLNC payload recovery"
toolbench,deepseek,G3_instruction,10,adjacent_swap,0.05,4,500,0.762,0.759001,"medium audit-window path consistency, not full RLNC payload recovery"
toolbench,deepseek,G3_instruction,10,adjacent_swap,0.05,8,500,0.586,0.576082,"medium audit-window path consistency, not full RLNC payload recovery"
toolbench,deepseek,G3_instruction,10,adjacent_swap,0.05,12,500,0.5,0.437246,"medium audit-window path consistency, not full RLNC payload recovery"
toolbench,deepseek,G3_instruction,10,adjacent_swap,0.1,4,500,0.652,0.567555,"medium audit-window path consistency, not full RLNC payload recovery"
toolbench,deepseek,G3_instruction,10,adjacent_swap,0.1,8,500,0.424,0.322118,"medium audit-window path consistency, not full RLNC payload recovery"
toolbench,deepseek,G3_instruction,10,adjacent_swap,0.1,12,500,0.28,0.18282,"medium audit-window path consistency, not full RLNC payload recovery"
toolbench,deepseek,G3_instruction,10,adjacent_swap,0.15,4,500,0.42,0.417404,"medium audit-window path consistency, not full RLNC payload recovery"
toolbench,deepseek,G3_instruction,10,adjacent_swap,0.15,8,500,0.136,0.174226,"medium audit-window path consistency, not full RLNC payload recovery"
toolbench,deepseek,G3_instruction,10,adjacent_swap,0.15,12,500,0.06,0.072722,"medium audit-window path consistency, not full RLNC payload recovery"
toolbench,deepseek,G3_instruction,10,adjacent_swap,0.2,4,500,0.338,0.301309,"medium audit-window path consistency, not full RLNC payload recovery"
toolbench,deepseek,G3_instruction,10,adjacent_swap,0.2,8,500,0.156,0.090787,"medium audit-window path consistency, not full RLNC payload recovery"
toolbench,deepseek,G3_instruction,10,adjacent_swap,0.2,12,500,0.06,0.027355,"medium audit-window path consistency, not full RLNC payload recovery"
toolbench,deepseek,G3_instruction,10,adjacent_swap,0.25,4,500,0.266,0.212975,"medium audit-window path consistency, not full RLNC payload recovery"
toolbench,deepseek,G3_instruction,10,adjacent_swap,0.25,8,500,0.066,0.045359,"medium audit-window path consistency, not full RLNC payload recovery"
toolbench,deepseek,G3_instruction,10,adjacent_swap,0.25,12,500,0.02,0.00966,"medium audit-window path consistency, not full RLNC payload recovery"
toolbench,deepseek,G3_instruction,10,adjacent_swap,0.3,4,500,0.222,0.146976,"medium audit-window path consistency, not full RLNC payload recovery"
toolbench,deepseek,G3_instruction,10,adjacent_swap,0.3,8,500,0.034,0.021602,"medium audit-window path consistency, not full RLNC payload recovery"
toolbench,deepseek,G3_instruction,10,adjacent_swap,0.3,12,500,0.008,0.003175,"medium audit-window path consistency, not full RLNC payload recovery"
toolbench,deepseek,G3_instruction,10,adjacent_swap,0.35,4,500,0.152,0.098678,"medium audit-window path consistency, not full RLNC payload recovery"
toolbench,deepseek,G3_instruction,10,adjacent_swap,0.35,8,500,0.012,0.009737,"medium audit-window path consistency, not full RLNC payload recovery"
toolbench,deepseek,G3_instruction,10,adjacent_swap,0.35,12,500,0.004,0.000961,"medium audit-window path consistency, not full RLNC payload recovery"
toolbench,deepseek,G3_instruction,10,adjacent_swap,0.4,4,500,0.098,0.064171,"medium audit-window path consistency, not full RLNC payload recovery"
toolbench,deepseek,G3_instruction,10,adjacent_swap,0.4,8,500,0.012,0.004118,"medium audit-window path consistency, not full RLNC payload recovery"
toolbench,deepseek,G3_instruction,10,adjacent_swap,0.4,12,500,0.002,0.000264,"medium audit-window path consistency, not full RLNC payload recovery"
toolbench,deepseek,G3_instruction,10,adjacent_swap,0.45,4,500,0.084,0.040197,"medium audit-window path consistency, not full RLNC payload recovery"
toolbench,deepseek,G3_instruction,10,adjacent_swap,0.45,8,500,0.01,0.001616,"medium audit-window path consistency, not full RLNC payload recovery"
toolbench,deepseek,G3_instruction,10,adjacent_swap,0.45,12,500,0.002,6.5e-05,"medium audit-window path consistency, not full RLNC payload recovery"
toolbench,deepseek,G3_instruction,10,adjacent_swap,0.5,4,500,0.062,0.02408,"medium audit-window path consistency, not full RLNC payload recovery"
toolbench,deepseek,G3_instruction,10,adjacent_swap,0.5,8,500,0.004,0.00058,"medium audit-window path consistency, not full RLNC payload recovery"
toolbench,deepseek,G3_instruction,10,adjacent_swap,0.5,12,500,0.0,1.4e-05,"medium audit-window path consistency, not full RLNC payload recovery"
toolbench,gemini-flash,G1_category,3,adjacent_swap,0.0,4,500,1.0,1.0,"medium audit-window path consistency, not full RLNC payload recovery"
toolbench,gemini-flash,G1_category,3,adjacent_swap,0.0,8,500,1.0,1.0,"medium audit-window path consistency, not full RLNC payload recovery"
toolbench,gemini-flash,G1_category,3,adjacent_swap,0.0,12,500,1.0,1.0,"medium audit-window path consistency, not full RLNC payload recovery"
toolbench,gemini-flash,G1_category,3,adjacent_swap,0.05,4,500,0.756,0.871206,"medium audit-window path consistency, not full RLNC payload recovery"
toolbench,gemini-flash,G1_category,3,adjacent_swap,0.05,8,500,0.594,0.759001,"medium audit-window path consistency, not full RLNC payload recovery"
toolbench,gemini-flash,G1_category,3,adjacent_swap,0.05,12,500,0.418,0.661246,"medium audit-window path consistency, not full RLNC payload recovery"
toolbench,gemini-flash,G1_category,3,adjacent_swap,0.1,4,500,0.782,0.753362,"medium audit-window path consistency, not full RLNC payload recovery"
toolbench,gemini-flash,G1_category,3,adjacent_swap,0.1,8,500,0.582,0.567555,"medium audit-window path consistency, not full RLNC payload recovery"
toolbench,gemini-flash,G1_category,3,adjacent_swap,0.1,12,500,0.424,0.427574,"medium audit-window path consistency, not full RLNC payload recovery"
toolbench,gemini-flash,G1_category,3,adjacent_swap,0.15,4,500,0.488,0.646068,"medium audit-window path consistency, not full RLNC payload recovery"
toolbench,gemini-flash,G1_category,3,adjacent_swap,0.15,8,500,0.232,0.417404,"medium audit-window path consistency, not full RLNC payload recovery"
toolbench,gemini-flash,G1_category,3,adjacent_swap,0.15,12,500,0.136,0.269671,"medium audit-window path consistency, not full RLNC payload recovery"
toolbench,gemini-flash,G1_category,3,adjacent_swap,0.2,4,500,0.446,0.548916,"medium audit-window path consistency, not full RLNC payload recovery"
toolbench,gemini-flash,G1_category,3,adjacent_swap,0.2,8,500,0.22,0.301309,"medium audit-window path consistency, not full RLNC payload recovery"
toolbench,gemini-flash,G1_category,3,adjacent_swap,0.2,12,500,0.108,0.165393,"medium audit-window path consistency, not full RLNC payload recovery"
toolbench,gemini-flash,G1_category,3,adjacent_swap,0.25,4,500,0.254,0.461493,"medium audit-window path consistency, not full RLNC payload recovery"
toolbench,gemini-flash,G1_category,3,adjacent_swap,0.25,8,500,0.05,0.212975,"medium audit-window path consistency, not full RLNC payload recovery"
toolbench,gemini-flash,G1_category,3,adjacent_swap,0.25,12,500,0.018,0.098287,"medium audit-window path consistency, not full RLNC payload recovery"
toolbench,gemini-flash,G1_category,3,adjacent_swap,0.3,4,500,0.234,0.383375,"medium audit-window path consistency, not full RLNC payload recovery"
toolbench,gemini-flash,G1_category,3,adjacent_swap,0.3,8,500,0.04,0.146976,"medium audit-window path consistency, not full RLNC payload recovery"
toolbench,gemini-flash,G1_category,3,adjacent_swap,0.3,12,500,0.008,0.056347,"medium audit-window path consistency, not full RLNC payload recovery"
toolbench,gemini-flash,G1_category,3,adjacent_swap,0.35,4,500,0.154,0.314131,"medium audit-window path consistency, not full RLNC payload recovery"
toolbench,gemini-flash,G1_category,3,adjacent_swap,0.35,8,500,0.012,0.098678,"medium audit-window path consistency, not full RLNC payload recovery"
toolbench,gemini-flash,G1_category,3,adjacent_swap,0.35,12,500,0.006,0.030998,"medium audit-window path consistency, not full RLNC payload recovery"
toolbench,gemini-flash,G1_category,3,adjacent_swap,0.4,4,500,0.154,0.253321,"medium audit-window path consistency, not full RLNC payload recovery"
toolbench,gemini-flash,G1_category,3,adjacent_swap,0.4,8,500,0.038,0.064171,"medium audit-window path consistency, not full RLNC payload recovery"
toolbench,gemini-flash,G1_category,3,adjacent_swap,0.4,12,500,0.01,0.016256,"medium audit-window path consistency, not full RLNC payload recovery"
toolbench,gemini-flash,G1_category,3,adjacent_swap,0.45,4,500,0.124,0.200491,"medium audit-window path consistency, not full RLNC payload recovery"
toolbench,gemini-flash,G1_category,3,adjacent_swap,0.45,8,500,0.01,0.040197,"medium audit-window path consistency, not full RLNC payload recovery"
toolbench,gemini-flash,G1_category,3,adjacent_swap,0.45,12,500,0.002,0.008059,"medium audit-window path consistency, not full RLNC payload recovery"
toolbench,gemini-flash,G1_category,3,adjacent_swap,0.5,4,500,0.062,0.155178,"medium audit-window path consistency, not full RLNC payload recovery"
toolbench,gemini-flash,G1_category,3,adjacent_swap,0.5,8,500,0.002,0.02408,"medium audit-window path consistency, not full RLNC payload recovery"
toolbench,gemini-flash,G1_category,3,adjacent_swap,0.5,12,500,0.0,0.003737,"medium audit-window path consistency, not full RLNC payload recovery"
toolbench,gemini-flash,G1_category,5,adjacent_swap,0.0,4,500,1.0,1.0,"medium audit-window path consistency, not full RLNC payload recovery"
toolbench,gemini-flash,G1_category,5,adjacent_swap,0.0,8,500,1.0,1.0,"medium audit-window path consistency, not full RLNC payload recovery"
toolbench,gemini-flash,G1_category,5,adjacent_swap,0.0,12,500,1.0,1.0,"medium audit-window path consistency, not full RLNC payload recovery"
toolbench,gemini-flash,G1_category,5,adjacent_swap,0.05,4,500,0.816,0.81317,"medium audit-window path consistency, not full RLNC payload recovery"
toolbench,gemini-flash,G1_category,5,adjacent_swap,0.05,8,500,0.628,0.661246,"medium audit-window path consistency, not full RLNC payload recovery"
toolbench,gemini-flash,G1_category,5,adjacent_swap,0.05,12,500,0.488,0.537706,"medium audit-window path consistency, not full RLNC payload recovery"
toolbench,gemini-flash,G1_category,5,adjacent_swap,0.1,4,500,0.6,0.653892,"medium audit-window path consistency, not full RLNC payload recovery"
toolbench,gemini-flash,G1_category,5,adjacent_swap,0.1,8,500,0.332,0.427574,"medium audit-window path consistency, not full RLNC payload recovery"
toolbench,gemini-flash,G1_category,5,adjacent_swap,0.1,12,500,0.184,0.279587,"medium audit-window path consistency, not full RLNC payload recovery"
toolbench,gemini-flash,G1_category,5,adjacent_swap,0.15,4,500,0.444,0.519299,"medium audit-window path consistency, not full RLNC payload recovery"
toolbench,gemini-flash,G1_category,5,adjacent_swap,0.15,8,500,0.202,0.269671,"medium audit-window path consistency, not full RLNC payload recovery"
toolbench,gemini-flash,G1_category,5,adjacent_swap,0.15,12,500,0.082,0.14004,"medium audit-window path consistency, not full RLNC payload recovery"
toolbench,gemini-flash,G1_category,5,adjacent_swap,0.2,4,500,0.37,0.406686,"medium audit-window path consistency, not full RLNC payload recovery"
toolbench,gemini-flash,G1_category,5,adjacent_swap,0.2,8,500,0.12,0.165393,"medium audit-window path consistency, not full RLNC payload recovery"
toolbench,gemini-flash,G1_category,5,adjacent_swap,0.2,12,500,0.05,0.067263,"medium audit-window path consistency, not full RLNC payload recovery"
toolbench,gemini-flash,G1_category,5,adjacent_swap,0.25,4,500,0.214,0.313507,"medium audit-window path consistency, not full RLNC payload recovery"
toolbench,gemini-flash,G1_category,5,adjacent_swap,0.25,8,500,0.044,0.098287,"medium audit-window path consistency, not full RLNC payload recovery"
toolbench,gemini-flash,G1_category,5,adjacent_swap,0.25,12,500,0.014,0.030814,"medium audit-window path consistency, not full RLNC payload recovery"
toolbench,gemini-flash,G1_category,5,adjacent_swap,0.3,4,500,0.178,0.237375,"medium audit-window path consistency, not full RLNC payload recovery"
toolbench,gemini-flash,G1_category,5,adjacent_swap,0.3,8,500,0.02,0.056347,"medium audit-window path consistency, not full RLNC payload recovery"
toolbench,gemini-flash,G1_category,5,adjacent_swap,0.3,12,500,0.006,0.013375,"medium audit-window path consistency, not full RLNC payload recovery"
toolbench,gemini-flash,G1_category,5,adjacent_swap,0.35,4,500,0.098,0.176062,"medium audit-window path consistency, not full RLNC payload recovery"
toolbench,gemini-flash,G1_category,5,adjacent_swap,0.35,8,500,0.014,0.030998,"medium audit-window path consistency, not full RLNC payload recovery"
toolbench,gemini-flash,G1_category,5,adjacent_swap,0.35,12,500,0.002,0.005458,"medium audit-window path consistency, not full RLNC payload recovery"
toolbench,gemini-flash,G1_category,5,adjacent_swap,0.4,4,500,0.1,0.127499,"medium audit-window path consistency, not full RLNC payload recovery"
toolbench,gemini-flash,G1_category,5,adjacent_swap,0.4,8,500,0.008,0.016256,"medium audit-window path consistency, not full RLNC payload recovery"
toolbench,gemini-flash,G1_category,5,adjacent_swap,0.4,12,500,0.0,0.002073,"medium audit-window path consistency, not full RLNC payload recovery"
toolbench,gemini-flash,G1_category,5,adjacent_swap,0.45,4,500,0.068,0.089772,"medium audit-window path consistency, not full RLNC payload recovery"
toolbench,gemini-flash,G1_category,5,adjacent_swap,0.45,8,500,0.004,0.008059,"medium audit-window path consistency, not full RLNC payload recovery"
toolbench,gemini-flash,G1_category,5,adjacent_swap,0.45,12,500,0.0,0.000723,"medium audit-window path consistency, not full RLNC payload recovery"
toolbench,gemini-flash,G1_category,5,adjacent_swap,0.5,4,500,0.04,0.061129,"medium audit-window path consistency, not full RLNC payload recovery"
toolbench,gemini-flash,G1_category,5,adjacent_swap,0.5,8,500,0.004,0.003737,"medium audit-window path consistency, not full RLNC payload recovery"
toolbench,gemini-flash,G1_category,5,adjacent_swap,0.5,12,500,0.0,0.000228,"medium audit-window path consistency, not full RLNC payload recovery"
toolbench,gemini-flash,G1_category,10,adjacent_swap,0.0,4,500,1.0,1.0,"medium audit-window path consistency, not full RLNC payload recovery"
toolbench,gemini-flash,G1_category,10,adjacent_swap,0.0,8,500,1.0,1.0,"medium audit-window path consistency, not full RLNC payload recovery"
toolbench,gemini-flash,G1_category,10,adjacent_swap,0.0,12,500,1.0,1.0,"medium audit-window path consistency, not full RLNC payload recovery"
toolbench,gemini-flash,G1_category,10,adjacent_swap,0.05,4,500,0.782,0.759001,"medium audit-window path consistency, not full RLNC payload recovery"
toolbench,gemini-flash,G1_category,10,adjacent_swap,0.05,8,500,0.65,0.576082,"medium audit-window path consistency, not full RLNC payload recovery"
toolbench,gemini-flash,G1_category,10,adjacent_swap,0.05,12,500,0.544,0.437246,"medium audit-window path consistency, not full RLNC payload recovery"
toolbench,gemini-flash,G1_category,10,adjacent_swap,0.1,4,500,0.516,0.567555,"medium audit-window path consistency, not full RLNC payload recovery"
toolbench,gemini-flash,G1_category,10,adjacent_swap,0.1,8,500,0.276,0.322118,"medium audit-window path consistency, not full RLNC payload recovery"
toolbench,gemini-flash,G1_category,10,adjacent_swap,0.1,12,500,0.114,0.18282,"medium audit-window path consistency, not full RLNC payload recovery"
toolbench,gemini-flash,G1_category,10,adjacent_swap,0.15,4,500,0.45,0.417404,"medium audit-window path consistency, not full RLNC payload recovery"
toolbench,gemini-flash,G1_category,10,adjacent_swap,0.15,8,500,0.216,0.174226,"medium audit-window path consistency, not full RLNC payload recovery"
toolbench,gemini-flash,G1_category,10,adjacent_swap,0.15,12,500,0.1,0.072722,"medium audit-window path consistency, not full RLNC payload recovery"
toolbench,gemini-flash,G1_category,10,adjacent_swap,0.2,4,500,0.33,0.301309,"medium audit-window path consistency, not full RLNC payload recovery"
toolbench,gemini-flash,G1_category,10,adjacent_swap,0.2,8,500,0.1,0.090787,"medium audit-window path consistency, not full RLNC payload recovery"
toolbench,gemini-flash,G1_category,10,adjacent_swap,0.2,12,500,0.026,0.027355,"medium audit-window path consistency, not full RLNC payload recovery"
toolbench,gemini-flash,G1_category,10,adjacent_swap,0.25,4,500,0.278,0.212975,"medium audit-window path consistency, not full RLNC payload recovery"
toolbench,gemini-flash,G1_category,10,adjacent_swap,0.25,8,500,0.062,0.045359,"medium audit-window path consistency, not full RLNC payload recovery"
toolbench,gemini-flash,G1_category,10,adjacent_swap,0.25,12,500,0.024,0.00966,"medium audit-window path consistency, not full RLNC payload recovery"
toolbench,gemini-flash,G1_category,10,adjacent_swap,0.3,4,500,0.206,0.146976,"medium audit-window path consistency, not full RLNC payload recovery"
toolbench,gemini-flash,G1_category,10,adjacent_swap,0.3,8,500,0.04,0.021602,"medium audit-window path consistency, not full RLNC payload recovery"
toolbench,gemini-flash,G1_category,10,adjacent_swap,0.3,12,500,0.006,0.003175,"medium audit-window path consistency, not full RLNC payload recovery"
toolbench,gemini-flash,G1_category,10,adjacent_swap,0.35,4,500,0.112,0.098678,"medium audit-window path consistency, not full RLNC payload recovery"
toolbench,gemini-flash,G1_category,10,adjacent_swap,0.35,8,500,0.016,0.009737,"medium audit-window path consistency, not full RLNC payload recovery"
toolbench,gemini-flash,G1_category,10,adjacent_swap,0.35,12,500,0.002,0.000961,"medium audit-window path consistency, not full RLNC payload recovery"
toolbench,gemini-flash,G1_category,10,adjacent_swap,0.4,4,500,0.104,0.064171,"medium audit-window path consistency, not full RLNC payload recovery"
toolbench,gemini-flash,G1_category,10,adjacent_swap,0.4,8,500,0.0,0.004118,"medium audit-window path consistency, not full RLNC payload recovery"
toolbench,gemini-flash,G1_category,10,adjacent_swap,0.4,12,500,0.0,0.000264,"medium audit-window path consistency, not full RLNC payload recovery"
toolbench,gemini-flash,G1_category,10,adjacent_swap,0.45,4,500,0.048,0.040197,"medium audit-window path consistency, not full RLNC payload recovery"
toolbench,gemini-flash,G1_category,10,adjacent_swap,0.45,8,500,0.0,0.001616,"medium audit-window path consistency, not full RLNC payload recovery"
toolbench,gemini-flash,G1_category,10,adjacent_swap,0.45,12,500,0.0,6.5e-05,"medium audit-window path consistency, not full RLNC payload recovery"
toolbench,gemini-flash,G1_category,10,adjacent_swap,0.5,4,500,0.024,0.02408,"medium audit-window path consistency, not full RLNC payload recovery"
toolbench,gemini-flash,G1_category,10,adjacent_swap,0.5,8,500,0.002,0.00058,"medium audit-window path consistency, not full RLNC payload recovery"
toolbench,gemini-flash,G1_category,10,adjacent_swap,0.5,12,500,0.0,1.4e-05,"medium audit-window path consistency, not full RLNC payload recovery"
toolbench,gemini-flash,G1_instruction,3,adjacent_swap,0.0,4,500,1.0,1.0,"medium audit-window path consistency, not full RLNC payload recovery"
toolbench,gemini-flash,G1_instruction,3,adjacent_swap,0.0,8,500,1.0,1.0,"medium audit-window path consistency, not full RLNC payload recovery"
toolbench,gemini-flash,G1_instruction,3,adjacent_swap,0.0,12,500,1.0,1.0,"medium audit-window path consistency, not full RLNC payload recovery"
toolbench,gemini-flash,G1_instruction,3,adjacent_swap,0.05,4,500,0.848,0.871206,"medium audit-window path consistency, not full RLNC payload recovery"
toolbench,gemini-flash,G1_instruction,3,adjacent_swap,0.05,8,500,0.702,0.759001,"medium audit-window path consistency, not full RLNC payload recovery"
toolbench,gemini-flash,G1_instruction,3,adjacent_swap,0.05,12,500,0.576,0.661246,"medium audit-window path consistency, not full RLNC payload recovery"
toolbench,gemini-flash,G1_instruction,3,adjacent_swap,0.1,4,500,0.744,0.753362,"medium audit-window path consistency, not full RLNC payload recovery"
toolbench,gemini-flash,G1_instruction,3,adjacent_swap,0.1,8,500,0.506,0.567555,"medium audit-window path consistency, not full RLNC payload recovery"
toolbench,gemini-flash,G1_instruction,3,adjacent_swap,0.1,12,500,0.394,0.427574,"medium audit-window path consistency, not full RLNC payload recovery"
toolbench,gemini-flash,G1_instruction,3,adjacent_swap,0.15,4,500,0.466,0.646068,"medium audit-window path consistency, not full RLNC payload recovery"
toolbench,gemini-flash,G1_instruction,3,adjacent_swap,0.15,8,500,0.26,0.417404,"medium audit-window path consistency, not full RLNC payload recovery"
toolbench,gemini-flash,G1_instruction,3,adjacent_swap,0.15,12,500,0.126,0.269671,"medium audit-window path consistency, not full RLNC payload recovery"
toolbench,gemini-flash,G1_instruction,3,adjacent_swap,0.2,4,500,0.51,0.548916,"medium audit-window path consistency, not full RLNC payload recovery"
toolbench,gemini-flash,G1_instruction,3,adjacent_swap,0.2,8,500,0.242,0.301309,"medium audit-window path consistency, not full RLNC payload recovery"
toolbench,gemini-flash,G1_instruction,3,adjacent_swap,0.2,12,500,0.112,0.165393,"medium audit-window path consistency, not full RLNC payload recovery"
toolbench,gemini-flash,G1_instruction,3,adjacent_swap,0.25,4,500,0.304,0.461493,"medium audit-window path consistency, not full RLNC payload recovery"
toolbench,gemini-flash,G1_instruction,3,adjacent_swap,0.25,8,500,0.096,0.212975,"medium audit-window path consistency, not full RLNC payload recovery"
toolbench,gemini-flash,G1_instruction,3,adjacent_swap,0.25,12,500,0.034,0.098287,"medium audit-window path consistency, not full RLNC payload recovery"
toolbench,gemini-flash,G1_instruction,3,adjacent_swap,0.3,4,500,0.234,0.383375,"medium audit-window path consistency, not full RLNC payload recovery"
toolbench,gemini-flash,G1_instruction,3,adjacent_swap,0.3,8,500,0.06,0.146976,"medium audit-window path consistency, not full RLNC payload recovery"
toolbench,gemini-flash,G1_instruction,3,adjacent_swap,0.3,12,500,0.008,0.056347,"medium audit-window path consistency, not full RLNC payload recovery"
toolbench,gemini-flash,G1_instruction,3,adjacent_swap,0.35,4,500,0.29,0.314131,"medium audit-window path consistency, not full RLNC payload recovery"
toolbench,gemini-flash,G1_instruction,3,adjacent_swap,0.35,8,500,0.058,0.098678,"medium audit-window path consistency, not full RLNC payload recovery"
toolbench,gemini-flash,G1_instruction,3,adjacent_swap,0.35,12,500,0.02,0.030998,"medium audit-window path consistency, not full RLNC payload recovery"
toolbench,gemini-flash,G1_instruction,3,adjacent_swap,0.4,4,500,0.198,0.253321,"medium audit-window path consistency, not full RLNC payload recovery"
toolbench,gemini-flash,G1_instruction,3,adjacent_swap,0.4,8,500,0.036,0.064171,"medium audit-window path consistency, not full RLNC payload recovery"
toolbench,gemini-flash,G1_instruction,3,adjacent_swap,0.4,12,500,0.012,0.016256,"medium audit-window path consistency, not full RLNC payload recovery"
toolbench,gemini-flash,G1_instruction,3,adjacent_swap,0.45,4,500,0.108,0.200491,"medium audit-window path consistency, not full RLNC payload recovery"
toolbench,gemini-flash,G1_instruction,3,adjacent_swap,0.45,8,500,0.016,0.040197,"medium audit-window path consistency, not full RLNC payload recovery"
toolbench,gemini-flash,G1_instruction,3,adjacent_swap,0.45,12,500,0.006,0.008059,"medium audit-window path consistency, not full RLNC payload recovery"
toolbench,gemini-flash,G1_instruction,3,adjacent_swap,0.5,4,500,0.104,0.155178,"medium audit-window path consistency, not full RLNC payload recovery"
toolbench,gemini-flash,G1_instruction,3,adjacent_swap,0.5,8,500,0.02,0.02408,"medium audit-window path consistency, not full RLNC payload recovery"
toolbench,gemini-flash,G1_instruction,3,adjacent_swap,0.5,12,500,0.0,0.003737,"medium audit-window path consistency, not full RLNC payload recovery"
toolbench,gemini-flash,G1_instruction,5,adjacent_swap,0.0,4,500,1.0,1.0,"medium audit-window path consistency, not full RLNC payload recovery"
toolbench,gemini-flash,G1_instruction,5,adjacent_swap,0.0,8,500,1.0,1.0,"medium audit-window path consistency, not full RLNC payload recovery"
toolbench,gemini-flash,G1_instruction,5,adjacent_swap,0.0,12,500,1.0,1.0,"medium audit-window path consistency, not full RLNC payload recovery"
toolbench,gemini-flash,G1_instruction,5,adjacent_swap,0.05,4,500,0.744,0.81317,"medium audit-window path consistency, not full RLNC payload recovery"
toolbench,gemini-flash,G1_instruction,5,adjacent_swap,0.05,8,500,0.612,0.661246,"medium audit-window path consistency, not full RLNC payload recovery"
toolbench,gemini-flash,G1_instruction,5,adjacent_swap,0.05,12,500,0.442,0.537706,"medium audit-window path consistency, not full RLNC payload recovery"
toolbench,gemini-flash,G1_instruction,5,adjacent_swap,0.1,4,500,0.594,0.653892,"medium audit-window path consistency, not full RLNC payload recovery"
toolbench,gemini-flash,G1_instruction,5,adjacent_swap,0.1,8,500,0.372,0.427574,"medium audit-window path consistency, not full RLNC payload recovery"
toolbench,gemini-flash,G1_instruction,5,adjacent_swap,0.1,12,500,0.272,0.279587,"medium audit-window path consistency, not full RLNC payload recovery"
toolbench,gemini-flash,G1_instruction,5,adjacent_swap,0.15,4,500,0.49,0.519299,"medium audit-window path consistency, not full RLNC payload recovery"
toolbench,gemini-flash,G1_instruction,5,adjacent_swap,0.15,8,500,0.234,0.269671,"medium audit-window path consistency, not full RLNC payload recovery"
toolbench,gemini-flash,G1_instruction,5,adjacent_swap,0.15,12,500,0.086,0.14004,"medium audit-window path consistency, not full RLNC payload recovery"
toolbench,gemini-flash,G1_instruction,5,adjacent_swap,0.2,4,500,0.4,0.406686,"medium audit-window path consistency, not full RLNC payload recovery"
toolbench,gemini-flash,G1_instruction,5,adjacent_swap,0.2,8,500,0.146,0.165393,"medium audit-window path consistency, not full RLNC payload recovery"
toolbench,gemini-flash,G1_instruction,5,adjacent_swap,0.2,12,500,0.054,0.067263,"medium audit-window path consistency, not full RLNC payload recovery"
toolbench,gemini-flash,G1_instruction,5,adjacent_swap,0.25,4,500,0.316,0.313507,"medium audit-window path consistency, not full RLNC payload recovery"
toolbench,gemini-flash,G1_instruction,5,adjacent_swap,0.25,8,500,0.058,0.098287,"medium audit-window path consistency, not full RLNC payload recovery"
toolbench,gemini-flash,G1_instruction,5,adjacent_swap,0.25,12,500,0.024,0.030814,"medium audit-window path consistency, not full RLNC payload recovery"
toolbench,gemini-flash,G1_instruction,5,adjacent_swap,0.3,4,500,0.18,0.237375,"medium audit-window path consistency, not full RLNC payload recovery"
toolbench,gemini-flash,G1_instruction,5,adjacent_swap,0.3,8,500,0.044,0.056347,"medium audit-window path consistency, not full RLNC payload recovery"
toolbench,gemini-flash,G1_instruction,5,adjacent_swap,0.3,12,500,0.0,0.013375,"medium audit-window path consistency, not full RLNC payload recovery"
toolbench,gemini-flash,G1_instruction,5,adjacent_swap,0.35,4,500,0.134,0.176062,"medium audit-window path consistency, not full RLNC payload recovery"
toolbench,gemini-flash,G1_instruction,5,adjacent_swap,0.35,8,500,0.03,0.030998,"medium audit-window path consistency, not full RLNC payload recovery"
toolbench,gemini-flash,G1_instruction,5,adjacent_swap,0.35,12,500,0.0,0.005458,"medium audit-window path consistency, not full RLNC payload recovery"
toolbench,gemini-flash,G1_instruction,5,adjacent_swap,0.4,4,500,0.138,0.127499,"medium audit-window path consistency, not full RLNC payload recovery"
toolbench,gemini-flash,G1_instruction,5,adjacent_swap,0.4,8,500,0.032,0.016256,"medium audit-window path consistency, not full RLNC payload recovery"
toolbench,gemini-flash,G1_instruction,5,adjacent_swap,0.4,12,500,0.01,0.002073,"medium audit-window path consistency, not full RLNC payload recovery"
toolbench,gemini-flash,G1_instruction,5,adjacent_swap,0.45,4,500,0.1,0.089772,"medium audit-window path consistency, not full RLNC payload recovery"
toolbench,gemini-flash,G1_instruction,5,adjacent_swap,0.45,8,500,0.006,0.008059,"medium audit-window path consistency, not full RLNC payload recovery"
toolbench,gemini-flash,G1_instruction,5,adjacent_swap,0.45,12,500,0.002,0.000723,"medium audit-window path consistency, not full RLNC payload recovery"
toolbench,gemini-flash,G1_instruction,5,adjacent_swap,0.5,4,500,0.078,0.061129,"medium audit-window path consistency, not full RLNC payload recovery"
toolbench,gemini-flash,G1_instruction,5,adjacent_swap,0.5,8,500,0.01,0.003737,"medium audit-window path consistency, not full RLNC payload recovery"
toolbench,gemini-flash,G1_instruction,5,adjacent_swap,0.5,12,500,0.002,0.000228,"medium audit-window path consistency, not full RLNC payload recovery"
toolbench,gemini-flash,G1_instruction,10,adjacent_swap,0.0,4,500,1.0,1.0,"medium audit-window path consistency, not full RLNC payload recovery"
toolbench,gemini-flash,G1_instruction,10,adjacent_swap,0.0,8,500,1.0,1.0,"medium audit-window path consistency, not full RLNC payload recovery"
toolbench,gemini-flash,G1_instruction,10,adjacent_swap,0.0,12,500,1.0,1.0,"medium audit-window path consistency, not full RLNC payload recovery"
toolbench,gemini-flash,G1_instruction,10,adjacent_swap,0.05,4,500,0.65,0.759001,"medium audit-window path consistency, not full RLNC payload recovery"
toolbench,gemini-flash,G1_instruction,10,adjacent_swap,0.05,8,500,0.502,0.576082,"medium audit-window path consistency, not full RLNC payload recovery"
toolbench,gemini-flash,G1_instruction,10,adjacent_swap,0.05,12,500,0.334,0.437246,"medium audit-window path consistency, not full RLNC payload recovery"
toolbench,gemini-flash,G1_instruction,10,adjacent_swap,0.1,4,500,0.602,0.567555,"medium audit-window path consistency, not full RLNC payload recovery"
toolbench,gemini-flash,G1_instruction,10,adjacent_swap,0.1,8,500,0.36,0.322118,"medium audit-window path consistency, not full RLNC payload recovery"
toolbench,gemini-flash,G1_instruction,10,adjacent_swap,0.1,12,500,0.174,0.18282,"medium audit-window path consistency, not full RLNC payload recovery"
toolbench,gemini-flash,G1_instruction,10,adjacent_swap,0.15,4,500,0.428,0.417404,"medium audit-window path consistency, not full RLNC payload recovery"
toolbench,gemini-flash,G1_instruction,10,adjacent_swap,0.15,8,500,0.178,0.174226,"medium audit-window path consistency, not full RLNC payload recovery"
toolbench,gemini-flash,G1_instruction,10,adjacent_swap,0.15,12,500,0.078,0.072722,"medium audit-window path consistency, not full RLNC payload recovery"
toolbench,gemini-flash,G1_instruction,10,adjacent_swap,0.2,4,500,0.356,0.301309,"medium audit-window path consistency, not full RLNC payload recovery"
toolbench,gemini-flash,G1_instruction,10,adjacent_swap,0.2,8,500,0.138,0.090787,"medium audit-window path consistency, not full RLNC payload recovery"
toolbench,gemini-flash,G1_instruction,10,adjacent_swap,0.2,12,500,0.058,0.027355,"medium audit-window path consistency, not full RLNC payload recovery"
toolbench,gemini-flash,G1_instruction,10,adjacent_swap,0.25,4,500,0.264,0.212975,"medium audit-window path consistency, not full RLNC payload recovery"
toolbench,gemini-flash,G1_instruction,10,adjacent_swap,0.25,8,500,0.06,0.045359,"medium audit-window path consistency, not full RLNC payload recovery"
toolbench,gemini-flash,G1_instruction,10,adjacent_swap,0.25,12,500,0.02,0.00966,"medium audit-window path consistency, not full RLNC payload recovery"
toolbench,gemini-flash,G1_instruction,10,adjacent_swap,0.3,4,500,0.222,0.146976,"medium audit-window path consistency, not full RLNC payload recovery"
toolbench,gemini-flash,G1_instruction,10,adjacent_swap,0.3,8,500,0.046,0.021602,"medium audit-window path consistency, not full RLNC payload recovery"
toolbench,gemini-flash,G1_instruction,10,adjacent_swap,0.3,12,500,0.0,0.003175,"medium audit-window path consistency, not full RLNC payload recovery"
toolbench,gemini-flash,G1_instruction,10,adjacent_swap,0.35,4,500,0.142,0.098678,"medium audit-window path consistency, not full RLNC payload recovery"
toolbench,gemini-flash,G1_instruction,10,adjacent_swap,0.35,8,500,0.032,0.009737,"medium audit-window path consistency, not full RLNC payload recovery"
toolbench,gemini-flash,G1_instruction,10,adjacent_swap,0.35,12,500,0.006,0.000961,"medium audit-window path consistency, not full RLNC payload recovery"
toolbench,gemini-flash,G1_instruction,10,adjacent_swap,0.4,4,500,0.122,0.064171,"medium audit-window path consistency, not full RLNC payload recovery"
toolbench,gemini-flash,G1_instruction,10,adjacent_swap,0.4,8,500,0.004,0.004118,"medium audit-window path consistency, not full RLNC payload recovery"
toolbench,gemini-flash,G1_instruction,10,adjacent_swap,0.4,12,500,0.0,0.000264,"medium audit-window path consistency, not full RLNC payload recovery"
toolbench,gemini-flash,G1_instruction,10,adjacent_swap,0.45,4,500,0.088,0.040197,"medium audit-window path consistency, not full RLNC payload recovery"
toolbench,gemini-flash,G1_instruction,10,adjacent_swap,0.45,8,500,0.008,0.001616,"medium audit-window path consistency, not full RLNC payload recovery"
toolbench,gemini-flash,G1_instruction,10,adjacent_swap,0.45,12,500,0.0,6.5e-05,"medium audit-window path consistency, not full RLNC payload recovery"
toolbench,gemini-flash,G1_instruction,10,adjacent_swap,0.5,4,500,0.074,0.02408,"medium audit-window path consistency, not full RLNC payload recovery"
toolbench,gemini-flash,G1_instruction,10,adjacent_swap,0.5,8,500,0.006,0.00058,"medium audit-window path consistency, not full RLNC payload recovery"
toolbench,gemini-flash,G1_instruction,10,adjacent_swap,0.5,12,500,0.0,1.4e-05,"medium audit-window path consistency, not full RLNC payload recovery"
toolbench,gemini-flash,G1_tool,3,adjacent_swap,0.0,4,500,1.0,1.0,"medium audit-window path consistency, not full RLNC payload recovery"
toolbench,gemini-flash,G1_tool,3,adjacent_swap,0.0,8,500,1.0,1.0,"medium audit-window path consistency, not full RLNC payload recovery"
toolbench,gemini-flash,G1_tool,3,adjacent_swap,0.0,12,500,1.0,1.0,"medium audit-window path consistency, not full RLNC payload recovery"
toolbench,gemini-flash,G1_tool,3,adjacent_swap,0.05,4,500,0.826,0.871206,"medium audit-window path consistency, not full RLNC payload recovery"
toolbench,gemini-flash,G1_tool,3,adjacent_swap,0.05,8,500,0.73,0.759001,"medium audit-window path consistency, not full RLNC payload recovery"
toolbench,gemini-flash,G1_tool,3,adjacent_swap,0.05,12,500,0.588,0.661246,"medium audit-window path consistency, not full RLNC payload recovery"
toolbench,gemini-flash,G1_tool,3,adjacent_swap,0.1,4,500,0.688,0.753362,"medium audit-window path consistency, not full RLNC payload recovery"
toolbench,gemini-flash,G1_tool,3,adjacent_swap,0.1,8,500,0.426,0.567555,"medium audit-window path consistency, not full RLNC payload recovery"
toolbench,gemini-flash,G1_tool,3,adjacent_swap,0.1,12,500,0.266,0.427574,"medium audit-window path consistency, not full RLNC payload recovery"
toolbench,gemini-flash,G1_tool,3,adjacent_swap,0.15,4,500,0.522,0.646068,"medium audit-window path consistency, not full RLNC payload recovery"
toolbench,gemini-flash,G1_tool,3,adjacent_swap,0.15,8,500,0.216,0.417404,"medium audit-window path consistency, not full RLNC payload recovery"
toolbench,gemini-flash,G1_tool,3,adjacent_swap,0.15,12,500,0.088,0.269671,"medium audit-window path consistency, not full RLNC payload recovery"
toolbench,gemini-flash,G1_tool,3,adjacent_swap,0.2,4,500,0.304,0.548916,"medium audit-window path consistency, not full RLNC payload recovery"
toolbench,gemini-flash,G1_tool,3,adjacent_swap,0.2,8,500,0.108,0.301309,"medium audit-window path consistency, not full RLNC payload recovery"
toolbench,gemini-flash,G1_tool,3,adjacent_swap,0.2,12,500,0.026,0.165393,"medium audit-window path consistency, not full RLNC payload recovery"
toolbench,gemini-flash,G1_tool,3,adjacent_swap,0.25,4,500,0.336,0.461493,"medium audit-window path consistency, not full RLNC payload recovery"
toolbench,gemini-flash,G1_tool,3,adjacent_swap,0.25,8,500,0.082,0.212975,"medium audit-window path consistency, not full RLNC payload recovery"
toolbench,gemini-flash,G1_tool,3,adjacent_swap,0.25,12,500,0.026,0.098287,"medium audit-window path consistency, not full RLNC payload recovery"
toolbench,gemini-flash,G1_tool,3,adjacent_swap,0.3,4,500,0.194,0.383375,"medium audit-window path consistency, not full RLNC payload recovery"
toolbench,gemini-flash,G1_tool,3,adjacent_swap,0.3,8,500,0.042,0.146976,"medium audit-window path consistency, not full RLNC payload recovery"
toolbench,gemini-flash,G1_tool,3,adjacent_swap,0.3,12,500,0.008,0.056347,"medium audit-window path consistency, not full RLNC payload recovery"
toolbench,gemini-flash,G1_tool,3,adjacent_swap,0.35,4,500,0.178,0.314131,"medium audit-window path consistency, not full RLNC payload recovery"
toolbench,gemini-flash,G1_tool,3,adjacent_swap,0.35,8,500,0.064,0.098678,"medium audit-window path consistency, not full RLNC payload recovery"
toolbench,gemini-flash,G1_tool,3,adjacent_swap,0.35,12,500,0.01,0.030998,"medium audit-window path consistency, not full RLNC payload recovery"
toolbench,gemini-flash,G1_tool,3,adjacent_swap,0.4,4,500,0.122,0.253321,"medium audit-window path consistency, not full RLNC payload recovery"
toolbench,gemini-flash,G1_tool,3,adjacent_swap,0.4,8,500,0.008,0.064171,"medium audit-window path consistency, not full RLNC payload recovery"
toolbench,gemini-flash,G1_tool,3,adjacent_swap,0.4,12,500,0.002,0.016256,"medium audit-window path consistency, not full RLNC payload recovery"
toolbench,gemini-flash,G1_tool,3,adjacent_swap,0.45,4,500,0.144,0.200491,"medium audit-window path consistency, not full RLNC payload recovery"
toolbench,gemini-flash,G1_tool,3,adjacent_swap,0.45,8,500,0.028,0.040197,"medium audit-window path consistency, not full RLNC payload recovery"
toolbench,gemini-flash,G1_tool,3,adjacent_swap,0.45,12,500,0.006,0.008059,"medium audit-window path consistency, not full RLNC payload recovery"
toolbench,gemini-flash,G1_tool,3,adjacent_swap,0.5,4,500,0.1,0.155178,"medium audit-window path consistency, not full RLNC payload recovery"
toolbench,gemini-flash,G1_tool,3,adjacent_swap,0.5,8,500,0.006,0.02408,"medium audit-window path consistency, not full RLNC payload recovery"
toolbench,gemini-flash,G1_tool,3,adjacent_swap,0.5,12,500,0.0,0.003737,"medium audit-window path consistency, not full RLNC payload recovery"
toolbench,gemini-flash,G1_tool,5,adjacent_swap,0.0,4,500,1.0,1.0,"medium audit-window path consistency, not full RLNC payload recovery"
toolbench,gemini-flash,G1_tool,5,adjacent_swap,0.0,8,500,1.0,1.0,"medium audit-window path consistency, not full RLNC payload recovery"
toolbench,gemini-flash,G1_tool,5,adjacent_swap,0.0,12,500,1.0,1.0,"medium audit-window path consistency, not full RLNC payload recovery"
toolbench,gemini-flash,G1_tool,5,adjacent_swap,0.05,4,500,0.758,0.81317,"medium audit-window path consistency, not full RLNC payload recovery"
toolbench,gemini-flash,G1_tool,5,adjacent_swap,0.05,8,500,0.544,0.661246,"medium audit-window path consistency, not full RLNC payload recovery"
toolbench,gemini-flash,G1_tool,5,adjacent_swap,0.05,12,500,0.372,0.537706,"medium audit-window path consistency, not full RLNC payload recovery"
toolbench,gemini-flash,G1_tool,5,adjacent_swap,0.1,4,500,0.656,0.653892,"medium audit-window path consistency, not full RLNC payload recovery"
toolbench,gemini-flash,G1_tool,5,adjacent_swap,0.1,8,500,0.404,0.427574,"medium audit-window path consistency, not full RLNC payload recovery"
toolbench,gemini-flash,G1_tool,5,adjacent_swap,0.1,12,500,0.312,0.279587,"medium audit-window path consistency, not full RLNC payload recovery"
toolbench,gemini-flash,G1_tool,5,adjacent_swap,0.15,4,500,0.41,0.519299,"medium audit-window path consistency, not full RLNC payload recovery"
toolbench,gemini-flash,G1_tool,5,adjacent_swap,0.15,8,500,0.162,0.269671,"medium audit-window path consistency, not full RLNC payload recovery"
toolbench,gemini-flash,G1_tool,5,adjacent_swap,0.15,12,500,0.078,0.14004,"medium audit-window path consistency, not full RLNC payload recovery"
toolbench,gemini-flash,G1_tool,5,adjacent_swap,0.2,4,500,0.32,0.406686,"medium audit-window path consistency, not full RLNC payload recovery"
toolbench,gemini-flash,G1_tool,5,adjacent_swap,0.2,8,500,0.088,0.165393,"medium audit-window path consistency, not full RLNC payload recovery"
toolbench,gemini-flash,G1_tool,5,adjacent_swap,0.2,12,500,0.042,0.067263,"medium audit-window path consistency, not full RLNC payload recovery"
toolbench,gemini-flash,G1_tool,5,adjacent_swap,0.25,4,500,0.306,0.313507,"medium audit-window path consistency, not full RLNC payload recovery"
toolbench,gemini-flash,G1_tool,5,adjacent_swap,0.25,8,500,0.104,0.098287,"medium audit-window path consistency, not full RLNC payload recovery"
toolbench,gemini-flash,G1_tool,5,adjacent_swap,0.25,12,500,0.02,0.030814,"medium audit-window path consistency, not full RLNC payload recovery"
toolbench,gemini-flash,G1_tool,5,adjacent_swap,0.3,4,500,0.194,0.237375,"medium audit-window path consistency, not full RLNC payload recovery"
toolbench,gemini-flash,G1_tool,5,adjacent_swap,0.3,8,500,0.028,0.056347,"medium audit-window path consistency, not full RLNC payload recovery"
toolbench,gemini-flash,G1_tool,5,adjacent_swap,0.3,12,500,0.004,0.013375,"medium audit-window path consistency, not full RLNC payload recovery"
toolbench,gemini-flash,G1_tool,5,adjacent_swap,0.35,4,500,0.124,0.176062,"medium audit-window path consistency, not full RLNC payload recovery"
toolbench,gemini-flash,G1_tool,5,adjacent_swap,0.35,8,500,0.006,0.030998,"medium audit-window path consistency, not full RLNC payload recovery"
toolbench,gemini-flash,G1_tool,5,adjacent_swap,0.35,12,500,0.002,0.005458,"medium audit-window path consistency, not full RLNC payload recovery"
toolbench,gemini-flash,G1_tool,5,adjacent_swap,0.4,4,500,0.062,0.127499,"medium audit-window path consistency, not full RLNC payload recovery"
toolbench,gemini-flash,G1_tool,5,adjacent_swap,0.4,8,500,0.008,0.016256,"medium audit-window path consistency, not full RLNC payload recovery"
toolbench,gemini-flash,G1_tool,5,adjacent_swap,0.4,12,500,0.0,0.002073,"medium audit-window path consistency, not full RLNC payload recovery"
toolbench,gemini-flash,G1_tool,5,adjacent_swap,0.45,4,500,0.062,0.089772,"medium audit-window path consistency, not full RLNC payload recovery"
toolbench,gemini-flash,G1_tool,5,adjacent_swap,0.45,8,500,0.0,0.008059,"medium audit-window path consistency, not full RLNC payload recovery"
toolbench,gemini-flash,G1_tool,5,adjacent_swap,0.45,12,500,0.0,0.000723,"medium audit-window path consistency, not full RLNC payload recovery"
toolbench,gemini-flash,G1_tool,5,adjacent_swap,0.5,4,500,0.042,0.061129,"medium audit-window path consistency, not full RLNC payload recovery"
toolbench,gemini-flash,G1_tool,5,adjacent_swap,0.5,8,500,0.0,0.003737,"medium audit-window path consistency, not full RLNC payload recovery"
toolbench,gemini-flash,G1_tool,5,adjacent_swap,0.5,12,500,0.0,0.000228,"medium audit-window path consistency, not full RLNC payload recovery"
toolbench,gemini-flash,G1_tool,10,adjacent_swap,0.0,4,500,1.0,1.0,"medium audit-window path consistency, not full RLNC payload recovery"
toolbench,gemini-flash,G1_tool,10,adjacent_swap,0.0,8,500,1.0,1.0,"medium audit-window path consistency, not full RLNC payload recovery"
toolbench,gemini-flash,G1_tool,10,adjacent_swap,0.0,12,500,1.0,1.0,"medium audit-window path consistency, not full RLNC payload recovery"
toolbench,gemini-flash,G1_tool,10,adjacent_swap,0.05,4,500,0.76,0.759001,"medium audit-window path consistency, not full RLNC payload recovery"
toolbench,gemini-flash,G1_tool,10,adjacent_swap,0.05,8,500,0.508,0.576082,"medium audit-window path consistency, not full RLNC payload recovery"
toolbench,gemini-flash,G1_tool,10,adjacent_swap,0.05,12,500,0.41,0.437246,"medium audit-window path consistency, not full RLNC payload recovery"
toolbench,gemini-flash,G1_tool,10,adjacent_swap,0.1,4,500,0.658,0.567555,"medium audit-window path consistency, not full RLNC payload recovery"
toolbench,gemini-flash,G1_tool,10,adjacent_swap,0.1,8,500,0.39,0.322118,"medium audit-window path consistency, not full RLNC payload recovery"
toolbench,gemini-flash,G1_tool,10,adjacent_swap,0.1,12,500,0.242,0.18282,"medium audit-window path consistency, not full RLNC payload recovery"
toolbench,gemini-flash,G1_tool,10,adjacent_swap,0.15,4,500,0.426,0.417404,"medium audit-window path consistency, not full RLNC payload recovery"
toolbench,gemini-flash,G1_tool,10,adjacent_swap,0.15,8,500,0.186,0.174226,"medium audit-window path consistency, not full RLNC payload recovery"
toolbench,gemini-flash,G1_tool,10,adjacent_swap,0.15,12,500,0.068,0.072722,"medium audit-window path consistency, not full RLNC payload recovery"
toolbench,gemini-flash,G1_tool,10,adjacent_swap,0.2,4,500,0.312,0.301309,"medium audit-window path consistency, not full RLNC payload recovery"
toolbench,gemini-flash,G1_tool,10,adjacent_swap,0.2,8,500,0.088,0.090787,"medium audit-window path consistency, not full RLNC payload recovery"
toolbench,gemini-flash,G1_tool,10,adjacent_swap,0.2,12,500,0.042,0.027355,"medium audit-window path consistency, not full RLNC payload recovery"
toolbench,gemini-flash,G1_tool,10,adjacent_swap,0.25,4,500,0.23,0.212975,"medium audit-window path consistency, not full RLNC payload recovery"
toolbench,gemini-flash,G1_tool,10,adjacent_swap,0.25,8,500,0.048,0.045359,"medium audit-window path consistency, not full RLNC payload recovery"
toolbench,gemini-flash,G1_tool,10,adjacent_swap,0.25,12,500,0.008,0.00966,"medium audit-window path consistency, not full RLNC payload recovery"
toolbench,gemini-flash,G1_tool,10,adjacent_swap,0.3,4,500,0.23,0.146976,"medium audit-window path consistency, not full RLNC payload recovery"
toolbench,gemini-flash,G1_tool,10,adjacent_swap,0.3,8,500,0.06,0.021602,"medium audit-window path consistency, not full RLNC payload recovery"
toolbench,gemini-flash,G1_tool,10,adjacent_swap,0.3,12,500,0.012,0.003175,"medium audit-window path consistency, not full RLNC payload recovery"
toolbench,gemini-flash,G1_tool,10,adjacent_swap,0.35,4,500,0.106,0.098678,"medium audit-window path consistency, not full RLNC payload recovery"
toolbench,gemini-flash,G1_tool,10,adjacent_swap,0.35,8,500,0.01,0.009737,"medium audit-window path consistency, not full RLNC payload recovery"
toolbench,gemini-flash,G1_tool,10,adjacent_swap,0.35,12,500,0.0,0.000961,"medium audit-window path consistency, not full RLNC payload recovery"
toolbench,gemini-flash,G1_tool,10,adjacent_swap,0.4,4,500,0.104,0.064171,"medium audit-window path consistency, not full RLNC payload recovery"
toolbench,gemini-flash,G1_tool,10,adjacent_swap,0.4,8,500,0.012,0.004118,"medium audit-window path consistency, not full RLNC payload recovery"
toolbench,gemini-flash,G1_tool,10,adjacent_swap,0.4,12,500,0.002,0.000264,"medium audit-window path consistency, not full RLNC payload recovery"
toolbench,gemini-flash,G1_tool,10,adjacent_swap,0.45,4,500,0.072,0.040197,"medium audit-window path consistency, not full RLNC payload recovery"
toolbench,gemini-flash,G1_tool,10,adjacent_swap,0.45,8,500,0.01,0.001616,"medium audit-window path consistency, not full RLNC payload recovery"
toolbench,gemini-flash,G1_tool,10,adjacent_swap,0.45,12,500,0.0,6.5e-05,"medium audit-window path consistency, not full RLNC payload recovery"
toolbench,gemini-flash,G1_tool,10,adjacent_swap,0.5,4,500,0.08,0.02408,"medium audit-window path consistency, not full RLNC payload recovery"
toolbench,gemini-flash,G1_tool,10,adjacent_swap,0.5,8,500,0.0,0.00058,"medium audit-window path consistency, not full RLNC payload recovery"
toolbench,gemini-flash,G1_tool,10,adjacent_swap,0.5,12,500,0.0,1.4e-05,"medium audit-window path consistency, not full RLNC payload recovery"
toolbench,gemini-flash,G2_category,3,adjacent_swap,0.0,4,500,1.0,1.0,"medium audit-window path consistency, not full RLNC payload recovery"
toolbench,gemini-flash,G2_category,3,adjacent_swap,0.0,8,500,1.0,1.0,"medium audit-window path consistency, not full RLNC payload recovery"
toolbench,gemini-flash,G2_category,3,adjacent_swap,0.0,12,500,1.0,1.0,"medium audit-window path consistency, not full RLNC payload recovery"
toolbench,gemini-flash,G2_category,3,adjacent_swap,0.05,4,500,0.778,0.871206,"medium audit-window path consistency, not full RLNC payload recovery"
toolbench,gemini-flash,G2_category,3,adjacent_swap,0.05,8,500,0.612,0.759001,"medium audit-window path consistency, not full RLNC payload recovery"
toolbench,gemini-flash,G2_category,3,adjacent_swap,0.05,12,500,0.518,0.661246,"medium audit-window path consistency, not full RLNC payload recovery"
toolbench,gemini-flash,G2_category,3,adjacent_swap,0.1,4,500,0.694,0.753362,"medium audit-window path consistency, not full RLNC payload recovery"
toolbench,gemini-flash,G2_category,3,adjacent_swap,0.1,8,500,0.528,0.567555,"medium audit-window path consistency, not full RLNC payload recovery"
toolbench,gemini-flash,G2_category,3,adjacent_swap,0.1,12,500,0.35,0.427574,"medium audit-window path consistency, not full RLNC payload recovery"
toolbench,gemini-flash,G2_category,3,adjacent_swap,0.15,4,500,0.458,0.646068,"medium audit-window path consistency, not full RLNC payload recovery"
toolbench,gemini-flash,G2_category,3,adjacent_swap,0.15,8,500,0.288,0.417404,"medium audit-window path consistency, not full RLNC payload recovery"
toolbench,gemini-flash,G2_category,3,adjacent_swap,0.15,12,500,0.124,0.269671,"medium audit-window path consistency, not full RLNC payload recovery"
toolbench,gemini-flash,G2_category,3,adjacent_swap,0.2,4,500,0.264,0.548916,"medium audit-window path consistency, not full RLNC payload recovery"
toolbench,gemini-flash,G2_category,3,adjacent_swap,0.2,8,500,0.1,0.301309,"medium audit-window path consistency, not full RLNC payload recovery"
toolbench,gemini-flash,G2_category,3,adjacent_swap,0.2,12,500,0.03,0.165393,"medium audit-window path consistency, not full RLNC payload recovery"
toolbench,gemini-flash,G2_category,3,adjacent_swap,0.25,4,500,0.316,0.461493,"medium audit-window path consistency, not full RLNC payload recovery"
toolbench,gemini-flash,G2_category,3,adjacent_swap,0.25,8,500,0.074,0.212975,"medium audit-window path consistency, not full RLNC payload recovery"
toolbench,gemini-flash,G2_category,3,adjacent_swap,0.25,12,500,0.032,0.098287,"medium audit-window path consistency, not full RLNC payload recovery"
toolbench,gemini-flash,G2_category,3,adjacent_swap,0.3,4,500,0.19,0.383375,"medium audit-window path consistency, not full RLNC payload recovery"
toolbench,gemini-flash,G2_category,3,adjacent_swap,0.3,8,500,0.038,0.146976,"medium audit-window path consistency, not full RLNC payload recovery"
toolbench,gemini-flash,G2_category,3,adjacent_swap,0.3,12,500,0.012,0.056347,"medium audit-window path consistency, not full RLNC payload recovery"
toolbench,gemini-flash,G2_category,3,adjacent_swap,0.35,4,500,0.138,0.314131,"medium audit-window path consistency, not full RLNC payload recovery"
toolbench,gemini-flash,G2_category,3,adjacent_swap,0.35,8,500,0.014,0.098678,"medium audit-window path consistency, not full RLNC payload recovery"
toolbench,gemini-flash,G2_category,3,adjacent_swap,0.35,12,500,0.002,0.030998,"medium audit-window path consistency, not full RLNC payload recovery"
toolbench,gemini-flash,G2_category,3,adjacent_swap,0.4,4,500,0.14,0.253321,"medium audit-window path consistency, not full RLNC payload recovery"
toolbench,gemini-flash,G2_category,3,adjacent_swap,0.4,8,500,0.01,0.064171,"medium audit-window path consistency, not full RLNC payload recovery"
toolbench,gemini-flash,G2_category,3,adjacent_swap,0.4,12,500,0.0,0.016256,"medium audit-window path consistency, not full RLNC payload recovery"
toolbench,gemini-flash,G2_category,3,adjacent_swap,0.45,4,500,0.078,0.200491,"medium audit-window path consistency, not full RLNC payload recovery"
toolbench,gemini-flash,G2_category,3,adjacent_swap,0.45,8,500,0.012,0.040197,"medium audit-window path consistency, not full RLNC payload recovery"
toolbench,gemini-flash,G2_category,3,adjacent_swap,0.45,12,500,0.004,0.008059,"medium audit-window path consistency, not full RLNC payload recovery"
toolbench,gemini-flash,G2_category,3,adjacent_swap,0.5,4,500,0.106,0.155178,"medium audit-window path consistency, not full RLNC payload recovery"
toolbench,gemini-flash,G2_category,3,adjacent_swap,0.5,8,500,0.008,0.02408,"medium audit-window path consistency, not full RLNC payload recovery"
toolbench,gemini-flash,G2_category,3,adjacent_swap,0.5,12,500,0.002,0.003737,"medium audit-window path consistency, not full RLNC payload recovery"
toolbench,gemini-flash,G2_category,5,adjacent_swap,0.0,4,500,1.0,1.0,"medium audit-window path consistency, not full RLNC payload recovery"
toolbench,gemini-flash,G2_category,5,adjacent_swap,0.0,8,500,1.0,1.0,"medium audit-window path consistency, not full RLNC payload recovery"
toolbench,gemini-flash,G2_category,5,adjacent_swap,0.0,12,500,1.0,1.0,"medium audit-window path consistency, not full RLNC payload recovery"
toolbench,gemini-flash,G2_category,5,adjacent_swap,0.05,4,500,0.774,0.81317,"medium audit-window path consistency, not full RLNC payload recovery"
toolbench,gemini-flash,G2_category,5,adjacent_swap,0.05,8,500,0.572,0.661246,"medium audit-window path consistency, not full RLNC payload recovery"
toolbench,gemini-flash,G2_category,5,adjacent_swap,0.05,12,500,0.454,0.537706,"medium audit-window path consistency, not full RLNC payload recovery"
toolbench,gemini-flash,G2_category,5,adjacent_swap,0.1,4,500,0.406,0.653892,"medium audit-window path consistency, not full RLNC payload recovery"
toolbench,gemini-flash,G2_category,5,adjacent_swap,0.1,8,500,0.168,0.427574,"medium audit-window path consistency, not full RLNC payload recovery"
toolbench,gemini-flash,G2_category,5,adjacent_swap,0.1,12,500,0.064,0.279587,"medium audit-window path consistency, not full RLNC payload recovery"
toolbench,gemini-flash,G2_category,5,adjacent_swap,0.15,4,500,0.418,0.519299,"medium audit-window path consistency, not full RLNC payload recovery"
toolbench,gemini-flash,G2_category,5,adjacent_swap,0.15,8,500,0.196,0.269671,"medium audit-window path consistency, not full RLNC payload recovery"
toolbench,gemini-flash,G2_category,5,adjacent_swap,0.15,12,500,0.074,0.14004,"medium audit-window path consistency, not full RLNC payload recovery"
toolbench,gemini-flash,G2_category,5,adjacent_swap,0.2,4,500,0.328,0.406686,"medium audit-window path consistency, not full RLNC payload recovery"
toolbench,gemini-flash,G2_category,5,adjacent_swap,0.2,8,500,0.084,0.165393,"medium audit-window path consistency, not full RLNC payload recovery"
toolbench,gemini-flash,G2_category,5,adjacent_swap,0.2,12,500,0.028,0.067263,"medium audit-window path consistency, not full RLNC payload recovery"
toolbench,gemini-flash,G2_category,5,adjacent_swap,0.25,4,500,0.18,0.313507,"medium audit-window path consistency, not full RLNC payload recovery"
toolbench,gemini-flash,G2_category,5,adjacent_swap,0.25,8,500,0.042,0.098287,"medium audit-window path consistency, not full RLNC payload recovery"
toolbench,gemini-flash,G2_category,5,adjacent_swap,0.25,12,500,0.014,0.030814,"medium audit-window path consistency, not full RLNC payload recovery"
toolbench,gemini-flash,G2_category,5,adjacent_swap,0.3,4,500,0.216,0.237375,"medium audit-window path consistency, not full RLNC payload recovery"
toolbench,gemini-flash,G2_category,5,adjacent_swap,0.3,8,500,0.048,0.056347,"medium audit-window path consistency, not full RLNC payload recovery"
toolbench,gemini-flash,G2_category,5,adjacent_swap,0.3,12,500,0.016,0.013375,"medium audit-window path consistency, not full RLNC payload recovery"
toolbench,gemini-flash,G2_category,5,adjacent_swap,0.35,4,500,0.114,0.176062,"medium audit-window path consistency, not full RLNC payload recovery"
toolbench,gemini-flash,G2_category,5,adjacent_swap,0.35,8,500,0.012,0.030998,"medium audit-window path consistency, not full RLNC payload recovery"
toolbench,gemini-flash,G2_category,5,adjacent_swap,0.35,12,500,0.002,0.005458,"medium audit-window path consistency, not full RLNC payload recovery"
toolbench,gemini-flash,G2_category,5,adjacent_swap,0.4,4,500,0.134,0.127499,"medium audit-window path consistency, not full RLNC payload recovery"
toolbench,gemini-flash,G2_category,5,adjacent_swap,0.4,8,500,0.014,0.016256,"medium audit-window path consistency, not full RLNC payload recovery"
toolbench,gemini-flash,G2_category,5,adjacent_swap,0.4,12,500,0.0,0.002073,"medium audit-window path consistency, not full RLNC payload recovery"
toolbench,gemini-flash,G2_category,5,adjacent_swap,0.45,4,500,0.056,0.089772,"medium audit-window path consistency, not full RLNC payload recovery"
toolbench,gemini-flash,G2_category,5,adjacent_swap,0.45,8,500,0.0,0.008059,"medium audit-window path consistency, not full RLNC payload recovery"
toolbench,gemini-flash,G2_category,5,adjacent_swap,0.45,12,500,0.002,0.000723,"medium audit-window path consistency, not full RLNC payload recovery"
toolbench,gemini-flash,G2_category,5,adjacent_swap,0.5,4,500,0.034,0.061129,"medium audit-window path consistency, not full RLNC payload recovery"
toolbench,gemini-flash,G2_category,5,adjacent_swap,0.5,8,500,0.002,0.003737,"medium audit-window path consistency, not full RLNC payload recovery"
toolbench,gemini-flash,G2_category,5,adjacent_swap,0.5,12,500,0.0,0.000228,"medium audit-window path consistency, not full RLNC payload recovery"
toolbench,gemini-flash,G2_category,10,adjacent_swap,0.0,4,500,1.0,1.0,"medium audit-window path consistency, not full RLNC payload recovery"
toolbench,gemini-flash,G2_category,10,adjacent_swap,0.0,8,500,1.0,1.0,"medium audit-window path consistency, not full RLNC payload recovery"
toolbench,gemini-flash,G2_category,10,adjacent_swap,0.0,12,500,1.0,1.0,"medium audit-window path consistency, not full RLNC payload recovery"
toolbench,gemini-flash,G2_category,10,adjacent_swap,0.05,4,500,0.744,0.759001,"medium audit-window path consistency, not full RLNC payload recovery"
toolbench,gemini-flash,G2_category,10,adjacent_swap,0.05,8,500,0.55,0.576082,"medium audit-window path consistency, not full RLNC payload recovery"
toolbench,gemini-flash,G2_category,10,adjacent_swap,0.05,12,500,0.394,0.437246,"medium audit-window path consistency, not full RLNC payload recovery"
toolbench,gemini-flash,G2_category,10,adjacent_swap,0.1,4,500,0.542,0.567555,"medium audit-window path consistency, not full RLNC payload recovery"
toolbench,gemini-flash,G2_category,10,adjacent_swap,0.1,8,500,0.304,0.322118,"medium audit-window path consistency, not full RLNC payload recovery"
toolbench,gemini-flash,G2_category,10,adjacent_swap,0.1,12,500,0.148,0.18282,"medium audit-window path consistency, not full RLNC payload recovery"
toolbench,gemini-flash,G2_category,10,adjacent_swap,0.15,4,500,0.438,0.417404,"medium audit-window path consistency, not full RLNC payload recovery"
toolbench,gemini-flash,G2_category,10,adjacent_swap,0.15,8,500,0.182,0.174226,"medium audit-window path consistency, not full RLNC payload recovery"
toolbench,gemini-flash,G2_category,10,adjacent_swap,0.15,12,500,0.066,0.072722,"medium audit-window path consistency, not full RLNC payload recovery"
toolbench,gemini-flash,G2_category,10,adjacent_swap,0.2,4,500,0.3,0.301309,"medium audit-window path consistency, not full RLNC payload recovery"
toolbench,gemini-flash,G2_category,10,adjacent_swap,0.2,8,500,0.094,0.090787,"medium audit-window path consistency, not full RLNC payload recovery"
toolbench,gemini-flash,G2_category,10,adjacent_swap,0.2,12,500,0.028,0.027355,"medium audit-window path consistency, not full RLNC payload recovery"
toolbench,gemini-flash,G2_category,10,adjacent_swap,0.25,4,500,0.212,0.212975,"medium audit-window path consistency, not full RLNC payload recovery"
toolbench,gemini-flash,G2_category,10,adjacent_swap,0.25,8,500,0.032,0.045359,"medium audit-window path consistency, not full RLNC payload recovery"
toolbench,gemini-flash,G2_category,10,adjacent_swap,0.25,12,500,0.002,0.00966,"medium audit-window path consistency, not full RLNC payload recovery"
toolbench,gemini-flash,G2_category,10,adjacent_swap,0.3,4,500,0.184,0.146976,"medium audit-window path consistency, not full RLNC payload recovery"
toolbench,gemini-flash,G2_category,10,adjacent_swap,0.3,8,500,0.03,0.021602,"medium audit-window path consistency, not full RLNC payload recovery"
toolbench,gemini-flash,G2_category,10,adjacent_swap,0.3,12,500,0.004,0.003175,"medium audit-window path consistency, not full RLNC payload recovery"
toolbench,gemini-flash,G2_category,10,adjacent_swap,0.35,4,500,0.1,0.098678,"medium audit-window path consistency, not full RLNC payload recovery"
toolbench,gemini-flash,G2_category,10,adjacent_swap,0.35,8,500,0.012,0.009737,"medium audit-window path consistency, not full RLNC payload recovery"
toolbench,gemini-flash,G2_category,10,adjacent_swap,0.35,12,500,0.002,0.000961,"medium audit-window path consistency, not full RLNC payload recovery"
toolbench,gemini-flash,G2_category,10,adjacent_swap,0.4,4,500,0.096,0.064171,"medium audit-window path consistency, not full RLNC payload recovery"
toolbench,gemini-flash,G2_category,10,adjacent_swap,0.4,8,500,0.01,0.004118,"medium audit-window path consistency, not full RLNC payload recovery"
toolbench,gemini-flash,G2_category,10,adjacent_swap,0.4,12,500,0.0,0.000264,"medium audit-window path consistency, not full RLNC payload recovery"
toolbench,gemini-flash,G2_category,10,adjacent_swap,0.45,4,500,0.048,0.040197,"medium audit-window path consistency, not full RLNC payload recovery"
toolbench,gemini-flash,G2_category,10,adjacent_swap,0.45,8,500,0.002,0.001616,"medium audit-window path consistency, not full RLNC payload recovery"
toolbench,gemini-flash,G2_category,10,adjacent_swap,0.45,12,500,0.0,6.5e-05,"medium audit-window path consistency, not full RLNC payload recovery"
toolbench,gemini-flash,G2_category,10,adjacent_swap,0.5,4,500,0.056,0.02408,"medium audit-window path consistency, not full RLNC payload recovery"
toolbench,gemini-flash,G2_category,10,adjacent_swap,0.5,8,500,0.006,0.00058,"medium audit-window path consistency, not full RLNC payload recovery"
toolbench,gemini-flash,G2_category,10,adjacent_swap,0.5,12,500,0.0,1.4e-05,"medium audit-window path consistency, not full RLNC payload recovery"
toolbench,gemini-flash,G2_instruction,3,adjacent_swap,0.0,4,500,1.0,1.0,"medium audit-window path consistency, not full RLNC payload recovery"
toolbench,gemini-flash,G2_instruction,3,adjacent_swap,0.0,8,500,1.0,1.0,"medium audit-window path consistency, not full RLNC payload recovery"
toolbench,gemini-flash,G2_instruction,3,adjacent_swap,0.0,12,500,1.0,1.0,"medium audit-window path consistency, not full RLNC payload recovery"
toolbench,gemini-flash,G2_instruction,3,adjacent_swap,0.05,4,500,0.714,0.871206,"medium audit-window path consistency, not full RLNC payload recovery"
toolbench,gemini-flash,G2_instruction,3,adjacent_swap,0.05,8,500,0.5,0.759001,"medium audit-window path consistency, not full RLNC payload recovery"
toolbench,gemini-flash,G2_instruction,3,adjacent_swap,0.05,12,500,0.362,0.661246,"medium audit-window path consistency, not full RLNC payload recovery"
toolbench,gemini-flash,G2_instruction,3,adjacent_swap,0.1,4,500,0.462,0.753362,"medium audit-window path consistency, not full RLNC payload recovery"
toolbench,gemini-flash,G2_instruction,3,adjacent_swap,0.1,8,500,0.268,0.567555,"medium audit-window path consistency, not full RLNC payload recovery"
toolbench,gemini-flash,G2_instruction,3,adjacent_swap,0.1,12,500,0.118,0.427574,"medium audit-window path consistency, not full RLNC payload recovery"
toolbench,gemini-flash,G2_instruction,3,adjacent_swap,0.15,4,500,0.404,0.646068,"medium audit-window path consistency, not full RLNC payload recovery"
toolbench,gemini-flash,G2_instruction,3,adjacent_swap,0.15,8,500,0.188,0.417404,"medium audit-window path consistency, not full RLNC payload recovery"
toolbench,gemini-flash,G2_instruction,3,adjacent_swap,0.15,12,500,0.076,0.269671,"medium audit-window path consistency, not full RLNC payload recovery"
toolbench,gemini-flash,G2_instruction,3,adjacent_swap,0.2,4,500,0.204,0.548916,"medium audit-window path consistency, not full RLNC payload recovery"
toolbench,gemini-flash,G2_instruction,3,adjacent_swap,0.2,8,500,0.044,0.301309,"medium audit-window path consistency, not full RLNC payload recovery"
toolbench,gemini-flash,G2_instruction,3,adjacent_swap,0.2,12,500,0.006,0.165393,"medium audit-window path consistency, not full RLNC payload recovery"
toolbench,gemini-flash,G2_instruction,3,adjacent_swap,0.25,4,500,0.2,0.461493,"medium audit-window path consistency, not full RLNC payload recovery"
toolbench,gemini-flash,G2_instruction,3,adjacent_swap,0.25,8,500,0.042,0.212975,"medium audit-window path consistency, not full RLNC payload recovery"
toolbench,gemini-flash,G2_instruction,3,adjacent_swap,0.25,12,500,0.006,0.098287,"medium audit-window path consistency, not full RLNC payload recovery"
toolbench,gemini-flash,G2_instruction,3,adjacent_swap,0.3,4,500,0.124,0.383375,"medium audit-window path consistency, not full RLNC payload recovery"
toolbench,gemini-flash,G2_instruction,3,adjacent_swap,0.3,8,500,0.024,0.146976,"medium audit-window path consistency, not full RLNC payload recovery"
toolbench,gemini-flash,G2_instruction,3,adjacent_swap,0.3,12,500,0.006,0.056347,"medium audit-window path consistency, not full RLNC payload recovery"
toolbench,gemini-flash,G2_instruction,3,adjacent_swap,0.35,4,500,0.102,0.314131,"medium audit-window path consistency, not full RLNC payload recovery"
toolbench,gemini-flash,G2_instruction,3,adjacent_swap,0.35,8,500,0.006,0.098678,"medium audit-window path consistency, not full RLNC payload recovery"
toolbench,gemini-flash,G2_instruction,3,adjacent_swap,0.35,12,500,0.0,0.030998,"medium audit-window path consistency, not full RLNC payload recovery"
toolbench,gemini-flash,G2_instruction,3,adjacent_swap,0.4,4,500,0.076,0.253321,"medium audit-window path consistency, not full RLNC payload recovery"
toolbench,gemini-flash,G2_instruction,3,adjacent_swap,0.4,8,500,0.002,0.064171,"medium audit-window path consistency, not full RLNC payload recovery"
toolbench,gemini-flash,G2_instruction,3,adjacent_swap,0.4,12,500,0.0,0.016256,"medium audit-window path consistency, not full RLNC payload recovery"
toolbench,gemini-flash,G2_instruction,3,adjacent_swap,0.45,4,500,0.03,0.200491,"medium audit-window path consistency, not full RLNC payload recovery"
toolbench,gemini-flash,G2_instruction,3,adjacent_swap,0.45,8,500,0.0,0.040197,"medium audit-window path consistency, not full RLNC payload recovery"
toolbench,gemini-flash,G2_instruction,3,adjacent_swap,0.45,12,500,0.0,0.008059,"medium audit-window path consistency, not full RLNC payload recovery"
toolbench,gemini-flash,G2_instruction,3,adjacent_swap,0.5,4,500,0.012,0.155178,"medium audit-window path consistency, not full RLNC payload recovery"
toolbench,gemini-flash,G2_instruction,3,adjacent_swap,0.5,8,500,0.0,0.02408,"medium audit-window path consistency, not full RLNC payload recovery"
toolbench,gemini-flash,G2_instruction,3,adjacent_swap,0.5,12,500,0.0,0.003737,"medium audit-window path consistency, not full RLNC payload recovery"
toolbench,gemini-flash,G2_instruction,5,adjacent_swap,0.0,4,500,1.0,1.0,"medium audit-window path consistency, not full RLNC payload recovery"
toolbench,gemini-flash,G2_instruction,5,adjacent_swap,0.0,8,500,1.0,1.0,"medium audit-window path consistency, not full RLNC payload recovery"
toolbench,gemini-flash,G2_instruction,5,adjacent_swap,0.0,12,500,1.0,1.0,"medium audit-window path consistency, not full RLNC payload recovery"
toolbench,gemini-flash,G2_instruction,5,adjacent_swap,0.05,4,500,0.756,0.81317,"medium audit-window path consistency, not full RLNC payload recovery"
toolbench,gemini-flash,G2_instruction,5,adjacent_swap,0.05,8,500,0.534,0.661246,"medium audit-window path consistency, not full RLNC payload recovery"
toolbench,gemini-flash,G2_instruction,5,adjacent_swap,0.05,12,500,0.386,0.537706,"medium audit-window path consistency, not full RLNC payload recovery"
toolbench,gemini-flash,G2_instruction,5,adjacent_swap,0.1,4,500,0.492,0.653892,"medium audit-window path consistency, not full RLNC payload recovery"
toolbench,gemini-flash,G2_instruction,5,adjacent_swap,0.1,8,500,0.256,0.427574,"medium audit-window path consistency, not full RLNC payload recovery"
toolbench,gemini-flash,G2_instruction,5,adjacent_swap,0.1,12,500,0.126,0.279587,"medium audit-window path consistency, not full RLNC payload recovery"
toolbench,gemini-flash,G2_instruction,5,adjacent_swap,0.15,4,500,0.414,0.519299,"medium audit-window path consistency, not full RLNC payload recovery"
toolbench,gemini-flash,G2_instruction,5,adjacent_swap,0.15,8,500,0.18,0.269671,"medium audit-window path consistency, not full RLNC payload recovery"
toolbench,gemini-flash,G2_instruction,5,adjacent_swap,0.15,12,500,0.088,0.14004,"medium audit-window path consistency, not full RLNC payload recovery"
toolbench,gemini-flash,G2_instruction,5,adjacent_swap,0.2,4,500,0.272,0.406686,"medium audit-window path consistency, not full RLNC payload recovery"
toolbench,gemini-flash,G2_instruction,5,adjacent_swap,0.2,8,500,0.094,0.165393,"medium audit-window path consistency, not full RLNC payload recovery"
toolbench,gemini-flash,G2_instruction,5,adjacent_swap,0.2,12,500,0.018,0.067263,"medium audit-window path consistency, not full RLNC payload recovery"
toolbench,gemini-flash,G2_instruction,5,adjacent_swap,0.25,4,500,0.194,0.313507,"medium audit-window path consistency, not full RLNC payload recovery"
toolbench,gemini-flash,G2_instruction,5,adjacent_swap,0.25,8,500,0.056,0.098287,"medium audit-window path consistency, not full RLNC payload recovery"
toolbench,gemini-flash,G2_instruction,5,adjacent_swap,0.25,12,500,0.03,0.030814,"medium audit-window path consistency, not full RLNC payload recovery"
toolbench,gemini-flash,G2_instruction,5,adjacent_swap,0.3,4,500,0.174,0.237375,"medium audit-window path consistency, not full RLNC payload recovery"
toolbench,gemini-flash,G2_instruction,5,adjacent_swap,0.3,8,500,0.022,0.056347,"medium audit-window path consistency, not full RLNC payload recovery"
toolbench,gemini-flash,G2_instruction,5,adjacent_swap,0.3,12,500,0.0,0.013375,"medium audit-window path consistency, not full RLNC payload recovery"
toolbench,gemini-flash,G2_instruction,5,adjacent_swap,0.35,4,500,0.13,0.176062,"medium audit-window path consistency, not full RLNC payload recovery"
toolbench,gemini-flash,G2_instruction,5,adjacent_swap,0.35,8,500,0.01,0.030998,"medium audit-window path consistency, not full RLNC payload recovery"
toolbench,gemini-flash,G2_instruction,5,adjacent_swap,0.35,12,500,0.0,0.005458,"medium audit-window path consistency, not full RLNC payload recovery"
toolbench,gemini-flash,G2_instruction,5,adjacent_swap,0.4,4,500,0.054,0.127499,"medium audit-window path consistency, not full RLNC payload recovery"
toolbench,gemini-flash,G2_instruction,5,adjacent_swap,0.4,8,500,0.004,0.016256,"medium audit-window path consistency, not full RLNC payload recovery"
toolbench,gemini-flash,G2_instruction,5,adjacent_swap,0.4,12,500,0.002,0.002073,"medium audit-window path consistency, not full RLNC payload recovery"
toolbench,gemini-flash,G2_instruction,5,adjacent_swap,0.45,4,500,0.068,0.089772,"medium audit-window path consistency, not full RLNC payload recovery"
toolbench,gemini-flash,G2_instruction,5,adjacent_swap,0.45,8,500,0.0,0.008059,"medium audit-window path consistency, not full RLNC payload recovery"
toolbench,gemini-flash,G2_instruction,5,adjacent_swap,0.45,12,500,0.0,0.000723,"medium audit-window path consistency, not full RLNC payload recovery"
toolbench,gemini-flash,G2_instruction,5,adjacent_swap,0.5,4,500,0.028,0.061129,"medium audit-window path consistency, not full RLNC payload recovery"
toolbench,gemini-flash,G2_instruction,5,adjacent_swap,0.5,8,500,0.002,0.003737,"medium audit-window path consistency, not full RLNC payload recovery"
toolbench,gemini-flash,G2_instruction,5,adjacent_swap,0.5,12,500,0.0,0.000228,"medium audit-window path consistency, not full RLNC payload recovery"
toolbench,gemini-flash,G2_instruction,10,adjacent_swap,0.0,4,500,1.0,1.0,"medium audit-window path consistency, not full RLNC payload recovery"
toolbench,gemini-flash,G2_instruction,10,adjacent_swap,0.0,8,500,1.0,1.0,"medium audit-window path consistency, not full RLNC payload recovery"
toolbench,gemini-flash,G2_instruction,10,adjacent_swap,0.0,12,500,1.0,1.0,"medium audit-window path consistency, not full RLNC payload recovery"
toolbench,gemini-flash,G2_instruction,10,adjacent_swap,0.05,4,500,0.794,0.759001,"medium audit-window path consistency, not full RLNC payload recovery"
toolbench,gemini-flash,G2_instruction,10,adjacent_swap,0.05,8,500,0.656,0.576082,"medium audit-window path consistency, not full RLNC payload recovery"
toolbench,gemini-flash,G2_instruction,10,adjacent_swap,0.05,12,500,0.524,0.437246,"medium audit-window path consistency, not full RLNC payload recovery"
toolbench,gemini-flash,G2_instruction,10,adjacent_swap,0.1,4,500,0.474,0.567555,"medium audit-window path consistency, not full RLNC payload recovery"
toolbench,gemini-flash,G2_instruction,10,adjacent_swap,0.1,8,500,0.262,0.322118,"medium audit-window path consistency, not full RLNC payload recovery"
toolbench,gemini-flash,G2_instruction,10,adjacent_swap,0.1,12,500,0.106,0.18282,"medium audit-window path consistency, not full RLNC payload recovery"
toolbench,gemini-flash,G2_instruction,10,adjacent_swap,0.15,4,500,0.304,0.417404,"medium audit-window path consistency, not full RLNC payload recovery"
toolbench,gemini-flash,G2_instruction,10,adjacent_swap,0.15,8,500,0.114,0.174226,"medium audit-window path consistency, not full RLNC payload recovery"
toolbench,gemini-flash,G2_instruction,10,adjacent_swap,0.15,12,500,0.04,0.072722,"medium audit-window path consistency, not full RLNC payload recovery"
toolbench,gemini-flash,G2_instruction,10,adjacent_swap,0.2,4,500,0.296,0.301309,"medium audit-window path consistency, not full RLNC payload recovery"
toolbench,gemini-flash,G2_instruction,10,adjacent_swap,0.2,8,500,0.1,0.090787,"medium audit-window path consistency, not full RLNC payload recovery"
toolbench,gemini-flash,G2_instruction,10,adjacent_swap,0.2,12,500,0.04,0.027355,"medium audit-window path consistency, not full RLNC payload recovery"
toolbench,gemini-flash,G2_instruction,10,adjacent_swap,0.25,4,500,0.196,0.212975,"medium audit-window path consistency, not full RLNC payload recovery"
toolbench,gemini-flash,G2_instruction,10,adjacent_swap,0.25,8,500,0.06,0.045359,"medium audit-window path consistency, not full RLNC payload recovery"
toolbench,gemini-flash,G2_instruction,10,adjacent_swap,0.25,12,500,0.016,0.00966,"medium audit-window path consistency, not full RLNC payload recovery"
toolbench,gemini-flash,G2_instruction,10,adjacent_swap,0.3,4,500,0.14,0.146976,"medium audit-window path consistency, not full RLNC payload recovery"
toolbench,gemini-flash,G2_instruction,10,adjacent_swap,0.3,8,500,0.012,0.021602,"medium audit-window path consistency, not full RLNC payload recovery"
toolbench,gemini-flash,G2_instruction,10,adjacent_swap,0.3,12,500,0.006,0.003175,"medium audit-window path consistency, not full RLNC payload recovery"
toolbench,gemini-flash,G2_instruction,10,adjacent_swap,0.35,4,500,0.094,0.098678,"medium audit-window path consistency, not full RLNC payload recovery"
toolbench,gemini-flash,G2_instruction,10,adjacent_swap,0.35,8,500,0.01,0.009737,"medium audit-window path consistency, not full RLNC payload recovery"
toolbench,gemini-flash,G2_instruction,10,adjacent_swap,0.35,12,500,0.0,0.000961,"medium audit-window path consistency, not full RLNC payload recovery"
toolbench,gemini-flash,G2_instruction,10,adjacent_swap,0.4,4,500,0.07,0.064171,"medium audit-window path consistency, not full RLNC payload recovery"
toolbench,gemini-flash,G2_instruction,10,adjacent_swap,0.4,8,500,0.002,0.004118,"medium audit-window path consistency, not full RLNC payload recovery"
toolbench,gemini-flash,G2_instruction,10,adjacent_swap,0.4,12,500,0.0,0.000264,"medium audit-window path consistency, not full RLNC payload recovery"
toolbench,gemini-flash,G2_instruction,10,adjacent_swap,0.45,4,500,0.044,0.040197,"medium audit-window path consistency, not full RLNC payload recovery"
toolbench,gemini-flash,G2_instruction,10,adjacent_swap,0.45,8,500,0.0,0.001616,"medium audit-window path consistency, not full RLNC payload recovery"
toolbench,gemini-flash,G2_instruction,10,adjacent_swap,0.45,12,500,0.0,6.5e-05,"medium audit-window path consistency, not full RLNC payload recovery"
toolbench,gemini-flash,G2_instruction,10,adjacent_swap,0.5,4,500,0.01,0.02408,"medium audit-window path consistency, not full RLNC payload recovery"
toolbench,gemini-flash,G2_instruction,10,adjacent_swap,0.5,8,500,0.0,0.00058,"medium audit-window path consistency, not full RLNC payload recovery"
toolbench,gemini-flash,G2_instruction,10,adjacent_swap,0.5,12,500,0.0,1.4e-05,"medium audit-window path consistency, not full RLNC payload recovery"
toolbench,gemini-flash,G3_instruction,3,adjacent_swap,0.0,4,500,1.0,1.0,"medium audit-window path consistency, not full RLNC payload recovery"
toolbench,gemini-flash,G3_instruction,3,adjacent_swap,0.0,8,500,1.0,1.0,"medium audit-window path consistency, not full RLNC payload recovery"
toolbench,gemini-flash,G3_instruction,3,adjacent_swap,0.0,12,500,1.0,1.0,"medium audit-window path consistency, not full RLNC payload recovery"
toolbench,gemini-flash,G3_instruction,3,adjacent_swap,0.05,4,500,0.798,0.871206,"medium audit-window path consistency, not full RLNC payload recovery"
toolbench,gemini-flash,G3_instruction,3,adjacent_swap,0.05,8,500,0.628,0.759001,"medium audit-window path consistency, not full RLNC payload recovery"
toolbench,gemini-flash,G3_instruction,3,adjacent_swap,0.05,12,500,0.486,0.661246,"medium audit-window path consistency, not full RLNC payload recovery"
toolbench,gemini-flash,G3_instruction,3,adjacent_swap,0.1,4,500,0.714,0.753362,"medium audit-window path consistency, not full RLNC payload recovery"
toolbench,gemini-flash,G3_instruction,3,adjacent_swap,0.1,8,500,0.532,0.567555,"medium audit-window path consistency, not full RLNC payload recovery"
toolbench,gemini-flash,G3_instruction,3,adjacent_swap,0.1,12,500,0.356,0.427574,"medium audit-window path consistency, not full RLNC payload recovery"
toolbench,gemini-flash,G3_instruction,3,adjacent_swap,0.15,4,500,0.598,0.646068,"medium audit-window path consistency, not full RLNC payload recovery"
toolbench,gemini-flash,G3_instruction,3,adjacent_swap,0.15,8,500,0.364,0.417404,"medium audit-window path consistency, not full RLNC payload recovery"
toolbench,gemini-flash,G3_instruction,3,adjacent_swap,0.15,12,500,0.218,0.269671,"medium audit-window path consistency, not full RLNC payload recovery"
toolbench,gemini-flash,G3_instruction,3,adjacent_swap,0.2,4,500,0.496,0.548916,"medium audit-window path consistency, not full RLNC payload recovery"
toolbench,gemini-flash,G3_instruction,3,adjacent_swap,0.2,8,500,0.218,0.301309,"medium audit-window path consistency, not full RLNC payload recovery"
toolbench,gemini-flash,G3_instruction,3,adjacent_swap,0.2,12,500,0.126,0.165393,"medium audit-window path consistency, not full RLNC payload recovery"
toolbench,gemini-flash,G3_instruction,3,adjacent_swap,0.25,4,500,0.4,0.461493,"medium audit-window path consistency, not full RLNC payload recovery"
toolbench,gemini-flash,G3_instruction,3,adjacent_swap,0.25,8,500,0.182,0.212975,"medium audit-window path consistency, not full RLNC payload recovery"
toolbench,gemini-flash,G3_instruction,3,adjacent_swap,0.25,12,500,0.078,0.098287,"medium audit-window path consistency, not full RLNC payload recovery"
toolbench,gemini-flash,G3_instruction,3,adjacent_swap,0.3,4,500,0.328,0.383375,"medium audit-window path consistency, not full RLNC payload recovery"
toolbench,gemini-flash,G3_instruction,3,adjacent_swap,0.3,8,500,0.124,0.146976,"medium audit-window path consistency, not full RLNC payload recovery"
toolbench,gemini-flash,G3_instruction,3,adjacent_swap,0.3,12,500,0.038,0.056347,"medium audit-window path consistency, not full RLNC payload recovery"
toolbench,gemini-flash,G3_instruction,3,adjacent_swap,0.35,4,500,0.326,0.314131,"medium audit-window path consistency, not full RLNC payload recovery"
toolbench,gemini-flash,G3_instruction,3,adjacent_swap,0.35,8,500,0.112,0.098678,"medium audit-window path consistency, not full RLNC payload recovery"
toolbench,gemini-flash,G3_instruction,3,adjacent_swap,0.35,12,500,0.028,0.030998,"medium audit-window path consistency, not full RLNC payload recovery"
toolbench,gemini-flash,G3_instruction,3,adjacent_swap,0.4,4,500,0.198,0.253321,"medium audit-window path consistency, not full RLNC payload recovery"
toolbench,gemini-flash,G3_instruction,3,adjacent_swap,0.4,8,500,0.042,0.064171,"medium audit-window path consistency, not full RLNC payload recovery"
toolbench,gemini-flash,G3_instruction,3,adjacent_swap,0.4,12,500,0.008,0.016256,"medium audit-window path consistency, not full RLNC payload recovery"
toolbench,gemini-flash,G3_instruction,3,adjacent_swap,0.45,4,500,0.198,0.200491,"medium audit-window path consistency, not full RLNC payload recovery"
toolbench,gemini-flash,G3_instruction,3,adjacent_swap,0.45,8,500,0.042,0.040197,"medium audit-window path consistency, not full RLNC payload recovery"
toolbench,gemini-flash,G3_instruction,3,adjacent_swap,0.45,12,500,0.01,0.008059,"medium audit-window path consistency, not full RLNC payload recovery"
toolbench,gemini-flash,G3_instruction,3,adjacent_swap,0.5,4,500,0.164,0.155178,"medium audit-window path consistency, not full RLNC payload recovery"
toolbench,gemini-flash,G3_instruction,3,adjacent_swap,0.5,8,500,0.02,0.02408,"medium audit-window path consistency, not full RLNC payload recovery"
toolbench,gemini-flash,G3_instruction,3,adjacent_swap,0.5,12,500,0.008,0.003737,"medium audit-window path consistency, not full RLNC payload recovery"
toolbench,gemini-flash,G3_instruction,5,adjacent_swap,0.0,4,500,1.0,1.0,"medium audit-window path consistency, not full RLNC payload recovery"
toolbench,gemini-flash,G3_instruction,5,adjacent_swap,0.0,8,500,1.0,1.0,"medium audit-window path consistency, not full RLNC payload recovery"
toolbench,gemini-flash,G3_instruction,5,adjacent_swap,0.0,12,500,1.0,1.0,"medium audit-window path consistency, not full RLNC payload recovery"
toolbench,gemini-flash,G3_instruction,5,adjacent_swap,0.05,4,500,0.738,0.81317,"medium audit-window path consistency, not full RLNC payload recovery"
toolbench,gemini-flash,G3_instruction,5,adjacent_swap,0.05,8,500,0.566,0.661246,"medium audit-window path consistency, not full RLNC payload recovery"
toolbench,gemini-flash,G3_instruction,5,adjacent_swap,0.05,12,500,0.414,0.537706,"medium audit-window path consistency, not full RLNC payload recovery"
toolbench,gemini-flash,G3_instruction,5,adjacent_swap,0.1,4,500,0.596,0.653892,"medium audit-window path consistency, not full RLNC payload recovery"
toolbench,gemini-flash,G3_instruction,5,adjacent_swap,0.1,8,500,0.32,0.427574,"medium audit-window path consistency, not full RLNC payload recovery"
toolbench,gemini-flash,G3_instruction,5,adjacent_swap,0.1,12,500,0.182,0.279587,"medium audit-window path consistency, not full RLNC payload recovery"
toolbench,gemini-flash,G3_instruction,5,adjacent_swap,0.15,4,500,0.462,0.519299,"medium audit-window path consistency, not full RLNC payload recovery"
toolbench,gemini-flash,G3_instruction,5,adjacent_swap,0.15,8,500,0.246,0.269671,"medium audit-window path consistency, not full RLNC payload recovery"
toolbench,gemini-flash,G3_instruction,5,adjacent_swap,0.15,12,500,0.09,0.14004,"medium audit-window path consistency, not full RLNC payload recovery"
toolbench,gemini-flash,G3_instruction,5,adjacent_swap,0.2,4,500,0.36,0.406686,"medium audit-window path consistency, not full RLNC payload recovery"
toolbench,gemini-flash,G3_instruction,5,adjacent_swap,0.2,8,500,0.16,0.165393,"medium audit-window path consistency, not full RLNC payload recovery"
toolbench,gemini-flash,G3_instruction,5,adjacent_swap,0.2,12,500,0.08,0.067263,"medium audit-window path consistency, not full RLNC payload recovery"
toolbench,gemini-flash,G3_instruction,5,adjacent_swap,0.25,4,500,0.344,0.313507,"medium audit-window path consistency, not full RLNC payload recovery"
toolbench,gemini-flash,G3_instruction,5,adjacent_swap,0.25,8,500,0.118,0.098287,"medium audit-window path consistency, not full RLNC payload recovery"
toolbench,gemini-flash,G3_instruction,5,adjacent_swap,0.25,12,500,0.036,0.030814,"medium audit-window path consistency, not full RLNC payload recovery"
toolbench,gemini-flash,G3_instruction,5,adjacent_swap,0.3,4,500,0.278,0.237375,"medium audit-window path consistency, not full RLNC payload recovery"
toolbench,gemini-flash,G3_instruction,5,adjacent_swap,0.3,8,500,0.078,0.056347,"medium audit-window path consistency, not full RLNC payload recovery"
toolbench,gemini-flash,G3_instruction,5,adjacent_swap,0.3,12,500,0.014,0.013375,"medium audit-window path consistency, not full RLNC payload recovery"
toolbench,gemini-flash,G3_instruction,5,adjacent_swap,0.35,4,500,0.122,0.176062,"medium audit-window path consistency, not full RLNC payload recovery"
toolbench,gemini-flash,G3_instruction,5,adjacent_swap,0.35,8,500,0.022,0.030998,"medium audit-window path consistency, not full RLNC payload recovery"
toolbench,gemini-flash,G3_instruction,5,adjacent_swap,0.35,12,500,0.0,0.005458,"medium audit-window path consistency, not full RLNC payload recovery"
toolbench,gemini-flash,G3_instruction,5,adjacent_swap,0.4,4,500,0.142,0.127499,"medium audit-window path consistency, not full RLNC payload recovery"
toolbench,gemini-flash,G3_instruction,5,adjacent_swap,0.4,8,500,0.022,0.016256,"medium audit-window path consistency, not full RLNC payload recovery"
toolbench,gemini-flash,G3_instruction,5,adjacent_swap,0.4,12,500,0.002,0.002073,"medium audit-window path consistency, not full RLNC payload recovery"
toolbench,gemini-flash,G3_instruction,5,adjacent_swap,0.45,4,500,0.112,0.089772,"medium audit-window path consistency, not full RLNC payload recovery"
toolbench,gemini-flash,G3_instruction,5,adjacent_swap,0.45,8,500,0.01,0.008059,"medium audit-window path consistency, not full RLNC payload recovery"
toolbench,gemini-flash,G3_instruction,5,adjacent_swap,0.45,12,500,0.002,0.000723,"medium audit-window path consistency, not full RLNC payload recovery"
toolbench,gemini-flash,G3_instruction,5,adjacent_swap,0.5,4,500,0.08,0.061129,"medium audit-window path consistency, not full RLNC payload recovery"
toolbench,gemini-flash,G3_instruction,5,adjacent_swap,0.5,8,500,0.002,0.003737,"medium audit-window path consistency, not full RLNC payload recovery"
toolbench,gemini-flash,G3_instruction,5,adjacent_swap,0.5,12,500,0.0,0.000228,"medium audit-window path consistency, not full RLNC payload recovery"
toolbench,gemini-flash,G3_instruction,10,adjacent_swap,0.0,4,500,1.0,1.0,"medium audit-window path consistency, not full RLNC payload recovery"
toolbench,gemini-flash,G3_instruction,10,adjacent_swap,0.0,8,500,1.0,1.0,"medium audit-window path consistency, not full RLNC payload recovery"
toolbench,gemini-flash,G3_instruction,10,adjacent_swap,0.0,12,500,1.0,1.0,"medium audit-window path consistency, not full RLNC payload recovery"
toolbench,gemini-flash,G3_instruction,10,adjacent_swap,0.05,4,500,0.848,0.759001,"medium audit-window path consistency, not full RLNC payload recovery"
toolbench,gemini-flash,G3_instruction,10,adjacent_swap,0.05,8,500,0.708,0.576082,"medium audit-window path consistency, not full RLNC payload recovery"
toolbench,gemini-flash,G3_instruction,10,adjacent_swap,0.05,12,500,0.582,0.437246,"medium audit-window path consistency, not full RLNC payload recovery"
toolbench,gemini-flash,G3_instruction,10,adjacent_swap,0.1,4,500,0.624,0.567555,"medium audit-window path consistency, not full RLNC payload recovery"
toolbench,gemini-flash,G3_instruction,10,adjacent_swap,0.1,8,500,0.374,0.322118,"medium audit-window path consistency, not full RLNC payload recovery"
toolbench,gemini-flash,G3_instruction,10,adjacent_swap,0.1,12,500,0.202,0.18282,"medium audit-window path consistency, not full RLNC payload recovery"
toolbench,gemini-flash,G3_instruction,10,adjacent_swap,0.15,4,500,0.522,0.417404,"medium audit-window path consistency, not full RLNC payload recovery"
toolbench,gemini-flash,G3_instruction,10,adjacent_swap,0.15,8,500,0.276,0.174226,"medium audit-window path consistency, not full RLNC payload recovery"
toolbench,gemini-flash,G3_instruction,10,adjacent_swap,0.15,12,500,0.152,0.072722,"medium audit-window path consistency, not full RLNC payload recovery"
toolbench,gemini-flash,G3_instruction,10,adjacent_swap,0.2,4,500,0.376,0.301309,"medium audit-window path consistency, not full RLNC payload recovery"
toolbench,gemini-flash,G3_instruction,10,adjacent_swap,0.2,8,500,0.164,0.090787,"medium audit-window path consistency, not full RLNC payload recovery"
toolbench,gemini-flash,G3_instruction,10,adjacent_swap,0.2,12,500,0.06,0.027355,"medium audit-window path consistency, not full RLNC payload recovery"
toolbench,gemini-flash,G3_instruction,10,adjacent_swap,0.25,4,500,0.228,0.212975,"medium audit-window path consistency, not full RLNC payload recovery"
toolbench,gemini-flash,G3_instruction,10,adjacent_swap,0.25,8,500,0.054,0.045359,"medium audit-window path consistency, not full RLNC payload recovery"
toolbench,gemini-flash,G3_instruction,10,adjacent_swap,0.25,12,500,0.016,0.00966,"medium audit-window path consistency, not full RLNC payload recovery"
toolbench,gemini-flash,G3_instruction,10,adjacent_swap,0.3,4,500,0.228,0.146976,"medium audit-window path consistency, not full RLNC payload recovery"
toolbench,gemini-flash,G3_instruction,10,adjacent_swap,0.3,8,500,0.058,0.021602,"medium audit-window path consistency, not full RLNC payload recovery"
toolbench,gemini-flash,G3_instruction,10,adjacent_swap,0.3,12,500,0.012,0.003175,"medium audit-window path consistency, not full RLNC payload recovery"
toolbench,gemini-flash,G3_instruction,10,adjacent_swap,0.35,4,500,0.162,0.098678,"medium audit-window path consistency, not full RLNC payload recovery"
toolbench,gemini-flash,G3_instruction,10,adjacent_swap,0.35,8,500,0.042,0.009737,"medium audit-window path consistency, not full RLNC payload recovery"
toolbench,gemini-flash,G3_instruction,10,adjacent_swap,0.35,12,500,0.012,0.000961,"medium audit-window path consistency, not full RLNC payload recovery"
toolbench,gemini-flash,G3_instruction,10,adjacent_swap,0.4,4,500,0.116,0.064171,"medium audit-window path consistency, not full RLNC payload recovery"
toolbench,gemini-flash,G3_instruction,10,adjacent_swap,0.4,8,500,0.01,0.004118,"medium audit-window path consistency, not full RLNC payload recovery"
toolbench,gemini-flash,G3_instruction,10,adjacent_swap,0.4,12,500,0.0,0.000264,"medium audit-window path consistency, not full RLNC payload recovery"
toolbench,gemini-flash,G3_instruction,10,adjacent_swap,0.45,4,500,0.072,0.040197,"medium audit-window path consistency, not full RLNC payload recovery"
toolbench,gemini-flash,G3_instruction,10,adjacent_swap,0.45,8,500,0.01,0.001616,"medium audit-window path consistency, not full RLNC payload recovery"
toolbench,gemini-flash,G3_instruction,10,adjacent_swap,0.45,12,500,0.002,6.5e-05,"medium audit-window path consistency, not full RLNC payload recovery"
toolbench,gemini-flash,G3_instruction,10,adjacent_swap,0.5,4,500,0.102,0.02408,"medium audit-window path consistency, not full RLNC payload recovery"
toolbench,gemini-flash,G3_instruction,10,adjacent_swap,0.5,8,500,0.008,0.00058,"medium audit-window path consistency, not full RLNC payload recovery"
toolbench,gemini-flash,G3_instruction,10,adjacent_swap,0.5,12,500,0.0,1.4e-05,"medium audit-window path consistency, not full RLNC payload recovery"
