dataset,method,model,split,run,task_id,payload,payload_len,stream_key,source,view,view_label,packet_count,dedup_packet_count,conflicts,accepted_steps,len_mismatch_steps,decode_exception_steps,recovered_payload,decode_ok,failure_reason
alfworld,agentmark,deepseek,ID,1,000,11001101,8,2025,/Users/local/AgentMarkBeta/实验数据/remote_data/extracted/output-0510/alfworld/agentmark/deepseek/run_1/ID/task_000/evaluation_report.json,agentmark,AgentMark-F exact probabilities,4,4,0,2,0,0,,False,insufficient_packets
alfworld,agentmark,deepseek,ID,1,000,11001101,8,2025,/Users/local/AgentMarkBeta/实验数据/remote_data/extracted/output-0510/alfworld/agentmark/deepseek/run_1/ID/task_000/evaluation_report.json,agentmark_rank_only,AgentMark-F rank-only linear top-10 surrogate,2,2,0,1,1,0,,False,insufficient_packets
alfworld,agentmark,deepseek,ID,1,000,11001101,8,2025,/Users/local/AgentMarkBeta/实验数据/remote_data/extracted/output-0510/alfworld/agentmark/deepseek/run_1/ID/task_000/evaluation_report.json,rank,AsymAgentMark-TK top-10 rank,0,0,0,0,2,0,,False,insufficient_packets
alfworld,agentmark,deepseek,ID,1,001,11001101,8,2025,/Users/local/AgentMarkBeta/实验数据/remote_data/extracted/output-0510/alfworld/agentmark/deepseek/run_1/ID/task_001/evaluation_report.json,agentmark,AgentMark-F exact probabilities,13,13,0,6,0,0,11001101,True,
alfworld,agentmark,deepseek,ID,1,001,11001101,8,2025,/Users/local/AgentMarkBeta/实验数据/remote_data/extracted/output-0510/alfworld/agentmark/deepseek/run_1/ID/task_001/evaluation_report.json,agentmark_rank_only,AgentMark-F rank-only linear top-10 surrogate,6,6,0,2,4,0,,False,insufficient_packets
alfworld,agentmark,deepseek,ID,1,001,11001101,8,2025,/Users/local/AgentMarkBeta/实验数据/remote_data/extracted/output-0510/alfworld/agentmark/deepseek/run_1/ID/task_001/evaluation_report.json,rank,AsymAgentMark-TK top-10 rank,1,1,0,1,5,0,,False,insufficient_packets
alfworld,agentmark,deepseek,ID,1,002,11001101,8,2025,/Users/local/AgentMarkBeta/实验数据/remote_data/extracted/output-0510/alfworld/agentmark/deepseek/run_1/ID/task_002/evaluation_report.json,agentmark,AgentMark-F exact probabilities,10,10,0,6,0,0,11001101,True,
alfworld,agentmark,deepseek,ID,1,002,11001101,8,2025,/Users/local/AgentMarkBeta/实验数据/remote_data/extracted/output-0510/alfworld/agentmark/deepseek/run_1/ID/task_002/evaluation_report.json,agentmark_rank_only,AgentMark-F rank-only linear top-10 surrogate,6,6,0,3,3,0,,False,insufficient_packets
alfworld,agentmark,deepseek,ID,1,002,11001101,8,2025,/Users/local/AgentMarkBeta/实验数据/remote_data/extracted/output-0510/alfworld/agentmark/deepseek/run_1/ID/task_002/evaluation_report.json,rank,AsymAgentMark-TK top-10 rank,3,3,0,3,3,0,,False,insufficient_packets
alfworld,agentmark,deepseek,ID,1,003,11001101,8,2025,/Users/local/AgentMarkBeta/实验数据/remote_data/extracted/output-0510/alfworld/agentmark/deepseek/run_1/ID/task_003/evaluation_report.json,agentmark,AgentMark-F exact probabilities,35,35,0,16,0,0,11001101,True,
alfworld,agentmark,deepseek,ID,1,003,11001101,8,2025,/Users/local/AgentMarkBeta/实验数据/remote_data/extracted/output-0510/alfworld/agentmark/deepseek/run_1/ID/task_003/evaluation_report.json,agentmark_rank_only,AgentMark-F rank-only linear top-10 surrogate,15,15,0,7,9,0,00001000,False,payload_mismatch
alfworld,agentmark,deepseek,ID,1,003,11001101,8,2025,/Users/local/AgentMarkBeta/实验数据/remote_data/extracted/output-0510/alfworld/agentmark/deepseek/run_1/ID/task_003/evaluation_report.json,rank,AsymAgentMark-TK top-10 rank,7,7,0,4,12,0,,False,insufficient_packets
alfworld,agentmark,deepseek,ID,1,004,11001101,8,2025,/Users/local/AgentMarkBeta/实验数据/remote_data/extracted/output-0510/alfworld/agentmark/deepseek/run_1/ID/task_004/evaluation_report.json,agentmark,AgentMark-F exact probabilities,25,25,0,11,0,0,11001101,True,
alfworld,agentmark,deepseek,ID,1,004,11001101,8,2025,/Users/local/AgentMarkBeta/实验数据/remote_data/extracted/output-0510/alfworld/agentmark/deepseek/run_1/ID/task_004/evaluation_report.json,agentmark_rank_only,AgentMark-F rank-only linear top-10 surrogate,12,12,0,5,6,0,10010110,False,payload_mismatch
alfworld,agentmark,deepseek,ID,1,004,11001101,8,2025,/Users/local/AgentMarkBeta/实验数据/remote_data/extracted/output-0510/alfworld/agentmark/deepseek/run_1/ID/task_004/evaluation_report.json,rank,AsymAgentMark-TK top-10 rank,0,0,0,0,11,0,,False,insufficient_packets
alfworld,agentmark,deepseek,ID,1,005,11001101,8,2025,/Users/local/AgentMarkBeta/实验数据/remote_data/extracted/output-0510/alfworld/agentmark/deepseek/run_1/ID/task_005/evaluation_report.json,agentmark,AgentMark-F exact probabilities,26,26,0,12,0,0,11001101,True,
alfworld,agentmark,deepseek,ID,1,005,11001101,8,2025,/Users/local/AgentMarkBeta/实验数据/remote_data/extracted/output-0510/alfworld/agentmark/deepseek/run_1/ID/task_005/evaluation_report.json,agentmark_rank_only,AgentMark-F rank-only linear top-10 surrogate,7,7,0,2,10,0,,False,insufficient_packets
alfworld,agentmark,deepseek,ID,1,005,11001101,8,2025,/Users/local/AgentMarkBeta/实验数据/remote_data/extracted/output-0510/alfworld/agentmark/deepseek/run_1/ID/task_005/evaluation_report.json,rank,AsymAgentMark-TK top-10 rank,7,7,0,4,8,0,,False,insufficient_packets
alfworld,agentmark,deepseek,ID,1,006,11001101,8,2025,/Users/local/AgentMarkBeta/实验数据/remote_data/extracted/output-0510/alfworld/agentmark/deepseek/run_1/ID/task_006/evaluation_report.json,agentmark,AgentMark-F exact probabilities,12,12,0,5,0,0,11001101,True,
alfworld,agentmark,deepseek,ID,1,006,11001101,8,2025,/Users/local/AgentMarkBeta/实验数据/remote_data/extracted/output-0510/alfworld/agentmark/deepseek/run_1/ID/task_006/evaluation_report.json,agentmark_rank_only,AgentMark-F rank-only linear top-10 surrogate,9,9,0,4,1,0,,False,rank_deficient
alfworld,agentmark,deepseek,ID,1,006,11001101,8,2025,/Users/local/AgentMarkBeta/实验数据/remote_data/extracted/output-0510/alfworld/agentmark/deepseek/run_1/ID/task_006/evaluation_report.json,rank,AsymAgentMark-TK top-10 rank,0,0,0,0,5,0,,False,insufficient_packets
alfworld,agentmark,deepseek,ID,1,007,11001101,8,2025,/Users/local/AgentMarkBeta/实验数据/remote_data/extracted/output-0510/alfworld/agentmark/deepseek/run_1/ID/task_007/evaluation_report.json,agentmark,AgentMark-F exact probabilities,20,20,0,8,0,0,11001101,True,
alfworld,agentmark,deepseek,ID,1,007,11001101,8,2025,/Users/local/AgentMarkBeta/实验数据/remote_data/extracted/output-0510/alfworld/agentmark/deepseek/run_1/ID/task_007/evaluation_report.json,agentmark_rank_only,AgentMark-F rank-only linear top-10 surrogate,14,14,0,5,3,0,00101100,False,payload_mismatch
alfworld,agentmark,deepseek,ID,1,007,11001101,8,2025,/Users/local/AgentMarkBeta/实验数据/remote_data/extracted/output-0510/alfworld/agentmark/deepseek/run_1/ID/task_007/evaluation_report.json,rank,AsymAgentMark-TK top-10 rank,4,4,0,2,6,0,,False,insufficient_packets
alfworld,agentmark,deepseek,ID,1,008,11001101,8,2025,/Users/local/AgentMarkBeta/实验数据/remote_data/extracted/output-0510/alfworld/agentmark/deepseek/run_1/ID/task_008/evaluation_report.json,agentmark,AgentMark-F exact probabilities,0,0,0,0,0,0,,False,insufficient_packets
alfworld,agentmark,deepseek,ID,1,008,11001101,8,2025,/Users/local/AgentMarkBeta/实验数据/remote_data/extracted/output-0510/alfworld/agentmark/deepseek/run_1/ID/task_008/evaluation_report.json,agentmark_rank_only,AgentMark-F rank-only linear top-10 surrogate,0,0,0,0,0,0,,False,insufficient_packets
alfworld,agentmark,deepseek,ID,1,008,11001101,8,2025,/Users/local/AgentMarkBeta/实验数据/remote_data/extracted/output-0510/alfworld/agentmark/deepseek/run_1/ID/task_008/evaluation_report.json,rank,AsymAgentMark-TK top-10 rank,0,0,0,0,0,0,,False,insufficient_packets
alfworld,agentmark,deepseek,ID,1,009,11001101,8,2025,/Users/local/AgentMarkBeta/实验数据/remote_data/extracted/output-0510/alfworld/agentmark/deepseek/run_1/ID/task_009/evaluation_report.json,agentmark,AgentMark-F exact probabilities,6,6,0,4,0,0,,False,insufficient_packets
alfworld,agentmark,deepseek,ID,1,009,11001101,8,2025,/Users/local/AgentMarkBeta/实验数据/remote_data/extracted/output-0510/alfworld/agentmark/deepseek/run_1/ID/task_009/evaluation_report.json,agentmark_rank_only,AgentMark-F rank-only linear top-10 surrogate,0,0,0,0,4,0,,False,insufficient_packets
alfworld,agentmark,deepseek,ID,1,009,11001101,8,2025,/Users/local/AgentMarkBeta/实验数据/remote_data/extracted/output-0510/alfworld/agentmark/deepseek/run_1/ID/task_009/evaluation_report.json,rank,AsymAgentMark-TK top-10 rank,2,2,0,2,2,0,,False,insufficient_packets
alfworld,agentmark,deepseek,ID,1,010,11001101,8,2025,/Users/local/AgentMarkBeta/实验数据/remote_data/extracted/output-0510/alfworld/agentmark/deepseek/run_1/ID/task_010/evaluation_report.json,agentmark,AgentMark-F exact probabilities,15,15,0,6,0,0,11001101,True,
alfworld,agentmark,deepseek,ID,1,010,11001101,8,2025,/Users/local/AgentMarkBeta/实验数据/remote_data/extracted/output-0510/alfworld/agentmark/deepseek/run_1/ID/task_010/evaluation_report.json,agentmark_rank_only,AgentMark-F rank-only linear top-10 surrogate,4,4,0,2,4,0,,False,insufficient_packets
alfworld,agentmark,deepseek,ID,1,010,11001101,8,2025,/Users/local/AgentMarkBeta/实验数据/remote_data/extracted/output-0510/alfworld/agentmark/deepseek/run_1/ID/task_010/evaluation_report.json,rank,AsymAgentMark-TK top-10 rank,2,2,0,2,4,0,,False,insufficient_packets
alfworld,agentmark,deepseek,ID,1,011,11001101,8,2025,/Users/local/AgentMarkBeta/实验数据/remote_data/extracted/output-0510/alfworld/agentmark/deepseek/run_1/ID/task_011/evaluation_report.json,agentmark,AgentMark-F exact probabilities,12,12,0,5,0,0,11001101,True,
alfworld,agentmark,deepseek,ID,1,011,11001101,8,2025,/Users/local/AgentMarkBeta/实验数据/remote_data/extracted/output-0510/alfworld/agentmark/deepseek/run_1/ID/task_011/evaluation_report.json,agentmark_rank_only,AgentMark-F rank-only linear top-10 surrogate,4,4,0,1,4,0,,False,insufficient_packets
alfworld,agentmark,deepseek,ID,1,011,11001101,8,2025,/Users/local/AgentMarkBeta/实验数据/remote_data/extracted/output-0510/alfworld/agentmark/deepseek/run_1/ID/task_011/evaluation_report.json,rank,AsymAgentMark-TK top-10 rank,0,0,0,0,5,0,,False,insufficient_packets
alfworld,agentmark,deepseek,ID,1,012,11001101,8,2025,/Users/local/AgentMarkBeta/实验数据/remote_data/extracted/output-0510/alfworld/agentmark/deepseek/run_1/ID/task_012/evaluation_report.json,agentmark,AgentMark-F exact probabilities,17,17,0,6,0,0,11001101,True,
alfworld,agentmark,deepseek,ID,1,012,11001101,8,2025,/Users/local/AgentMarkBeta/实验数据/remote_data/extracted/output-0510/alfworld/agentmark/deepseek/run_1/ID/task_012/evaluation_report.json,agentmark_rank_only,AgentMark-F rank-only linear top-10 surrogate,7,7,0,3,3,0,,False,insufficient_packets
alfworld,agentmark,deepseek,ID,1,012,11001101,8,2025,/Users/local/AgentMarkBeta/实验数据/remote_data/extracted/output-0510/alfworld/agentmark/deepseek/run_1/ID/task_012/evaluation_report.json,rank,AsymAgentMark-TK top-10 rank,1,1,0,1,5,0,,False,insufficient_packets
alfworld,agentmark,deepseek,ID,1,013,11001101,8,2025,/Users/local/AgentMarkBeta/实验数据/remote_data/extracted/output-0510/alfworld/agentmark/deepseek/run_1/ID/task_013/evaluation_report.json,agentmark,AgentMark-F exact probabilities,7,7,0,5,0,0,,False,insufficient_packets
alfworld,agentmark,deepseek,ID,1,013,11001101,8,2025,/Users/local/AgentMarkBeta/实验数据/remote_data/extracted/output-0510/alfworld/agentmark/deepseek/run_1/ID/task_013/evaluation_report.json,agentmark_rank_only,AgentMark-F rank-only linear top-10 surrogate,4,4,0,2,3,0,,False,insufficient_packets
alfworld,agentmark,deepseek,ID,1,013,11001101,8,2025,/Users/local/AgentMarkBeta/实验数据/remote_data/extracted/output-0510/alfworld/agentmark/deepseek/run_1/ID/task_013/evaluation_report.json,rank,AsymAgentMark-TK top-10 rank,3,3,0,3,2,0,,False,insufficient_packets
alfworld,agentmark,deepseek,ID,1,014,11001101,8,2025,/Users/local/AgentMarkBeta/实验数据/remote_data/extracted/output-0510/alfworld/agentmark/deepseek/run_1/ID/task_014/evaluation_report.json,agentmark,AgentMark-F exact probabilities,16,16,0,7,0,0,11001101,True,
alfworld,agentmark,deepseek,ID,1,014,11001101,8,2025,/Users/local/AgentMarkBeta/实验数据/remote_data/extracted/output-0510/alfworld/agentmark/deepseek/run_1/ID/task_014/evaluation_report.json,agentmark_rank_only,AgentMark-F rank-only linear top-10 surrogate,3,3,0,1,6,0,,False,insufficient_packets
alfworld,agentmark,deepseek,ID,1,014,11001101,8,2025,/Users/local/AgentMarkBeta/实验数据/remote_data/extracted/output-0510/alfworld/agentmark/deepseek/run_1/ID/task_014/evaluation_report.json,rank,AsymAgentMark-TK top-10 rank,2,2,0,2,5,0,,False,insufficient_packets
alfworld,agentmark,deepseek,ID,1,015,11001101,8,2025,/Users/local/AgentMarkBeta/实验数据/remote_data/extracted/output-0510/alfworld/agentmark/deepseek/run_1/ID/task_015/evaluation_report.json,agentmark,AgentMark-F exact probabilities,3,3,0,2,0,0,,False,insufficient_packets
alfworld,agentmark,deepseek,ID,1,015,11001101,8,2025,/Users/local/AgentMarkBeta/实验数据/remote_data/extracted/output-0510/alfworld/agentmark/deepseek/run_1/ID/task_015/evaluation_report.json,agentmark_rank_only,AgentMark-F rank-only linear top-10 surrogate,2,2,0,1,1,0,,False,insufficient_packets
alfworld,agentmark,deepseek,ID,1,015,11001101,8,2025,/Users/local/AgentMarkBeta/实验数据/remote_data/extracted/output-0510/alfworld/agentmark/deepseek/run_1/ID/task_015/evaluation_report.json,rank,AsymAgentMark-TK top-10 rank,0,0,0,0,2,0,,False,insufficient_packets
alfworld,agentmark,deepseek,ID,1,016,11001101,8,2025,/Users/local/AgentMarkBeta/实验数据/remote_data/extracted/output-0510/alfworld/agentmark/deepseek/run_1/ID/task_016/evaluation_report.json,agentmark,AgentMark-F exact probabilities,4,4,0,1,0,0,,False,insufficient_packets
alfworld,agentmark,deepseek,ID,1,016,11001101,8,2025,/Users/local/AgentMarkBeta/实验数据/remote_data/extracted/output-0510/alfworld/agentmark/deepseek/run_1/ID/task_016/evaluation_report.json,agentmark_rank_only,AgentMark-F rank-only linear top-10 surrogate,0,0,0,0,1,0,,False,insufficient_packets
alfworld,agentmark,deepseek,ID,1,016,11001101,8,2025,/Users/local/AgentMarkBeta/实验数据/remote_data/extracted/output-0510/alfworld/agentmark/deepseek/run_1/ID/task_016/evaluation_report.json,rank,AsymAgentMark-TK top-10 rank,0,0,0,0,1,0,,False,insufficient_packets
alfworld,agentmark,deepseek,ID,1,017,11001101,8,2025,/Users/local/AgentMarkBeta/实验数据/remote_data/extracted/output-0510/alfworld/agentmark/deepseek/run_1/ID/task_017/evaluation_report.json,agentmark,AgentMark-F exact probabilities,24,24,0,10,0,0,11001101,True,
alfworld,agentmark,deepseek,ID,1,017,11001101,8,2025,/Users/local/AgentMarkBeta/实验数据/remote_data/extracted/output-0510/alfworld/agentmark/deepseek/run_1/ID/task_017/evaluation_report.json,agentmark_rank_only,AgentMark-F rank-only linear top-10 surrogate,15,15,0,5,5,0,11011011,False,payload_mismatch
alfworld,agentmark,deepseek,ID,1,017,11001101,8,2025,/Users/local/AgentMarkBeta/实验数据/remote_data/extracted/output-0510/alfworld/agentmark/deepseek/run_1/ID/task_017/evaluation_report.json,rank,AsymAgentMark-TK top-10 rank,4,4,0,2,8,0,,False,insufficient_packets
alfworld,agentmark,deepseek,ID,1,018,11001101,8,2025,/Users/local/AgentMarkBeta/实验数据/remote_data/extracted/output-0510/alfworld/agentmark/deepseek/run_1/ID/task_018/evaluation_report.json,agentmark,AgentMark-F exact probabilities,10,10,0,6,0,0,11001101,True,
alfworld,agentmark,deepseek,ID,1,018,11001101,8,2025,/Users/local/AgentMarkBeta/实验数据/remote_data/extracted/output-0510/alfworld/agentmark/deepseek/run_1/ID/task_018/evaluation_report.json,agentmark_rank_only,AgentMark-F rank-only linear top-10 surrogate,7,7,0,3,3,0,,False,insufficient_packets
alfworld,agentmark,deepseek,ID,1,018,11001101,8,2025,/Users/local/AgentMarkBeta/实验数据/remote_data/extracted/output-0510/alfworld/agentmark/deepseek/run_1/ID/task_018/evaluation_report.json,rank,AsymAgentMark-TK top-10 rank,3,3,0,3,3,0,,False,insufficient_packets
alfworld,agentmark,deepseek,ID,1,019,11001101,8,2025,/Users/local/AgentMarkBeta/实验数据/remote_data/extracted/output-0510/alfworld/agentmark/deepseek/run_1/ID/task_019/evaluation_report.json,agentmark,AgentMark-F exact probabilities,4,4,0,2,0,0,,False,insufficient_packets
alfworld,agentmark,deepseek,ID,1,019,11001101,8,2025,/Users/local/AgentMarkBeta/实验数据/remote_data/extracted/output-0510/alfworld/agentmark/deepseek/run_1/ID/task_019/evaluation_report.json,agentmark_rank_only,AgentMark-F rank-only linear top-10 surrogate,2,2,0,1,1,0,,False,insufficient_packets
alfworld,agentmark,deepseek,ID,1,019,11001101,8,2025,/Users/local/AgentMarkBeta/实验数据/remote_data/extracted/output-0510/alfworld/agentmark/deepseek/run_1/ID/task_019/evaluation_report.json,rank,AsymAgentMark-TK top-10 rank,0,0,0,0,2,0,,False,insufficient_packets
alfworld,agentmark,deepseek,ID,1,020,11001101,8,2025,/Users/local/AgentMarkBeta/实验数据/remote_data/extracted/output-0510/alfworld/agentmark/deepseek/run_1/ID/task_020/evaluation_report.json,agentmark,AgentMark-F exact probabilities,18,18,0,7,0,0,11001101,True,
alfworld,agentmark,deepseek,ID,1,020,11001101,8,2025,/Users/local/AgentMarkBeta/实验数据/remote_data/extracted/output-0510/alfworld/agentmark/deepseek/run_1/ID/task_020/evaluation_report.json,agentmark_rank_only,AgentMark-F rank-only linear top-10 surrogate,6,6,0,2,5,0,,False,insufficient_packets
alfworld,agentmark,deepseek,ID,1,020,11001101,8,2025,/Users/local/AgentMarkBeta/实验数据/remote_data/extracted/output-0510/alfworld/agentmark/deepseek/run_1/ID/task_020/evaluation_report.json,rank,AsymAgentMark-TK top-10 rank,1,1,0,1,6,0,,False,insufficient_packets
alfworld,agentmark,deepseek,ID,1,021,11001101,8,2025,/Users/local/AgentMarkBeta/实验数据/remote_data/extracted/output-0510/alfworld/agentmark/deepseek/run_1/ID/task_021/evaluation_report.json,agentmark,AgentMark-F exact probabilities,20,20,0,7,0,0,11001101,True,
alfworld,agentmark,deepseek,ID,1,021,11001101,8,2025,/Users/local/AgentMarkBeta/实验数据/remote_data/extracted/output-0510/alfworld/agentmark/deepseek/run_1/ID/task_021/evaluation_report.json,agentmark_rank_only,AgentMark-F rank-only linear top-10 surrogate,3,3,0,1,6,0,,False,insufficient_packets
alfworld,agentmark,deepseek,ID,1,021,11001101,8,2025,/Users/local/AgentMarkBeta/实验数据/remote_data/extracted/output-0510/alfworld/agentmark/deepseek/run_1/ID/task_021/evaluation_report.json,rank,AsymAgentMark-TK top-10 rank,1,1,0,1,6,0,,False,insufficient_packets
alfworld,agentmark,deepseek,ID,1,022,11001101,8,2025,/Users/local/AgentMarkBeta/实验数据/remote_data/extracted/output-0510/alfworld/agentmark/deepseek/run_1/ID/task_022/evaluation_report.json,agentmark,AgentMark-F exact probabilities,7,7,0,3,0,0,,False,insufficient_packets
alfworld,agentmark,deepseek,ID,1,022,11001101,8,2025,/Users/local/AgentMarkBeta/实验数据/remote_data/extracted/output-0510/alfworld/agentmark/deepseek/run_1/ID/task_022/evaluation_report.json,agentmark_rank_only,AgentMark-F rank-only linear top-10 surrogate,3,3,0,1,2,0,,False,insufficient_packets
alfworld,agentmark,deepseek,ID,1,022,11001101,8,2025,/Users/local/AgentMarkBeta/实验数据/remote_data/extracted/output-0510/alfworld/agentmark/deepseek/run_1/ID/task_022/evaluation_report.json,rank,AsymAgentMark-TK top-10 rank,0,0,0,0,3,0,,False,insufficient_packets
alfworld,agentmark,deepseek,ID,1,023,11001101,8,2025,/Users/local/AgentMarkBeta/实验数据/remote_data/extracted/output-0510/alfworld/agentmark/deepseek/run_1/ID/task_023/evaluation_report.json,agentmark,AgentMark-F exact probabilities,50,50,0,20,0,0,11001101,True,
alfworld,agentmark,deepseek,ID,1,023,11001101,8,2025,/Users/local/AgentMarkBeta/实验数据/remote_data/extracted/output-0510/alfworld/agentmark/deepseek/run_1/ID/task_023/evaluation_report.json,agentmark_rank_only,AgentMark-F rank-only linear top-10 surrogate,30,30,0,12,8,0,11101110,False,payload_mismatch
alfworld,agentmark,deepseek,ID,1,023,11001101,8,2025,/Users/local/AgentMarkBeta/实验数据/remote_data/extracted/output-0510/alfworld/agentmark/deepseek/run_1/ID/task_023/evaluation_report.json,rank,AsymAgentMark-TK top-10 rank,6,6,0,5,15,0,,False,insufficient_packets
alfworld,agentmark,deepseek,ID,1,024,11001101,8,2025,/Users/local/AgentMarkBeta/实验数据/remote_data/extracted/output-0510/alfworld/agentmark/deepseek/run_1/ID/task_024/evaluation_report.json,agentmark,AgentMark-F exact probabilities,9,9,0,5,0,0,11001101,True,
alfworld,agentmark,deepseek,ID,1,024,11001101,8,2025,/Users/local/AgentMarkBeta/实验数据/remote_data/extracted/output-0510/alfworld/agentmark/deepseek/run_1/ID/task_024/evaluation_report.json,agentmark_rank_only,AgentMark-F rank-only linear top-10 surrogate,5,5,0,2,3,0,,False,insufficient_packets
alfworld,agentmark,deepseek,ID,1,024,11001101,8,2025,/Users/local/AgentMarkBeta/实验数据/remote_data/extracted/output-0510/alfworld/agentmark/deepseek/run_1/ID/task_024/evaluation_report.json,rank,AsymAgentMark-TK top-10 rank,4,4,0,3,2,0,,False,insufficient_packets
alfworld,agentmark,deepseek,ID,1,025,11001101,8,2025,/Users/local/AgentMarkBeta/实验数据/remote_data/extracted/output-0510/alfworld/agentmark/deepseek/run_1/ID/task_025/evaluation_report.json,agentmark,AgentMark-F exact probabilities,4,4,0,3,0,0,,False,insufficient_packets
alfworld,agentmark,deepseek,ID,1,025,11001101,8,2025,/Users/local/AgentMarkBeta/实验数据/remote_data/extracted/output-0510/alfworld/agentmark/deepseek/run_1/ID/task_025/evaluation_report.json,agentmark_rank_only,AgentMark-F rank-only linear top-10 surrogate,2,2,0,1,2,0,,False,insufficient_packets
alfworld,agentmark,deepseek,ID,1,025,11001101,8,2025,/Users/local/AgentMarkBeta/实验数据/remote_data/extracted/output-0510/alfworld/agentmark/deepseek/run_1/ID/task_025/evaluation_report.json,rank,AsymAgentMark-TK top-10 rank,1,1,0,1,2,0,,False,insufficient_packets
alfworld,agentmark,deepseek,ID,1,026,11001101,8,2025,/Users/local/AgentMarkBeta/实验数据/remote_data/extracted/output-0510/alfworld/agentmark/deepseek/run_1/ID/task_026/evaluation_report.json,agentmark,AgentMark-F exact probabilities,1,1,0,1,0,0,,False,insufficient_packets
alfworld,agentmark,deepseek,ID,1,026,11001101,8,2025,/Users/local/AgentMarkBeta/实验数据/remote_data/extracted/output-0510/alfworld/agentmark/deepseek/run_1/ID/task_026/evaluation_report.json,agentmark_rank_only,AgentMark-F rank-only linear top-10 surrogate,0,0,0,0,1,0,,False,insufficient_packets
alfworld,agentmark,deepseek,ID,1,026,11001101,8,2025,/Users/local/AgentMarkBeta/实验数据/remote_data/extracted/output-0510/alfworld/agentmark/deepseek/run_1/ID/task_026/evaluation_report.json,rank,AsymAgentMark-TK top-10 rank,1,1,0,1,0,0,,False,insufficient_packets
alfworld,agentmark,deepseek,ID,1,027,11001101,8,2025,/Users/local/AgentMarkBeta/实验数据/remote_data/extracted/output-0510/alfworld/agentmark/deepseek/run_1/ID/task_027/evaluation_report.json,agentmark,AgentMark-F exact probabilities,23,23,0,10,0,0,11001101,True,
alfworld,agentmark,deepseek,ID,1,027,11001101,8,2025,/Users/local/AgentMarkBeta/实验数据/remote_data/extracted/output-0510/alfworld/agentmark/deepseek/run_1/ID/task_027/evaluation_report.json,agentmark_rank_only,AgentMark-F rank-only linear top-10 surrogate,12,12,0,4,6,0,11101101,False,payload_mismatch
alfworld,agentmark,deepseek,ID,1,027,11001101,8,2025,/Users/local/AgentMarkBeta/实验数据/remote_data/extracted/output-0510/alfworld/agentmark/deepseek/run_1/ID/task_027/evaluation_report.json,rank,AsymAgentMark-TK top-10 rank,0,0,0,0,10,0,,False,insufficient_packets
alfworld,agentmark,deepseek,ID,1,028,11001101,8,2025,/Users/local/AgentMarkBeta/实验数据/remote_data/extracted/output-0510/alfworld/agentmark/deepseek/run_1/ID/task_028/evaluation_report.json,agentmark,AgentMark-F exact probabilities,22,22,0,12,0,0,11001101,True,
alfworld,agentmark,deepseek,ID,1,028,11001101,8,2025,/Users/local/AgentMarkBeta/实验数据/remote_data/extracted/output-0510/alfworld/agentmark/deepseek/run_1/ID/task_028/evaluation_report.json,agentmark_rank_only,AgentMark-F rank-only linear top-10 surrogate,8,8,0,4,8,0,01010010,False,payload_mismatch
alfworld,agentmark,deepseek,ID,1,028,11001101,8,2025,/Users/local/AgentMarkBeta/实验数据/remote_data/extracted/output-0510/alfworld/agentmark/deepseek/run_1/ID/task_028/evaluation_report.json,rank,AsymAgentMark-TK top-10 rank,4,4,0,3,9,0,,False,insufficient_packets
alfworld,agentmark,deepseek,ID,1,029,11001101,8,2025,/Users/local/AgentMarkBeta/实验数据/remote_data/extracted/output-0510/alfworld/agentmark/deepseek/run_1/ID/task_029/evaluation_report.json,agentmark,AgentMark-F exact probabilities,45,45,0,17,0,0,11001101,True,
alfworld,agentmark,deepseek,ID,1,029,11001101,8,2025,/Users/local/AgentMarkBeta/实验数据/remote_data/extracted/output-0510/alfworld/agentmark/deepseek/run_1/ID/task_029/evaluation_report.json,agentmark_rank_only,AgentMark-F rank-only linear top-10 surrogate,24,24,0,9,8,0,11100011,False,payload_mismatch
alfworld,agentmark,deepseek,ID,1,029,11001101,8,2025,/Users/local/AgentMarkBeta/实验数据/remote_data/extracted/output-0510/alfworld/agentmark/deepseek/run_1/ID/task_029/evaluation_report.json,rank,AsymAgentMark-TK top-10 rank,7,7,0,3,14,0,,False,insufficient_packets
alfworld,agentmark,deepseek,ID,1,030,11001101,8,2025,/Users/local/AgentMarkBeta/实验数据/remote_data/extracted/output-0510/alfworld/agentmark/deepseek/run_1/ID/task_030/evaluation_report.json,agentmark,AgentMark-F exact probabilities,13,13,0,5,0,0,11001101,True,
alfworld,agentmark,deepseek,ID,1,030,11001101,8,2025,/Users/local/AgentMarkBeta/实验数据/remote_data/extracted/output-0510/alfworld/agentmark/deepseek/run_1/ID/task_030/evaluation_report.json,agentmark_rank_only,AgentMark-F rank-only linear top-10 surrogate,8,8,0,3,2,0,,False,rank_deficient
alfworld,agentmark,deepseek,ID,1,030,11001101,8,2025,/Users/local/AgentMarkBeta/实验数据/remote_data/extracted/output-0510/alfworld/agentmark/deepseek/run_1/ID/task_030/evaluation_report.json,rank,AsymAgentMark-TK top-10 rank,2,2,0,1,4,0,,False,insufficient_packets
alfworld,agentmark,deepseek,ID,1,031,11001101,8,2025,/Users/local/AgentMarkBeta/实验数据/remote_data/extracted/output-0510/alfworld/agentmark/deepseek/run_1/ID/task_031/evaluation_report.json,agentmark,AgentMark-F exact probabilities,34,34,0,12,0,0,11001101,True,
alfworld,agentmark,deepseek,ID,1,031,11001101,8,2025,/Users/local/AgentMarkBeta/实验数据/remote_data/extracted/output-0510/alfworld/agentmark/deepseek/run_1/ID/task_031/evaluation_report.json,agentmark_rank_only,AgentMark-F rank-only linear top-10 surrogate,14,14,0,5,7,0,11110001,False,payload_mismatch
alfworld,agentmark,deepseek,ID,1,031,11001101,8,2025,/Users/local/AgentMarkBeta/实验数据/remote_data/extracted/output-0510/alfworld/agentmark/deepseek/run_1/ID/task_031/evaluation_report.json,rank,AsymAgentMark-TK top-10 rank,3,3,0,1,11,0,,False,insufficient_packets
alfworld,agentmark,deepseek,ID,1,032,11001101,8,2025,/Users/local/AgentMarkBeta/实验数据/remote_data/extracted/output-0510/alfworld/agentmark/deepseek/run_1/ID/task_032/evaluation_report.json,agentmark,AgentMark-F exact probabilities,7,7,0,3,0,0,,False,insufficient_packets
alfworld,agentmark,deepseek,ID,1,032,11001101,8,2025,/Users/local/AgentMarkBeta/实验数据/remote_data/extracted/output-0510/alfworld/agentmark/deepseek/run_1/ID/task_032/evaluation_report.json,agentmark_rank_only,AgentMark-F rank-only linear top-10 surrogate,3,3,0,1,2,0,,False,insufficient_packets
alfworld,agentmark,deepseek,ID,1,032,11001101,8,2025,/Users/local/AgentMarkBeta/实验数据/remote_data/extracted/output-0510/alfworld/agentmark/deepseek/run_1/ID/task_032/evaluation_report.json,rank,AsymAgentMark-TK top-10 rank,1,1,0,1,2,0,,False,insufficient_packets
alfworld,agentmark,deepseek,ID,1,033,11001101,8,2025,/Users/local/AgentMarkBeta/实验数据/remote_data/extracted/output-0510/alfworld/agentmark/deepseek/run_1/ID/task_033/evaluation_report.json,agentmark,AgentMark-F exact probabilities,2,2,0,1,0,0,,False,insufficient_packets
alfworld,agentmark,deepseek,ID,1,033,11001101,8,2025,/Users/local/AgentMarkBeta/实验数据/remote_data/extracted/output-0510/alfworld/agentmark/deepseek/run_1/ID/task_033/evaluation_report.json,agentmark_rank_only,AgentMark-F rank-only linear top-10 surrogate,2,2,0,1,0,0,,False,insufficient_packets
alfworld,agentmark,deepseek,ID,1,033,11001101,8,2025,/Users/local/AgentMarkBeta/实验数据/remote_data/extracted/output-0510/alfworld/agentmark/deepseek/run_1/ID/task_033/evaluation_report.json,rank,AsymAgentMark-TK top-10 rank,0,0,0,0,1,0,,False,insufficient_packets
alfworld,agentmark,deepseek,ID,1,034,11001101,8,2025,/Users/local/AgentMarkBeta/实验数据/remote_data/extracted/output-0510/alfworld/agentmark/deepseek/run_1/ID/task_034/evaluation_report.json,agentmark,AgentMark-F exact probabilities,2,2,0,1,0,0,,False,insufficient_packets
alfworld,agentmark,deepseek,ID,1,034,11001101,8,2025,/Users/local/AgentMarkBeta/实验数据/remote_data/extracted/output-0510/alfworld/agentmark/deepseek/run_1/ID/task_034/evaluation_report.json,agentmark_rank_only,AgentMark-F rank-only linear top-10 surrogate,2,2,0,1,0,0,,False,insufficient_packets
alfworld,agentmark,deepseek,ID,1,034,11001101,8,2025,/Users/local/AgentMarkBeta/实验数据/remote_data/extracted/output-0510/alfworld/agentmark/deepseek/run_1/ID/task_034/evaluation_report.json,rank,AsymAgentMark-TK top-10 rank,0,0,0,0,1,0,,False,insufficient_packets
alfworld,agentmark,deepseek,ID,1,035,11001101,8,2025,/Users/local/AgentMarkBeta/实验数据/remote_data/extracted/output-0510/alfworld/agentmark/deepseek/run_1/ID/task_035/evaluation_report.json,agentmark,AgentMark-F exact probabilities,42,42,0,18,0,0,11001101,True,
alfworld,agentmark,deepseek,ID,1,035,11001101,8,2025,/Users/local/AgentMarkBeta/实验数据/remote_data/extracted/output-0510/alfworld/agentmark/deepseek/run_1/ID/task_035/evaluation_report.json,agentmark_rank_only,AgentMark-F rank-only linear top-10 surrogate,17,17,0,7,11,0,00011110,False,payload_mismatch
alfworld,agentmark,deepseek,ID,1,035,11001101,8,2025,/Users/local/AgentMarkBeta/实验数据/remote_data/extracted/output-0510/alfworld/agentmark/deepseek/run_1/ID/task_035/evaluation_report.json,rank,AsymAgentMark-TK top-10 rank,6,6,0,5,13,0,,False,insufficient_packets
alfworld,agentmark,deepseek,ID,1,036,11001101,8,2025,/Users/local/AgentMarkBeta/实验数据/remote_data/extracted/output-0510/alfworld/agentmark/deepseek/run_1/ID/task_036/evaluation_report.json,agentmark,AgentMark-F exact probabilities,12,12,0,5,0,0,11001101,True,
alfworld,agentmark,deepseek,ID,1,036,11001101,8,2025,/Users/local/AgentMarkBeta/实验数据/remote_data/extracted/output-0510/alfworld/agentmark/deepseek/run_1/ID/task_036/evaluation_report.json,agentmark_rank_only,AgentMark-F rank-only linear top-10 surrogate,8,8,0,3,2,0,,False,rank_deficient
alfworld,agentmark,deepseek,ID,1,036,11001101,8,2025,/Users/local/AgentMarkBeta/实验数据/remote_data/extracted/output-0510/alfworld/agentmark/deepseek/run_1/ID/task_036/evaluation_report.json,rank,AsymAgentMark-TK top-10 rank,4,4,0,2,3,0,,False,insufficient_packets
alfworld,agentmark,deepseek,ID,1,037,11001101,8,2025,/Users/local/AgentMarkBeta/实验数据/remote_data/extracted/output-0510/alfworld/agentmark/deepseek/run_1/ID/task_037/evaluation_report.json,agentmark,AgentMark-F exact probabilities,18,18,0,8,0,0,11001101,True,
alfworld,agentmark,deepseek,ID,1,037,11001101,8,2025,/Users/local/AgentMarkBeta/实验数据/remote_data/extracted/output-0510/alfworld/agentmark/deepseek/run_1/ID/task_037/evaluation_report.json,agentmark_rank_only,AgentMark-F rank-only linear top-10 surrogate,15,15,0,5,3,0,01111101,False,payload_mismatch
alfworld,agentmark,deepseek,ID,1,037,11001101,8,2025,/Users/local/AgentMarkBeta/实验数据/remote_data/extracted/output-0510/alfworld/agentmark/deepseek/run_1/ID/task_037/evaluation_report.json,rank,AsymAgentMark-TK top-10 rank,3,3,0,3,5,0,,False,insufficient_packets
alfworld,agentmark,deepseek,ID,1,038,11001101,8,2025,/Users/local/AgentMarkBeta/实验数据/remote_data/extracted/output-0510/alfworld/agentmark/deepseek/run_1/ID/task_038/evaluation_report.json,agentmark,AgentMark-F exact probabilities,19,19,0,7,0,0,11001101,True,
alfworld,agentmark,deepseek,ID,1,038,11001101,8,2025,/Users/local/AgentMarkBeta/实验数据/remote_data/extracted/output-0510/alfworld/agentmark/deepseek/run_1/ID/task_038/evaluation_report.json,agentmark_rank_only,AgentMark-F rank-only linear top-10 surrogate,14,14,0,5,2,0,11000100,False,payload_mismatch
alfworld,agentmark,deepseek,ID,1,038,11001101,8,2025,/Users/local/AgentMarkBeta/实验数据/remote_data/extracted/output-0510/alfworld/agentmark/deepseek/run_1/ID/task_038/evaluation_report.json,rank,AsymAgentMark-TK top-10 rank,2,2,0,1,6,0,,False,insufficient_packets
alfworld,agentmark,deepseek,ID,1,039,11001101,8,2025,/Users/local/AgentMarkBeta/实验数据/remote_data/extracted/output-0510/alfworld/agentmark/deepseek/run_1/ID/task_039/evaluation_report.json,agentmark,AgentMark-F exact probabilities,11,11,0,4,0,0,11001101,True,
alfworld,agentmark,deepseek,ID,1,039,11001101,8,2025,/Users/local/AgentMarkBeta/实验数据/remote_data/extracted/output-0510/alfworld/agentmark/deepseek/run_1/ID/task_039/evaluation_report.json,agentmark_rank_only,AgentMark-F rank-only linear top-10 surrogate,11,11,0,4,0,0,01111100,False,payload_mismatch
alfworld,agentmark,deepseek,ID,1,039,11001101,8,2025,/Users/local/AgentMarkBeta/实验数据/remote_data/extracted/output-0510/alfworld/agentmark/deepseek/run_1/ID/task_039/evaluation_report.json,rank,AsymAgentMark-TK top-10 rank,0,0,0,0,4,0,,False,insufficient_packets
alfworld,agentmark,deepseek,ID,1,040,11001101,8,2025,/Users/local/AgentMarkBeta/实验数据/remote_data/extracted/output-0510/alfworld/agentmark/deepseek/run_1/ID/task_040/evaluation_report.json,agentmark,AgentMark-F exact probabilities,5,5,0,2,0,0,,False,insufficient_packets
alfworld,agentmark,deepseek,ID,1,040,11001101,8,2025,/Users/local/AgentMarkBeta/实验数据/remote_data/extracted/output-0510/alfworld/agentmark/deepseek/run_1/ID/task_040/evaluation_report.json,agentmark_rank_only,AgentMark-F rank-only linear top-10 surrogate,5,5,0,2,0,0,,False,insufficient_packets
alfworld,agentmark,deepseek,ID,1,040,11001101,8,2025,/Users/local/AgentMarkBeta/实验数据/remote_data/extracted/output-0510/alfworld/agentmark/deepseek/run_1/ID/task_040/evaluation_report.json,rank,AsymAgentMark-TK top-10 rank,0,0,0,0,2,0,,False,insufficient_packets
alfworld,agentmark,deepseek,ID,1,041,11001101,8,2025,/Users/local/AgentMarkBeta/实验数据/remote_data/extracted/output-0510/alfworld/agentmark/deepseek/run_1/ID/task_041/evaluation_report.json,agentmark,AgentMark-F exact probabilities,21,21,0,8,0,0,11001101,True,
alfworld,agentmark,deepseek,ID,1,041,11001101,8,2025,/Users/local/AgentMarkBeta/实验数据/remote_data/extracted/output-0510/alfworld/agentmark/deepseek/run_1/ID/task_041/evaluation_report.json,agentmark_rank_only,AgentMark-F rank-only linear top-10 surrogate,9,9,0,3,5,0,,False,rank_deficient
alfworld,agentmark,deepseek,ID,1,041,11001101,8,2025,/Users/local/AgentMarkBeta/实验数据/remote_data/extracted/output-0510/alfworld/agentmark/deepseek/run_1/ID/task_041/evaluation_report.json,rank,AsymAgentMark-TK top-10 rank,2,2,0,1,7,0,,False,insufficient_packets
alfworld,agentmark,deepseek,ID,1,042,11001101,8,2025,/Users/local/AgentMarkBeta/实验数据/remote_data/extracted/output-0510/alfworld/agentmark/deepseek/run_1/ID/task_042/evaluation_report.json,agentmark,AgentMark-F exact probabilities,8,8,0,4,0,0,,False,rank_deficient
alfworld,agentmark,deepseek,ID,1,042,11001101,8,2025,/Users/local/AgentMarkBeta/实验数据/remote_data/extracted/output-0510/alfworld/agentmark/deepseek/run_1/ID/task_042/evaluation_report.json,agentmark_rank_only,AgentMark-F rank-only linear top-10 surrogate,6,6,0,2,2,0,,False,insufficient_packets
alfworld,agentmark,deepseek,ID,1,042,11001101,8,2025,/Users/local/AgentMarkBeta/实验数据/remote_data/extracted/output-0510/alfworld/agentmark/deepseek/run_1/ID/task_042/evaluation_report.json,rank,AsymAgentMark-TK top-10 rank,1,1,0,1,3,0,,False,insufficient_packets
alfworld,agentmark,deepseek,ID,1,043,11001101,8,2025,/Users/local/AgentMarkBeta/实验数据/remote_data/extracted/output-0510/alfworld/agentmark/deepseek/run_1/ID/task_043/evaluation_report.json,agentmark,AgentMark-F exact probabilities,6,6,0,2,0,0,,False,insufficient_packets
alfworld,agentmark,deepseek,ID,1,043,11001101,8,2025,/Users/local/AgentMarkBeta/实验数据/remote_data/extracted/output-0510/alfworld/agentmark/deepseek/run_1/ID/task_043/evaluation_report.json,agentmark_rank_only,AgentMark-F rank-only linear top-10 surrogate,6,6,0,2,0,0,,False,insufficient_packets
alfworld,agentmark,deepseek,ID,1,043,11001101,8,2025,/Users/local/AgentMarkBeta/实验数据/remote_data/extracted/output-0510/alfworld/agentmark/deepseek/run_1/ID/task_043/evaluation_report.json,rank,AsymAgentMark-TK top-10 rank,0,0,0,0,2,0,,False,insufficient_packets
alfworld,agentmark,deepseek,ID,1,044,11001101,8,2025,/Users/local/AgentMarkBeta/实验数据/remote_data/extracted/output-0510/alfworld/agentmark/deepseek/run_1/ID/task_044/evaluation_report.json,agentmark,AgentMark-F exact probabilities,4,4,0,2,0,0,,False,insufficient_packets
alfworld,agentmark,deepseek,ID,1,044,11001101,8,2025,/Users/local/AgentMarkBeta/实验数据/remote_data/extracted/output-0510/alfworld/agentmark/deepseek/run_1/ID/task_044/evaluation_report.json,agentmark_rank_only,AgentMark-F rank-only linear top-10 surrogate,4,4,0,2,0,0,,False,insufficient_packets
alfworld,agentmark,deepseek,ID,1,044,11001101,8,2025,/Users/local/AgentMarkBeta/实验数据/remote_data/extracted/output-0510/alfworld/agentmark/deepseek/run_1/ID/task_044/evaluation_report.json,rank,AsymAgentMark-TK top-10 rank,0,0,0,0,2,0,,False,insufficient_packets
alfworld,agentmark,deepseek,ID,1,045,11001101,8,2025,/Users/local/AgentMarkBeta/实验数据/remote_data/extracted/output-0510/alfworld/agentmark/deepseek/run_1/ID/task_045/evaluation_report.json,agentmark,AgentMark-F exact probabilities,2,2,0,2,0,0,,False,insufficient_packets
alfworld,agentmark,deepseek,ID,1,045,11001101,8,2025,/Users/local/AgentMarkBeta/实验数据/remote_data/extracted/output-0510/alfworld/agentmark/deepseek/run_1/ID/task_045/evaluation_report.json,agentmark_rank_only,AgentMark-F rank-only linear top-10 surrogate,0,0,0,0,2,0,,False,insufficient_packets
alfworld,agentmark,deepseek,ID,1,045,11001101,8,2025,/Users/local/AgentMarkBeta/实验数据/remote_data/extracted/output-0510/alfworld/agentmark/deepseek/run_1/ID/task_045/evaluation_report.json,rank,AsymAgentMark-TK top-10 rank,1,1,0,1,1,0,,False,insufficient_packets
alfworld,agentmark,deepseek,ID,1,046,11001101,8,2025,/Users/local/AgentMarkBeta/实验数据/remote_data/extracted/output-0510/alfworld/agentmark/deepseek/run_1/ID/task_046/evaluation_report.json,agentmark,AgentMark-F exact probabilities,52,52,0,25,0,0,11001101,True,
alfworld,agentmark,deepseek,ID,1,046,11001101,8,2025,/Users/local/AgentMarkBeta/实验数据/remote_data/extracted/output-0510/alfworld/agentmark/deepseek/run_1/ID/task_046/evaluation_report.json,agentmark_rank_only,AgentMark-F rank-only linear top-10 surrogate,26,26,0,9,16,0,00100110,False,payload_mismatch
alfworld,agentmark,deepseek,ID,1,046,11001101,8,2025,/Users/local/AgentMarkBeta/实验数据/remote_data/extracted/output-0510/alfworld/agentmark/deepseek/run_1/ID/task_046/evaluation_report.json,rank,AsymAgentMark-TK top-10 rank,5,5,0,5,20,0,,False,insufficient_packets
alfworld,agentmark,deepseek,ID,1,047,11001101,8,2025,/Users/local/AgentMarkBeta/实验数据/remote_data/extracted/output-0510/alfworld/agentmark/deepseek/run_1/ID/task_047/evaluation_report.json,agentmark,AgentMark-F exact probabilities,23,23,0,10,0,0,11001101,True,
alfworld,agentmark,deepseek,ID,1,047,11001101,8,2025,/Users/local/AgentMarkBeta/实验数据/remote_data/extracted/output-0510/alfworld/agentmark/deepseek/run_1/ID/task_047/evaluation_report.json,agentmark_rank_only,AgentMark-F rank-only linear top-10 surrogate,11,11,0,5,5,0,01010100,False,payload_mismatch
alfworld,agentmark,deepseek,ID,1,047,11001101,8,2025,/Users/local/AgentMarkBeta/实验数据/remote_data/extracted/output-0510/alfworld/agentmark/deepseek/run_1/ID/task_047/evaluation_report.json,rank,AsymAgentMark-TK top-10 rank,3,3,0,2,8,0,,False,insufficient_packets
alfworld,agentmark,deepseek,ID,1,048,11001101,8,2025,/Users/local/AgentMarkBeta/实验数据/remote_data/extracted/output-0510/alfworld/agentmark/deepseek/run_1/ID/task_048/evaluation_report.json,agentmark,AgentMark-F exact probabilities,6,6,0,4,0,0,,False,insufficient_packets
alfworld,agentmark,deepseek,ID,1,048,11001101,8,2025,/Users/local/AgentMarkBeta/实验数据/remote_data/extracted/output-0510/alfworld/agentmark/deepseek/run_1/ID/task_048/evaluation_report.json,agentmark_rank_only,AgentMark-F rank-only linear top-10 surrogate,5,5,0,3,1,0,,False,insufficient_packets
alfworld,agentmark,deepseek,ID,1,048,11001101,8,2025,/Users/local/AgentMarkBeta/实验数据/remote_data/extracted/output-0510/alfworld/agentmark/deepseek/run_1/ID/task_048/evaluation_report.json,rank,AsymAgentMark-TK top-10 rank,3,3,0,2,2,0,,False,insufficient_packets
alfworld,agentmark,deepseek,ID,1,049,11001101,8,2025,/Users/local/AgentMarkBeta/实验数据/remote_data/extracted/output-0510/alfworld/agentmark/deepseek/run_1/ID/task_049/evaluation_report.json,agentmark,AgentMark-F exact probabilities,8,8,0,3,0,0,,False,rank_deficient
alfworld,agentmark,deepseek,ID,1,049,11001101,8,2025,/Users/local/AgentMarkBeta/实验数据/remote_data/extracted/output-0510/alfworld/agentmark/deepseek/run_1/ID/task_049/evaluation_report.json,agentmark_rank_only,AgentMark-F rank-only linear top-10 surrogate,2,2,0,1,2,0,,False,insufficient_packets
alfworld,agentmark,deepseek,ID,1,049,11001101,8,2025,/Users/local/AgentMarkBeta/实验数据/remote_data/extracted/output-0510/alfworld/agentmark/deepseek/run_1/ID/task_049/evaluation_report.json,rank,AsymAgentMark-TK top-10 rank,2,2,0,1,2,0,,False,insufficient_packets
alfworld,agentmark,deepseek,ID,1,050,11001101,8,2025,/Users/local/AgentMarkBeta/实验数据/remote_data/extracted/output-0510/alfworld/agentmark/deepseek/run_1/ID/task_050/evaluation_report.json,agentmark,AgentMark-F exact probabilities,1,1,0,1,0,0,,False,insufficient_packets
alfworld,agentmark,deepseek,ID,1,050,11001101,8,2025,/Users/local/AgentMarkBeta/实验数据/remote_data/extracted/output-0510/alfworld/agentmark/deepseek/run_1/ID/task_050/evaluation_report.json,agentmark_rank_only,AgentMark-F rank-only linear top-10 surrogate,0,0,0,0,1,0,,False,insufficient_packets
alfworld,agentmark,deepseek,ID,1,050,11001101,8,2025,/Users/local/AgentMarkBeta/实验数据/remote_data/extracted/output-0510/alfworld/agentmark/deepseek/run_1/ID/task_050/evaluation_report.json,rank,AsymAgentMark-TK top-10 rank,0,0,0,0,1,0,,False,insufficient_packets
alfworld,agentmark,deepseek,ID,1,051,11001101,8,2025,/Users/local/AgentMarkBeta/实验数据/remote_data/extracted/output-0510/alfworld/agentmark/deepseek/run_1/ID/task_051/evaluation_report.json,agentmark,AgentMark-F exact probabilities,9,9,0,4,0,0,11001101,True,
alfworld,agentmark,deepseek,ID,1,051,11001101,8,2025,/Users/local/AgentMarkBeta/实验数据/remote_data/extracted/output-0510/alfworld/agentmark/deepseek/run_1/ID/task_051/evaluation_report.json,agentmark_rank_only,AgentMark-F rank-only linear top-10 surrogate,4,4,0,2,2,0,,False,insufficient_packets
alfworld,agentmark,deepseek,ID,1,051,11001101,8,2025,/Users/local/AgentMarkBeta/实验数据/remote_data/extracted/output-0510/alfworld/agentmark/deepseek/run_1/ID/task_051/evaluation_report.json,rank,AsymAgentMark-TK top-10 rank,2,2,0,1,3,0,,False,insufficient_packets
alfworld,agentmark,deepseek,ID,1,052,11001101,8,2025,/Users/local/AgentMarkBeta/实验数据/remote_data/extracted/output-0510/alfworld/agentmark/deepseek/run_1/ID/task_052/evaluation_report.json,agentmark,AgentMark-F exact probabilities,21,21,0,8,0,0,11001101,True,
alfworld,agentmark,deepseek,ID,1,052,11001101,8,2025,/Users/local/AgentMarkBeta/实验数据/remote_data/extracted/output-0510/alfworld/agentmark/deepseek/run_1/ID/task_052/evaluation_report.json,agentmark_rank_only,AgentMark-F rank-only linear top-10 surrogate,17,17,0,6,2,0,01110001,False,payload_mismatch
alfworld,agentmark,deepseek,ID,1,052,11001101,8,2025,/Users/local/AgentMarkBeta/实验数据/remote_data/extracted/output-0510/alfworld/agentmark/deepseek/run_1/ID/task_052/evaluation_report.json,rank,AsymAgentMark-TK top-10 rank,0,0,0,0,8,0,,False,insufficient_packets
alfworld,agentmark,deepseek,ID,1,053,11001101,8,2025,/Users/local/AgentMarkBeta/实验数据/remote_data/extracted/output-0510/alfworld/agentmark/deepseek/run_1/ID/task_053/evaluation_report.json,agentmark,AgentMark-F exact probabilities,11,11,0,5,0,0,11001101,True,
alfworld,agentmark,deepseek,ID,1,053,11001101,8,2025,/Users/local/AgentMarkBeta/实验数据/remote_data/extracted/output-0510/alfworld/agentmark/deepseek/run_1/ID/task_053/evaluation_report.json,agentmark_rank_only,AgentMark-F rank-only linear top-10 surrogate,4,4,0,2,3,0,,False,insufficient_packets
alfworld,agentmark,deepseek,ID,1,053,11001101,8,2025,/Users/local/AgentMarkBeta/实验数据/remote_data/extracted/output-0510/alfworld/agentmark/deepseek/run_1/ID/task_053/evaluation_report.json,rank,AsymAgentMark-TK top-10 rank,3,3,0,2,3,0,,False,insufficient_packets
alfworld,agentmark,deepseek,ID,1,054,11001101,8,2025,/Users/local/AgentMarkBeta/实验数据/remote_data/extracted/output-0510/alfworld/agentmark/deepseek/run_1/ID/task_054/evaluation_report.json,agentmark,AgentMark-F exact probabilities,26,26,0,11,0,0,11001101,True,
alfworld,agentmark,deepseek,ID,1,054,11001101,8,2025,/Users/local/AgentMarkBeta/实验数据/remote_data/extracted/output-0510/alfworld/agentmark/deepseek/run_1/ID/task_054/evaluation_report.json,agentmark_rank_only,AgentMark-F rank-only linear top-10 surrogate,15,15,0,6,5,0,11100000,False,payload_mismatch
alfworld,agentmark,deepseek,ID,1,054,11001101,8,2025,/Users/local/AgentMarkBeta/实验数据/remote_data/extracted/output-0510/alfworld/agentmark/deepseek/run_1/ID/task_054/evaluation_report.json,rank,AsymAgentMark-TK top-10 rank,2,2,0,1,10,0,,False,insufficient_packets
alfworld,agentmark,deepseek,ID,1,055,11001101,8,2025,/Users/local/AgentMarkBeta/实验数据/remote_data/extracted/output-0510/alfworld/agentmark/deepseek/run_1/ID/task_055/evaluation_report.json,agentmark,AgentMark-F exact probabilities,14,14,0,7,0,0,11001101,True,
alfworld,agentmark,deepseek,ID,1,055,11001101,8,2025,/Users/local/AgentMarkBeta/实验数据/remote_data/extracted/output-0510/alfworld/agentmark/deepseek/run_1/ID/task_055/evaluation_report.json,agentmark_rank_only,AgentMark-F rank-only linear top-10 surrogate,6,6,0,2,5,0,,False,insufficient_packets
alfworld,agentmark,deepseek,ID,1,055,11001101,8,2025,/Users/local/AgentMarkBeta/实验数据/remote_data/extracted/output-0510/alfworld/agentmark/deepseek/run_1/ID/task_055/evaluation_report.json,rank,AsymAgentMark-TK top-10 rank,5,5,0,3,4,0,,False,insufficient_packets
alfworld,agentmark,deepseek,ID,1,056,11001101,8,2025,/Users/local/AgentMarkBeta/实验数据/remote_data/extracted/output-0510/alfworld/agentmark/deepseek/run_1/ID/task_056/evaluation_report.json,agentmark,AgentMark-F exact probabilities,13,13,0,7,0,0,11001101,True,
alfworld,agentmark,deepseek,ID,1,056,11001101,8,2025,/Users/local/AgentMarkBeta/实验数据/remote_data/extracted/output-0510/alfworld/agentmark/deepseek/run_1/ID/task_056/evaluation_report.json,agentmark_rank_only,AgentMark-F rank-only linear top-10 surrogate,10,10,0,5,2,0,01101100,False,payload_mismatch
alfworld,agentmark,deepseek,ID,1,056,11001101,8,2025,/Users/local/AgentMarkBeta/实验数据/remote_data/extracted/output-0510/alfworld/agentmark/deepseek/run_1/ID/task_056/evaluation_report.json,rank,AsymAgentMark-TK top-10 rank,5,5,0,4,3,0,,False,insufficient_packets
alfworld,agentmark,deepseek,ID,1,057,11001101,8,2025,/Users/local/AgentMarkBeta/实验数据/remote_data/extracted/output-0510/alfworld/agentmark/deepseek/run_1/ID/task_057/evaluation_report.json,agentmark,AgentMark-F exact probabilities,3,3,0,2,0,0,,False,insufficient_packets
alfworld,agentmark,deepseek,ID,1,057,11001101,8,2025,/Users/local/AgentMarkBeta/实验数据/remote_data/extracted/output-0510/alfworld/agentmark/deepseek/run_1/ID/task_057/evaluation_report.json,agentmark_rank_only,AgentMark-F rank-only linear top-10 surrogate,3,3,0,2,0,0,,False,insufficient_packets
alfworld,agentmark,deepseek,ID,1,057,11001101,8,2025,/Users/local/AgentMarkBeta/实验数据/remote_data/extracted/output-0510/alfworld/agentmark/deepseek/run_1/ID/task_057/evaluation_report.json,rank,AsymAgentMark-TK top-10 rank,0,0,0,0,2,0,,False,insufficient_packets
alfworld,agentmark,deepseek,ID,1,058,11001101,8,2025,/Users/local/AgentMarkBeta/实验数据/remote_data/extracted/output-0510/alfworld/agentmark/deepseek/run_1/ID/task_058/evaluation_report.json,agentmark,AgentMark-F exact probabilities,4,4,0,2,0,0,,False,insufficient_packets
alfworld,agentmark,deepseek,ID,1,058,11001101,8,2025,/Users/local/AgentMarkBeta/实验数据/remote_data/extracted/output-0510/alfworld/agentmark/deepseek/run_1/ID/task_058/evaluation_report.json,agentmark_rank_only,AgentMark-F rank-only linear top-10 surrogate,2,2,0,1,1,0,,False,insufficient_packets
alfworld,agentmark,deepseek,ID,1,058,11001101,8,2025,/Users/local/AgentMarkBeta/实验数据/remote_data/extracted/output-0510/alfworld/agentmark/deepseek/run_1/ID/task_058/evaluation_report.json,rank,AsymAgentMark-TK top-10 rank,0,0,0,0,2,0,,False,insufficient_packets
alfworld,agentmark,deepseek,ID,1,059,11001101,8,2025,/Users/local/AgentMarkBeta/实验数据/remote_data/extracted/output-0510/alfworld/agentmark/deepseek/run_1/ID/task_059/evaluation_report.json,agentmark,AgentMark-F exact probabilities,8,8,0,4,0,0,,False,rank_deficient
alfworld,agentmark,deepseek,ID,1,059,11001101,8,2025,/Users/local/AgentMarkBeta/实验数据/remote_data/extracted/output-0510/alfworld/agentmark/deepseek/run_1/ID/task_059/evaluation_report.json,agentmark_rank_only,AgentMark-F rank-only linear top-10 surrogate,4,4,0,2,2,0,,False,insufficient_packets
alfworld,agentmark,deepseek,ID,1,059,11001101,8,2025,/Users/local/AgentMarkBeta/实验数据/remote_data/extracted/output-0510/alfworld/agentmark/deepseek/run_1/ID/task_059/evaluation_report.json,rank,AsymAgentMark-TK top-10 rank,0,0,0,0,4,0,,False,insufficient_packets
alfworld,agentmark,deepseek,ID,1,060,11001101,8,2025,/Users/local/AgentMarkBeta/实验数据/remote_data/extracted/output-0510/alfworld/agentmark/deepseek/run_1/ID/task_060/evaluation_report.json,agentmark,AgentMark-F exact probabilities,37,37,0,16,0,0,11001101,True,
alfworld,agentmark,deepseek,ID,1,060,11001101,8,2025,/Users/local/AgentMarkBeta/实验数据/remote_data/extracted/output-0510/alfworld/agentmark/deepseek/run_1/ID/task_060/evaluation_report.json,agentmark_rank_only,AgentMark-F rank-only linear top-10 surrogate,23,23,0,8,8,0,11001000,False,payload_mismatch
alfworld,agentmark,deepseek,ID,1,060,11001101,8,2025,/Users/local/AgentMarkBeta/实验数据/remote_data/extracted/output-0510/alfworld/agentmark/deepseek/run_1/ID/task_060/evaluation_report.json,rank,AsymAgentMark-TK top-10 rank,7,7,0,4,12,0,,False,insufficient_packets
alfworld,agentmark,deepseek,ID,1,061,11001101,8,2025,/Users/local/AgentMarkBeta/实验数据/remote_data/extracted/output-0510/alfworld/agentmark/deepseek/run_1/ID/task_061/evaluation_report.json,agentmark,AgentMark-F exact probabilities,5,5,0,2,0,0,,False,insufficient_packets
alfworld,agentmark,deepseek,ID,1,061,11001101,8,2025,/Users/local/AgentMarkBeta/实验数据/remote_data/extracted/output-0510/alfworld/agentmark/deepseek/run_1/ID/task_061/evaluation_report.json,agentmark_rank_only,AgentMark-F rank-only linear top-10 surrogate,2,2,0,1,1,0,,False,insufficient_packets
alfworld,agentmark,deepseek,ID,1,061,11001101,8,2025,/Users/local/AgentMarkBeta/实验数据/remote_data/extracted/output-0510/alfworld/agentmark/deepseek/run_1/ID/task_061/evaluation_report.json,rank,AsymAgentMark-TK top-10 rank,0,0,0,0,2,0,,False,insufficient_packets
alfworld,agentmark,deepseek,ID,1,062,11001101,8,2025,/Users/local/AgentMarkBeta/实验数据/remote_data/extracted/output-0510/alfworld/agentmark/deepseek/run_1/ID/task_062/evaluation_report.json,agentmark,AgentMark-F exact probabilities,3,3,0,1,0,0,,False,insufficient_packets
alfworld,agentmark,deepseek,ID,1,062,11001101,8,2025,/Users/local/AgentMarkBeta/实验数据/remote_data/extracted/output-0510/alfworld/agentmark/deepseek/run_1/ID/task_062/evaluation_report.json,agentmark_rank_only,AgentMark-F rank-only linear top-10 surrogate,3,3,0,1,0,0,,False,insufficient_packets
alfworld,agentmark,deepseek,ID,1,062,11001101,8,2025,/Users/local/AgentMarkBeta/实验数据/remote_data/extracted/output-0510/alfworld/agentmark/deepseek/run_1/ID/task_062/evaluation_report.json,rank,AsymAgentMark-TK top-10 rank,0,0,0,0,1,0,,False,insufficient_packets
alfworld,agentmark,deepseek,ID,1,063,11001101,8,2025,/Users/local/AgentMarkBeta/实验数据/remote_data/extracted/output-0510/alfworld/agentmark/deepseek/run_1/ID/task_063/evaluation_report.json,agentmark,AgentMark-F exact probabilities,13,13,0,7,0,0,11001101,True,
alfworld,agentmark,deepseek,ID,1,063,11001101,8,2025,/Users/local/AgentMarkBeta/实验数据/remote_data/extracted/output-0510/alfworld/agentmark/deepseek/run_1/ID/task_063/evaluation_report.json,agentmark_rank_only,AgentMark-F rank-only linear top-10 surrogate,7,7,0,3,4,0,,False,insufficient_packets
alfworld,agentmark,deepseek,ID,1,063,11001101,8,2025,/Users/local/AgentMarkBeta/实验数据/remote_data/extracted/output-0510/alfworld/agentmark/deepseek/run_1/ID/task_063/evaluation_report.json,rank,AsymAgentMark-TK top-10 rank,6,6,0,4,3,0,,False,insufficient_packets
alfworld,agentmark,deepseek,ID,1,064,11001101,8,2025,/Users/local/AgentMarkBeta/实验数据/remote_data/extracted/output-0510/alfworld/agentmark/deepseek/run_1/ID/task_064/evaluation_report.json,agentmark,AgentMark-F exact probabilities,9,9,0,5,0,0,11001101,True,
alfworld,agentmark,deepseek,ID,1,064,11001101,8,2025,/Users/local/AgentMarkBeta/实验数据/remote_data/extracted/output-0510/alfworld/agentmark/deepseek/run_1/ID/task_064/evaluation_report.json,agentmark_rank_only,AgentMark-F rank-only linear top-10 surrogate,3,3,0,1,4,0,,False,insufficient_packets
alfworld,agentmark,deepseek,ID,1,064,11001101,8,2025,/Users/local/AgentMarkBeta/实验数据/remote_data/extracted/output-0510/alfworld/agentmark/deepseek/run_1/ID/task_064/evaluation_report.json,rank,AsymAgentMark-TK top-10 rank,1,1,0,1,4,0,,False,insufficient_packets
alfworld,agentmark,deepseek,ID,1,065,11001101,8,2025,/Users/local/AgentMarkBeta/实验数据/remote_data/extracted/output-0510/alfworld/agentmark/deepseek/run_1/ID/task_065/evaluation_report.json,agentmark,AgentMark-F exact probabilities,8,8,0,3,0,0,,False,rank_deficient
alfworld,agentmark,deepseek,ID,1,065,11001101,8,2025,/Users/local/AgentMarkBeta/实验数据/remote_data/extracted/output-0510/alfworld/agentmark/deepseek/run_1/ID/task_065/evaluation_report.json,agentmark_rank_only,AgentMark-F rank-only linear top-10 surrogate,6,6,0,2,1,0,,False,insufficient_packets
alfworld,agentmark,deepseek,ID,1,065,11001101,8,2025,/Users/local/AgentMarkBeta/实验数据/remote_data/extracted/output-0510/alfworld/agentmark/deepseek/run_1/ID/task_065/evaluation_report.json,rank,AsymAgentMark-TK top-10 rank,2,2,0,1,2,0,,False,insufficient_packets
alfworld,agentmark,deepseek,ID,1,066,11001101,8,2025,/Users/local/AgentMarkBeta/实验数据/remote_data/extracted/output-0510/alfworld/agentmark/deepseek/run_1/ID/task_066/evaluation_report.json,agentmark,AgentMark-F exact probabilities,28,28,0,11,0,0,11001101,True,
alfworld,agentmark,deepseek,ID,1,066,11001101,8,2025,/Users/local/AgentMarkBeta/实验数据/remote_data/extracted/output-0510/alfworld/agentmark/deepseek/run_1/ID/task_066/evaluation_report.json,agentmark_rank_only,AgentMark-F rank-only linear top-10 surrogate,13,13,0,5,6,0,00001000,False,payload_mismatch
alfworld,agentmark,deepseek,ID,1,066,11001101,8,2025,/Users/local/AgentMarkBeta/实验数据/remote_data/extracted/output-0510/alfworld/agentmark/deepseek/run_1/ID/task_066/evaluation_report.json,rank,AsymAgentMark-TK top-10 rank,5,5,0,3,8,0,,False,insufficient_packets
alfworld,agentmark,deepseek,ID,1,067,11001101,8,2025,/Users/local/AgentMarkBeta/实验数据/remote_data/extracted/output-0510/alfworld/agentmark/deepseek/run_1/ID/task_067/evaluation_report.json,agentmark,AgentMark-F exact probabilities,4,4,0,1,0,0,,False,insufficient_packets
alfworld,agentmark,deepseek,ID,1,067,11001101,8,2025,/Users/local/AgentMarkBeta/实验数据/remote_data/extracted/output-0510/alfworld/agentmark/deepseek/run_1/ID/task_067/evaluation_report.json,agentmark_rank_only,AgentMark-F rank-only linear top-10 surrogate,0,0,0,0,1,0,,False,insufficient_packets
alfworld,agentmark,deepseek,ID,1,067,11001101,8,2025,/Users/local/AgentMarkBeta/实验数据/remote_data/extracted/output-0510/alfworld/agentmark/deepseek/run_1/ID/task_067/evaluation_report.json,rank,AsymAgentMark-TK top-10 rank,0,0,0,0,1,0,,False,insufficient_packets
alfworld,agentmark,deepseek,ID,1,068,11001101,8,2025,/Users/local/AgentMarkBeta/实验数据/remote_data/extracted/output-0510/alfworld/agentmark/deepseek/run_1/ID/task_068/evaluation_report.json,agentmark,AgentMark-F exact probabilities,60,60,0,23,0,0,11001101,True,
alfworld,agentmark,deepseek,ID,1,068,11001101,8,2025,/Users/local/AgentMarkBeta/实验数据/remote_data/extracted/output-0510/alfworld/agentmark/deepseek/run_1/ID/task_068/evaluation_report.json,agentmark_rank_only,AgentMark-F rank-only linear top-10 surrogate,39,39,0,14,9,0,11001101,True,
alfworld,agentmark,deepseek,ID,1,068,11001101,8,2025,/Users/local/AgentMarkBeta/实验数据/remote_data/extracted/output-0510/alfworld/agentmark/deepseek/run_1/ID/task_068/evaluation_report.json,rank,AsymAgentMark-TK top-10 rank,6,6,0,3,20,0,,False,insufficient_packets
alfworld,agentmark,deepseek,ID,1,069,11001101,8,2025,/Users/local/AgentMarkBeta/实验数据/remote_data/extracted/output-0510/alfworld/agentmark/deepseek/run_1/ID/task_069/evaluation_report.json,agentmark,AgentMark-F exact probabilities,17,17,0,7,0,0,11001101,True,
alfworld,agentmark,deepseek,ID,1,069,11001101,8,2025,/Users/local/AgentMarkBeta/实验数据/remote_data/extracted/output-0510/alfworld/agentmark/deepseek/run_1/ID/task_069/evaluation_report.json,agentmark_rank_only,AgentMark-F rank-only linear top-10 surrogate,10,10,0,4,3,0,10101111,False,payload_mismatch
alfworld,agentmark,deepseek,ID,1,069,11001101,8,2025,/Users/local/AgentMarkBeta/实验数据/remote_data/extracted/output-0510/alfworld/agentmark/deepseek/run_1/ID/task_069/evaluation_report.json,rank,AsymAgentMark-TK top-10 rank,3,3,0,2,5,0,,False,insufficient_packets
alfworld,agentmark,deepseek,ID,1,070,11001101,8,2025,/Users/local/AgentMarkBeta/实验数据/remote_data/extracted/output-0510/alfworld/agentmark/deepseek/run_1/ID/task_070/evaluation_report.json,agentmark,AgentMark-F exact probabilities,20,20,0,9,0,0,11001101,True,
alfworld,agentmark,deepseek,ID,1,070,11001101,8,2025,/Users/local/AgentMarkBeta/实验数据/remote_data/extracted/output-0510/alfworld/agentmark/deepseek/run_1/ID/task_070/evaluation_report.json,agentmark_rank_only,AgentMark-F rank-only linear top-10 surrogate,11,11,0,5,4,0,00001110,False,payload_mismatch
alfworld,agentmark,deepseek,ID,1,070,11001101,8,2025,/Users/local/AgentMarkBeta/实验数据/remote_data/extracted/output-0510/alfworld/agentmark/deepseek/run_1/ID/task_070/evaluation_report.json,rank,AsymAgentMark-TK top-10 rank,3,3,0,2,7,0,,False,insufficient_packets
alfworld,agentmark,deepseek,ID,1,071,11001101,8,2025,/Users/local/AgentMarkBeta/实验数据/remote_data/extracted/output-0510/alfworld/agentmark/deepseek/run_1/ID/task_071/evaluation_report.json,agentmark,AgentMark-F exact probabilities,3,3,0,1,0,0,,False,insufficient_packets
alfworld,agentmark,deepseek,ID,1,071,11001101,8,2025,/Users/local/AgentMarkBeta/实验数据/remote_data/extracted/output-0510/alfworld/agentmark/deepseek/run_1/ID/task_071/evaluation_report.json,agentmark_rank_only,AgentMark-F rank-only linear top-10 surrogate,0,0,0,0,1,0,,False,insufficient_packets
alfworld,agentmark,deepseek,ID,1,071,11001101,8,2025,/Users/local/AgentMarkBeta/实验数据/remote_data/extracted/output-0510/alfworld/agentmark/deepseek/run_1/ID/task_071/evaluation_report.json,rank,AsymAgentMark-TK top-10 rank,0,0,0,0,1,0,,False,insufficient_packets
alfworld,agentmark,deepseek,ID,1,072,11001101,8,2025,/Users/local/AgentMarkBeta/实验数据/remote_data/extracted/output-0510/alfworld/agentmark/deepseek/run_1/ID/task_072/evaluation_report.json,agentmark,AgentMark-F exact probabilities,13,13,0,6,0,0,11001101,True,
alfworld,agentmark,deepseek,ID,1,072,11001101,8,2025,/Users/local/AgentMarkBeta/实验数据/remote_data/extracted/output-0510/alfworld/agentmark/deepseek/run_1/ID/task_072/evaluation_report.json,agentmark_rank_only,AgentMark-F rank-only linear top-10 surrogate,9,9,0,4,2,0,10000111,False,payload_mismatch
alfworld,agentmark,deepseek,ID,1,072,11001101,8,2025,/Users/local/AgentMarkBeta/实验数据/remote_data/extracted/output-0510/alfworld/agentmark/deepseek/run_1/ID/task_072/evaluation_report.json,rank,AsymAgentMark-TK top-10 rank,0,0,0,0,6,0,,False,insufficient_packets
alfworld,agentmark,deepseek,ID,1,073,11001101,8,2025,/Users/local/AgentMarkBeta/实验数据/remote_data/extracted/output-0510/alfworld/agentmark/deepseek/run_1/ID/task_073/evaluation_report.json,agentmark,AgentMark-F exact probabilities,5,5,0,2,0,0,,False,insufficient_packets
alfworld,agentmark,deepseek,ID,1,073,11001101,8,2025,/Users/local/AgentMarkBeta/实验数据/remote_data/extracted/output-0510/alfworld/agentmark/deepseek/run_1/ID/task_073/evaluation_report.json,agentmark_rank_only,AgentMark-F rank-only linear top-10 surrogate,2,2,0,1,1,0,,False,insufficient_packets
alfworld,agentmark,deepseek,ID,1,073,11001101,8,2025,/Users/local/AgentMarkBeta/实验数据/remote_data/extracted/output-0510/alfworld/agentmark/deepseek/run_1/ID/task_073/evaluation_report.json,rank,AsymAgentMark-TK top-10 rank,0,0,0,0,2,0,,False,insufficient_packets
alfworld,agentmark,deepseek,ID,1,074,11001101,8,2025,/Users/local/AgentMarkBeta/实验数据/remote_data/extracted/output-0510/alfworld/agentmark/deepseek/run_1/ID/task_074/evaluation_report.json,agentmark,AgentMark-F exact probabilities,24,24,0,10,0,0,11001101,True,
alfworld,agentmark,deepseek,ID,1,074,11001101,8,2025,/Users/local/AgentMarkBeta/实验数据/remote_data/extracted/output-0510/alfworld/agentmark/deepseek/run_1/ID/task_074/evaluation_report.json,agentmark_rank_only,AgentMark-F rank-only linear top-10 surrogate,11,11,0,4,6,0,11001101,True,
alfworld,agentmark,deepseek,ID,1,074,11001101,8,2025,/Users/local/AgentMarkBeta/实验数据/remote_data/extracted/output-0510/alfworld/agentmark/deepseek/run_1/ID/task_074/evaluation_report.json,rank,AsymAgentMark-TK top-10 rank,3,3,0,2,8,0,,False,insufficient_packets
alfworld,agentmark,deepseek,ID,1,075,11001101,8,2025,/Users/local/AgentMarkBeta/实验数据/remote_data/extracted/output-0510/alfworld/agentmark/deepseek/run_1/ID/task_075/evaluation_report.json,agentmark,AgentMark-F exact probabilities,38,38,0,19,0,0,11001101,True,
alfworld,agentmark,deepseek,ID,1,075,11001101,8,2025,/Users/local/AgentMarkBeta/实验数据/remote_data/extracted/output-0510/alfworld/agentmark/deepseek/run_1/ID/task_075/evaluation_report.json,agentmark_rank_only,AgentMark-F rank-only linear top-10 surrogate,17,17,0,7,12,0,11000101,False,payload_mismatch
alfworld,agentmark,deepseek,ID,1,075,11001101,8,2025,/Users/local/AgentMarkBeta/实验数据/remote_data/extracted/output-0510/alfworld/agentmark/deepseek/run_1/ID/task_075/evaluation_report.json,rank,AsymAgentMark-TK top-10 rank,11,11,0,7,12,0,10110000,False,payload_mismatch
alfworld,agentmark,deepseek,ID,1,076,11001101,8,2025,/Users/local/AgentMarkBeta/实验数据/remote_data/extracted/output-0510/alfworld/agentmark/deepseek/run_1/ID/task_076/evaluation_report.json,agentmark,AgentMark-F exact probabilities,11,11,0,5,0,0,11001101,True,
alfworld,agentmark,deepseek,ID,1,076,11001101,8,2025,/Users/local/AgentMarkBeta/实验数据/remote_data/extracted/output-0510/alfworld/agentmark/deepseek/run_1/ID/task_076/evaluation_report.json,agentmark_rank_only,AgentMark-F rank-only linear top-10 surrogate,4,4,0,1,4,0,,False,insufficient_packets
alfworld,agentmark,deepseek,ID,1,076,11001101,8,2025,/Users/local/AgentMarkBeta/实验数据/remote_data/extracted/output-0510/alfworld/agentmark/deepseek/run_1/ID/task_076/evaluation_report.json,rank,AsymAgentMark-TK top-10 rank,2,2,0,1,4,0,,False,insufficient_packets
alfworld,agentmark,deepseek,ID,1,077,11001101,8,2025,/Users/local/AgentMarkBeta/实验数据/remote_data/extracted/output-0510/alfworld/agentmark/deepseek/run_1/ID/task_077/evaluation_report.json,agentmark,AgentMark-F exact probabilities,11,11,0,4,0,0,11001101,True,
alfworld,agentmark,deepseek,ID,1,077,11001101,8,2025,/Users/local/AgentMarkBeta/实验数据/remote_data/extracted/output-0510/alfworld/agentmark/deepseek/run_1/ID/task_077/evaluation_report.json,agentmark_rank_only,AgentMark-F rank-only linear top-10 surrogate,7,7,0,3,1,0,,False,insufficient_packets
alfworld,agentmark,deepseek,ID,1,077,11001101,8,2025,/Users/local/AgentMarkBeta/实验数据/remote_data/extracted/output-0510/alfworld/agentmark/deepseek/run_1/ID/task_077/evaluation_report.json,rank,AsymAgentMark-TK top-10 rank,1,1,0,1,3,0,,False,insufficient_packets
alfworld,agentmark,deepseek,ID,1,078,11001101,8,2025,/Users/local/AgentMarkBeta/实验数据/remote_data/extracted/output-0510/alfworld/agentmark/deepseek/run_1/ID/task_078/evaluation_report.json,agentmark,AgentMark-F exact probabilities,11,11,0,5,0,0,11001101,True,
alfworld,agentmark,deepseek,ID,1,078,11001101,8,2025,/Users/local/AgentMarkBeta/实验数据/remote_data/extracted/output-0510/alfworld/agentmark/deepseek/run_1/ID/task_078/evaluation_report.json,agentmark_rank_only,AgentMark-F rank-only linear top-10 surrogate,0,0,0,0,5,0,,False,insufficient_packets
alfworld,agentmark,deepseek,ID,1,078,11001101,8,2025,/Users/local/AgentMarkBeta/实验数据/remote_data/extracted/output-0510/alfworld/agentmark/deepseek/run_1/ID/task_078/evaluation_report.json,rank,AsymAgentMark-TK top-10 rank,1,1,0,1,4,0,,False,insufficient_packets
alfworld,agentmark,deepseek,ID,1,079,11001101,8,2025,/Users/local/AgentMarkBeta/实验数据/remote_data/extracted/output-0510/alfworld/agentmark/deepseek/run_1/ID/task_079/evaluation_report.json,agentmark,AgentMark-F exact probabilities,27,27,0,10,0,0,11001101,True,
alfworld,agentmark,deepseek,ID,1,079,11001101,8,2025,/Users/local/AgentMarkBeta/实验数据/remote_data/extracted/output-0510/alfworld/agentmark/deepseek/run_1/ID/task_079/evaluation_report.json,agentmark_rank_only,AgentMark-F rank-only linear top-10 surrogate,23,23,0,9,1,0,11111000,False,payload_mismatch
alfworld,agentmark,deepseek,ID,1,079,11001101,8,2025,/Users/local/AgentMarkBeta/实验数据/remote_data/extracted/output-0510/alfworld/agentmark/deepseek/run_1/ID/task_079/evaluation_report.json,rank,AsymAgentMark-TK top-10 rank,0,0,0,0,10,0,,False,insufficient_packets
alfworld,agentmark,deepseek,ID,1,080,11001101,8,2025,/Users/local/AgentMarkBeta/实验数据/remote_data/extracted/output-0510/alfworld/agentmark/deepseek/run_1/ID/task_080/evaluation_report.json,agentmark,AgentMark-F exact probabilities,24,24,0,11,0,0,11001101,True,
alfworld,agentmark,deepseek,ID,1,080,11001101,8,2025,/Users/local/AgentMarkBeta/实验数据/remote_data/extracted/output-0510/alfworld/agentmark/deepseek/run_1/ID/task_080/evaluation_report.json,agentmark_rank_only,AgentMark-F rank-only linear top-10 surrogate,11,11,0,5,6,0,10111110,False,payload_mismatch
alfworld,agentmark,deepseek,ID,1,080,11001101,8,2025,/Users/local/AgentMarkBeta/实验数据/remote_data/extracted/output-0510/alfworld/agentmark/deepseek/run_1/ID/task_080/evaluation_report.json,rank,AsymAgentMark-TK top-10 rank,1,1,0,1,10,0,,False,insufficient_packets
alfworld,agentmark,deepseek,ID,1,081,11001101,8,2025,/Users/local/AgentMarkBeta/实验数据/remote_data/extracted/output-0510/alfworld/agentmark/deepseek/run_1/ID/task_081/evaluation_report.json,agentmark,AgentMark-F exact probabilities,68,68,0,26,0,0,11001101,True,
alfworld,agentmark,deepseek,ID,1,081,11001101,8,2025,/Users/local/AgentMarkBeta/实验数据/remote_data/extracted/output-0510/alfworld/agentmark/deepseek/run_1/ID/task_081/evaluation_report.json,agentmark_rank_only,AgentMark-F rank-only linear top-10 surrogate,34,34,0,14,12,0,01001000,False,payload_mismatch
alfworld,agentmark,deepseek,ID,1,081,11001101,8,2025,/Users/local/AgentMarkBeta/实验数据/remote_data/extracted/output-0510/alfworld/agentmark/deepseek/run_1/ID/task_081/evaluation_report.json,rank,AsymAgentMark-TK top-10 rank,3,3,0,2,24,0,,False,insufficient_packets
alfworld,agentmark,deepseek,ID,1,082,11001101,8,2025,/Users/local/AgentMarkBeta/实验数据/remote_data/extracted/output-0510/alfworld/agentmark/deepseek/run_1/ID/task_082/evaluation_report.json,agentmark,AgentMark-F exact probabilities,11,11,0,5,0,0,11001101,True,
alfworld,agentmark,deepseek,ID,1,082,11001101,8,2025,/Users/local/AgentMarkBeta/实验数据/remote_data/extracted/output-0510/alfworld/agentmark/deepseek/run_1/ID/task_082/evaluation_report.json,agentmark_rank_only,AgentMark-F rank-only linear top-10 surrogate,5,5,0,2,3,0,,False,insufficient_packets
alfworld,agentmark,deepseek,ID,1,082,11001101,8,2025,/Users/local/AgentMarkBeta/实验数据/remote_data/extracted/output-0510/alfworld/agentmark/deepseek/run_1/ID/task_082/evaluation_report.json,rank,AsymAgentMark-TK top-10 rank,0,0,0,0,5,0,,False,insufficient_packets
alfworld,agentmark,deepseek,ID,1,083,11001101,8,2025,/Users/local/AgentMarkBeta/实验数据/remote_data/extracted/output-0510/alfworld/agentmark/deepseek/run_1/ID/task_083/evaluation_report.json,agentmark,AgentMark-F exact probabilities,55,55,0,18,0,0,11001101,True,
alfworld,agentmark,deepseek,ID,1,083,11001101,8,2025,/Users/local/AgentMarkBeta/实验数据/remote_data/extracted/output-0510/alfworld/agentmark/deepseek/run_1/ID/task_083/evaluation_report.json,agentmark_rank_only,AgentMark-F rank-only linear top-10 surrogate,17,17,0,6,12,0,10110110,False,payload_mismatch
alfworld,agentmark,deepseek,ID,1,083,11001101,8,2025,/Users/local/AgentMarkBeta/实验数据/remote_data/extracted/output-0510/alfworld/agentmark/deepseek/run_1/ID/task_083/evaluation_report.json,rank,AsymAgentMark-TK top-10 rank,2,2,0,1,17,0,,False,insufficient_packets
alfworld,agentmark,deepseek,ID,1,084,11001101,8,2025,/Users/local/AgentMarkBeta/实验数据/remote_data/extracted/output-0510/alfworld/agentmark/deepseek/run_1/ID/task_084/evaluation_report.json,agentmark,AgentMark-F exact probabilities,17,17,0,8,0,0,11001101,True,
alfworld,agentmark,deepseek,ID,1,084,11001101,8,2025,/Users/local/AgentMarkBeta/实验数据/remote_data/extracted/output-0510/alfworld/agentmark/deepseek/run_1/ID/task_084/evaluation_report.json,agentmark_rank_only,AgentMark-F rank-only linear top-10 surrogate,7,7,0,3,5,0,,False,insufficient_packets
alfworld,agentmark,deepseek,ID,1,084,11001101,8,2025,/Users/local/AgentMarkBeta/实验数据/remote_data/extracted/output-0510/alfworld/agentmark/deepseek/run_1/ID/task_084/evaluation_report.json,rank,AsymAgentMark-TK top-10 rank,0,0,0,0,8,0,,False,insufficient_packets
alfworld,agentmark,deepseek,ID,1,085,11001101,8,2025,/Users/local/AgentMarkBeta/实验数据/remote_data/extracted/output-0510/alfworld/agentmark/deepseek/run_1/ID/task_085/evaluation_report.json,agentmark,AgentMark-F exact probabilities,7,7,0,3,0,0,,False,insufficient_packets
alfworld,agentmark,deepseek,ID,1,085,11001101,8,2025,/Users/local/AgentMarkBeta/实验数据/remote_data/extracted/output-0510/alfworld/agentmark/deepseek/run_1/ID/task_085/evaluation_report.json,agentmark_rank_only,AgentMark-F rank-only linear top-10 surrogate,6,6,0,2,1,0,,False,insufficient_packets
alfworld,agentmark,deepseek,ID,1,085,11001101,8,2025,/Users/local/AgentMarkBeta/实验数据/remote_data/extracted/output-0510/alfworld/agentmark/deepseek/run_1/ID/task_085/evaluation_report.json,rank,AsymAgentMark-TK top-10 rank,1,1,0,1,2,0,,False,insufficient_packets
alfworld,agentmark,deepseek,ID,1,086,11001101,8,2025,/Users/local/AgentMarkBeta/实验数据/remote_data/extracted/output-0510/alfworld/agentmark/deepseek/run_1/ID/task_086/evaluation_report.json,agentmark,AgentMark-F exact probabilities,17,17,0,4,0,0,11001101,True,
alfworld,agentmark,deepseek,ID,1,086,11001101,8,2025,/Users/local/AgentMarkBeta/实验数据/remote_data/extracted/output-0510/alfworld/agentmark/deepseek/run_1/ID/task_086/evaluation_report.json,agentmark_rank_only,AgentMark-F rank-only linear top-10 surrogate,0,0,0,0,4,0,,False,insufficient_packets
alfworld,agentmark,deepseek,ID,1,086,11001101,8,2025,/Users/local/AgentMarkBeta/实验数据/remote_data/extracted/output-0510/alfworld/agentmark/deepseek/run_1/ID/task_086/evaluation_report.json,rank,AsymAgentMark-TK top-10 rank,0,0,0,0,4,0,,False,insufficient_packets
alfworld,agentmark,deepseek,ID,1,087,11001101,8,2025,/Users/local/AgentMarkBeta/实验数据/remote_data/extracted/output-0510/alfworld/agentmark/deepseek/run_1/ID/task_087/evaluation_report.json,agentmark,AgentMark-F exact probabilities,4,4,0,3,0,0,,False,insufficient_packets
alfworld,agentmark,deepseek,ID,1,087,11001101,8,2025,/Users/local/AgentMarkBeta/实验数据/remote_data/extracted/output-0510/alfworld/agentmark/deepseek/run_1/ID/task_087/evaluation_report.json,agentmark_rank_only,AgentMark-F rank-only linear top-10 surrogate,0,0,0,0,3,0,,False,insufficient_packets
alfworld,agentmark,deepseek,ID,1,087,11001101,8,2025,/Users/local/AgentMarkBeta/实验数据/remote_data/extracted/output-0510/alfworld/agentmark/deepseek/run_1/ID/task_087/evaluation_report.json,rank,AsymAgentMark-TK top-10 rank,2,2,0,2,1,0,,False,insufficient_packets
alfworld,agentmark,deepseek,ID,1,088,11001101,8,2025,/Users/local/AgentMarkBeta/实验数据/remote_data/extracted/output-0510/alfworld/agentmark/deepseek/run_1/ID/task_088/evaluation_report.json,agentmark,AgentMark-F exact probabilities,6,6,0,5,0,0,,False,insufficient_packets
alfworld,agentmark,deepseek,ID,1,088,11001101,8,2025,/Users/local/AgentMarkBeta/实验数据/remote_data/extracted/output-0510/alfworld/agentmark/deepseek/run_1/ID/task_088/evaluation_report.json,agentmark_rank_only,AgentMark-F rank-only linear top-10 surrogate,2,2,0,1,4,0,,False,insufficient_packets
alfworld,agentmark,deepseek,ID,1,088,11001101,8,2025,/Users/local/AgentMarkBeta/实验数据/remote_data/extracted/output-0510/alfworld/agentmark/deepseek/run_1/ID/task_088/evaluation_report.json,rank,AsymAgentMark-TK top-10 rank,2,2,0,2,3,0,,False,insufficient_packets
alfworld,agentmark,deepseek,ID,1,089,11001101,8,2025,/Users/local/AgentMarkBeta/实验数据/remote_data/extracted/output-0510/alfworld/agentmark/deepseek/run_1/ID/task_089/evaluation_report.json,agentmark,AgentMark-F exact probabilities,5,5,0,2,0,0,,False,insufficient_packets
alfworld,agentmark,deepseek,ID,1,089,11001101,8,2025,/Users/local/AgentMarkBeta/实验数据/remote_data/extracted/output-0510/alfworld/agentmark/deepseek/run_1/ID/task_089/evaluation_report.json,agentmark_rank_only,AgentMark-F rank-only linear top-10 surrogate,5,5,0,2,0,0,,False,insufficient_packets
alfworld,agentmark,deepseek,ID,1,089,11001101,8,2025,/Users/local/AgentMarkBeta/实验数据/remote_data/extracted/output-0510/alfworld/agentmark/deepseek/run_1/ID/task_089/evaluation_report.json,rank,AsymAgentMark-TK top-10 rank,0,0,0,0,2,0,,False,insufficient_packets
alfworld,agentmark,deepseek,ID,1,090,11001101,8,2025,/Users/local/AgentMarkBeta/实验数据/remote_data/extracted/output-0510/alfworld/agentmark/deepseek/run_1/ID/task_090/evaluation_report.json,agentmark,AgentMark-F exact probabilities,3,3,0,2,0,0,,False,insufficient_packets
alfworld,agentmark,deepseek,ID,1,090,11001101,8,2025,/Users/local/AgentMarkBeta/实验数据/remote_data/extracted/output-0510/alfworld/agentmark/deepseek/run_1/ID/task_090/evaluation_report.json,agentmark_rank_only,AgentMark-F rank-only linear top-10 surrogate,0,0,0,0,2,0,,False,insufficient_packets
alfworld,agentmark,deepseek,ID,1,090,11001101,8,2025,/Users/local/AgentMarkBeta/实验数据/remote_data/extracted/output-0510/alfworld/agentmark/deepseek/run_1/ID/task_090/evaluation_report.json,rank,AsymAgentMark-TK top-10 rank,1,1,0,1,1,0,,False,insufficient_packets
alfworld,agentmark,deepseek,ID,1,091,11001101,8,2025,/Users/local/AgentMarkBeta/实验数据/remote_data/extracted/output-0510/alfworld/agentmark/deepseek/run_1/ID/task_091/evaluation_report.json,agentmark,AgentMark-F exact probabilities,6,6,0,2,0,0,,False,insufficient_packets
alfworld,agentmark,deepseek,ID,1,091,11001101,8,2025,/Users/local/AgentMarkBeta/实验数据/remote_data/extracted/output-0510/alfworld/agentmark/deepseek/run_1/ID/task_091/evaluation_report.json,agentmark_rank_only,AgentMark-F rank-only linear top-10 surrogate,1,1,0,1,1,0,,False,insufficient_packets
alfworld,agentmark,deepseek,ID,1,091,11001101,8,2025,/Users/local/AgentMarkBeta/实验数据/remote_data/extracted/output-0510/alfworld/agentmark/deepseek/run_1/ID/task_091/evaluation_report.json,rank,AsymAgentMark-TK top-10 rank,1,1,0,1,1,0,,False,insufficient_packets
alfworld,agentmark,deepseek,ID,1,092,11001101,8,2025,/Users/local/AgentMarkBeta/实验数据/remote_data/extracted/output-0510/alfworld/agentmark/deepseek/run_1/ID/task_092/evaluation_report.json,agentmark,AgentMark-F exact probabilities,11,11,0,4,0,0,11001101,True,
alfworld,agentmark,deepseek,ID,1,092,11001101,8,2025,/Users/local/AgentMarkBeta/实验数据/remote_data/extracted/output-0510/alfworld/agentmark/deepseek/run_1/ID/task_092/evaluation_report.json,agentmark_rank_only,AgentMark-F rank-only linear top-10 surrogate,7,7,0,3,1,0,,False,insufficient_packets
alfworld,agentmark,deepseek,ID,1,092,11001101,8,2025,/Users/local/AgentMarkBeta/实验数据/remote_data/extracted/output-0510/alfworld/agentmark/deepseek/run_1/ID/task_092/evaluation_report.json,rank,AsymAgentMark-TK top-10 rank,0,0,0,0,4,0,,False,insufficient_packets
alfworld,agentmark,deepseek,ID,1,093,11001101,8,2025,/Users/local/AgentMarkBeta/实验数据/remote_data/extracted/output-0510/alfworld/agentmark/deepseek/run_1/ID/task_093/evaluation_report.json,agentmark,AgentMark-F exact probabilities,29,29,0,12,0,0,11001101,True,
alfworld,agentmark,deepseek,ID,1,093,11001101,8,2025,/Users/local/AgentMarkBeta/实验数据/remote_data/extracted/output-0510/alfworld/agentmark/deepseek/run_1/ID/task_093/evaluation_report.json,agentmark_rank_only,AgentMark-F rank-only linear top-10 surrogate,14,14,0,6,6,0,11000011,False,payload_mismatch
alfworld,agentmark,deepseek,ID,1,093,11001101,8,2025,/Users/local/AgentMarkBeta/实验数据/remote_data/extracted/output-0510/alfworld/agentmark/deepseek/run_1/ID/task_093/evaluation_report.json,rank,AsymAgentMark-TK top-10 rank,3,3,0,2,10,0,,False,insufficient_packets
alfworld,agentmark,deepseek,ID,1,094,11001101,8,2025,/Users/local/AgentMarkBeta/实验数据/remote_data/extracted/output-0510/alfworld/agentmark/deepseek/run_1/ID/task_094/evaluation_report.json,agentmark,AgentMark-F exact probabilities,63,63,0,22,0,0,11001101,True,
alfworld,agentmark,deepseek,ID,1,094,11001101,8,2025,/Users/local/AgentMarkBeta/实验数据/remote_data/extracted/output-0510/alfworld/agentmark/deepseek/run_1/ID/task_094/evaluation_report.json,agentmark_rank_only,AgentMark-F rank-only linear top-10 surrogate,40,40,0,14,8,0,00011001,False,payload_mismatch
alfworld,agentmark,deepseek,ID,1,094,11001101,8,2025,/Users/local/AgentMarkBeta/实验数据/remote_data/extracted/output-0510/alfworld/agentmark/deepseek/run_1/ID/task_094/evaluation_report.json,rank,AsymAgentMark-TK top-10 rank,0,0,0,0,22,0,,False,insufficient_packets
alfworld,agentmark,deepseek,ID,1,095,11001101,8,2025,/Users/local/AgentMarkBeta/实验数据/remote_data/extracted/output-0510/alfworld/agentmark/deepseek/run_1/ID/task_095/evaluation_report.json,agentmark,AgentMark-F exact probabilities,26,26,0,9,0,0,11001101,True,
alfworld,agentmark,deepseek,ID,1,095,11001101,8,2025,/Users/local/AgentMarkBeta/实验数据/remote_data/extracted/output-0510/alfworld/agentmark/deepseek/run_1/ID/task_095/evaluation_report.json,agentmark_rank_only,AgentMark-F rank-only linear top-10 surrogate,13,13,0,4,5,0,01111010,False,payload_mismatch
alfworld,agentmark,deepseek,ID,1,095,11001101,8,2025,/Users/local/AgentMarkBeta/实验数据/remote_data/extracted/output-0510/alfworld/agentmark/deepseek/run_1/ID/task_095/evaluation_report.json,rank,AsymAgentMark-TK top-10 rank,1,1,0,1,8,0,,False,insufficient_packets
alfworld,agentmark,deepseek,ID,1,096,11001101,8,2025,/Users/local/AgentMarkBeta/实验数据/remote_data/extracted/output-0510/alfworld/agentmark/deepseek/run_1/ID/task_096/evaluation_report.json,agentmark,AgentMark-F exact probabilities,55,55,0,20,0,0,11001101,True,
alfworld,agentmark,deepseek,ID,1,096,11001101,8,2025,/Users/local/AgentMarkBeta/实验数据/remote_data/extracted/output-0510/alfworld/agentmark/deepseek/run_1/ID/task_096/evaluation_report.json,agentmark_rank_only,AgentMark-F rank-only linear top-10 surrogate,30,30,0,11,9,0,01111101,False,payload_mismatch
alfworld,agentmark,deepseek,ID,1,096,11001101,8,2025,/Users/local/AgentMarkBeta/实验数据/remote_data/extracted/output-0510/alfworld/agentmark/deepseek/run_1/ID/task_096/evaluation_report.json,rank,AsymAgentMark-TK top-10 rank,6,6,0,3,17,0,,False,insufficient_packets
alfworld,agentmark,deepseek,ID,1,097,11001101,8,2025,/Users/local/AgentMarkBeta/实验数据/remote_data/extracted/output-0510/alfworld/agentmark/deepseek/run_1/ID/task_097/evaluation_report.json,agentmark,AgentMark-F exact probabilities,15,15,0,5,0,0,11001101,True,
alfworld,agentmark,deepseek,ID,1,097,11001101,8,2025,/Users/local/AgentMarkBeta/实验数据/remote_data/extracted/output-0510/alfworld/agentmark/deepseek/run_1/ID/task_097/evaluation_report.json,agentmark_rank_only,AgentMark-F rank-only linear top-10 surrogate,10,10,0,3,2,0,11001101,True,
alfworld,agentmark,deepseek,ID,1,097,11001101,8,2025,/Users/local/AgentMarkBeta/实验数据/remote_data/extracted/output-0510/alfworld/agentmark/deepseek/run_1/ID/task_097/evaluation_report.json,rank,AsymAgentMark-TK top-10 rank,1,1,0,1,4,0,,False,insufficient_packets
alfworld,agentmark,deepseek,ID,1,098,11001101,8,2025,/Users/local/AgentMarkBeta/实验数据/remote_data/extracted/output-0510/alfworld/agentmark/deepseek/run_1/ID/task_098/evaluation_report.json,agentmark,AgentMark-F exact probabilities,9,9,0,3,0,0,11001101,True,
alfworld,agentmark,deepseek,ID,1,098,11001101,8,2025,/Users/local/AgentMarkBeta/实验数据/remote_data/extracted/output-0510/alfworld/agentmark/deepseek/run_1/ID/task_098/evaluation_report.json,agentmark_rank_only,AgentMark-F rank-only linear top-10 surrogate,5,5,0,2,1,0,,False,insufficient_packets
alfworld,agentmark,deepseek,ID,1,098,11001101,8,2025,/Users/local/AgentMarkBeta/实验数据/remote_data/extracted/output-0510/alfworld/agentmark/deepseek/run_1/ID/task_098/evaluation_report.json,rank,AsymAgentMark-TK top-10 rank,0,0,0,0,3,0,,False,insufficient_packets
alfworld,agentmark,deepseek,ID,1,099,11001101,8,2025,/Users/local/AgentMarkBeta/实验数据/remote_data/extracted/output-0510/alfworld/agentmark/deepseek/run_1/ID/task_099/evaluation_report.json,agentmark,AgentMark-F exact probabilities,25,25,0,11,0,0,11001101,True,
alfworld,agentmark,deepseek,ID,1,099,11001101,8,2025,/Users/local/AgentMarkBeta/实验数据/remote_data/extracted/output-0510/alfworld/agentmark/deepseek/run_1/ID/task_099/evaluation_report.json,agentmark_rank_only,AgentMark-F rank-only linear top-10 surrogate,9,9,0,3,8,0,,False,rank_deficient
alfworld,agentmark,deepseek,ID,1,099,11001101,8,2025,/Users/local/AgentMarkBeta/实验数据/remote_data/extracted/output-0510/alfworld/agentmark/deepseek/run_1/ID/task_099/evaluation_report.json,rank,AsymAgentMark-TK top-10 rank,2,2,0,2,9,0,,False,insufficient_packets
alfworld,agentmark,deepseek,ID,1,100,11001101,8,2025,/Users/local/AgentMarkBeta/实验数据/remote_data/extracted/output-0510/alfworld/agentmark/deepseek/run_1/ID/task_100/evaluation_report.json,agentmark,AgentMark-F exact probabilities,13,13,0,5,0,0,11001101,True,
alfworld,agentmark,deepseek,ID,1,100,11001101,8,2025,/Users/local/AgentMarkBeta/实验数据/remote_data/extracted/output-0510/alfworld/agentmark/deepseek/run_1/ID/task_100/evaluation_report.json,agentmark_rank_only,AgentMark-F rank-only linear top-10 surrogate,11,11,0,4,1,0,11001010,False,payload_mismatch
alfworld,agentmark,deepseek,ID,1,100,11001101,8,2025,/Users/local/AgentMarkBeta/实验数据/remote_data/extracted/output-0510/alfworld/agentmark/deepseek/run_1/ID/task_100/evaluation_report.json,rank,AsymAgentMark-TK top-10 rank,4,4,0,2,3,0,,False,insufficient_packets
alfworld,agentmark,deepseek,ID,1,101,11001101,8,2025,/Users/local/AgentMarkBeta/实验数据/remote_data/extracted/output-0510/alfworld/agentmark/deepseek/run_1/ID/task_101/evaluation_report.json,agentmark,AgentMark-F exact probabilities,9,9,0,3,0,0,11001101,True,
alfworld,agentmark,deepseek,ID,1,101,11001101,8,2025,/Users/local/AgentMarkBeta/实验数据/remote_data/extracted/output-0510/alfworld/agentmark/deepseek/run_1/ID/task_101/evaluation_report.json,agentmark_rank_only,AgentMark-F rank-only linear top-10 surrogate,5,5,0,2,1,0,,False,insufficient_packets
alfworld,agentmark,deepseek,ID,1,101,11001101,8,2025,/Users/local/AgentMarkBeta/实验数据/remote_data/extracted/output-0510/alfworld/agentmark/deepseek/run_1/ID/task_101/evaluation_report.json,rank,AsymAgentMark-TK top-10 rank,0,0,0,0,3,0,,False,insufficient_packets
alfworld,agentmark,deepseek,ID,1,102,11001101,8,2025,/Users/local/AgentMarkBeta/实验数据/remote_data/extracted/output-0510/alfworld/agentmark/deepseek/run_1/ID/task_102/evaluation_report.json,agentmark,AgentMark-F exact probabilities,18,18,0,9,0,0,11001101,True,
alfworld,agentmark,deepseek,ID,1,102,11001101,8,2025,/Users/local/AgentMarkBeta/实验数据/remote_data/extracted/output-0510/alfworld/agentmark/deepseek/run_1/ID/task_102/evaluation_report.json,agentmark_rank_only,AgentMark-F rank-only linear top-10 surrogate,16,16,0,7,2,0,01111010,False,payload_mismatch
alfworld,agentmark,deepseek,ID,1,102,11001101,8,2025,/Users/local/AgentMarkBeta/实验数据/remote_data/extracted/output-0510/alfworld/agentmark/deepseek/run_1/ID/task_102/evaluation_report.json,rank,AsymAgentMark-TK top-10 rank,1,1,0,1,8,0,,False,insufficient_packets
alfworld,agentmark,deepseek,ID,1,103,11001101,8,2025,/Users/local/AgentMarkBeta/实验数据/remote_data/extracted/output-0510/alfworld/agentmark/deepseek/run_1/ID/task_103/evaluation_report.json,agentmark,AgentMark-F exact probabilities,44,44,0,18,0,0,11001101,True,
alfworld,agentmark,deepseek,ID,1,103,11001101,8,2025,/Users/local/AgentMarkBeta/实验数据/remote_data/extracted/output-0510/alfworld/agentmark/deepseek/run_1/ID/task_103/evaluation_report.json,agentmark_rank_only,AgentMark-F rank-only linear top-10 surrogate,25,25,0,9,9,0,11111011,False,payload_mismatch
alfworld,agentmark,deepseek,ID,1,103,11001101,8,2025,/Users/local/AgentMarkBeta/实验数据/remote_data/extracted/output-0510/alfworld/agentmark/deepseek/run_1/ID/task_103/evaluation_report.json,rank,AsymAgentMark-TK top-10 rank,6,6,0,4,14,0,,False,insufficient_packets
alfworld,agentmark,deepseek,ID,1,104,11001101,8,2025,/Users/local/AgentMarkBeta/实验数据/remote_data/extracted/output-0510/alfworld/agentmark/deepseek/run_1/ID/task_104/evaluation_report.json,agentmark,AgentMark-F exact probabilities,3,3,0,2,0,0,,False,insufficient_packets
alfworld,agentmark,deepseek,ID,1,104,11001101,8,2025,/Users/local/AgentMarkBeta/实验数据/remote_data/extracted/output-0510/alfworld/agentmark/deepseek/run_1/ID/task_104/evaluation_report.json,agentmark_rank_only,AgentMark-F rank-only linear top-10 surrogate,0,0,0,0,2,0,,False,insufficient_packets
alfworld,agentmark,deepseek,ID,1,104,11001101,8,2025,/Users/local/AgentMarkBeta/实验数据/remote_data/extracted/output-0510/alfworld/agentmark/deepseek/run_1/ID/task_104/evaluation_report.json,rank,AsymAgentMark-TK top-10 rank,0,0,0,0,2,0,,False,insufficient_packets
alfworld,agentmark,deepseek,ID,1,105,11001101,8,2025,/Users/local/AgentMarkBeta/实验数据/remote_data/extracted/output-0510/alfworld/agentmark/deepseek/run_1/ID/task_105/evaluation_report.json,agentmark,AgentMark-F exact probabilities,23,23,0,10,0,0,11001101,True,
alfworld,agentmark,deepseek,ID,1,105,11001101,8,2025,/Users/local/AgentMarkBeta/实验数据/remote_data/extracted/output-0510/alfworld/agentmark/deepseek/run_1/ID/task_105/evaluation_report.json,agentmark_rank_only,AgentMark-F rank-only linear top-10 surrogate,10,10,0,4,6,0,00100010,False,payload_mismatch
alfworld,agentmark,deepseek,ID,1,105,11001101,8,2025,/Users/local/AgentMarkBeta/实验数据/remote_data/extracted/output-0510/alfworld/agentmark/deepseek/run_1/ID/task_105/evaluation_report.json,rank,AsymAgentMark-TK top-10 rank,3,3,0,2,8,0,,False,insufficient_packets
alfworld,agentmark,deepseek,ID,1,106,11001101,8,2025,/Users/local/AgentMarkBeta/实验数据/remote_data/extracted/output-0510/alfworld/agentmark/deepseek/run_1/ID/task_106/evaluation_report.json,agentmark,AgentMark-F exact probabilities,7,7,0,3,0,0,,False,insufficient_packets
alfworld,agentmark,deepseek,ID,1,106,11001101,8,2025,/Users/local/AgentMarkBeta/实验数据/remote_data/extracted/output-0510/alfworld/agentmark/deepseek/run_1/ID/task_106/evaluation_report.json,agentmark_rank_only,AgentMark-F rank-only linear top-10 surrogate,2,2,0,1,2,0,,False,insufficient_packets
alfworld,agentmark,deepseek,ID,1,106,11001101,8,2025,/Users/local/AgentMarkBeta/实验数据/remote_data/extracted/output-0510/alfworld/agentmark/deepseek/run_1/ID/task_106/evaluation_report.json,rank,AsymAgentMark-TK top-10 rank,1,1,0,1,2,0,,False,insufficient_packets
alfworld,agentmark,deepseek,ID,1,107,11001101,8,2025,/Users/local/AgentMarkBeta/实验数据/remote_data/extracted/output-0510/alfworld/agentmark/deepseek/run_1/ID/task_107/evaluation_report.json,agentmark,AgentMark-F exact probabilities,63,63,0,23,0,0,11001101,True,
alfworld,agentmark,deepseek,ID,1,107,11001101,8,2025,/Users/local/AgentMarkBeta/实验数据/remote_data/extracted/output-0510/alfworld/agentmark/deepseek/run_1/ID/task_107/evaluation_report.json,agentmark_rank_only,AgentMark-F rank-only linear top-10 surrogate,34,34,0,13,10,0,01001111,False,payload_mismatch
alfworld,agentmark,deepseek,ID,1,107,11001101,8,2025,/Users/local/AgentMarkBeta/实验数据/remote_data/extracted/output-0510/alfworld/agentmark/deepseek/run_1/ID/task_107/evaluation_report.json,rank,AsymAgentMark-TK top-10 rank,4,4,0,3,20,0,,False,insufficient_packets
alfworld,agentmark,deepseek,ID,1,108,11001101,8,2025,/Users/local/AgentMarkBeta/实验数据/remote_data/extracted/output-0510/alfworld/agentmark/deepseek/run_1/ID/task_108/evaluation_report.json,agentmark,AgentMark-F exact probabilities,18,18,0,6,0,0,11001101,True,
alfworld,agentmark,deepseek,ID,1,108,11001101,8,2025,/Users/local/AgentMarkBeta/实验数据/remote_data/extracted/output-0510/alfworld/agentmark/deepseek/run_1/ID/task_108/evaluation_report.json,agentmark_rank_only,AgentMark-F rank-only linear top-10 surrogate,8,8,0,3,3,0,01111011,False,payload_mismatch
alfworld,agentmark,deepseek,ID,1,108,11001101,8,2025,/Users/local/AgentMarkBeta/实验数据/remote_data/extracted/output-0510/alfworld/agentmark/deepseek/run_1/ID/task_108/evaluation_report.json,rank,AsymAgentMark-TK top-10 rank,0,0,0,0,6,0,,False,insufficient_packets
alfworld,agentmark,deepseek,ID,1,109,11001101,8,2025,/Users/local/AgentMarkBeta/实验数据/remote_data/extracted/output-0510/alfworld/agentmark/deepseek/run_1/ID/task_109/evaluation_report.json,agentmark,AgentMark-F exact probabilities,37,37,0,13,0,0,11001101,True,
alfworld,agentmark,deepseek,ID,1,109,11001101,8,2025,/Users/local/AgentMarkBeta/实验数据/remote_data/extracted/output-0510/alfworld/agentmark/deepseek/run_1/ID/task_109/evaluation_report.json,agentmark_rank_only,AgentMark-F rank-only linear top-10 surrogate,24,24,0,9,4,0,11010111,False,payload_mismatch
alfworld,agentmark,deepseek,ID,1,109,11001101,8,2025,/Users/local/AgentMarkBeta/实验数据/remote_data/extracted/output-0510/alfworld/agentmark/deepseek/run_1/ID/task_109/evaluation_report.json,rank,AsymAgentMark-TK top-10 rank,0,0,0,0,13,0,,False,insufficient_packets
alfworld,agentmark,deepseek,ID,1,110,11001101,8,2025,/Users/local/AgentMarkBeta/实验数据/remote_data/extracted/output-0510/alfworld/agentmark/deepseek/run_1/ID/task_110/evaluation_report.json,agentmark,AgentMark-F exact probabilities,47,47,0,17,0,0,11001101,True,
alfworld,agentmark,deepseek,ID,1,110,11001101,8,2025,/Users/local/AgentMarkBeta/实验数据/remote_data/extracted/output-0510/alfworld/agentmark/deepseek/run_1/ID/task_110/evaluation_report.json,agentmark_rank_only,AgentMark-F rank-only linear top-10 surrogate,23,23,0,8,9,0,10010000,False,payload_mismatch
alfworld,agentmark,deepseek,ID,1,110,11001101,8,2025,/Users/local/AgentMarkBeta/实验数据/remote_data/extracted/output-0510/alfworld/agentmark/deepseek/run_1/ID/task_110/evaluation_report.json,rank,AsymAgentMark-TK top-10 rank,10,10,0,5,12,0,10100010,False,payload_mismatch
alfworld,agentmark,deepseek,ID,1,111,11001101,8,2025,/Users/local/AgentMarkBeta/实验数据/remote_data/extracted/output-0510/alfworld/agentmark/deepseek/run_1/ID/task_111/evaluation_report.json,agentmark,AgentMark-F exact probabilities,16,16,0,5,0,0,11001101,True,
alfworld,agentmark,deepseek,ID,1,111,11001101,8,2025,/Users/local/AgentMarkBeta/实验数据/remote_data/extracted/output-0510/alfworld/agentmark/deepseek/run_1/ID/task_111/evaluation_report.json,agentmark_rank_only,AgentMark-F rank-only linear top-10 surrogate,6,6,0,3,2,0,,False,insufficient_packets
alfworld,agentmark,deepseek,ID,1,111,11001101,8,2025,/Users/local/AgentMarkBeta/实验数据/remote_data/extracted/output-0510/alfworld/agentmark/deepseek/run_1/ID/task_111/evaluation_report.json,rank,AsymAgentMark-TK top-10 rank,0,0,0,0,5,0,,False,insufficient_packets
alfworld,agentmark,deepseek,ID,1,112,11001101,8,2025,/Users/local/AgentMarkBeta/实验数据/remote_data/extracted/output-0510/alfworld/agentmark/deepseek/run_1/ID/task_112/evaluation_report.json,agentmark,AgentMark-F exact probabilities,5,5,0,2,0,0,,False,insufficient_packets
alfworld,agentmark,deepseek,ID,1,112,11001101,8,2025,/Users/local/AgentMarkBeta/实验数据/remote_data/extracted/output-0510/alfworld/agentmark/deepseek/run_1/ID/task_112/evaluation_report.json,agentmark_rank_only,AgentMark-F rank-only linear top-10 surrogate,0,0,0,0,2,0,,False,insufficient_packets
alfworld,agentmark,deepseek,ID,1,112,11001101,8,2025,/Users/local/AgentMarkBeta/实验数据/remote_data/extracted/output-0510/alfworld/agentmark/deepseek/run_1/ID/task_112/evaluation_report.json,rank,AsymAgentMark-TK top-10 rank,0,0,0,0,2,0,,False,insufficient_packets
alfworld,agentmark,deepseek,ID,1,113,11001101,8,2025,/Users/local/AgentMarkBeta/实验数据/remote_data/extracted/output-0510/alfworld/agentmark/deepseek/run_1/ID/task_113/evaluation_report.json,agentmark,AgentMark-F exact probabilities,3,3,0,2,0,0,,False,insufficient_packets
alfworld,agentmark,deepseek,ID,1,113,11001101,8,2025,/Users/local/AgentMarkBeta/实验数据/remote_data/extracted/output-0510/alfworld/agentmark/deepseek/run_1/ID/task_113/evaluation_report.json,agentmark_rank_only,AgentMark-F rank-only linear top-10 surrogate,2,2,0,1,1,0,,False,insufficient_packets
alfworld,agentmark,deepseek,ID,1,113,11001101,8,2025,/Users/local/AgentMarkBeta/实验数据/remote_data/extracted/output-0510/alfworld/agentmark/deepseek/run_1/ID/task_113/evaluation_report.json,rank,AsymAgentMark-TK top-10 rank,1,1,0,1,1,0,,False,insufficient_packets
alfworld,agentmark,deepseek,ID,1,114,11001101,8,2025,/Users/local/AgentMarkBeta/实验数据/remote_data/extracted/output-0510/alfworld/agentmark/deepseek/run_1/ID/task_114/evaluation_report.json,agentmark,AgentMark-F exact probabilities,1,1,0,1,0,0,,False,insufficient_packets
alfworld,agentmark,deepseek,ID,1,114,11001101,8,2025,/Users/local/AgentMarkBeta/实验数据/remote_data/extracted/output-0510/alfworld/agentmark/deepseek/run_1/ID/task_114/evaluation_report.json,agentmark_rank_only,AgentMark-F rank-only linear top-10 surrogate,0,0,0,0,1,0,,False,insufficient_packets
alfworld,agentmark,deepseek,ID,1,114,11001101,8,2025,/Users/local/AgentMarkBeta/实验数据/remote_data/extracted/output-0510/alfworld/agentmark/deepseek/run_1/ID/task_114/evaluation_report.json,rank,AsymAgentMark-TK top-10 rank,1,1,0,1,0,0,,False,insufficient_packets
alfworld,agentmark,deepseek,ID,1,115,11001101,8,2025,/Users/local/AgentMarkBeta/实验数据/remote_data/extracted/output-0510/alfworld/agentmark/deepseek/run_1/ID/task_115/evaluation_report.json,agentmark,AgentMark-F exact probabilities,6,6,0,3,0,0,,False,insufficient_packets
alfworld,agentmark,deepseek,ID,1,115,11001101,8,2025,/Users/local/AgentMarkBeta/实验数据/remote_data/extracted/output-0510/alfworld/agentmark/deepseek/run_1/ID/task_115/evaluation_report.json,agentmark_rank_only,AgentMark-F rank-only linear top-10 surrogate,4,4,0,2,1,0,,False,insufficient_packets
alfworld,agentmark,deepseek,ID,1,115,11001101,8,2025,/Users/local/AgentMarkBeta/实验数据/remote_data/extracted/output-0510/alfworld/agentmark/deepseek/run_1/ID/task_115/evaluation_report.json,rank,AsymAgentMark-TK top-10 rank,4,4,0,2,1,0,,False,insufficient_packets
alfworld,agentmark,deepseek,ID,1,116,11001101,8,2025,/Users/local/AgentMarkBeta/实验数据/remote_data/extracted/output-0510/alfworld/agentmark/deepseek/run_1/ID/task_116/evaluation_report.json,agentmark,AgentMark-F exact probabilities,17,17,0,9,0,0,11001101,True,
alfworld,agentmark,deepseek,ID,1,116,11001101,8,2025,/Users/local/AgentMarkBeta/实验数据/remote_data/extracted/output-0510/alfworld/agentmark/deepseek/run_1/ID/task_116/evaluation_report.json,agentmark_rank_only,AgentMark-F rank-only linear top-10 surrogate,3,3,0,1,8,0,,False,insufficient_packets
alfworld,agentmark,deepseek,ID,1,116,11001101,8,2025,/Users/local/AgentMarkBeta/实验数据/remote_data/extracted/output-0510/alfworld/agentmark/deepseek/run_1/ID/task_116/evaluation_report.json,rank,AsymAgentMark-TK top-10 rank,4,4,0,3,6,0,,False,insufficient_packets
alfworld,agentmark,deepseek,ID,1,117,11001101,8,2025,/Users/local/AgentMarkBeta/实验数据/remote_data/extracted/output-0510/alfworld/agentmark/deepseek/run_1/ID/task_117/evaluation_report.json,agentmark,AgentMark-F exact probabilities,21,21,0,11,0,0,11001101,True,
alfworld,agentmark,deepseek,ID,1,117,11001101,8,2025,/Users/local/AgentMarkBeta/实验数据/remote_data/extracted/output-0510/alfworld/agentmark/deepseek/run_1/ID/task_117/evaluation_report.json,agentmark_rank_only,AgentMark-F rank-only linear top-10 surrogate,12,12,0,5,6,0,01011000,False,payload_mismatch
alfworld,agentmark,deepseek,ID,1,117,11001101,8,2025,/Users/local/AgentMarkBeta/实验数据/remote_data/extracted/output-0510/alfworld/agentmark/deepseek/run_1/ID/task_117/evaluation_report.json,rank,AsymAgentMark-TK top-10 rank,2,2,0,2,9,0,,False,insufficient_packets
alfworld,agentmark,deepseek,ID,1,118,11001101,8,2025,/Users/local/AgentMarkBeta/实验数据/remote_data/extracted/output-0510/alfworld/agentmark/deepseek/run_1/ID/task_118/evaluation_report.json,agentmark,AgentMark-F exact probabilities,25,25,0,12,0,0,11001101,True,
alfworld,agentmark,deepseek,ID,1,118,11001101,8,2025,/Users/local/AgentMarkBeta/实验数据/remote_data/extracted/output-0510/alfworld/agentmark/deepseek/run_1/ID/task_118/evaluation_report.json,agentmark_rank_only,AgentMark-F rank-only linear top-10 surrogate,15,15,0,6,6,0,01110101,False,payload_mismatch
alfworld,agentmark,deepseek,ID,1,118,11001101,8,2025,/Users/local/AgentMarkBeta/实验数据/remote_data/extracted/output-0510/alfworld/agentmark/deepseek/run_1/ID/task_118/evaluation_report.json,rank,AsymAgentMark-TK top-10 rank,2,2,0,1,11,0,,False,insufficient_packets
alfworld,agentmark,deepseek,ID,1,119,11001101,8,2025,/Users/local/AgentMarkBeta/实验数据/remote_data/extracted/output-0510/alfworld/agentmark/deepseek/run_1/ID/task_119/evaluation_report.json,agentmark,AgentMark-F exact probabilities,22,22,0,8,0,0,11001101,True,
alfworld,agentmark,deepseek,ID,1,119,11001101,8,2025,/Users/local/AgentMarkBeta/实验数据/remote_data/extracted/output-0510/alfworld/agentmark/deepseek/run_1/ID/task_119/evaluation_report.json,agentmark_rank_only,AgentMark-F rank-only linear top-10 surrogate,18,18,0,6,2,0,00100001,False,payload_mismatch
alfworld,agentmark,deepseek,ID,1,119,11001101,8,2025,/Users/local/AgentMarkBeta/实验数据/remote_data/extracted/output-0510/alfworld/agentmark/deepseek/run_1/ID/task_119/evaluation_report.json,rank,AsymAgentMark-TK top-10 rank,3,3,0,2,6,0,,False,insufficient_packets
alfworld,agentmark,deepseek,ID,1,120,11001101,8,2025,/Users/local/AgentMarkBeta/实验数据/remote_data/extracted/output-0510/alfworld/agentmark/deepseek/run_1/ID/task_120/evaluation_report.json,agentmark,AgentMark-F exact probabilities,4,4,0,2,0,0,,False,insufficient_packets
alfworld,agentmark,deepseek,ID,1,120,11001101,8,2025,/Users/local/AgentMarkBeta/实验数据/remote_data/extracted/output-0510/alfworld/agentmark/deepseek/run_1/ID/task_120/evaluation_report.json,agentmark_rank_only,AgentMark-F rank-only linear top-10 surrogate,0,0,0,0,2,0,,False,insufficient_packets
alfworld,agentmark,deepseek,ID,1,120,11001101,8,2025,/Users/local/AgentMarkBeta/实验数据/remote_data/extracted/output-0510/alfworld/agentmark/deepseek/run_1/ID/task_120/evaluation_report.json,rank,AsymAgentMark-TK top-10 rank,0,0,0,0,2,0,,False,insufficient_packets
alfworld,agentmark,deepseek,ID,1,121,11001101,8,2025,/Users/local/AgentMarkBeta/实验数据/remote_data/extracted/output-0510/alfworld/agentmark/deepseek/run_1/ID/task_121/evaluation_report.json,agentmark,AgentMark-F exact probabilities,12,12,0,8,0,0,11001101,True,
alfworld,agentmark,deepseek,ID,1,121,11001101,8,2025,/Users/local/AgentMarkBeta/实验数据/remote_data/extracted/output-0510/alfworld/agentmark/deepseek/run_1/ID/task_121/evaluation_report.json,agentmark_rank_only,AgentMark-F rank-only linear top-10 surrogate,6,6,0,3,5,0,,False,insufficient_packets
alfworld,agentmark,deepseek,ID,1,121,11001101,8,2025,/Users/local/AgentMarkBeta/实验数据/remote_data/extracted/output-0510/alfworld/agentmark/deepseek/run_1/ID/task_121/evaluation_report.json,rank,AsymAgentMark-TK top-10 rank,2,2,0,2,6,0,,False,insufficient_packets
alfworld,agentmark,deepseek,ID,1,122,11001101,8,2025,/Users/local/AgentMarkBeta/实验数据/remote_data/extracted/output-0510/alfworld/agentmark/deepseek/run_1/ID/task_122/evaluation_report.json,agentmark,AgentMark-F exact probabilities,28,28,0,14,0,0,11001101,True,
alfworld,agentmark,deepseek,ID,1,122,11001101,8,2025,/Users/local/AgentMarkBeta/实验数据/remote_data/extracted/output-0510/alfworld/agentmark/deepseek/run_1/ID/task_122/evaluation_report.json,agentmark_rank_only,AgentMark-F rank-only linear top-10 surrogate,18,18,0,7,7,0,10000111,False,payload_mismatch
alfworld,agentmark,deepseek,ID,1,122,11001101,8,2025,/Users/local/AgentMarkBeta/实验数据/remote_data/extracted/output-0510/alfworld/agentmark/deepseek/run_1/ID/task_122/evaluation_report.json,rank,AsymAgentMark-TK top-10 rank,6,6,0,5,9,0,,False,insufficient_packets
alfworld,agentmark,deepseek,ID,1,123,11001101,8,2025,/Users/local/AgentMarkBeta/实验数据/remote_data/extracted/output-0510/alfworld/agentmark/deepseek/run_1/ID/task_123/evaluation_report.json,agentmark,AgentMark-F exact probabilities,9,9,0,4,0,0,11001101,True,
alfworld,agentmark,deepseek,ID,1,123,11001101,8,2025,/Users/local/AgentMarkBeta/实验数据/remote_data/extracted/output-0510/alfworld/agentmark/deepseek/run_1/ID/task_123/evaluation_report.json,agentmark_rank_only,AgentMark-F rank-only linear top-10 surrogate,7,7,0,3,1,0,,False,insufficient_packets
alfworld,agentmark,deepseek,ID,1,123,11001101,8,2025,/Users/local/AgentMarkBeta/实验数据/remote_data/extracted/output-0510/alfworld/agentmark/deepseek/run_1/ID/task_123/evaluation_report.json,rank,AsymAgentMark-TK top-10 rank,0,0,0,0,4,0,,False,insufficient_packets
alfworld,agentmark,deepseek,ID,1,124,11001101,8,2025,/Users/local/AgentMarkBeta/实验数据/remote_data/extracted/output-0510/alfworld/agentmark/deepseek/run_1/ID/task_124/evaluation_report.json,agentmark,AgentMark-F exact probabilities,43,43,0,21,0,0,11001101,True,
alfworld,agentmark,deepseek,ID,1,124,11001101,8,2025,/Users/local/AgentMarkBeta/实验数据/remote_data/extracted/output-0510/alfworld/agentmark/deepseek/run_1/ID/task_124/evaluation_report.json,agentmark_rank_only,AgentMark-F rank-only linear top-10 surrogate,32,32,0,14,7,0,00100100,False,payload_mismatch
alfworld,agentmark,deepseek,ID,1,124,11001101,8,2025,/Users/local/AgentMarkBeta/实验数据/remote_data/extracted/output-0510/alfworld/agentmark/deepseek/run_1/ID/task_124/evaluation_report.json,rank,AsymAgentMark-TK top-10 rank,6,6,0,3,18,0,,False,insufficient_packets
alfworld,agentmark,deepseek,ID,1,125,11001101,8,2025,/Users/local/AgentMarkBeta/实验数据/remote_data/extracted/output-0510/alfworld/agentmark/deepseek/run_1/ID/task_125/evaluation_report.json,agentmark,AgentMark-F exact probabilities,18,18,0,6,0,0,11001101,True,
alfworld,agentmark,deepseek,ID,1,125,11001101,8,2025,/Users/local/AgentMarkBeta/实验数据/remote_data/extracted/output-0510/alfworld/agentmark/deepseek/run_1/ID/task_125/evaluation_report.json,agentmark_rank_only,AgentMark-F rank-only linear top-10 surrogate,9,9,0,3,3,0,01010010,False,payload_mismatch
alfworld,agentmark,deepseek,ID,1,125,11001101,8,2025,/Users/local/AgentMarkBeta/实验数据/remote_data/extracted/output-0510/alfworld/agentmark/deepseek/run_1/ID/task_125/evaluation_report.json,rank,AsymAgentMark-TK top-10 rank,3,3,0,1,5,0,,False,insufficient_packets
alfworld,agentmark,deepseek,ID,1,126,11001101,8,2025,/Users/local/AgentMarkBeta/实验数据/remote_data/extracted/output-0510/alfworld/agentmark/deepseek/run_1/ID/task_126/evaluation_report.json,agentmark,AgentMark-F exact probabilities,30,30,0,13,0,0,11001101,True,
alfworld,agentmark,deepseek,ID,1,126,11001101,8,2025,/Users/local/AgentMarkBeta/实验数据/remote_data/extracted/output-0510/alfworld/agentmark/deepseek/run_1/ID/task_126/evaluation_report.json,agentmark_rank_only,AgentMark-F rank-only linear top-10 surrogate,13,13,0,5,8,0,10110010,False,payload_mismatch
alfworld,agentmark,deepseek,ID,1,126,11001101,8,2025,/Users/local/AgentMarkBeta/实验数据/remote_data/extracted/output-0510/alfworld/agentmark/deepseek/run_1/ID/task_126/evaluation_report.json,rank,AsymAgentMark-TK top-10 rank,4,4,0,2,11,0,,False,insufficient_packets
alfworld,agentmark,deepseek,ID,1,127,11001101,8,2025,/Users/local/AgentMarkBeta/实验数据/remote_data/extracted/output-0510/alfworld/agentmark/deepseek/run_1/ID/task_127/evaluation_report.json,agentmark,AgentMark-F exact probabilities,12,12,0,5,0,0,11001101,True,
alfworld,agentmark,deepseek,ID,1,127,11001101,8,2025,/Users/local/AgentMarkBeta/实验数据/remote_data/extracted/output-0510/alfworld/agentmark/deepseek/run_1/ID/task_127/evaluation_report.json,agentmark_rank_only,AgentMark-F rank-only linear top-10 surrogate,9,9,0,3,2,0,00100001,False,payload_mismatch
alfworld,agentmark,deepseek,ID,1,127,11001101,8,2025,/Users/local/AgentMarkBeta/实验数据/remote_data/extracted/output-0510/alfworld/agentmark/deepseek/run_1/ID/task_127/evaluation_report.json,rank,AsymAgentMark-TK top-10 rank,0,0,0,0,5,0,,False,insufficient_packets
alfworld,agentmark,deepseek,ID,1,128,11001101,8,2025,/Users/local/AgentMarkBeta/实验数据/remote_data/extracted/output-0510/alfworld/agentmark/deepseek/run_1/ID/task_128/evaluation_report.json,agentmark,AgentMark-F exact probabilities,16,16,0,8,0,0,11001101,True,
alfworld,agentmark,deepseek,ID,1,128,11001101,8,2025,/Users/local/AgentMarkBeta/实验数据/remote_data/extracted/output-0510/alfworld/agentmark/deepseek/run_1/ID/task_128/evaluation_report.json,agentmark_rank_only,AgentMark-F rank-only linear top-10 surrogate,5,5,0,2,6,0,,False,insufficient_packets
alfworld,agentmark,deepseek,ID,1,128,11001101,8,2025,/Users/local/AgentMarkBeta/实验数据/remote_data/extracted/output-0510/alfworld/agentmark/deepseek/run_1/ID/task_128/evaluation_report.json,rank,AsymAgentMark-TK top-10 rank,4,4,0,3,5,0,,False,insufficient_packets
alfworld,agentmark,deepseek,ID,1,129,11001101,8,2025,/Users/local/AgentMarkBeta/实验数据/remote_data/extracted/output-0510/alfworld/agentmark/deepseek/run_1/ID/task_129/evaluation_report.json,agentmark,AgentMark-F exact probabilities,13,13,0,7,0,0,11001101,True,
alfworld,agentmark,deepseek,ID,1,129,11001101,8,2025,/Users/local/AgentMarkBeta/实验数据/remote_data/extracted/output-0510/alfworld/agentmark/deepseek/run_1/ID/task_129/evaluation_report.json,agentmark_rank_only,AgentMark-F rank-only linear top-10 surrogate,10,10,0,5,2,0,01100011,False,payload_mismatch
alfworld,agentmark,deepseek,ID,1,129,11001101,8,2025,/Users/local/AgentMarkBeta/实验数据/remote_data/extracted/output-0510/alfworld/agentmark/deepseek/run_1/ID/task_129/evaluation_report.json,rank,AsymAgentMark-TK top-10 rank,2,2,0,2,5,0,,False,insufficient_packets
alfworld,agentmark,deepseek,ID,1,130,11001101,8,2025,/Users/local/AgentMarkBeta/实验数据/remote_data/extracted/output-0510/alfworld/agentmark/deepseek/run_1/ID/task_130/evaluation_report.json,agentmark,AgentMark-F exact probabilities,41,41,0,18,0,0,11001101,True,
alfworld,agentmark,deepseek,ID,1,130,11001101,8,2025,/Users/local/AgentMarkBeta/实验数据/remote_data/extracted/output-0510/alfworld/agentmark/deepseek/run_1/ID/task_130/evaluation_report.json,agentmark_rank_only,AgentMark-F rank-only linear top-10 surrogate,16,16,0,7,11,0,01111110,False,payload_mismatch
alfworld,agentmark,deepseek,ID,1,130,11001101,8,2025,/Users/local/AgentMarkBeta/实验数据/remote_data/extracted/output-0510/alfworld/agentmark/deepseek/run_1/ID/task_130/evaluation_report.json,rank,AsymAgentMark-TK top-10 rank,3,3,0,2,16,0,,False,insufficient_packets
alfworld,agentmark,deepseek,ID,1,131,11001101,8,2025,/Users/local/AgentMarkBeta/实验数据/remote_data/extracted/output-0510/alfworld/agentmark/deepseek/run_1/ID/task_131/evaluation_report.json,agentmark,AgentMark-F exact probabilities,40,40,0,20,0,0,11001101,True,
alfworld,agentmark,deepseek,ID,1,131,11001101,8,2025,/Users/local/AgentMarkBeta/实验数据/remote_data/extracted/output-0510/alfworld/agentmark/deepseek/run_1/ID/task_131/evaluation_report.json,agentmark_rank_only,AgentMark-F rank-only linear top-10 surrogate,16,16,0,5,15,0,11011110,False,payload_mismatch
alfworld,agentmark,deepseek,ID,1,131,11001101,8,2025,/Users/local/AgentMarkBeta/实验数据/remote_data/extracted/output-0510/alfworld/agentmark/deepseek/run_1/ID/task_131/evaluation_report.json,rank,AsymAgentMark-TK top-10 rank,9,9,0,6,14,0,,False,rank_deficient
alfworld,agentmark,deepseek,ID,1,132,11001101,8,2025,/Users/local/AgentMarkBeta/实验数据/remote_data/extracted/output-0510/alfworld/agentmark/deepseek/run_1/ID/task_132/evaluation_report.json,agentmark,AgentMark-F exact probabilities,5,5,0,4,0,0,,False,insufficient_packets
alfworld,agentmark,deepseek,ID,1,132,11001101,8,2025,/Users/local/AgentMarkBeta/实验数据/remote_data/extracted/output-0510/alfworld/agentmark/deepseek/run_1/ID/task_132/evaluation_report.json,agentmark_rank_only,AgentMark-F rank-only linear top-10 surrogate,0,0,0,0,4,0,,False,insufficient_packets
alfworld,agentmark,deepseek,ID,1,132,11001101,8,2025,/Users/local/AgentMarkBeta/实验数据/remote_data/extracted/output-0510/alfworld/agentmark/deepseek/run_1/ID/task_132/evaluation_report.json,rank,AsymAgentMark-TK top-10 rank,2,2,0,2,2,0,,False,insufficient_packets
alfworld,agentmark,deepseek,ID,1,133,11001101,8,2025,/Users/local/AgentMarkBeta/实验数据/remote_data/extracted/output-0510/alfworld/agentmark/deepseek/run_1/ID/task_133/evaluation_report.json,agentmark,AgentMark-F exact probabilities,31,31,0,17,0,0,11001101,True,
alfworld,agentmark,deepseek,ID,1,133,11001101,8,2025,/Users/local/AgentMarkBeta/实验数据/remote_data/extracted/output-0510/alfworld/agentmark/deepseek/run_1/ID/task_133/evaluation_report.json,agentmark_rank_only,AgentMark-F rank-only linear top-10 surrogate,17,17,0,8,9,0,11001101,True,
alfworld,agentmark,deepseek,ID,1,133,11001101,8,2025,/Users/local/AgentMarkBeta/实验数据/remote_data/extracted/output-0510/alfworld/agentmark/deepseek/run_1/ID/task_133/evaluation_report.json,rank,AsymAgentMark-TK top-10 rank,4,4,0,3,14,0,,False,insufficient_packets
alfworld,agentmark,deepseek,ID,1,134,11001101,8,2025,/Users/local/AgentMarkBeta/实验数据/remote_data/extracted/output-0510/alfworld/agentmark/deepseek/run_1/ID/task_134/evaluation_report.json,agentmark,AgentMark-F exact probabilities,3,3,0,3,0,0,,False,insufficient_packets
alfworld,agentmark,deepseek,ID,1,134,11001101,8,2025,/Users/local/AgentMarkBeta/实验数据/remote_data/extracted/output-0510/alfworld/agentmark/deepseek/run_1/ID/task_134/evaluation_report.json,agentmark_rank_only,AgentMark-F rank-only linear top-10 surrogate,1,1,0,1,2,0,,False,insufficient_packets
alfworld,agentmark,deepseek,ID,1,134,11001101,8,2025,/Users/local/AgentMarkBeta/实验数据/remote_data/extracted/output-0510/alfworld/agentmark/deepseek/run_1/ID/task_134/evaluation_report.json,rank,AsymAgentMark-TK top-10 rank,2,2,0,2,1,0,,False,insufficient_packets
alfworld,agentmark,deepseek,ID,1,135,11001101,8,2025,/Users/local/AgentMarkBeta/实验数据/remote_data/extracted/output-0510/alfworld/agentmark/deepseek/run_1/ID/task_135/evaluation_report.json,agentmark,AgentMark-F exact probabilities,39,39,0,17,0,0,11001101,True,
alfworld,agentmark,deepseek,ID,1,135,11001101,8,2025,/Users/local/AgentMarkBeta/实验数据/remote_data/extracted/output-0510/alfworld/agentmark/deepseek/run_1/ID/task_135/evaluation_report.json,agentmark_rank_only,AgentMark-F rank-only linear top-10 surrogate,22,22,0,8,9,0,10101001,False,payload_mismatch
alfworld,agentmark,deepseek,ID,1,135,11001101,8,2025,/Users/local/AgentMarkBeta/实验数据/remote_data/extracted/output-0510/alfworld/agentmark/deepseek/run_1/ID/task_135/evaluation_report.json,rank,AsymAgentMark-TK top-10 rank,7,7,0,5,12,0,,False,insufficient_packets
alfworld,agentmark,deepseek,ID,1,136,11001101,8,2025,/Users/local/AgentMarkBeta/实验数据/remote_data/extracted/output-0510/alfworld/agentmark/deepseek/run_1/ID/task_136/evaluation_report.json,agentmark,AgentMark-F exact probabilities,48,48,0,21,0,0,11001101,True,
alfworld,agentmark,deepseek,ID,1,136,11001101,8,2025,/Users/local/AgentMarkBeta/实验数据/remote_data/extracted/output-0510/alfworld/agentmark/deepseek/run_1/ID/task_136/evaluation_report.json,agentmark_rank_only,AgentMark-F rank-only linear top-10 surrogate,30,30,0,12,9,0,11001011,False,payload_mismatch
alfworld,agentmark,deepseek,ID,1,136,11001101,8,2025,/Users/local/AgentMarkBeta/实验数据/remote_data/extracted/output-0510/alfworld/agentmark/deepseek/run_1/ID/task_136/evaluation_report.json,rank,AsymAgentMark-TK top-10 rank,10,10,0,6,15,0,00000111,False,payload_mismatch
alfworld,agentmark,deepseek,ID,1,137,11001101,8,2025,/Users/local/AgentMarkBeta/实验数据/remote_data/extracted/output-0510/alfworld/agentmark/deepseek/run_1/ID/task_137/evaluation_report.json,agentmark,AgentMark-F exact probabilities,30,30,0,15,0,0,11001101,True,
alfworld,agentmark,deepseek,ID,1,137,11001101,8,2025,/Users/local/AgentMarkBeta/实验数据/remote_data/extracted/output-0510/alfworld/agentmark/deepseek/run_1/ID/task_137/evaluation_report.json,agentmark_rank_only,AgentMark-F rank-only linear top-10 surrogate,14,14,0,6,9,0,10110000,False,payload_mismatch
alfworld,agentmark,deepseek,ID,1,137,11001101,8,2025,/Users/local/AgentMarkBeta/实验数据/remote_data/extracted/output-0510/alfworld/agentmark/deepseek/run_1/ID/task_137/evaluation_report.json,rank,AsymAgentMark-TK top-10 rank,3,3,0,3,12,0,,False,insufficient_packets
alfworld,agentmark,deepseek,ID,1,138,11001101,8,2025,/Users/local/AgentMarkBeta/实验数据/remote_data/extracted/output-0510/alfworld/agentmark/deepseek/run_1/ID/task_138/evaluation_report.json,agentmark,AgentMark-F exact probabilities,20,20,0,11,0,0,11001101,True,
alfworld,agentmark,deepseek,ID,1,138,11001101,8,2025,/Users/local/AgentMarkBeta/实验数据/remote_data/extracted/output-0510/alfworld/agentmark/deepseek/run_1/ID/task_138/evaluation_report.json,agentmark_rank_only,AgentMark-F rank-only linear top-10 surrogate,15,15,0,7,4,0,00000111,False,payload_mismatch
alfworld,agentmark,deepseek,ID,1,138,11001101,8,2025,/Users/local/AgentMarkBeta/实验数据/remote_data/extracted/output-0510/alfworld/agentmark/deepseek/run_1/ID/task_138/evaluation_report.json,rank,AsymAgentMark-TK top-10 rank,2,2,0,2,9,0,,False,insufficient_packets
alfworld,agentmark,deepseek,ID,1,139,11001101,8,2025,/Users/local/AgentMarkBeta/实验数据/remote_data/extracted/output-0510/alfworld/agentmark/deepseek/run_1/ID/task_139/evaluation_report.json,agentmark,AgentMark-F exact probabilities,49,49,0,21,0,0,11001101,True,
alfworld,agentmark,deepseek,ID,1,139,11001101,8,2025,/Users/local/AgentMarkBeta/实验数据/remote_data/extracted/output-0510/alfworld/agentmark/deepseek/run_1/ID/task_139/evaluation_report.json,agentmark_rank_only,AgentMark-F rank-only linear top-10 surrogate,24,24,0,9,12,0,01001010,False,payload_mismatch
alfworld,agentmark,deepseek,ID,1,139,11001101,8,2025,/Users/local/AgentMarkBeta/实验数据/remote_data/extracted/output-0510/alfworld/agentmark/deepseek/run_1/ID/task_139/evaluation_report.json,rank,AsymAgentMark-TK top-10 rank,6,6,0,3,18,0,,False,insufficient_packets
alfworld,agentmark,deepseek,ID,2,000,11001101,8,2025,/Users/local/AgentMarkBeta/实验数据/remote_data/extracted/output-0510/alfworld/agentmark/deepseek/run_2/ID/task_000/evaluation_report.json,agentmark,AgentMark-F exact probabilities,4,4,0,2,0,0,,False,insufficient_packets
alfworld,agentmark,deepseek,ID,2,000,11001101,8,2025,/Users/local/AgentMarkBeta/实验数据/remote_data/extracted/output-0510/alfworld/agentmark/deepseek/run_2/ID/task_000/evaluation_report.json,agentmark_rank_only,AgentMark-F rank-only linear top-10 surrogate,4,4,0,2,0,0,,False,insufficient_packets
alfworld,agentmark,deepseek,ID,2,000,11001101,8,2025,/Users/local/AgentMarkBeta/实验数据/remote_data/extracted/output-0510/alfworld/agentmark/deepseek/run_2/ID/task_000/evaluation_report.json,rank,AsymAgentMark-TK top-10 rank,0,0,0,0,2,0,,False,insufficient_packets
alfworld,agentmark,deepseek,ID,2,001,11001101,8,2025,/Users/local/AgentMarkBeta/实验数据/remote_data/extracted/output-0510/alfworld/agentmark/deepseek/run_2/ID/task_001/evaluation_report.json,agentmark,AgentMark-F exact probabilities,38,38,0,16,0,0,11001101,True,
alfworld,agentmark,deepseek,ID,2,001,11001101,8,2025,/Users/local/AgentMarkBeta/实验数据/remote_data/extracted/output-0510/alfworld/agentmark/deepseek/run_2/ID/task_001/evaluation_report.json,agentmark_rank_only,AgentMark-F rank-only linear top-10 surrogate,24,24,0,9,7,0,11001000,False,payload_mismatch
alfworld,agentmark,deepseek,ID,2,001,11001101,8,2025,/Users/local/AgentMarkBeta/实验数据/remote_data/extracted/output-0510/alfworld/agentmark/deepseek/run_2/ID/task_001/evaluation_report.json,rank,AsymAgentMark-TK top-10 rank,2,2,0,2,14,0,,False,insufficient_packets
alfworld,agentmark,deepseek,ID,2,002,11001101,8,2025,/Users/local/AgentMarkBeta/实验数据/remote_data/extracted/output-0510/alfworld/agentmark/deepseek/run_2/ID/task_002/evaluation_report.json,agentmark,AgentMark-F exact probabilities,16,16,0,8,0,0,11001101,True,
alfworld,agentmark,deepseek,ID,2,002,11001101,8,2025,/Users/local/AgentMarkBeta/实验数据/remote_data/extracted/output-0510/alfworld/agentmark/deepseek/run_2/ID/task_002/evaluation_report.json,agentmark_rank_only,AgentMark-F rank-only linear top-10 surrogate,12,12,0,5,3,0,11101101,False,payload_mismatch
alfworld,agentmark,deepseek,ID,2,002,11001101,8,2025,/Users/local/AgentMarkBeta/实验数据/remote_data/extracted/output-0510/alfworld/agentmark/deepseek/run_2/ID/task_002/evaluation_report.json,rank,AsymAgentMark-TK top-10 rank,2,2,0,2,6,0,,False,insufficient_packets
alfworld,agentmark,deepseek,ID,2,003,11001101,8,2025,/Users/local/AgentMarkBeta/实验数据/remote_data/extracted/output-0510/alfworld/agentmark/deepseek/run_2/ID/task_003/evaluation_report.json,agentmark,AgentMark-F exact probabilities,54,54,0,21,0,0,11001101,True,
alfworld,agentmark,deepseek,ID,2,003,11001101,8,2025,/Users/local/AgentMarkBeta/实验数据/remote_data/extracted/output-0510/alfworld/agentmark/deepseek/run_2/ID/task_003/evaluation_report.json,agentmark_rank_only,AgentMark-F rank-only linear top-10 surrogate,28,28,0,10,11,0,01110011,False,payload_mismatch
alfworld,agentmark,deepseek,ID,2,003,11001101,8,2025,/Users/local/AgentMarkBeta/实验数据/remote_data/extracted/output-0510/alfworld/agentmark/deepseek/run_2/ID/task_003/evaluation_report.json,rank,AsymAgentMark-TK top-10 rank,2,2,0,1,20,0,,False,insufficient_packets
alfworld,agentmark,deepseek,ID,2,004,11001101,8,2025,/Users/local/AgentMarkBeta/实验数据/remote_data/extracted/output-0510/alfworld/agentmark/deepseek/run_2/ID/task_004/evaluation_report.json,agentmark,AgentMark-F exact probabilities,27,27,0,11,0,0,11001101,True,
alfworld,agentmark,deepseek,ID,2,004,11001101,8,2025,/Users/local/AgentMarkBeta/实验数据/remote_data/extracted/output-0510/alfworld/agentmark/deepseek/run_2/ID/task_004/evaluation_report.json,agentmark_rank_only,AgentMark-F rank-only linear top-10 surrogate,16,16,0,6,5,0,01111011,False,payload_mismatch
alfworld,agentmark,deepseek,ID,2,004,11001101,8,2025,/Users/local/AgentMarkBeta/实验数据/remote_data/extracted/output-0510/alfworld/agentmark/deepseek/run_2/ID/task_004/evaluation_report.json,rank,AsymAgentMark-TK top-10 rank,1,1,0,1,10,0,,False,insufficient_packets
alfworld,agentmark,deepseek,ID,2,005,11001101,8,2025,/Users/local/AgentMarkBeta/实验数据/remote_data/extracted/output-0510/alfworld/agentmark/deepseek/run_2/ID/task_005/evaluation_report.json,agentmark,AgentMark-F exact probabilities,18,18,0,8,0,0,11001101,True,
alfworld,agentmark,deepseek,ID,2,005,11001101,8,2025,/Users/local/AgentMarkBeta/实验数据/remote_data/extracted/output-0510/alfworld/agentmark/deepseek/run_2/ID/task_005/evaluation_report.json,agentmark_rank_only,AgentMark-F rank-only linear top-10 surrogate,11,11,0,4,4,0,01111010,False,payload_mismatch
alfworld,agentmark,deepseek,ID,2,005,11001101,8,2025,/Users/local/AgentMarkBeta/实验数据/remote_data/extracted/output-0510/alfworld/agentmark/deepseek/run_2/ID/task_005/evaluation_report.json,rank,AsymAgentMark-TK top-10 rank,1,1,0,1,7,0,,False,insufficient_packets
alfworld,agentmark,deepseek,ID,2,006,11001101,8,2025,/Users/local/AgentMarkBeta/实验数据/remote_data/extracted/output-0510/alfworld/agentmark/deepseek/run_2/ID/task_006/evaluation_report.json,agentmark,AgentMark-F exact probabilities,11,11,0,4,0,0,11001101,True,
alfworld,agentmark,deepseek,ID,2,006,11001101,8,2025,/Users/local/AgentMarkBeta/实验数据/remote_data/extracted/output-0510/alfworld/agentmark/deepseek/run_2/ID/task_006/evaluation_report.json,agentmark_rank_only,AgentMark-F rank-only linear top-10 surrogate,8,8,0,3,1,0,,False,rank_deficient
alfworld,agentmark,deepseek,ID,2,006,11001101,8,2025,/Users/local/AgentMarkBeta/实验数据/remote_data/extracted/output-0510/alfworld/agentmark/deepseek/run_2/ID/task_006/evaluation_report.json,rank,AsymAgentMark-TK top-10 rank,0,0,0,0,4,0,,False,insufficient_packets
alfworld,agentmark,deepseek,ID,2,007,11001101,8,2025,/Users/local/AgentMarkBeta/实验数据/remote_data/extracted/output-0510/alfworld/agentmark/deepseek/run_2/ID/task_007/evaluation_report.json,agentmark,AgentMark-F exact probabilities,44,44,0,19,0,0,11001101,True,
alfworld,agentmark,deepseek,ID,2,007,11001101,8,2025,/Users/local/AgentMarkBeta/实验数据/remote_data/extracted/output-0510/alfworld/agentmark/deepseek/run_2/ID/task_007/evaluation_report.json,agentmark_rank_only,AgentMark-F rank-only linear top-10 surrogate,24,24,0,9,10,0,00100010,False,payload_mismatch
alfworld,agentmark,deepseek,ID,2,007,11001101,8,2025,/Users/local/AgentMarkBeta/实验数据/remote_data/extracted/output-0510/alfworld/agentmark/deepseek/run_2/ID/task_007/evaluation_report.json,rank,AsymAgentMark-TK top-10 rank,10,10,0,6,13,0,,False,rank_deficient
alfworld,agentmark,deepseek,ID,2,008,11001101,8,2025,/Users/local/AgentMarkBeta/实验数据/remote_data/extracted/output-0510/alfworld/agentmark/deepseek/run_2/ID/task_008/evaluation_report.json,agentmark,AgentMark-F exact probabilities,0,0,0,0,0,0,,False,insufficient_packets
alfworld,agentmark,deepseek,ID,2,008,11001101,8,2025,/Users/local/AgentMarkBeta/实验数据/remote_data/extracted/output-0510/alfworld/agentmark/deepseek/run_2/ID/task_008/evaluation_report.json,agentmark_rank_only,AgentMark-F rank-only linear top-10 surrogate,0,0,0,0,0,0,,False,insufficient_packets
alfworld,agentmark,deepseek,ID,2,008,11001101,8,2025,/Users/local/AgentMarkBeta/实验数据/remote_data/extracted/output-0510/alfworld/agentmark/deepseek/run_2/ID/task_008/evaluation_report.json,rank,AsymAgentMark-TK top-10 rank,0,0,0,0,0,0,,False,insufficient_packets
alfworld,agentmark,deepseek,ID,2,009,11001101,8,2025,/Users/local/AgentMarkBeta/实验数据/remote_data/extracted/output-0510/alfworld/agentmark/deepseek/run_2/ID/task_009/evaluation_report.json,agentmark,AgentMark-F exact probabilities,16,16,0,7,0,0,11001101,True,
alfworld,agentmark,deepseek,ID,2,009,11001101,8,2025,/Users/local/AgentMarkBeta/实验数据/remote_data/extracted/output-0510/alfworld/agentmark/deepseek/run_2/ID/task_009/evaluation_report.json,agentmark_rank_only,AgentMark-F rank-only linear top-10 surrogate,5,5,0,3,4,0,,False,insufficient_packets
alfworld,agentmark,deepseek,ID,2,009,11001101,8,2025,/Users/local/AgentMarkBeta/实验数据/remote_data/extracted/output-0510/alfworld/agentmark/deepseek/run_2/ID/task_009/evaluation_report.json,rank,AsymAgentMark-TK top-10 rank,0,0,0,0,7,0,,False,insufficient_packets
alfworld,agentmark,deepseek,ID,2,010,11001101,8,2025,/Users/local/AgentMarkBeta/实验数据/remote_data/extracted/output-0510/alfworld/agentmark/deepseek/run_2/ID/task_010/evaluation_report.json,agentmark,AgentMark-F exact probabilities,8,8,0,4,0,0,,False,rank_deficient
alfworld,agentmark,deepseek,ID,2,010,11001101,8,2025,/Users/local/AgentMarkBeta/实验数据/remote_data/extracted/output-0510/alfworld/agentmark/deepseek/run_2/ID/task_010/evaluation_report.json,agentmark_rank_only,AgentMark-F rank-only linear top-10 surrogate,2,2,0,1,3,0,,False,insufficient_packets
alfworld,agentmark,deepseek,ID,2,010,11001101,8,2025,/Users/local/AgentMarkBeta/实验数据/remote_data/extracted/output-0510/alfworld/agentmark/deepseek/run_2/ID/task_010/evaluation_report.json,rank,AsymAgentMark-TK top-10 rank,0,0,0,0,4,0,,False,insufficient_packets
alfworld,agentmark,deepseek,ID,2,011,11001101,8,2025,/Users/local/AgentMarkBeta/实验数据/remote_data/extracted/output-0510/alfworld/agentmark/deepseek/run_2/ID/task_011/evaluation_report.json,agentmark,AgentMark-F exact probabilities,8,8,0,3,0,0,,False,rank_deficient
alfworld,agentmark,deepseek,ID,2,011,11001101,8,2025,/Users/local/AgentMarkBeta/实验数据/remote_data/extracted/output-0510/alfworld/agentmark/deepseek/run_2/ID/task_011/evaluation_report.json,agentmark_rank_only,AgentMark-F rank-only linear top-10 surrogate,3,3,0,1,2,0,,False,insufficient_packets
alfworld,agentmark,deepseek,ID,2,011,11001101,8,2025,/Users/local/AgentMarkBeta/实验数据/remote_data/extracted/output-0510/alfworld/agentmark/deepseek/run_2/ID/task_011/evaluation_report.json,rank,AsymAgentMark-TK top-10 rank,0,0,0,0,3,0,,False,insufficient_packets
alfworld,agentmark,deepseek,ID,2,012,11001101,8,2025,/Users/local/AgentMarkBeta/实验数据/remote_data/extracted/output-0510/alfworld/agentmark/deepseek/run_2/ID/task_012/evaluation_report.json,agentmark,AgentMark-F exact probabilities,0,0,0,0,0,0,,False,insufficient_packets
alfworld,agentmark,deepseek,ID,2,012,11001101,8,2025,/Users/local/AgentMarkBeta/实验数据/remote_data/extracted/output-0510/alfworld/agentmark/deepseek/run_2/ID/task_012/evaluation_report.json,agentmark_rank_only,AgentMark-F rank-only linear top-10 surrogate,0,0,0,0,0,0,,False,insufficient_packets
alfworld,agentmark,deepseek,ID,2,012,11001101,8,2025,/Users/local/AgentMarkBeta/实验数据/remote_data/extracted/output-0510/alfworld/agentmark/deepseek/run_2/ID/task_012/evaluation_report.json,rank,AsymAgentMark-TK top-10 rank,0,0,0,0,0,0,,False,insufficient_packets
alfworld,agentmark,deepseek,ID,2,013,11001101,8,2025,/Users/local/AgentMarkBeta/实验数据/remote_data/extracted/output-0510/alfworld/agentmark/deepseek/run_2/ID/task_013/evaluation_report.json,agentmark,AgentMark-F exact probabilities,7,7,0,3,0,0,,False,insufficient_packets
alfworld,agentmark,deepseek,ID,2,013,11001101,8,2025,/Users/local/AgentMarkBeta/实验数据/remote_data/extracted/output-0510/alfworld/agentmark/deepseek/run_2/ID/task_013/evaluation_report.json,agentmark_rank_only,AgentMark-F rank-only linear top-10 surrogate,7,7,0,3,0,0,,False,insufficient_packets
alfworld,agentmark,deepseek,ID,2,013,11001101,8,2025,/Users/local/AgentMarkBeta/实验数据/remote_data/extracted/output-0510/alfworld/agentmark/deepseek/run_2/ID/task_013/evaluation_report.json,rank,AsymAgentMark-TK top-10 rank,0,0,0,0,3,0,,False,insufficient_packets
alfworld,agentmark,deepseek,ID,2,014,11001101,8,2025,/Users/local/AgentMarkBeta/实验数据/remote_data/extracted/output-0510/alfworld/agentmark/deepseek/run_2/ID/task_014/evaluation_report.json,agentmark,AgentMark-F exact probabilities,25,25,0,11,0,0,11001101,True,
alfworld,agentmark,deepseek,ID,2,014,11001101,8,2025,/Users/local/AgentMarkBeta/实验数据/remote_data/extracted/output-0510/alfworld/agentmark/deepseek/run_2/ID/task_014/evaluation_report.json,agentmark_rank_only,AgentMark-F rank-only linear top-10 surrogate,10,10,0,4,7,0,,False,rank_deficient
alfworld,agentmark,deepseek,ID,2,014,11001101,8,2025,/Users/local/AgentMarkBeta/实验数据/remote_data/extracted/output-0510/alfworld/agentmark/deepseek/run_2/ID/task_014/evaluation_report.json,rank,AsymAgentMark-TK top-10 rank,2,2,0,2,9,0,,False,insufficient_packets
alfworld,agentmark,deepseek,ID,2,015,11001101,8,2025,/Users/local/AgentMarkBeta/实验数据/remote_data/extracted/output-0510/alfworld/agentmark/deepseek/run_2/ID/task_015/evaluation_report.json,agentmark,AgentMark-F exact probabilities,14,14,0,6,0,0,11001101,True,
alfworld,agentmark,deepseek,ID,2,015,11001101,8,2025,/Users/local/AgentMarkBeta/实验数据/remote_data/extracted/output-0510/alfworld/agentmark/deepseek/run_2/ID/task_015/evaluation_report.json,agentmark_rank_only,AgentMark-F rank-only linear top-10 surrogate,9,9,0,3,3,0,,False,rank_deficient
alfworld,agentmark,deepseek,ID,2,015,11001101,8,2025,/Users/local/AgentMarkBeta/实验数据/remote_data/extracted/output-0510/alfworld/agentmark/deepseek/run_2/ID/task_015/evaluation_report.json,rank,AsymAgentMark-TK top-10 rank,2,2,0,1,5,0,,False,insufficient_packets
alfworld,agentmark,deepseek,ID,2,016,11001101,8,2025,/Users/local/AgentMarkBeta/实验数据/remote_data/extracted/output-0510/alfworld/agentmark/deepseek/run_2/ID/task_016/evaluation_report.json,agentmark,AgentMark-F exact probabilities,10,10,0,3,0,0,11001101,True,
alfworld,agentmark,deepseek,ID,2,016,11001101,8,2025,/Users/local/AgentMarkBeta/实验数据/remote_data/extracted/output-0510/alfworld/agentmark/deepseek/run_2/ID/task_016/evaluation_report.json,agentmark_rank_only,AgentMark-F rank-only linear top-10 surrogate,10,10,0,3,0,0,00100001,False,payload_mismatch
alfworld,agentmark,deepseek,ID,2,016,11001101,8,2025,/Users/local/AgentMarkBeta/实验数据/remote_data/extracted/output-0510/alfworld/agentmark/deepseek/run_2/ID/task_016/evaluation_report.json,rank,AsymAgentMark-TK top-10 rank,0,0,0,0,3,0,,False,insufficient_packets
alfworld,agentmark,deepseek,ID,2,017,11001101,8,2025,/Users/local/AgentMarkBeta/实验数据/remote_data/extracted/output-0510/alfworld/agentmark/deepseek/run_2/ID/task_017/evaluation_report.json,agentmark,AgentMark-F exact probabilities,18,18,0,8,0,0,11001101,True,
alfworld,agentmark,deepseek,ID,2,017,11001101,8,2025,/Users/local/AgentMarkBeta/实验数据/remote_data/extracted/output-0510/alfworld/agentmark/deepseek/run_2/ID/task_017/evaluation_report.json,agentmark_rank_only,AgentMark-F rank-only linear top-10 surrogate,11,11,0,4,4,0,10000111,False,payload_mismatch
alfworld,agentmark,deepseek,ID,2,017,11001101,8,2025,/Users/local/AgentMarkBeta/实验数据/remote_data/extracted/output-0510/alfworld/agentmark/deepseek/run_2/ID/task_017/evaluation_report.json,rank,AsymAgentMark-TK top-10 rank,4,4,0,2,6,0,,False,insufficient_packets
alfworld,agentmark,deepseek,ID,2,018,11001101,8,2025,/Users/local/AgentMarkBeta/实验数据/remote_data/extracted/output-0510/alfworld/agentmark/deepseek/run_2/ID/task_018/evaluation_report.json,agentmark,AgentMark-F exact probabilities,11,11,0,7,0,0,11001101,True,
alfworld,agentmark,deepseek,ID,2,018,11001101,8,2025,/Users/local/AgentMarkBeta/实验数据/remote_data/extracted/output-0510/alfworld/agentmark/deepseek/run_2/ID/task_018/evaluation_report.json,agentmark_rank_only,AgentMark-F rank-only linear top-10 surrogate,7,7,0,4,3,0,,False,insufficient_packets
alfworld,agentmark,deepseek,ID,2,018,11001101,8,2025,/Users/local/AgentMarkBeta/实验数据/remote_data/extracted/output-0510/alfworld/agentmark/deepseek/run_2/ID/task_018/evaluation_report.json,rank,AsymAgentMark-TK top-10 rank,3,3,0,2,5,0,,False,insufficient_packets
alfworld,agentmark,deepseek,ID,2,019,11001101,8,2025,/Users/local/AgentMarkBeta/实验数据/remote_data/extracted/output-0510/alfworld/agentmark/deepseek/run_2/ID/task_019/evaluation_report.json,agentmark,AgentMark-F exact probabilities,2,2,0,1,0,0,,False,insufficient_packets
alfworld,agentmark,deepseek,ID,2,019,11001101,8,2025,/Users/local/AgentMarkBeta/实验数据/remote_data/extracted/output-0510/alfworld/agentmark/deepseek/run_2/ID/task_019/evaluation_report.json,agentmark_rank_only,AgentMark-F rank-only linear top-10 surrogate,2,2,0,1,0,0,,False,insufficient_packets
alfworld,agentmark,deepseek,ID,2,019,11001101,8,2025,/Users/local/AgentMarkBeta/实验数据/remote_data/extracted/output-0510/alfworld/agentmark/deepseek/run_2/ID/task_019/evaluation_report.json,rank,AsymAgentMark-TK top-10 rank,0,0,0,0,1,0,,False,insufficient_packets
alfworld,agentmark,deepseek,ID,2,020,11001101,8,2025,/Users/local/AgentMarkBeta/实验数据/remote_data/extracted/output-0510/alfworld/agentmark/deepseek/run_2/ID/task_020/evaluation_report.json,agentmark,AgentMark-F exact probabilities,36,36,0,13,0,0,11001101,True,
alfworld,agentmark,deepseek,ID,2,020,11001101,8,2025,/Users/local/AgentMarkBeta/实验数据/remote_data/extracted/output-0510/alfworld/agentmark/deepseek/run_2/ID/task_020/evaluation_report.json,agentmark_rank_only,AgentMark-F rank-only linear top-10 surrogate,12,12,0,5,8,0,11010101,False,payload_mismatch
alfworld,agentmark,deepseek,ID,2,020,11001101,8,2025,/Users/local/AgentMarkBeta/实验数据/remote_data/extracted/output-0510/alfworld/agentmark/deepseek/run_2/ID/task_020/evaluation_report.json,rank,AsymAgentMark-TK top-10 rank,5,5,0,2,11,0,,False,insufficient_packets
alfworld,agentmark,deepseek,ID,2,021,11001101,8,2025,/Users/local/AgentMarkBeta/实验数据/remote_data/extracted/output-0510/alfworld/agentmark/deepseek/run_2/ID/task_021/evaluation_report.json,agentmark,AgentMark-F exact probabilities,10,10,0,3,0,0,11001101,True,
alfworld,agentmark,deepseek,ID,2,021,11001101,8,2025,/Users/local/AgentMarkBeta/实验数据/remote_data/extracted/output-0510/alfworld/agentmark/deepseek/run_2/ID/task_021/evaluation_report.json,agentmark_rank_only,AgentMark-F rank-only linear top-10 surrogate,0,0,0,0,3,0,,False,insufficient_packets
alfworld,agentmark,deepseek,ID,2,021,11001101,8,2025,/Users/local/AgentMarkBeta/实验数据/remote_data/extracted/output-0510/alfworld/agentmark/deepseek/run_2/ID/task_021/evaluation_report.json,rank,AsymAgentMark-TK top-10 rank,1,1,0,1,2,0,,False,insufficient_packets
alfworld,agentmark,deepseek,ID,2,022,11001101,8,2025,/Users/local/AgentMarkBeta/实验数据/remote_data/extracted/output-0510/alfworld/agentmark/deepseek/run_2/ID/task_022/evaluation_report.json,agentmark,AgentMark-F exact probabilities,2,2,0,2,0,0,,False,insufficient_packets
alfworld,agentmark,deepseek,ID,2,022,11001101,8,2025,/Users/local/AgentMarkBeta/实验数据/remote_data/extracted/output-0510/alfworld/agentmark/deepseek/run_2/ID/task_022/evaluation_report.json,agentmark_rank_only,AgentMark-F rank-only linear top-10 surrogate,1,1,0,1,1,0,,False,insufficient_packets
alfworld,agentmark,deepseek,ID,2,022,11001101,8,2025,/Users/local/AgentMarkBeta/实验数据/remote_data/extracted/output-0510/alfworld/agentmark/deepseek/run_2/ID/task_022/evaluation_report.json,rank,AsymAgentMark-TK top-10 rank,0,0,0,0,2,0,,False,insufficient_packets
alfworld,agentmark,deepseek,ID,2,023,11001101,8,2025,/Users/local/AgentMarkBeta/实验数据/remote_data/extracted/output-0510/alfworld/agentmark/deepseek/run_2/ID/task_023/evaluation_report.json,agentmark,AgentMark-F exact probabilities,71,71,0,23,0,0,11001101,True,
alfworld,agentmark,deepseek,ID,2,023,11001101,8,2025,/Users/local/AgentMarkBeta/实验数据/remote_data/extracted/output-0510/alfworld/agentmark/deepseek/run_2/ID/task_023/evaluation_report.json,agentmark_rank_only,AgentMark-F rank-only linear top-10 surrogate,33,33,0,12,11,0,01001000,False,payload_mismatch
alfworld,agentmark,deepseek,ID,2,023,11001101,8,2025,/Users/local/AgentMarkBeta/实验数据/remote_data/extracted/output-0510/alfworld/agentmark/deepseek/run_2/ID/task_023/evaluation_report.json,rank,AsymAgentMark-TK top-10 rank,1,1,0,1,22,0,,False,insufficient_packets
alfworld,agentmark,deepseek,ID,2,024,11001101,8,2025,/Users/local/AgentMarkBeta/实验数据/remote_data/extracted/output-0510/alfworld/agentmark/deepseek/run_2/ID/task_024/evaluation_report.json,agentmark,AgentMark-F exact probabilities,14,14,0,5,0,0,11001101,True,
alfworld,agentmark,deepseek,ID,2,024,11001101,8,2025,/Users/local/AgentMarkBeta/实验数据/remote_data/extracted/output-0510/alfworld/agentmark/deepseek/run_2/ID/task_024/evaluation_report.json,agentmark_rank_only,AgentMark-F rank-only linear top-10 surrogate,7,7,0,3,2,0,,False,insufficient_packets
alfworld,agentmark,deepseek,ID,2,024,11001101,8,2025,/Users/local/AgentMarkBeta/实验数据/remote_data/extracted/output-0510/alfworld/agentmark/deepseek/run_2/ID/task_024/evaluation_report.json,rank,AsymAgentMark-TK top-10 rank,0,0,0,0,5,0,,False,insufficient_packets
alfworld,agentmark,deepseek,ID,2,025,11001101,8,2025,/Users/local/AgentMarkBeta/实验数据/remote_data/extracted/output-0510/alfworld/agentmark/deepseek/run_2/ID/task_025/evaluation_report.json,agentmark,AgentMark-F exact probabilities,10,10,0,4,0,0,11001101,True,
alfworld,agentmark,deepseek,ID,2,025,11001101,8,2025,/Users/local/AgentMarkBeta/实验数据/remote_data/extracted/output-0510/alfworld/agentmark/deepseek/run_2/ID/task_025/evaluation_report.json,agentmark_rank_only,AgentMark-F rank-only linear top-10 surrogate,9,9,0,3,1,0,10010000,False,payload_mismatch
alfworld,agentmark,deepseek,ID,2,025,11001101,8,2025,/Users/local/AgentMarkBeta/实验数据/remote_data/extracted/output-0510/alfworld/agentmark/deepseek/run_2/ID/task_025/evaluation_report.json,rank,AsymAgentMark-TK top-10 rank,1,1,0,1,3,0,,False,insufficient_packets
alfworld,agentmark,deepseek,ID,2,026,11001101,8,2025,/Users/local/AgentMarkBeta/实验数据/remote_data/extracted/output-0510/alfworld/agentmark/deepseek/run_2/ID/task_026/evaluation_report.json,agentmark,AgentMark-F exact probabilities,18,18,0,9,0,0,11001101,True,
alfworld,agentmark,deepseek,ID,2,026,11001101,8,2025,/Users/local/AgentMarkBeta/实验数据/remote_data/extracted/output-0510/alfworld/agentmark/deepseek/run_2/ID/task_026/evaluation_report.json,agentmark_rank_only,AgentMark-F rank-only linear top-10 surrogate,5,5,0,2,7,0,,False,insufficient_packets
alfworld,agentmark,deepseek,ID,2,026,11001101,8,2025,/Users/local/AgentMarkBeta/实验数据/remote_data/extracted/output-0510/alfworld/agentmark/deepseek/run_2/ID/task_026/evaluation_report.json,rank,AsymAgentMark-TK top-10 rank,3,3,0,2,7,0,,False,insufficient_packets
alfworld,agentmark,deepseek,ID,2,027,11001101,8,2025,/Users/local/AgentMarkBeta/实验数据/remote_data/extracted/output-0510/alfworld/agentmark/deepseek/run_2/ID/task_027/evaluation_report.json,agentmark,AgentMark-F exact probabilities,9,9,0,4,0,0,11001101,True,
alfworld,agentmark,deepseek,ID,2,027,11001101,8,2025,/Users/local/AgentMarkBeta/实验数据/remote_data/extracted/output-0510/alfworld/agentmark/deepseek/run_2/ID/task_027/evaluation_report.json,agentmark_rank_only,AgentMark-F rank-only linear top-10 surrogate,5,5,0,2,2,0,,False,insufficient_packets
alfworld,agentmark,deepseek,ID,2,027,11001101,8,2025,/Users/local/AgentMarkBeta/实验数据/remote_data/extracted/output-0510/alfworld/agentmark/deepseek/run_2/ID/task_027/evaluation_report.json,rank,AsymAgentMark-TK top-10 rank,4,4,0,2,2,0,,False,insufficient_packets
alfworld,agentmark,deepseek,ID,2,028,11001101,8,2025,/Users/local/AgentMarkBeta/实验数据/remote_data/extracted/output-0510/alfworld/agentmark/deepseek/run_2/ID/task_028/evaluation_report.json,agentmark,AgentMark-F exact probabilities,9,9,0,5,0,0,11001101,True,
alfworld,agentmark,deepseek,ID,2,028,11001101,8,2025,/Users/local/AgentMarkBeta/实验数据/remote_data/extracted/output-0510/alfworld/agentmark/deepseek/run_2/ID/task_028/evaluation_report.json,agentmark_rank_only,AgentMark-F rank-only linear top-10 surrogate,7,7,0,3,2,0,,False,insufficient_packets
alfworld,agentmark,deepseek,ID,2,028,11001101,8,2025,/Users/local/AgentMarkBeta/实验数据/remote_data/extracted/output-0510/alfworld/agentmark/deepseek/run_2/ID/task_028/evaluation_report.json,rank,AsymAgentMark-TK top-10 rank,1,1,0,1,4,0,,False,insufficient_packets
alfworld,agentmark,deepseek,ID,2,029,11001101,8,2025,/Users/local/AgentMarkBeta/实验数据/remote_data/extracted/output-0510/alfworld/agentmark/deepseek/run_2/ID/task_029/evaluation_report.json,agentmark,AgentMark-F exact probabilities,37,37,0,15,0,0,11001101,True,
alfworld,agentmark,deepseek,ID,2,029,11001101,8,2025,/Users/local/AgentMarkBeta/实验数据/remote_data/extracted/output-0510/alfworld/agentmark/deepseek/run_2/ID/task_029/evaluation_report.json,agentmark_rank_only,AgentMark-F rank-only linear top-10 surrogate,28,28,0,11,4,0,01000101,False,payload_mismatch
alfworld,agentmark,deepseek,ID,2,029,11001101,8,2025,/Users/local/AgentMarkBeta/实验数据/remote_data/extracted/output-0510/alfworld/agentmark/deepseek/run_2/ID/task_029/evaluation_report.json,rank,AsymAgentMark-TK top-10 rank,4,4,0,3,12,0,,False,insufficient_packets
alfworld,agentmark,deepseek,ID,2,030,11001101,8,2025,/Users/local/AgentMarkBeta/实验数据/remote_data/extracted/output-0510/alfworld/agentmark/deepseek/run_2/ID/task_030/evaluation_report.json,agentmark,AgentMark-F exact probabilities,1,1,0,1,0,0,,False,insufficient_packets
alfworld,agentmark,deepseek,ID,2,030,11001101,8,2025,/Users/local/AgentMarkBeta/实验数据/remote_data/extracted/output-0510/alfworld/agentmark/deepseek/run_2/ID/task_030/evaluation_report.json,agentmark_rank_only,AgentMark-F rank-only linear top-10 surrogate,0,0,0,0,1,0,,False,insufficient_packets
alfworld,agentmark,deepseek,ID,2,030,11001101,8,2025,/Users/local/AgentMarkBeta/实验数据/remote_data/extracted/output-0510/alfworld/agentmark/deepseek/run_2/ID/task_030/evaluation_report.json,rank,AsymAgentMark-TK top-10 rank,0,0,0,0,1,0,,False,insufficient_packets
alfworld,agentmark,deepseek,ID,2,031,11001101,8,2025,/Users/local/AgentMarkBeta/实验数据/remote_data/extracted/output-0510/alfworld/agentmark/deepseek/run_2/ID/task_031/evaluation_report.json,agentmark,AgentMark-F exact probabilities,29,29,0,10,0,0,11001101,True,
alfworld,agentmark,deepseek,ID,2,031,11001101,8,2025,/Users/local/AgentMarkBeta/实验数据/remote_data/extracted/output-0510/alfworld/agentmark/deepseek/run_2/ID/task_031/evaluation_report.json,agentmark_rank_only,AgentMark-F rank-only linear top-10 surrogate,23,23,0,8,2,0,01011101,False,payload_mismatch
alfworld,agentmark,deepseek,ID,2,031,11001101,8,2025,/Users/local/AgentMarkBeta/实验数据/remote_data/extracted/output-0510/alfworld/agentmark/deepseek/run_2/ID/task_031/evaluation_report.json,rank,AsymAgentMark-TK top-10 rank,0,0,0,0,10,0,,False,insufficient_packets
alfworld,agentmark,deepseek,ID,2,032,11001101,8,2025,/Users/local/AgentMarkBeta/实验数据/remote_data/extracted/output-0510/alfworld/agentmark/deepseek/run_2/ID/task_032/evaluation_report.json,agentmark,AgentMark-F exact probabilities,44,44,0,18,0,0,11001101,True,
alfworld,agentmark,deepseek,ID,2,032,11001101,8,2025,/Users/local/AgentMarkBeta/实验数据/remote_data/extracted/output-0510/alfworld/agentmark/deepseek/run_2/ID/task_032/evaluation_report.json,agentmark_rank_only,AgentMark-F rank-only linear top-10 surrogate,25,25,0,10,8,0,00000100,False,payload_mismatch
alfworld,agentmark,deepseek,ID,2,032,11001101,8,2025,/Users/local/AgentMarkBeta/实验数据/remote_data/extracted/output-0510/alfworld/agentmark/deepseek/run_2/ID/task_032/evaluation_report.json,rank,AsymAgentMark-TK top-10 rank,7,7,0,5,13,0,,False,insufficient_packets
alfworld,agentmark,deepseek,ID,2,033,11001101,8,2025,/Users/local/AgentMarkBeta/实验数据/remote_data/extracted/output-0510/alfworld/agentmark/deepseek/run_2/ID/task_033/evaluation_report.json,agentmark,AgentMark-F exact probabilities,2,2,0,1,0,0,,False,insufficient_packets
alfworld,agentmark,deepseek,ID,2,033,11001101,8,2025,/Users/local/AgentMarkBeta/实验数据/remote_data/extracted/output-0510/alfworld/agentmark/deepseek/run_2/ID/task_033/evaluation_report.json,agentmark_rank_only,AgentMark-F rank-only linear top-10 surrogate,2,2,0,1,0,0,,False,insufficient_packets
alfworld,agentmark,deepseek,ID,2,033,11001101,8,2025,/Users/local/AgentMarkBeta/实验数据/remote_data/extracted/output-0510/alfworld/agentmark/deepseek/run_2/ID/task_033/evaluation_report.json,rank,AsymAgentMark-TK top-10 rank,0,0,0,0,1,0,,False,insufficient_packets
alfworld,agentmark,deepseek,ID,2,034,11001101,8,2025,/Users/local/AgentMarkBeta/实验数据/remote_data/extracted/output-0510/alfworld/agentmark/deepseek/run_2/ID/task_034/evaluation_report.json,agentmark,AgentMark-F exact probabilities,14,14,0,6,0,0,11001101,True,
alfworld,agentmark,deepseek,ID,2,034,11001101,8,2025,/Users/local/AgentMarkBeta/实验数据/remote_data/extracted/output-0510/alfworld/agentmark/deepseek/run_2/ID/task_034/evaluation_report.json,agentmark_rank_only,AgentMark-F rank-only linear top-10 surrogate,6,6,0,2,4,0,,False,insufficient_packets
alfworld,agentmark,deepseek,ID,2,034,11001101,8,2025,/Users/local/AgentMarkBeta/实验数据/remote_data/extracted/output-0510/alfworld/agentmark/deepseek/run_2/ID/task_034/evaluation_report.json,rank,AsymAgentMark-TK top-10 rank,3,3,0,2,4,0,,False,insufficient_packets
alfworld,agentmark,deepseek,ID,2,035,11001101,8,2025,/Users/local/AgentMarkBeta/实验数据/remote_data/extracted/output-0510/alfworld/agentmark/deepseek/run_2/ID/task_035/evaluation_report.json,agentmark,AgentMark-F exact probabilities,19,19,0,7,0,0,11001101,True,
alfworld,agentmark,deepseek,ID,2,035,11001101,8,2025,/Users/local/AgentMarkBeta/实验数据/remote_data/extracted/output-0510/alfworld/agentmark/deepseek/run_2/ID/task_035/evaluation_report.json,agentmark_rank_only,AgentMark-F rank-only linear top-10 surrogate,12,12,0,4,3,0,11000111,False,payload_mismatch
alfworld,agentmark,deepseek,ID,2,035,11001101,8,2025,/Users/local/AgentMarkBeta/实验数据/remote_data/extracted/output-0510/alfworld/agentmark/deepseek/run_2/ID/task_035/evaluation_report.json,rank,AsymAgentMark-TK top-10 rank,0,0,0,0,7,0,,False,insufficient_packets
alfworld,agentmark,deepseek,ID,2,036,11001101,8,2025,/Users/local/AgentMarkBeta/实验数据/remote_data/extracted/output-0510/alfworld/agentmark/deepseek/run_2/ID/task_036/evaluation_report.json,agentmark,AgentMark-F exact probabilities,12,12,0,6,0,0,11001101,True,
alfworld,agentmark,deepseek,ID,2,036,11001101,8,2025,/Users/local/AgentMarkBeta/实验数据/remote_data/extracted/output-0510/alfworld/agentmark/deepseek/run_2/ID/task_036/evaluation_report.json,agentmark_rank_only,AgentMark-F rank-only linear top-10 surrogate,8,8,0,4,2,0,11010101,False,payload_mismatch
alfworld,agentmark,deepseek,ID,2,036,11001101,8,2025,/Users/local/AgentMarkBeta/实验数据/remote_data/extracted/output-0510/alfworld/agentmark/deepseek/run_2/ID/task_036/evaluation_report.json,rank,AsymAgentMark-TK top-10 rank,1,1,0,1,5,0,,False,insufficient_packets
alfworld,agentmark,deepseek,ID,2,037,11001101,8,2025,/Users/local/AgentMarkBeta/实验数据/remote_data/extracted/output-0510/alfworld/agentmark/deepseek/run_2/ID/task_037/evaluation_report.json,agentmark,AgentMark-F exact probabilities,16,16,0,8,0,0,11001101,True,
alfworld,agentmark,deepseek,ID,2,037,11001101,8,2025,/Users/local/AgentMarkBeta/实验数据/remote_data/extracted/output-0510/alfworld/agentmark/deepseek/run_2/ID/task_037/evaluation_report.json,agentmark_rank_only,AgentMark-F rank-only linear top-10 surrogate,12,12,0,5,3,0,01111100,False,payload_mismatch
alfworld,agentmark,deepseek,ID,2,037,11001101,8,2025,/Users/local/AgentMarkBeta/实验数据/remote_data/extracted/output-0510/alfworld/agentmark/deepseek/run_2/ID/task_037/evaluation_report.json,rank,AsymAgentMark-TK top-10 rank,1,1,0,1,7,0,,False,insufficient_packets
alfworld,agentmark,deepseek,ID,2,038,11001101,8,2025,/Users/local/AgentMarkBeta/实验数据/remote_data/extracted/output-0510/alfworld/agentmark/deepseek/run_2/ID/task_038/evaluation_report.json,agentmark,AgentMark-F exact probabilities,7,7,0,3,0,0,,False,insufficient_packets
alfworld,agentmark,deepseek,ID,2,038,11001101,8,2025,/Users/local/AgentMarkBeta/实验数据/remote_data/extracted/output-0510/alfworld/agentmark/deepseek/run_2/ID/task_038/evaluation_report.json,agentmark_rank_only,AgentMark-F rank-only linear top-10 surrogate,2,2,0,1,2,0,,False,insufficient_packets
alfworld,agentmark,deepseek,ID,2,038,11001101,8,2025,/Users/local/AgentMarkBeta/实验数据/remote_data/extracted/output-0510/alfworld/agentmark/deepseek/run_2/ID/task_038/evaluation_report.json,rank,AsymAgentMark-TK top-10 rank,0,0,0,0,3,0,,False,insufficient_packets
alfworld,agentmark,deepseek,ID,2,039,11001101,8,2025,/Users/local/AgentMarkBeta/实验数据/remote_data/extracted/output-0510/alfworld/agentmark/deepseek/run_2/ID/task_039/evaluation_report.json,agentmark,AgentMark-F exact probabilities,2,2,0,1,0,0,,False,insufficient_packets
alfworld,agentmark,deepseek,ID,2,039,11001101,8,2025,/Users/local/AgentMarkBeta/实验数据/remote_data/extracted/output-0510/alfworld/agentmark/deepseek/run_2/ID/task_039/evaluation_report.json,agentmark_rank_only,AgentMark-F rank-only linear top-10 surrogate,2,2,0,1,0,0,,False,insufficient_packets
alfworld,agentmark,deepseek,ID,2,039,11001101,8,2025,/Users/local/AgentMarkBeta/实验数据/remote_data/extracted/output-0510/alfworld/agentmark/deepseek/run_2/ID/task_039/evaluation_report.json,rank,AsymAgentMark-TK top-10 rank,2,2,0,1,0,0,,False,insufficient_packets
alfworld,agentmark,deepseek,ID,2,040,11001101,8,2025,/Users/local/AgentMarkBeta/实验数据/remote_data/extracted/output-0510/alfworld/agentmark/deepseek/run_2/ID/task_040/evaluation_report.json,agentmark,AgentMark-F exact probabilities,6,6,0,3,0,0,,False,insufficient_packets
alfworld,agentmark,deepseek,ID,2,040,11001101,8,2025,/Users/local/AgentMarkBeta/实验数据/remote_data/extracted/output-0510/alfworld/agentmark/deepseek/run_2/ID/task_040/evaluation_report.json,agentmark_rank_only,AgentMark-F rank-only linear top-10 surrogate,5,5,0,2,1,0,,False,insufficient_packets
alfworld,agentmark,deepseek,ID,2,040,11001101,8,2025,/Users/local/AgentMarkBeta/实验数据/remote_data/extracted/output-0510/alfworld/agentmark/deepseek/run_2/ID/task_040/evaluation_report.json,rank,AsymAgentMark-TK top-10 rank,1,1,0,1,2,0,,False,insufficient_packets
alfworld,agentmark,deepseek,ID,2,041,11001101,8,2025,/Users/local/AgentMarkBeta/实验数据/remote_data/extracted/output-0510/alfworld/agentmark/deepseek/run_2/ID/task_041/evaluation_report.json,agentmark,AgentMark-F exact probabilities,3,3,0,1,0,0,,False,insufficient_packets
alfworld,agentmark,deepseek,ID,2,041,11001101,8,2025,/Users/local/AgentMarkBeta/实验数据/remote_data/extracted/output-0510/alfworld/agentmark/deepseek/run_2/ID/task_041/evaluation_report.json,agentmark_rank_only,AgentMark-F rank-only linear top-10 surrogate,0,0,0,0,1,0,,False,insufficient_packets
alfworld,agentmark,deepseek,ID,2,041,11001101,8,2025,/Users/local/AgentMarkBeta/实验数据/remote_data/extracted/output-0510/alfworld/agentmark/deepseek/run_2/ID/task_041/evaluation_report.json,rank,AsymAgentMark-TK top-10 rank,0,0,0,0,1,0,,False,insufficient_packets
alfworld,agentmark,deepseek,ID,2,042,11001101,8,2025,/Users/local/AgentMarkBeta/实验数据/remote_data/extracted/output-0510/alfworld/agentmark/deepseek/run_2/ID/task_042/evaluation_report.json,agentmark,AgentMark-F exact probabilities,1,1,0,1,0,0,,False,insufficient_packets
alfworld,agentmark,deepseek,ID,2,042,11001101,8,2025,/Users/local/AgentMarkBeta/实验数据/remote_data/extracted/output-0510/alfworld/agentmark/deepseek/run_2/ID/task_042/evaluation_report.json,agentmark_rank_only,AgentMark-F rank-only linear top-10 surrogate,0,0,0,0,1,0,,False,insufficient_packets
alfworld,agentmark,deepseek,ID,2,042,11001101,8,2025,/Users/local/AgentMarkBeta/实验数据/remote_data/extracted/output-0510/alfworld/agentmark/deepseek/run_2/ID/task_042/evaluation_report.json,rank,AsymAgentMark-TK top-10 rank,0,0,0,0,1,0,,False,insufficient_packets
alfworld,agentmark,deepseek,ID,2,043,11001101,8,2025,/Users/local/AgentMarkBeta/实验数据/remote_data/extracted/output-0510/alfworld/agentmark/deepseek/run_2/ID/task_043/evaluation_report.json,agentmark,AgentMark-F exact probabilities,17,17,0,7,0,0,11001101,True,
alfworld,agentmark,deepseek,ID,2,043,11001101,8,2025,/Users/local/AgentMarkBeta/实验数据/remote_data/extracted/output-0510/alfworld/agentmark/deepseek/run_2/ID/task_043/evaluation_report.json,agentmark_rank_only,AgentMark-F rank-only linear top-10 surrogate,15,15,0,6,1,0,00001011,False,payload_mismatch
alfworld,agentmark,deepseek,ID,2,043,11001101,8,2025,/Users/local/AgentMarkBeta/实验数据/remote_data/extracted/output-0510/alfworld/agentmark/deepseek/run_2/ID/task_043/evaluation_report.json,rank,AsymAgentMark-TK top-10 rank,5,5,0,3,4,0,,False,insufficient_packets
alfworld,agentmark,deepseek,ID,2,044,11001101,8,2025,/Users/local/AgentMarkBeta/实验数据/remote_data/extracted/output-0510/alfworld/agentmark/deepseek/run_2/ID/task_044/evaluation_report.json,agentmark,AgentMark-F exact probabilities,4,4,0,2,0,0,,False,insufficient_packets
alfworld,agentmark,deepseek,ID,2,044,11001101,8,2025,/Users/local/AgentMarkBeta/实验数据/remote_data/extracted/output-0510/alfworld/agentmark/deepseek/run_2/ID/task_044/evaluation_report.json,agentmark_rank_only,AgentMark-F rank-only linear top-10 surrogate,3,3,0,1,1,0,,False,insufficient_packets
alfworld,agentmark,deepseek,ID,2,044,11001101,8,2025,/Users/local/AgentMarkBeta/实验数据/remote_data/extracted/output-0510/alfworld/agentmark/deepseek/run_2/ID/task_044/evaluation_report.json,rank,AsymAgentMark-TK top-10 rank,0,0,0,0,2,0,,False,insufficient_packets
alfworld,agentmark,deepseek,ID,2,045,11001101,8,2025,/Users/local/AgentMarkBeta/实验数据/remote_data/extracted/output-0510/alfworld/agentmark/deepseek/run_2/ID/task_045/evaluation_report.json,agentmark,AgentMark-F exact probabilities,7,7,0,3,0,0,,False,insufficient_packets
alfworld,agentmark,deepseek,ID,2,045,11001101,8,2025,/Users/local/AgentMarkBeta/实验数据/remote_data/extracted/output-0510/alfworld/agentmark/deepseek/run_2/ID/task_045/evaluation_report.json,agentmark_rank_only,AgentMark-F rank-only linear top-10 surrogate,1,1,0,1,2,0,,False,insufficient_packets
alfworld,agentmark,deepseek,ID,2,045,11001101,8,2025,/Users/local/AgentMarkBeta/实验数据/remote_data/extracted/output-0510/alfworld/agentmark/deepseek/run_2/ID/task_045/evaluation_report.json,rank,AsymAgentMark-TK top-10 rank,1,1,0,1,2,0,,False,insufficient_packets
alfworld,agentmark,deepseek,ID,2,046,11001101,8,2025,/Users/local/AgentMarkBeta/实验数据/remote_data/extracted/output-0510/alfworld/agentmark/deepseek/run_2/ID/task_046/evaluation_report.json,agentmark,AgentMark-F exact probabilities,35,35,0,16,0,0,11001101,True,
alfworld,agentmark,deepseek,ID,2,046,11001101,8,2025,/Users/local/AgentMarkBeta/实验数据/remote_data/extracted/output-0510/alfworld/agentmark/deepseek/run_2/ID/task_046/evaluation_report.json,agentmark_rank_only,AgentMark-F rank-only linear top-10 surrogate,21,21,0,8,8,0,10000000,False,payload_mismatch
alfworld,agentmark,deepseek,ID,2,046,11001101,8,2025,/Users/local/AgentMarkBeta/实验数据/remote_data/extracted/output-0510/alfworld/agentmark/deepseek/run_2/ID/task_046/evaluation_report.json,rank,AsymAgentMark-TK top-10 rank,6,6,0,4,12,0,,False,insufficient_packets
alfworld,agentmark,deepseek,ID,2,047,11001101,8,2025,/Users/local/AgentMarkBeta/实验数据/remote_data/extracted/output-0510/alfworld/agentmark/deepseek/run_2/ID/task_047/evaluation_report.json,agentmark,AgentMark-F exact probabilities,49,49,0,18,0,0,11001101,True,
alfworld,agentmark,deepseek,ID,2,047,11001101,8,2025,/Users/local/AgentMarkBeta/实验数据/remote_data/extracted/output-0510/alfworld/agentmark/deepseek/run_2/ID/task_047/evaluation_report.json,agentmark_rank_only,AgentMark-F rank-only linear top-10 surrogate,27,27,0,10,8,0,10000010,False,payload_mismatch
alfworld,agentmark,deepseek,ID,2,047,11001101,8,2025,/Users/local/AgentMarkBeta/实验数据/remote_data/extracted/output-0510/alfworld/agentmark/deepseek/run_2/ID/task_047/evaluation_report.json,rank,AsymAgentMark-TK top-10 rank,9,9,0,4,14,0,,False,rank_deficient
alfworld,agentmark,deepseek,ID,2,048,11001101,8,2025,/Users/local/AgentMarkBeta/实验数据/remote_data/extracted/output-0510/alfworld/agentmark/deepseek/run_2/ID/task_048/evaluation_report.json,agentmark,AgentMark-F exact probabilities,14,14,0,6,0,0,11001101,True,
alfworld,agentmark,deepseek,ID,2,048,11001101,8,2025,/Users/local/AgentMarkBeta/实验数据/remote_data/extracted/output-0510/alfworld/agentmark/deepseek/run_2/ID/task_048/evaluation_report.json,agentmark_rank_only,AgentMark-F rank-only linear top-10 surrogate,10,10,0,4,2,0,00010000,False,payload_mismatch
alfworld,agentmark,deepseek,ID,2,048,11001101,8,2025,/Users/local/AgentMarkBeta/实验数据/remote_data/extracted/output-0510/alfworld/agentmark/deepseek/run_2/ID/task_048/evaluation_report.json,rank,AsymAgentMark-TK top-10 rank,0,0,0,0,6,0,,False,insufficient_packets
alfworld,agentmark,deepseek,ID,2,049,11001101,8,2025,/Users/local/AgentMarkBeta/实验数据/remote_data/extracted/output-0510/alfworld/agentmark/deepseek/run_2/ID/task_049/evaluation_report.json,agentmark,AgentMark-F exact probabilities,1,1,0,1,0,0,,False,insufficient_packets
alfworld,agentmark,deepseek,ID,2,049,11001101,8,2025,/Users/local/AgentMarkBeta/实验数据/remote_data/extracted/output-0510/alfworld/agentmark/deepseek/run_2/ID/task_049/evaluation_report.json,agentmark_rank_only,AgentMark-F rank-only linear top-10 surrogate,0,0,0,0,1,0,,False,insufficient_packets
alfworld,agentmark,deepseek,ID,2,049,11001101,8,2025,/Users/local/AgentMarkBeta/实验数据/remote_data/extracted/output-0510/alfworld/agentmark/deepseek/run_2/ID/task_049/evaluation_report.json,rank,AsymAgentMark-TK top-10 rank,1,1,0,1,0,0,,False,insufficient_packets
alfworld,agentmark,deepseek,ID,2,050,11001101,8,2025,/Users/local/AgentMarkBeta/实验数据/remote_data/extracted/output-0510/alfworld/agentmark/deepseek/run_2/ID/task_050/evaluation_report.json,agentmark,AgentMark-F exact probabilities,3,3,0,2,0,0,,False,insufficient_packets
alfworld,agentmark,deepseek,ID,2,050,11001101,8,2025,/Users/local/AgentMarkBeta/实验数据/remote_data/extracted/output-0510/alfworld/agentmark/deepseek/run_2/ID/task_050/evaluation_report.json,agentmark_rank_only,AgentMark-F rank-only linear top-10 surrogate,2,2,0,1,1,0,,False,insufficient_packets
alfworld,agentmark,deepseek,ID,2,050,11001101,8,2025,/Users/local/AgentMarkBeta/实验数据/remote_data/extracted/output-0510/alfworld/agentmark/deepseek/run_2/ID/task_050/evaluation_report.json,rank,AsymAgentMark-TK top-10 rank,1,1,0,1,1,0,,False,insufficient_packets
alfworld,agentmark,deepseek,ID,2,051,11001101,8,2025,/Users/local/AgentMarkBeta/实验数据/remote_data/extracted/output-0510/alfworld/agentmark/deepseek/run_2/ID/task_051/evaluation_report.json,agentmark,AgentMark-F exact probabilities,4,4,0,2,0,0,,False,insufficient_packets
alfworld,agentmark,deepseek,ID,2,051,11001101,8,2025,/Users/local/AgentMarkBeta/实验数据/remote_data/extracted/output-0510/alfworld/agentmark/deepseek/run_2/ID/task_051/evaluation_report.json,agentmark_rank_only,AgentMark-F rank-only linear top-10 surrogate,2,2,0,1,1,0,,False,insufficient_packets
alfworld,agentmark,deepseek,ID,2,051,11001101,8,2025,/Users/local/AgentMarkBeta/实验数据/remote_data/extracted/output-0510/alfworld/agentmark/deepseek/run_2/ID/task_051/evaluation_report.json,rank,AsymAgentMark-TK top-10 rank,0,0,0,0,2,0,,False,insufficient_packets
alfworld,agentmark,deepseek,ID,2,052,11001101,8,2025,/Users/local/AgentMarkBeta/实验数据/remote_data/extracted/output-0510/alfworld/agentmark/deepseek/run_2/ID/task_052/evaluation_report.json,agentmark,AgentMark-F exact probabilities,40,40,0,17,0,0,11001101,True,
alfworld,agentmark,deepseek,ID,2,052,11001101,8,2025,/Users/local/AgentMarkBeta/实验数据/remote_data/extracted/output-0510/alfworld/agentmark/deepseek/run_2/ID/task_052/evaluation_report.json,agentmark_rank_only,AgentMark-F rank-only linear top-10 surrogate,17,17,0,7,10,0,11000010,False,payload_mismatch
alfworld,agentmark,deepseek,ID,2,052,11001101,8,2025,/Users/local/AgentMarkBeta/实验数据/remote_data/extracted/output-0510/alfworld/agentmark/deepseek/run_2/ID/task_052/evaluation_report.json,rank,AsymAgentMark-TK top-10 rank,6,6,0,3,14,0,,False,insufficient_packets
alfworld,agentmark,deepseek,ID,2,053,11001101,8,2025,/Users/local/AgentMarkBeta/实验数据/remote_data/extracted/output-0510/alfworld/agentmark/deepseek/run_2/ID/task_053/evaluation_report.json,agentmark,AgentMark-F exact probabilities,27,27,0,13,0,0,11001101,True,
alfworld,agentmark,deepseek,ID,2,053,11001101,8,2025,/Users/local/AgentMarkBeta/实验数据/remote_data/extracted/output-0510/alfworld/agentmark/deepseek/run_2/ID/task_053/evaluation_report.json,agentmark_rank_only,AgentMark-F rank-only linear top-10 surrogate,15,15,0,6,7,0,01011001,False,payload_mismatch
alfworld,agentmark,deepseek,ID,2,053,11001101,8,2025,/Users/local/AgentMarkBeta/实验数据/remote_data/extracted/output-0510/alfworld/agentmark/deepseek/run_2/ID/task_053/evaluation_report.json,rank,AsymAgentMark-TK top-10 rank,5,5,0,4,9,0,,False,insufficient_packets
alfworld,agentmark,deepseek,ID,2,054,11001101,8,2025,/Users/local/AgentMarkBeta/实验数据/remote_data/extracted/output-0510/alfworld/agentmark/deepseek/run_2/ID/task_054/evaluation_report.json,agentmark,AgentMark-F exact probabilities,46,46,0,18,0,0,11001101,True,
alfworld,agentmark,deepseek,ID,2,054,11001101,8,2025,/Users/local/AgentMarkBeta/实验数据/remote_data/extracted/output-0510/alfworld/agentmark/deepseek/run_2/ID/task_054/evaluation_report.json,agentmark_rank_only,AgentMark-F rank-only linear top-10 surrogate,12,12,0,5,13,0,11001101,True,
alfworld,agentmark,deepseek,ID,2,054,11001101,8,2025,/Users/local/AgentMarkBeta/实验数据/remote_data/extracted/output-0510/alfworld/agentmark/deepseek/run_2/ID/task_054/evaluation_report.json,rank,AsymAgentMark-TK top-10 rank,2,2,0,2,16,0,,False,insufficient_packets
alfworld,agentmark,deepseek,ID,2,055,11001101,8,2025,/Users/local/AgentMarkBeta/实验数据/remote_data/extracted/output-0510/alfworld/agentmark/deepseek/run_2/ID/task_055/evaluation_report.json,agentmark,AgentMark-F exact probabilities,11,11,0,5,0,0,11001101,True,
alfworld,agentmark,deepseek,ID,2,055,11001101,8,2025,/Users/local/AgentMarkBeta/实验数据/remote_data/extracted/output-0510/alfworld/agentmark/deepseek/run_2/ID/task_055/evaluation_report.json,agentmark_rank_only,AgentMark-F rank-only linear top-10 surrogate,6,6,0,3,2,0,,False,insufficient_packets
alfworld,agentmark,deepseek,ID,2,055,11001101,8,2025,/Users/local/AgentMarkBeta/实验数据/remote_data/extracted/output-0510/alfworld/agentmark/deepseek/run_2/ID/task_055/evaluation_report.json,rank,AsymAgentMark-TK top-10 rank,0,0,0,0,5,0,,False,insufficient_packets
alfworld,agentmark,deepseek,ID,2,056,11001101,8,2025,/Users/local/AgentMarkBeta/实验数据/remote_data/extracted/output-0510/alfworld/agentmark/deepseek/run_2/ID/task_056/evaluation_report.json,agentmark,AgentMark-F exact probabilities,33,33,0,15,0,0,11001101,True,
alfworld,agentmark,deepseek,ID,2,056,11001101,8,2025,/Users/local/AgentMarkBeta/实验数据/remote_data/extracted/output-0510/alfworld/agentmark/deepseek/run_2/ID/task_056/evaluation_report.json,agentmark_rank_only,AgentMark-F rank-only linear top-10 surrogate,14,14,0,5,10,0,11110100,False,payload_mismatch
alfworld,agentmark,deepseek,ID,2,056,11001101,8,2025,/Users/local/AgentMarkBeta/实验数据/remote_data/extracted/output-0510/alfworld/agentmark/deepseek/run_2/ID/task_056/evaluation_report.json,rank,AsymAgentMark-TK top-10 rank,5,5,0,3,12,0,,False,insufficient_packets
alfworld,agentmark,deepseek,ID,2,057,11001101,8,2025,/Users/local/AgentMarkBeta/实验数据/remote_data/extracted/output-0510/alfworld/agentmark/deepseek/run_2/ID/task_057/evaluation_report.json,agentmark,AgentMark-F exact probabilities,4,4,0,3,0,0,,False,insufficient_packets
alfworld,agentmark,deepseek,ID,2,057,11001101,8,2025,/Users/local/AgentMarkBeta/实验数据/remote_data/extracted/output-0510/alfworld/agentmark/deepseek/run_2/ID/task_057/evaluation_report.json,agentmark_rank_only,AgentMark-F rank-only linear top-10 surrogate,2,2,0,1,2,0,,False,insufficient_packets
alfworld,agentmark,deepseek,ID,2,057,11001101,8,2025,/Users/local/AgentMarkBeta/实验数据/remote_data/extracted/output-0510/alfworld/agentmark/deepseek/run_2/ID/task_057/evaluation_report.json,rank,AsymAgentMark-TK top-10 rank,1,1,0,1,2,0,,False,insufficient_packets
alfworld,agentmark,deepseek,ID,2,058,11001101,8,2025,/Users/local/AgentMarkBeta/实验数据/remote_data/extracted/output-0510/alfworld/agentmark/deepseek/run_2/ID/task_058/evaluation_report.json,agentmark,AgentMark-F exact probabilities,68,68,0,26,0,0,11001101,True,
alfworld,agentmark,deepseek,ID,2,058,11001101,8,2025,/Users/local/AgentMarkBeta/实验数据/remote_data/extracted/output-0510/alfworld/agentmark/deepseek/run_2/ID/task_058/evaluation_report.json,agentmark_rank_only,AgentMark-F rank-only linear top-10 surrogate,25,25,0,9,17,0,11101110,False,payload_mismatch
alfworld,agentmark,deepseek,ID,2,058,11001101,8,2025,/Users/local/AgentMarkBeta/实验数据/remote_data/extracted/output-0510/alfworld/agentmark/deepseek/run_2/ID/task_058/evaluation_report.json,rank,AsymAgentMark-TK top-10 rank,3,3,0,2,24,0,,False,insufficient_packets
alfworld,agentmark,deepseek,ID,2,059,11001101,8,2025,/Users/local/AgentMarkBeta/实验数据/remote_data/extracted/output-0510/alfworld/agentmark/deepseek/run_2/ID/task_059/evaluation_report.json,agentmark,AgentMark-F exact probabilities,5,5,0,2,0,0,,False,insufficient_packets
alfworld,agentmark,deepseek,ID,2,059,11001101,8,2025,/Users/local/AgentMarkBeta/实验数据/remote_data/extracted/output-0510/alfworld/agentmark/deepseek/run_2/ID/task_059/evaluation_report.json,agentmark_rank_only,AgentMark-F rank-only linear top-10 surrogate,5,5,0,2,0,0,,False,insufficient_packets
alfworld,agentmark,deepseek,ID,2,059,11001101,8,2025,/Users/local/AgentMarkBeta/实验数据/remote_data/extracted/output-0510/alfworld/agentmark/deepseek/run_2/ID/task_059/evaluation_report.json,rank,AsymAgentMark-TK top-10 rank,0,0,0,0,2,0,,False,insufficient_packets
alfworld,agentmark,deepseek,ID,2,060,11001101,8,2025,/Users/local/AgentMarkBeta/实验数据/remote_data/extracted/output-0510/alfworld/agentmark/deepseek/run_2/ID/task_060/evaluation_report.json,agentmark,AgentMark-F exact probabilities,54,54,0,20,0,0,11001101,True,
alfworld,agentmark,deepseek,ID,2,060,11001101,8,2025,/Users/local/AgentMarkBeta/实验数据/remote_data/extracted/output-0510/alfworld/agentmark/deepseek/run_2/ID/task_060/evaluation_report.json,agentmark_rank_only,AgentMark-F rank-only linear top-10 surrogate,31,31,0,12,8,0,11110101,False,payload_mismatch
alfworld,agentmark,deepseek,ID,2,060,11001101,8,2025,/Users/local/AgentMarkBeta/实验数据/remote_data/extracted/output-0510/alfworld/agentmark/deepseek/run_2/ID/task_060/evaluation_report.json,rank,AsymAgentMark-TK top-10 rank,2,2,0,2,18,0,,False,insufficient_packets
alfworld,agentmark,deepseek,ID,2,061,11001101,8,2025,/Users/local/AgentMarkBeta/实验数据/remote_data/extracted/output-0510/alfworld/agentmark/deepseek/run_2/ID/task_061/evaluation_report.json,agentmark,AgentMark-F exact probabilities,22,22,0,9,0,0,11001101,True,
alfworld,agentmark,deepseek,ID,2,061,11001101,8,2025,/Users/local/AgentMarkBeta/实验数据/remote_data/extracted/output-0510/alfworld/agentmark/deepseek/run_2/ID/task_061/evaluation_report.json,agentmark_rank_only,AgentMark-F rank-only linear top-10 surrogate,16,16,0,6,3,0,01001000,False,payload_mismatch
alfworld,agentmark,deepseek,ID,2,061,11001101,8,2025,/Users/local/AgentMarkBeta/实验数据/remote_data/extracted/output-0510/alfworld/agentmark/deepseek/run_2/ID/task_061/evaluation_report.json,rank,AsymAgentMark-TK top-10 rank,4,4,0,2,7,0,,False,insufficient_packets
alfworld,agentmark,deepseek,ID,2,062,11001101,8,2025,/Users/local/AgentMarkBeta/实验数据/remote_data/extracted/output-0510/alfworld/agentmark/deepseek/run_2/ID/task_062/evaluation_report.json,agentmark,AgentMark-F exact probabilities,9,9,0,3,0,0,11001101,True,
alfworld,agentmark,deepseek,ID,2,062,11001101,8,2025,/Users/local/AgentMarkBeta/实验数据/remote_data/extracted/output-0510/alfworld/agentmark/deepseek/run_2/ID/task_062/evaluation_report.json,agentmark_rank_only,AgentMark-F rank-only linear top-10 surrogate,3,3,0,1,2,0,,False,insufficient_packets
alfworld,agentmark,deepseek,ID,2,062,11001101,8,2025,/Users/local/AgentMarkBeta/实验数据/remote_data/extracted/output-0510/alfworld/agentmark/deepseek/run_2/ID/task_062/evaluation_report.json,rank,AsymAgentMark-TK top-10 rank,1,1,0,1,2,0,,False,insufficient_packets
alfworld,agentmark,deepseek,ID,2,063,11001101,8,2025,/Users/local/AgentMarkBeta/实验数据/remote_data/extracted/output-0510/alfworld/agentmark/deepseek/run_2/ID/task_063/evaluation_report.json,agentmark,AgentMark-F exact probabilities,0,0,0,0,0,0,,False,insufficient_packets
alfworld,agentmark,deepseek,ID,2,063,11001101,8,2025,/Users/local/AgentMarkBeta/实验数据/remote_data/extracted/output-0510/alfworld/agentmark/deepseek/run_2/ID/task_063/evaluation_report.json,agentmark_rank_only,AgentMark-F rank-only linear top-10 surrogate,0,0,0,0,0,0,,False,insufficient_packets
alfworld,agentmark,deepseek,ID,2,063,11001101,8,2025,/Users/local/AgentMarkBeta/实验数据/remote_data/extracted/output-0510/alfworld/agentmark/deepseek/run_2/ID/task_063/evaluation_report.json,rank,AsymAgentMark-TK top-10 rank,0,0,0,0,0,0,,False,insufficient_packets
alfworld,agentmark,deepseek,ID,2,064,11001101,8,2025,/Users/local/AgentMarkBeta/实验数据/remote_data/extracted/output-0510/alfworld/agentmark/deepseek/run_2/ID/task_064/evaluation_report.json,agentmark,AgentMark-F exact probabilities,7,7,0,6,0,0,,False,insufficient_packets
alfworld,agentmark,deepseek,ID,2,064,11001101,8,2025,/Users/local/AgentMarkBeta/实验数据/remote_data/extracted/output-0510/alfworld/agentmark/deepseek/run_2/ID/task_064/evaluation_report.json,agentmark_rank_only,AgentMark-F rank-only linear top-10 surrogate,1,1,0,1,5,0,,False,insufficient_packets
alfworld,agentmark,deepseek,ID,2,064,11001101,8,2025,/Users/local/AgentMarkBeta/实验数据/remote_data/extracted/output-0510/alfworld/agentmark/deepseek/run_2/ID/task_064/evaluation_report.json,rank,AsymAgentMark-TK top-10 rank,2,2,0,2,4,0,,False,insufficient_packets
alfworld,agentmark,deepseek,ID,2,065,11001101,8,2025,/Users/local/AgentMarkBeta/实验数据/remote_data/extracted/output-0510/alfworld/agentmark/deepseek/run_2/ID/task_065/evaluation_report.json,agentmark,AgentMark-F exact probabilities,16,16,0,7,0,0,11001101,True,
alfworld,agentmark,deepseek,ID,2,065,11001101,8,2025,/Users/local/AgentMarkBeta/实验数据/remote_data/extracted/output-0510/alfworld/agentmark/deepseek/run_2/ID/task_065/evaluation_report.json,agentmark_rank_only,AgentMark-F rank-only linear top-10 surrogate,14,14,0,5,2,0,11000010,False,payload_mismatch
alfworld,agentmark,deepseek,ID,2,065,11001101,8,2025,/Users/local/AgentMarkBeta/实验数据/remote_data/extracted/output-0510/alfworld/agentmark/deepseek/run_2/ID/task_065/evaluation_report.json,rank,AsymAgentMark-TK top-10 rank,2,2,0,2,5,0,,False,insufficient_packets
alfworld,agentmark,deepseek,ID,2,066,11001101,8,2025,/Users/local/AgentMarkBeta/实验数据/remote_data/extracted/output-0510/alfworld/agentmark/deepseek/run_2/ID/task_066/evaluation_report.json,agentmark,AgentMark-F exact probabilities,1,1,0,1,0,0,,False,insufficient_packets
alfworld,agentmark,deepseek,ID,2,066,11001101,8,2025,/Users/local/AgentMarkBeta/实验数据/remote_data/extracted/output-0510/alfworld/agentmark/deepseek/run_2/ID/task_066/evaluation_report.json,agentmark_rank_only,AgentMark-F rank-only linear top-10 surrogate,0,0,0,0,1,0,,False,insufficient_packets
alfworld,agentmark,deepseek,ID,2,066,11001101,8,2025,/Users/local/AgentMarkBeta/实验数据/remote_data/extracted/output-0510/alfworld/agentmark/deepseek/run_2/ID/task_066/evaluation_report.json,rank,AsymAgentMark-TK top-10 rank,0,0,0,0,1,0,,False,insufficient_packets
alfworld,agentmark,deepseek,ID,2,067,11001101,8,2025,/Users/local/AgentMarkBeta/实验数据/remote_data/extracted/output-0510/alfworld/agentmark/deepseek/run_2/ID/task_067/evaluation_report.json,agentmark,AgentMark-F exact probabilities,11,11,0,4,0,0,11001101,True,
alfworld,agentmark,deepseek,ID,2,067,11001101,8,2025,/Users/local/AgentMarkBeta/实验数据/remote_data/extracted/output-0510/alfworld/agentmark/deepseek/run_2/ID/task_067/evaluation_report.json,agentmark_rank_only,AgentMark-F rank-only linear top-10 surrogate,10,10,0,3,1,0,00100100,False,payload_mismatch
alfworld,agentmark,deepseek,ID,2,067,11001101,8,2025,/Users/local/AgentMarkBeta/实验数据/remote_data/extracted/output-0510/alfworld/agentmark/deepseek/run_2/ID/task_067/evaluation_report.json,rank,AsymAgentMark-TK top-10 rank,0,0,0,0,4,0,,False,insufficient_packets
alfworld,agentmark,deepseek,ID,2,068,11001101,8,2025,/Users/local/AgentMarkBeta/实验数据/remote_data/extracted/output-0510/alfworld/agentmark/deepseek/run_2/ID/task_068/evaluation_report.json,agentmark,AgentMark-F exact probabilities,26,26,0,9,0,0,11001101,True,
alfworld,agentmark,deepseek,ID,2,068,11001101,8,2025,/Users/local/AgentMarkBeta/实验数据/remote_data/extracted/output-0510/alfworld/agentmark/deepseek/run_2/ID/task_068/evaluation_report.json,agentmark_rank_only,AgentMark-F rank-only linear top-10 surrogate,12,12,0,4,5,0,,False,rank_deficient
alfworld,agentmark,deepseek,ID,2,068,11001101,8,2025,/Users/local/AgentMarkBeta/实验数据/remote_data/extracted/output-0510/alfworld/agentmark/deepseek/run_2/ID/task_068/evaluation_report.json,rank,AsymAgentMark-TK top-10 rank,3,3,0,2,7,0,,False,insufficient_packets
alfworld,agentmark,deepseek,ID,2,069,11001101,8,2025,/Users/local/AgentMarkBeta/实验数据/remote_data/extracted/output-0510/alfworld/agentmark/deepseek/run_2/ID/task_069/evaluation_report.json,agentmark,AgentMark-F exact probabilities,20,20,0,9,0,0,11001101,True,
alfworld,agentmark,deepseek,ID,2,069,11001101,8,2025,/Users/local/AgentMarkBeta/实验数据/remote_data/extracted/output-0510/alfworld/agentmark/deepseek/run_2/ID/task_069/evaluation_report.json,agentmark_rank_only,AgentMark-F rank-only linear top-10 surrogate,16,16,0,6,3,0,11100000,False,payload_mismatch
alfworld,agentmark,deepseek,ID,2,069,11001101,8,2025,/Users/local/AgentMarkBeta/实验数据/remote_data/extracted/output-0510/alfworld/agentmark/deepseek/run_2/ID/task_069/evaluation_report.json,rank,AsymAgentMark-TK top-10 rank,1,1,0,1,8,0,,False,insufficient_packets
alfworld,agentmark,deepseek,ID,2,070,11001101,8,2025,/Users/local/AgentMarkBeta/实验数据/remote_data/extracted/output-0510/alfworld/agentmark/deepseek/run_2/ID/task_070/evaluation_report.json,agentmark,AgentMark-F exact probabilities,7,7,0,4,0,0,,False,insufficient_packets
alfworld,agentmark,deepseek,ID,2,070,11001101,8,2025,/Users/local/AgentMarkBeta/实验数据/remote_data/extracted/output-0510/alfworld/agentmark/deepseek/run_2/ID/task_070/evaluation_report.json,agentmark_rank_only,AgentMark-F rank-only linear top-10 surrogate,4,4,0,2,2,0,,False,insufficient_packets
alfworld,agentmark,deepseek,ID,2,070,11001101,8,2025,/Users/local/AgentMarkBeta/实验数据/remote_data/extracted/output-0510/alfworld/agentmark/deepseek/run_2/ID/task_070/evaluation_report.json,rank,AsymAgentMark-TK top-10 rank,4,4,0,2,2,0,,False,insufficient_packets
alfworld,agentmark,deepseek,ID,2,071,11001101,8,2025,/Users/local/AgentMarkBeta/实验数据/remote_data/extracted/output-0510/alfworld/agentmark/deepseek/run_2/ID/task_071/evaluation_report.json,agentmark,AgentMark-F exact probabilities,11,11,0,5,0,0,11001101,True,
alfworld,agentmark,deepseek,ID,2,071,11001101,8,2025,/Users/local/AgentMarkBeta/实验数据/remote_data/extracted/output-0510/alfworld/agentmark/deepseek/run_2/ID/task_071/evaluation_report.json,agentmark_rank_only,AgentMark-F rank-only linear top-10 surrogate,5,5,0,2,3,0,,False,insufficient_packets
alfworld,agentmark,deepseek,ID,2,071,11001101,8,2025,/Users/local/AgentMarkBeta/实验数据/remote_data/extracted/output-0510/alfworld/agentmark/deepseek/run_2/ID/task_071/evaluation_report.json,rank,AsymAgentMark-TK top-10 rank,0,0,0,0,5,0,,False,insufficient_packets
alfworld,agentmark,deepseek,ID,2,072,11001101,8,2025,/Users/local/AgentMarkBeta/实验数据/remote_data/extracted/output-0510/alfworld/agentmark/deepseek/run_2/ID/task_072/evaluation_report.json,agentmark,AgentMark-F exact probabilities,7,7,0,3,0,0,,False,insufficient_packets
alfworld,agentmark,deepseek,ID,2,072,11001101,8,2025,/Users/local/AgentMarkBeta/实验数据/remote_data/extracted/output-0510/alfworld/agentmark/deepseek/run_2/ID/task_072/evaluation_report.json,agentmark_rank_only,AgentMark-F rank-only linear top-10 surrogate,3,3,0,1,2,0,,False,insufficient_packets
alfworld,agentmark,deepseek,ID,2,072,11001101,8,2025,/Users/local/AgentMarkBeta/实验数据/remote_data/extracted/output-0510/alfworld/agentmark/deepseek/run_2/ID/task_072/evaluation_report.json,rank,AsymAgentMark-TK top-10 rank,1,1,0,1,2,0,,False,insufficient_packets
alfworld,agentmark,deepseek,ID,2,073,11001101,8,2025,/Users/local/AgentMarkBeta/实验数据/remote_data/extracted/output-0510/alfworld/agentmark/deepseek/run_2/ID/task_073/evaluation_report.json,agentmark,AgentMark-F exact probabilities,8,8,0,4,0,0,,False,rank_deficient
alfworld,agentmark,deepseek,ID,2,073,11001101,8,2025,/Users/local/AgentMarkBeta/实验数据/remote_data/extracted/output-0510/alfworld/agentmark/deepseek/run_2/ID/task_073/evaluation_report.json,agentmark_rank_only,AgentMark-F rank-only linear top-10 surrogate,4,4,0,2,2,0,,False,insufficient_packets
alfworld,agentmark,deepseek,ID,2,073,11001101,8,2025,/Users/local/AgentMarkBeta/实验数据/remote_data/extracted/output-0510/alfworld/agentmark/deepseek/run_2/ID/task_073/evaluation_report.json,rank,AsymAgentMark-TK top-10 rank,0,0,0,0,4,0,,False,insufficient_packets
alfworld,agentmark,deepseek,ID,2,074,11001101,8,2025,/Users/local/AgentMarkBeta/实验数据/remote_data/extracted/output-0510/alfworld/agentmark/deepseek/run_2/ID/task_074/evaluation_report.json,agentmark,AgentMark-F exact probabilities,69,69,0,22,0,0,11001101,True,
alfworld,agentmark,deepseek,ID,2,074,11001101,8,2025,/Users/local/AgentMarkBeta/实验数据/remote_data/extracted/output-0510/alfworld/agentmark/deepseek/run_2/ID/task_074/evaluation_report.json,agentmark_rank_only,AgentMark-F rank-only linear top-10 surrogate,44,44,0,15,7,0,11111000,False,payload_mismatch
alfworld,agentmark,deepseek,ID,2,074,11001101,8,2025,/Users/local/AgentMarkBeta/实验数据/remote_data/extracted/output-0510/alfworld/agentmark/deepseek/run_2/ID/task_074/evaluation_report.json,rank,AsymAgentMark-TK top-10 rank,0,0,0,0,22,0,,False,insufficient_packets
alfworld,agentmark,deepseek,ID,2,075,11001101,8,2025,/Users/local/AgentMarkBeta/实验数据/remote_data/extracted/output-0510/alfworld/agentmark/deepseek/run_2/ID/task_075/evaluation_report.json,agentmark,AgentMark-F exact probabilities,69,69,0,26,0,0,11001101,True,
alfworld,agentmark,deepseek,ID,2,075,11001101,8,2025,/Users/local/AgentMarkBeta/实验数据/remote_data/extracted/output-0510/alfworld/agentmark/deepseek/run_2/ID/task_075/evaluation_report.json,agentmark_rank_only,AgentMark-F rank-only linear top-10 surrogate,38,38,0,14,12,0,10000101,False,payload_mismatch
alfworld,agentmark,deepseek,ID,2,075,11001101,8,2025,/Users/local/AgentMarkBeta/实验数据/remote_data/extracted/output-0510/alfworld/agentmark/deepseek/run_2/ID/task_075/evaluation_report.json,rank,AsymAgentMark-TK top-10 rank,8,8,0,5,21,0,,False,rank_deficient
alfworld,agentmark,deepseek,ID,2,076,11001101,8,2025,/Users/local/AgentMarkBeta/实验数据/remote_data/extracted/output-0510/alfworld/agentmark/deepseek/run_2/ID/task_076/evaluation_report.json,agentmark,AgentMark-F exact probabilities,6,6,0,5,0,0,,False,insufficient_packets
alfworld,agentmark,deepseek,ID,2,076,11001101,8,2025,/Users/local/AgentMarkBeta/实验数据/remote_data/extracted/output-0510/alfworld/agentmark/deepseek/run_2/ID/task_076/evaluation_report.json,agentmark_rank_only,AgentMark-F rank-only linear top-10 surrogate,0,0,0,0,5,0,,False,insufficient_packets
alfworld,agentmark,deepseek,ID,2,076,11001101,8,2025,/Users/local/AgentMarkBeta/实验数据/remote_data/extracted/output-0510/alfworld/agentmark/deepseek/run_2/ID/task_076/evaluation_report.json,rank,AsymAgentMark-TK top-10 rank,2,2,0,2,3,0,,False,insufficient_packets
alfworld,agentmark,deepseek,ID,2,077,11001101,8,2025,/Users/local/AgentMarkBeta/实验数据/remote_data/extracted/output-0510/alfworld/agentmark/deepseek/run_2/ID/task_077/evaluation_report.json,agentmark,AgentMark-F exact probabilities,26,26,0,10,0,0,11001101,True,
alfworld,agentmark,deepseek,ID,2,077,11001101,8,2025,/Users/local/AgentMarkBeta/实验数据/remote_data/extracted/output-0510/alfworld/agentmark/deepseek/run_2/ID/task_077/evaluation_report.json,agentmark_rank_only,AgentMark-F rank-only linear top-10 surrogate,13,13,0,6,4,0,11110000,False,payload_mismatch
alfworld,agentmark,deepseek,ID,2,077,11001101,8,2025,/Users/local/AgentMarkBeta/实验数据/remote_data/extracted/output-0510/alfworld/agentmark/deepseek/run_2/ID/task_077/evaluation_report.json,rank,AsymAgentMark-TK top-10 rank,1,1,0,1,9,0,,False,insufficient_packets
alfworld,agentmark,deepseek,ID,2,078,11001101,8,2025,/Users/local/AgentMarkBeta/实验数据/remote_data/extracted/output-0510/alfworld/agentmark/deepseek/run_2/ID/task_078/evaluation_report.json,agentmark,AgentMark-F exact probabilities,38,38,0,13,0,0,11001101,True,
alfworld,agentmark,deepseek,ID,2,078,11001101,8,2025,/Users/local/AgentMarkBeta/实验数据/remote_data/extracted/output-0510/alfworld/agentmark/deepseek/run_2/ID/task_078/evaluation_report.json,agentmark_rank_only,AgentMark-F rank-only linear top-10 surrogate,13,13,0,5,8,0,00110010,False,payload_mismatch
alfworld,agentmark,deepseek,ID,2,078,11001101,8,2025,/Users/local/AgentMarkBeta/实验数据/remote_data/extracted/output-0510/alfworld/agentmark/deepseek/run_2/ID/task_078/evaluation_report.json,rank,AsymAgentMark-TK top-10 rank,1,1,0,1,12,0,,False,insufficient_packets
alfworld,agentmark,deepseek,ID,2,079,11001101,8,2025,/Users/local/AgentMarkBeta/实验数据/remote_data/extracted/output-0510/alfworld/agentmark/deepseek/run_2/ID/task_079/evaluation_report.json,agentmark,AgentMark-F exact probabilities,45,45,0,17,0,0,11001101,True,
alfworld,agentmark,deepseek,ID,2,079,11001101,8,2025,/Users/local/AgentMarkBeta/实验数据/remote_data/extracted/output-0510/alfworld/agentmark/deepseek/run_2/ID/task_079/evaluation_report.json,agentmark_rank_only,AgentMark-F rank-only linear top-10 surrogate,23,23,0,9,8,0,01110000,False,payload_mismatch
alfworld,agentmark,deepseek,ID,2,079,11001101,8,2025,/Users/local/AgentMarkBeta/实验数据/remote_data/extracted/output-0510/alfworld/agentmark/deepseek/run_2/ID/task_079/evaluation_report.json,rank,AsymAgentMark-TK top-10 rank,5,5,0,2,15,0,,False,insufficient_packets
alfworld,agentmark,deepseek,ID,2,080,11001101,8,2025,/Users/local/AgentMarkBeta/实验数据/remote_data/extracted/output-0510/alfworld/agentmark/deepseek/run_2/ID/task_080/evaluation_report.json,agentmark,AgentMark-F exact probabilities,15,15,0,7,0,0,11001101,True,
alfworld,agentmark,deepseek,ID,2,080,11001101,8,2025,/Users/local/AgentMarkBeta/实验数据/remote_data/extracted/output-0510/alfworld/agentmark/deepseek/run_2/ID/task_080/evaluation_report.json,agentmark_rank_only,AgentMark-F rank-only linear top-10 surrogate,4,4,0,2,5,0,,False,insufficient_packets
alfworld,agentmark,deepseek,ID,2,080,11001101,8,2025,/Users/local/AgentMarkBeta/实验数据/remote_data/extracted/output-0510/alfworld/agentmark/deepseek/run_2/ID/task_080/evaluation_report.json,rank,AsymAgentMark-TK top-10 rank,2,2,0,2,5,0,,False,insufficient_packets
alfworld,agentmark,deepseek,ID,2,081,11001101,8,2025,/Users/local/AgentMarkBeta/实验数据/remote_data/extracted/output-0510/alfworld/agentmark/deepseek/run_2/ID/task_081/evaluation_report.json,agentmark,AgentMark-F exact probabilities,83,83,0,27,0,0,11001101,True,
alfworld,agentmark,deepseek,ID,2,081,11001101,8,2025,/Users/local/AgentMarkBeta/实验数据/remote_data/extracted/output-0510/alfworld/agentmark/deepseek/run_2/ID/task_081/evaluation_report.json,agentmark_rank_only,AgentMark-F rank-only linear top-10 surrogate,45,45,0,15,12,0,11110010,False,payload_mismatch
alfworld,agentmark,deepseek,ID,2,081,11001101,8,2025,/Users/local/AgentMarkBeta/实验数据/remote_data/extracted/output-0510/alfworld/agentmark/deepseek/run_2/ID/task_081/evaluation_report.json,rank,AsymAgentMark-TK top-10 rank,6,6,0,3,24,0,,False,insufficient_packets
alfworld,agentmark,deepseek,ID,2,082,11001101,8,2025,/Users/local/AgentMarkBeta/实验数据/remote_data/extracted/output-0510/alfworld/agentmark/deepseek/run_2/ID/task_082/evaluation_report.json,agentmark,AgentMark-F exact probabilities,24,24,0,11,0,0,11001101,True,
alfworld,agentmark,deepseek,ID,2,082,11001101,8,2025,/Users/local/AgentMarkBeta/实验数据/remote_data/extracted/output-0510/alfworld/agentmark/deepseek/run_2/ID/task_082/evaluation_report.json,agentmark_rank_only,AgentMark-F rank-only linear top-10 surrogate,6,6,0,3,8,0,,False,insufficient_packets
alfworld,agentmark,deepseek,ID,2,082,11001101,8,2025,/Users/local/AgentMarkBeta/实验数据/remote_data/extracted/output-0510/alfworld/agentmark/deepseek/run_2/ID/task_082/evaluation_report.json,rank,AsymAgentMark-TK top-10 rank,3,3,0,2,9,0,,False,insufficient_packets
alfworld,agentmark,deepseek,ID,2,083,11001101,8,2025,/Users/local/AgentMarkBeta/实验数据/remote_data/extracted/output-0510/alfworld/agentmark/deepseek/run_2/ID/task_083/evaluation_report.json,agentmark,AgentMark-F exact probabilities,48,48,0,19,0,0,11001101,True,
alfworld,agentmark,deepseek,ID,2,083,11001101,8,2025,/Users/local/AgentMarkBeta/实验数据/remote_data/extracted/output-0510/alfworld/agentmark/deepseek/run_2/ID/task_083/evaluation_report.json,agentmark_rank_only,AgentMark-F rank-only linear top-10 surrogate,17,17,0,7,12,0,10001000,False,payload_mismatch
alfworld,agentmark,deepseek,ID,2,083,11001101,8,2025,/Users/local/AgentMarkBeta/实验数据/remote_data/extracted/output-0510/alfworld/agentmark/deepseek/run_2/ID/task_083/evaluation_report.json,rank,AsymAgentMark-TK top-10 rank,9,9,0,5,14,0,11101110,False,payload_mismatch
alfworld,agentmark,deepseek,ID,2,084,11001101,8,2025,/Users/local/AgentMarkBeta/实验数据/remote_data/extracted/output-0510/alfworld/agentmark/deepseek/run_2/ID/task_084/evaluation_report.json,agentmark,AgentMark-F exact probabilities,4,4,0,2,0,0,,False,insufficient_packets
alfworld,agentmark,deepseek,ID,2,084,11001101,8,2025,/Users/local/AgentMarkBeta/实验数据/remote_data/extracted/output-0510/alfworld/agentmark/deepseek/run_2/ID/task_084/evaluation_report.json,agentmark_rank_only,AgentMark-F rank-only linear top-10 surrogate,4,4,0,2,0,0,,False,insufficient_packets
alfworld,agentmark,deepseek,ID,2,084,11001101,8,2025,/Users/local/AgentMarkBeta/实验数据/remote_data/extracted/output-0510/alfworld/agentmark/deepseek/run_2/ID/task_084/evaluation_report.json,rank,AsymAgentMark-TK top-10 rank,0,0,0,0,2,0,,False,insufficient_packets
alfworld,agentmark,deepseek,ID,2,085,11001101,8,2025,/Users/local/AgentMarkBeta/实验数据/remote_data/extracted/output-0510/alfworld/agentmark/deepseek/run_2/ID/task_085/evaluation_report.json,agentmark,AgentMark-F exact probabilities,60,60,0,23,0,0,11001101,True,
alfworld,agentmark,deepseek,ID,2,085,11001101,8,2025,/Users/local/AgentMarkBeta/实验数据/remote_data/extracted/output-0510/alfworld/agentmark/deepseek/run_2/ID/task_085/evaluation_report.json,agentmark_rank_only,AgentMark-F rank-only linear top-10 surrogate,18,18,0,8,15,0,11110111,False,payload_mismatch
alfworld,agentmark,deepseek,ID,2,085,11001101,8,2025,/Users/local/AgentMarkBeta/实验数据/remote_data/extracted/output-0510/alfworld/agentmark/deepseek/run_2/ID/task_085/evaluation_report.json,rank,AsymAgentMark-TK top-10 rank,7,7,0,5,18,0,,False,insufficient_packets
alfworld,agentmark,deepseek,ID,2,086,11001101,8,2025,/Users/local/AgentMarkBeta/实验数据/remote_data/extracted/output-0510/alfworld/agentmark/deepseek/run_2/ID/task_086/evaluation_report.json,agentmark,AgentMark-F exact probabilities,12,12,0,4,0,0,11001101,True,
alfworld,agentmark,deepseek,ID,2,086,11001101,8,2025,/Users/local/AgentMarkBeta/实验数据/remote_data/extracted/output-0510/alfworld/agentmark/deepseek/run_2/ID/task_086/evaluation_report.json,agentmark_rank_only,AgentMark-F rank-only linear top-10 surrogate,6,6,0,2,2,0,,False,insufficient_packets
alfworld,agentmark,deepseek,ID,2,086,11001101,8,2025,/Users/local/AgentMarkBeta/实验数据/remote_data/extracted/output-0510/alfworld/agentmark/deepseek/run_2/ID/task_086/evaluation_report.json,rank,AsymAgentMark-TK top-10 rank,2,2,0,1,3,0,,False,insufficient_packets
alfworld,agentmark,deepseek,ID,2,087,11001101,8,2025,/Users/local/AgentMarkBeta/实验数据/remote_data/extracted/output-0510/alfworld/agentmark/deepseek/run_2/ID/task_087/evaluation_report.json,agentmark,AgentMark-F exact probabilities,9,9,0,4,0,0,11001101,True,
alfworld,agentmark,deepseek,ID,2,087,11001101,8,2025,/Users/local/AgentMarkBeta/实验数据/remote_data/extracted/output-0510/alfworld/agentmark/deepseek/run_2/ID/task_087/evaluation_report.json,agentmark_rank_only,AgentMark-F rank-only linear top-10 surrogate,9,9,0,4,0,0,01111001,False,payload_mismatch
alfworld,agentmark,deepseek,ID,2,087,11001101,8,2025,/Users/local/AgentMarkBeta/实验数据/remote_data/extracted/output-0510/alfworld/agentmark/deepseek/run_2/ID/task_087/evaluation_report.json,rank,AsymAgentMark-TK top-10 rank,1,1,0,1,3,0,,False,insufficient_packets
alfworld,agentmark,deepseek,ID,2,088,11001101,8,2025,/Users/local/AgentMarkBeta/实验数据/remote_data/extracted/output-0510/alfworld/agentmark/deepseek/run_2/ID/task_088/evaluation_report.json,agentmark,AgentMark-F exact probabilities,6,6,0,3,0,0,,False,insufficient_packets
alfworld,agentmark,deepseek,ID,2,088,11001101,8,2025,/Users/local/AgentMarkBeta/实验数据/remote_data/extracted/output-0510/alfworld/agentmark/deepseek/run_2/ID/task_088/evaluation_report.json,agentmark_rank_only,AgentMark-F rank-only linear top-10 surrogate,4,4,0,2,1,0,,False,insufficient_packets
alfworld,agentmark,deepseek,ID,2,088,11001101,8,2025,/Users/local/AgentMarkBeta/实验数据/remote_data/extracted/output-0510/alfworld/agentmark/deepseek/run_2/ID/task_088/evaluation_report.json,rank,AsymAgentMark-TK top-10 rank,0,0,0,0,3,0,,False,insufficient_packets
alfworld,agentmark,deepseek,ID,2,089,11001101,8,2025,/Users/local/AgentMarkBeta/实验数据/remote_data/extracted/output-0510/alfworld/agentmark/deepseek/run_2/ID/task_089/evaluation_report.json,agentmark,AgentMark-F exact probabilities,2,2,0,1,0,0,,False,insufficient_packets
alfworld,agentmark,deepseek,ID,2,089,11001101,8,2025,/Users/local/AgentMarkBeta/实验数据/remote_data/extracted/output-0510/alfworld/agentmark/deepseek/run_2/ID/task_089/evaluation_report.json,agentmark_rank_only,AgentMark-F rank-only linear top-10 surrogate,2,2,0,1,0,0,,False,insufficient_packets
alfworld,agentmark,deepseek,ID,2,089,11001101,8,2025,/Users/local/AgentMarkBeta/实验数据/remote_data/extracted/output-0510/alfworld/agentmark/deepseek/run_2/ID/task_089/evaluation_report.json,rank,AsymAgentMark-TK top-10 rank,0,0,0,0,1,0,,False,insufficient_packets
alfworld,agentmark,deepseek,ID,2,090,11001101,8,2025,/Users/local/AgentMarkBeta/实验数据/remote_data/extracted/output-0510/alfworld/agentmark/deepseek/run_2/ID/task_090/evaluation_report.json,agentmark,AgentMark-F exact probabilities,4,4,0,2,0,0,,False,insufficient_packets
alfworld,agentmark,deepseek,ID,2,090,11001101,8,2025,/Users/local/AgentMarkBeta/实验数据/remote_data/extracted/output-0510/alfworld/agentmark/deepseek/run_2/ID/task_090/evaluation_report.json,agentmark_rank_only,AgentMark-F rank-only linear top-10 surrogate,2,2,0,1,1,0,,False,insufficient_packets
alfworld,agentmark,deepseek,ID,2,090,11001101,8,2025,/Users/local/AgentMarkBeta/实验数据/remote_data/extracted/output-0510/alfworld/agentmark/deepseek/run_2/ID/task_090/evaluation_report.json,rank,AsymAgentMark-TK top-10 rank,2,2,0,1,1,0,,False,insufficient_packets
alfworld,agentmark,deepseek,ID,2,091,11001101,8,2025,/Users/local/AgentMarkBeta/实验数据/remote_data/extracted/output-0510/alfworld/agentmark/deepseek/run_2/ID/task_091/evaluation_report.json,agentmark,AgentMark-F exact probabilities,2,2,0,1,0,0,,False,insufficient_packets
alfworld,agentmark,deepseek,ID,2,091,11001101,8,2025,/Users/local/AgentMarkBeta/实验数据/remote_data/extracted/output-0510/alfworld/agentmark/deepseek/run_2/ID/task_091/evaluation_report.json,agentmark_rank_only,AgentMark-F rank-only linear top-10 surrogate,2,2,0,1,0,0,,False,insufficient_packets
alfworld,agentmark,deepseek,ID,2,091,11001101,8,2025,/Users/local/AgentMarkBeta/实验数据/remote_data/extracted/output-0510/alfworld/agentmark/deepseek/run_2/ID/task_091/evaluation_report.json,rank,AsymAgentMark-TK top-10 rank,0,0,0,0,1,0,,False,insufficient_packets
alfworld,agentmark,deepseek,ID,2,092,11001101,8,2025,/Users/local/AgentMarkBeta/实验数据/remote_data/extracted/output-0510/alfworld/agentmark/deepseek/run_2/ID/task_092/evaluation_report.json,agentmark,AgentMark-F exact probabilities,7,7,0,3,0,0,,False,insufficient_packets
alfworld,agentmark,deepseek,ID,2,092,11001101,8,2025,/Users/local/AgentMarkBeta/实验数据/remote_data/extracted/output-0510/alfworld/agentmark/deepseek/run_2/ID/task_092/evaluation_report.json,agentmark_rank_only,AgentMark-F rank-only linear top-10 surrogate,3,3,0,2,1,0,,False,insufficient_packets
alfworld,agentmark,deepseek,ID,2,092,11001101,8,2025,/Users/local/AgentMarkBeta/实验数据/remote_data/extracted/output-0510/alfworld/agentmark/deepseek/run_2/ID/task_092/evaluation_report.json,rank,AsymAgentMark-TK top-10 rank,0,0,0,0,3,0,,False,insufficient_packets
alfworld,agentmark,deepseek,ID,2,093,11001101,8,2025,/Users/local/AgentMarkBeta/实验数据/remote_data/extracted/output-0510/alfworld/agentmark/deepseek/run_2/ID/task_093/evaluation_report.json,agentmark,AgentMark-F exact probabilities,40,40,0,16,0,0,11001101,True,
alfworld,agentmark,deepseek,ID,2,093,11001101,8,2025,/Users/local/AgentMarkBeta/实验数据/remote_data/extracted/output-0510/alfworld/agentmark/deepseek/run_2/ID/task_093/evaluation_report.json,agentmark_rank_only,AgentMark-F rank-only linear top-10 surrogate,28,28,0,11,5,0,11011001,False,payload_mismatch
alfworld,agentmark,deepseek,ID,2,093,11001101,8,2025,/Users/local/AgentMarkBeta/实验数据/remote_data/extracted/output-0510/alfworld/agentmark/deepseek/run_2/ID/task_093/evaluation_report.json,rank,AsymAgentMark-TK top-10 rank,1,1,0,1,15,0,,False,insufficient_packets
alfworld,agentmark,deepseek,ID,2,094,11001101,8,2025,/Users/local/AgentMarkBeta/实验数据/remote_data/extracted/output-0510/alfworld/agentmark/deepseek/run_2/ID/task_094/evaluation_report.json,agentmark,AgentMark-F exact probabilities,49,49,0,20,0,0,11001101,True,
alfworld,agentmark,deepseek,ID,2,094,11001101,8,2025,/Users/local/AgentMarkBeta/实验数据/remote_data/extracted/output-0510/alfworld/agentmark/deepseek/run_2/ID/task_094/evaluation_report.json,agentmark_rank_only,AgentMark-F rank-only linear top-10 surrogate,38,38,0,14,6,0,01100110,False,payload_mismatch
alfworld,agentmark,deepseek,ID,2,094,11001101,8,2025,/Users/local/AgentMarkBeta/实验数据/remote_data/extracted/output-0510/alfworld/agentmark/deepseek/run_2/ID/task_094/evaluation_report.json,rank,AsymAgentMark-TK top-10 rank,2,2,0,2,18,0,,False,insufficient_packets
alfworld,agentmark,deepseek,ID,2,095,11001101,8,2025,/Users/local/AgentMarkBeta/实验数据/remote_data/extracted/output-0510/alfworld/agentmark/deepseek/run_2/ID/task_095/evaluation_report.json,agentmark,AgentMark-F exact probabilities,14,14,0,6,0,0,11001101,True,
alfworld,agentmark,deepseek,ID,2,095,11001101,8,2025,/Users/local/AgentMarkBeta/实验数据/remote_data/extracted/output-0510/alfworld/agentmark/deepseek/run_2/ID/task_095/evaluation_report.json,agentmark_rank_only,AgentMark-F rank-only linear top-10 surrogate,6,6,0,2,4,0,,False,insufficient_packets
alfworld,agentmark,deepseek,ID,2,095,11001101,8,2025,/Users/local/AgentMarkBeta/实验数据/remote_data/extracted/output-0510/alfworld/agentmark/deepseek/run_2/ID/task_095/evaluation_report.json,rank,AsymAgentMark-TK top-10 rank,1,1,0,1,5,0,,False,insufficient_packets
alfworld,agentmark,deepseek,ID,2,096,11001101,8,2025,/Users/local/AgentMarkBeta/实验数据/remote_data/extracted/output-0510/alfworld/agentmark/deepseek/run_2/ID/task_096/evaluation_report.json,agentmark,AgentMark-F exact probabilities,27,27,0,8,0,0,11001101,True,
alfworld,agentmark,deepseek,ID,2,096,11001101,8,2025,/Users/local/AgentMarkBeta/实验数据/remote_data/extracted/output-0510/alfworld/agentmark/deepseek/run_2/ID/task_096/evaluation_report.json,agentmark_rank_only,AgentMark-F rank-only linear top-10 surrogate,13,13,0,4,4,0,10101111,False,payload_mismatch
alfworld,agentmark,deepseek,ID,2,096,11001101,8,2025,/Users/local/AgentMarkBeta/实验数据/remote_data/extracted/output-0510/alfworld/agentmark/deepseek/run_2/ID/task_096/evaluation_report.json,rank,AsymAgentMark-TK top-10 rank,1,1,0,1,7,0,,False,insufficient_packets
alfworld,agentmark,deepseek,ID,2,097,11001101,8,2025,/Users/local/AgentMarkBeta/实验数据/remote_data/extracted/output-0510/alfworld/agentmark/deepseek/run_2/ID/task_097/evaluation_report.json,agentmark,AgentMark-F exact probabilities,16,16,0,7,0,0,11001101,True,
alfworld,agentmark,deepseek,ID,2,097,11001101,8,2025,/Users/local/AgentMarkBeta/实验数据/remote_data/extracted/output-0510/alfworld/agentmark/deepseek/run_2/ID/task_097/evaluation_report.json,agentmark_rank_only,AgentMark-F rank-only linear top-10 surrogate,12,12,0,4,3,0,00010100,False,payload_mismatch
alfworld,agentmark,deepseek,ID,2,097,11001101,8,2025,/Users/local/AgentMarkBeta/实验数据/remote_data/extracted/output-0510/alfworld/agentmark/deepseek/run_2/ID/task_097/evaluation_report.json,rank,AsymAgentMark-TK top-10 rank,2,2,0,2,5,0,,False,insufficient_packets
alfworld,agentmark,deepseek,ID,2,098,11001101,8,2025,/Users/local/AgentMarkBeta/实验数据/remote_data/extracted/output-0510/alfworld/agentmark/deepseek/run_2/ID/task_098/evaluation_report.json,agentmark,AgentMark-F exact probabilities,6,6,0,2,0,0,,False,insufficient_packets
alfworld,agentmark,deepseek,ID,2,098,11001101,8,2025,/Users/local/AgentMarkBeta/实验数据/remote_data/extracted/output-0510/alfworld/agentmark/deepseek/run_2/ID/task_098/evaluation_report.json,agentmark_rank_only,AgentMark-F rank-only linear top-10 surrogate,6,6,0,2,0,0,,False,insufficient_packets
alfworld,agentmark,deepseek,ID,2,098,11001101,8,2025,/Users/local/AgentMarkBeta/实验数据/remote_data/extracted/output-0510/alfworld/agentmark/deepseek/run_2/ID/task_098/evaluation_report.json,rank,AsymAgentMark-TK top-10 rank,3,3,0,1,1,0,,False,insufficient_packets
alfworld,agentmark,deepseek,ID,2,099,11001101,8,2025,/Users/local/AgentMarkBeta/实验数据/remote_data/extracted/output-0510/alfworld/agentmark/deepseek/run_2/ID/task_099/evaluation_report.json,agentmark,AgentMark-F exact probabilities,27,27,0,12,0,0,11001101,True,
alfworld,agentmark,deepseek,ID,2,099,11001101,8,2025,/Users/local/AgentMarkBeta/实验数据/remote_data/extracted/output-0510/alfworld/agentmark/deepseek/run_2/ID/task_099/evaluation_report.json,agentmark_rank_only,AgentMark-F rank-only linear top-10 surrogate,13,13,0,5,7,0,11110100,False,payload_mismatch
alfworld,agentmark,deepseek,ID,2,099,11001101,8,2025,/Users/local/AgentMarkBeta/实验数据/remote_data/extracted/output-0510/alfworld/agentmark/deepseek/run_2/ID/task_099/evaluation_report.json,rank,AsymAgentMark-TK top-10 rank,2,2,0,2,10,0,,False,insufficient_packets
alfworld,agentmark,deepseek,ID,2,100,11001101,8,2025,/Users/local/AgentMarkBeta/实验数据/remote_data/extracted/output-0510/alfworld/agentmark/deepseek/run_2/ID/task_100/evaluation_report.json,agentmark,AgentMark-F exact probabilities,23,23,0,8,0,0,11001101,True,
alfworld,agentmark,deepseek,ID,2,100,11001101,8,2025,/Users/local/AgentMarkBeta/实验数据/remote_data/extracted/output-0510/alfworld/agentmark/deepseek/run_2/ID/task_100/evaluation_report.json,agentmark_rank_only,AgentMark-F rank-only linear top-10 surrogate,15,15,0,5,3,0,00110001,False,payload_mismatch
alfworld,agentmark,deepseek,ID,2,100,11001101,8,2025,/Users/local/AgentMarkBeta/实验数据/remote_data/extracted/output-0510/alfworld/agentmark/deepseek/run_2/ID/task_100/evaluation_report.json,rank,AsymAgentMark-TK top-10 rank,0,0,0,0,8,0,,False,insufficient_packets
alfworld,agentmark,deepseek,ID,2,101,11001101,8,2025,/Users/local/AgentMarkBeta/实验数据/remote_data/extracted/output-0510/alfworld/agentmark/deepseek/run_2/ID/task_101/evaluation_report.json,agentmark,AgentMark-F exact probabilities,14,14,0,5,0,0,11001101,True,
alfworld,agentmark,deepseek,ID,2,101,11001101,8,2025,/Users/local/AgentMarkBeta/实验数据/remote_data/extracted/output-0510/alfworld/agentmark/deepseek/run_2/ID/task_101/evaluation_report.json,agentmark_rank_only,AgentMark-F rank-only linear top-10 surrogate,0,0,0,0,5,0,,False,insufficient_packets
alfworld,agentmark,deepseek,ID,2,101,11001101,8,2025,/Users/local/AgentMarkBeta/实验数据/remote_data/extracted/output-0510/alfworld/agentmark/deepseek/run_2/ID/task_101/evaluation_report.json,rank,AsymAgentMark-TK top-10 rank,1,1,0,1,4,0,,False,insufficient_packets
alfworld,agentmark,deepseek,ID,2,102,11001101,8,2025,/Users/local/AgentMarkBeta/实验数据/remote_data/extracted/output-0510/alfworld/agentmark/deepseek/run_2/ID/task_102/evaluation_report.json,agentmark,AgentMark-F exact probabilities,14,14,0,7,0,0,11001101,True,
alfworld,agentmark,deepseek,ID,2,102,11001101,8,2025,/Users/local/AgentMarkBeta/实验数据/remote_data/extracted/output-0510/alfworld/agentmark/deepseek/run_2/ID/task_102/evaluation_report.json,agentmark_rank_only,AgentMark-F rank-only linear top-10 surrogate,6,6,0,3,4,0,,False,insufficient_packets
alfworld,agentmark,deepseek,ID,2,102,11001101,8,2025,/Users/local/AgentMarkBeta/实验数据/remote_data/extracted/output-0510/alfworld/agentmark/deepseek/run_2/ID/task_102/evaluation_report.json,rank,AsymAgentMark-TK top-10 rank,2,2,0,2,5,0,,False,insufficient_packets
alfworld,agentmark,deepseek,ID,2,103,11001101,8,2025,/Users/local/AgentMarkBeta/实验数据/remote_data/extracted/output-0510/alfworld/agentmark/deepseek/run_2/ID/task_103/evaluation_report.json,agentmark,AgentMark-F exact probabilities,48,48,0,20,0,0,11001101,True,
alfworld,agentmark,deepseek,ID,2,103,11001101,8,2025,/Users/local/AgentMarkBeta/实验数据/remote_data/extracted/output-0510/alfworld/agentmark/deepseek/run_2/ID/task_103/evaluation_report.json,agentmark_rank_only,AgentMark-F rank-only linear top-10 surrogate,21,21,0,7,13,0,00110001,False,payload_mismatch
alfworld,agentmark,deepseek,ID,2,103,11001101,8,2025,/Users/local/AgentMarkBeta/实验数据/remote_data/extracted/output-0510/alfworld/agentmark/deepseek/run_2/ID/task_103/evaluation_report.json,rank,AsymAgentMark-TK top-10 rank,8,8,0,5,15,0,11000000,False,payload_mismatch
alfworld,agentmark,deepseek,ID,2,104,11001101,8,2025,/Users/local/AgentMarkBeta/实验数据/remote_data/extracted/output-0510/alfworld/agentmark/deepseek/run_2/ID/task_104/evaluation_report.json,agentmark,AgentMark-F exact probabilities,32,32,0,13,0,0,11001101,True,
alfworld,agentmark,deepseek,ID,2,104,11001101,8,2025,/Users/local/AgentMarkBeta/实验数据/remote_data/extracted/output-0510/alfworld/agentmark/deepseek/run_2/ID/task_104/evaluation_report.json,agentmark_rank_only,AgentMark-F rank-only linear top-10 surrogate,18,18,0,7,6,0,00000001,False,payload_mismatch
alfworld,agentmark,deepseek,ID,2,104,11001101,8,2025,/Users/local/AgentMarkBeta/实验数据/remote_data/extracted/output-0510/alfworld/agentmark/deepseek/run_2/ID/task_104/evaluation_report.json,rank,AsymAgentMark-TK top-10 rank,5,5,0,2,11,0,,False,insufficient_packets
alfworld,agentmark,deepseek,ID,2,105,11001101,8,2025,/Users/local/AgentMarkBeta/实验数据/remote_data/extracted/output-0510/alfworld/agentmark/deepseek/run_2/ID/task_105/evaluation_report.json,agentmark,AgentMark-F exact probabilities,7,7,0,4,0,0,,False,insufficient_packets
alfworld,agentmark,deepseek,ID,2,105,11001101,8,2025,/Users/local/AgentMarkBeta/实验数据/remote_data/extracted/output-0510/alfworld/agentmark/deepseek/run_2/ID/task_105/evaluation_report.json,agentmark_rank_only,AgentMark-F rank-only linear top-10 surrogate,2,2,0,1,3,0,,False,insufficient_packets
alfworld,agentmark,deepseek,ID,2,105,11001101,8,2025,/Users/local/AgentMarkBeta/实验数据/remote_data/extracted/output-0510/alfworld/agentmark/deepseek/run_2/ID/task_105/evaluation_report.json,rank,AsymAgentMark-TK top-10 rank,2,2,0,2,2,0,,False,insufficient_packets
alfworld,agentmark,deepseek,ID,2,106,11001101,8,2025,/Users/local/AgentMarkBeta/实验数据/remote_data/extracted/output-0510/alfworld/agentmark/deepseek/run_2/ID/task_106/evaluation_report.json,agentmark,AgentMark-F exact probabilities,49,49,0,19,0,0,11001101,True,
alfworld,agentmark,deepseek,ID,2,106,11001101,8,2025,/Users/local/AgentMarkBeta/实验数据/remote_data/extracted/output-0510/alfworld/agentmark/deepseek/run_2/ID/task_106/evaluation_report.json,agentmark_rank_only,AgentMark-F rank-only linear top-10 surrogate,31,31,0,12,7,0,01001010,False,payload_mismatch
alfworld,agentmark,deepseek,ID,2,106,11001101,8,2025,/Users/local/AgentMarkBeta/实验数据/remote_data/extracted/output-0510/alfworld/agentmark/deepseek/run_2/ID/task_106/evaluation_report.json,rank,AsymAgentMark-TK top-10 rank,5,5,0,3,16,0,,False,insufficient_packets
alfworld,agentmark,deepseek,ID,2,107,11001101,8,2025,/Users/local/AgentMarkBeta/实验数据/remote_data/extracted/output-0510/alfworld/agentmark/deepseek/run_2/ID/task_107/evaluation_report.json,agentmark,AgentMark-F exact probabilities,42,42,0,16,0,0,11001101,True,
alfworld,agentmark,deepseek,ID,2,107,11001101,8,2025,/Users/local/AgentMarkBeta/实验数据/remote_data/extracted/output-0510/alfworld/agentmark/deepseek/run_2/ID/task_107/evaluation_report.json,agentmark_rank_only,AgentMark-F rank-only linear top-10 surrogate,23,23,0,8,8,0,01100111,False,payload_mismatch
alfworld,agentmark,deepseek,ID,2,107,11001101,8,2025,/Users/local/AgentMarkBeta/实验数据/remote_data/extracted/output-0510/alfworld/agentmark/deepseek/run_2/ID/task_107/evaluation_report.json,rank,AsymAgentMark-TK top-10 rank,4,4,0,2,14,0,,False,insufficient_packets
alfworld,agentmark,deepseek,ID,2,108,11001101,8,2025,/Users/local/AgentMarkBeta/实验数据/remote_data/extracted/output-0510/alfworld/agentmark/deepseek/run_2/ID/task_108/evaluation_report.json,agentmark,AgentMark-F exact probabilities,21,21,0,8,0,0,11001101,True,
alfworld,agentmark,deepseek,ID,2,108,11001101,8,2025,/Users/local/AgentMarkBeta/实验数据/remote_data/extracted/output-0510/alfworld/agentmark/deepseek/run_2/ID/task_108/evaluation_report.json,agentmark_rank_only,AgentMark-F rank-only linear top-10 surrogate,8,8,0,3,5,0,,False,rank_deficient
alfworld,agentmark,deepseek,ID,2,108,11001101,8,2025,/Users/local/AgentMarkBeta/实验数据/remote_data/extracted/output-0510/alfworld/agentmark/deepseek/run_2/ID/task_108/evaluation_report.json,rank,AsymAgentMark-TK top-10 rank,1,1,0,1,7,0,,False,insufficient_packets
alfworld,agentmark,deepseek,ID,2,109,11001101,8,2025,/Users/local/AgentMarkBeta/实验数据/remote_data/extracted/output-0510/alfworld/agentmark/deepseek/run_2/ID/task_109/evaluation_report.json,agentmark,AgentMark-F exact probabilities,2,2,0,2,0,0,,False,insufficient_packets
alfworld,agentmark,deepseek,ID,2,109,11001101,8,2025,/Users/local/AgentMarkBeta/实验数据/remote_data/extracted/output-0510/alfworld/agentmark/deepseek/run_2/ID/task_109/evaluation_report.json,agentmark_rank_only,AgentMark-F rank-only linear top-10 surrogate,0,0,0,0,2,0,,False,insufficient_packets
alfworld,agentmark,deepseek,ID,2,109,11001101,8,2025,/Users/local/AgentMarkBeta/实验数据/remote_data/extracted/output-0510/alfworld/agentmark/deepseek/run_2/ID/task_109/evaluation_report.json,rank,AsymAgentMark-TK top-10 rank,1,1,0,1,1,0,,False,insufficient_packets
alfworld,agentmark,deepseek,ID,2,110,11001101,8,2025,/Users/local/AgentMarkBeta/实验数据/remote_data/extracted/output-0510/alfworld/agentmark/deepseek/run_2/ID/task_110/evaluation_report.json,agentmark,AgentMark-F exact probabilities,4,4,0,2,0,0,,False,insufficient_packets
alfworld,agentmark,deepseek,ID,2,110,11001101,8,2025,/Users/local/AgentMarkBeta/实验数据/remote_data/extracted/output-0510/alfworld/agentmark/deepseek/run_2/ID/task_110/evaluation_report.json,agentmark_rank_only,AgentMark-F rank-only linear top-10 surrogate,2,2,0,1,1,0,,False,insufficient_packets
alfworld,agentmark,deepseek,ID,2,110,11001101,8,2025,/Users/local/AgentMarkBeta/实验数据/remote_data/extracted/output-0510/alfworld/agentmark/deepseek/run_2/ID/task_110/evaluation_report.json,rank,AsymAgentMark-TK top-10 rank,2,2,0,1,1,0,,False,insufficient_packets
alfworld,agentmark,deepseek,ID,2,111,11001101,8,2025,/Users/local/AgentMarkBeta/实验数据/remote_data/extracted/output-0510/alfworld/agentmark/deepseek/run_2/ID/task_111/evaluation_report.json,agentmark,AgentMark-F exact probabilities,2,2,0,1,0,0,,False,insufficient_packets
alfworld,agentmark,deepseek,ID,2,111,11001101,8,2025,/Users/local/AgentMarkBeta/实验数据/remote_data/extracted/output-0510/alfworld/agentmark/deepseek/run_2/ID/task_111/evaluation_report.json,agentmark_rank_only,AgentMark-F rank-only linear top-10 surrogate,2,2,0,1,0,0,,False,insufficient_packets
alfworld,agentmark,deepseek,ID,2,111,11001101,8,2025,/Users/local/AgentMarkBeta/实验数据/remote_data/extracted/output-0510/alfworld/agentmark/deepseek/run_2/ID/task_111/evaluation_report.json,rank,AsymAgentMark-TK top-10 rank,0,0,0,0,1,0,,False,insufficient_packets
alfworld,agentmark,deepseek,ID,2,112,11001101,8,2025,/Users/local/AgentMarkBeta/实验数据/remote_data/extracted/output-0510/alfworld/agentmark/deepseek/run_2/ID/task_112/evaluation_report.json,agentmark,AgentMark-F exact probabilities,1,1,0,1,0,0,,False,insufficient_packets
alfworld,agentmark,deepseek,ID,2,112,11001101,8,2025,/Users/local/AgentMarkBeta/实验数据/remote_data/extracted/output-0510/alfworld/agentmark/deepseek/run_2/ID/task_112/evaluation_report.json,agentmark_rank_only,AgentMark-F rank-only linear top-10 surrogate,0,0,0,0,1,0,,False,insufficient_packets
alfworld,agentmark,deepseek,ID,2,112,11001101,8,2025,/Users/local/AgentMarkBeta/实验数据/remote_data/extracted/output-0510/alfworld/agentmark/deepseek/run_2/ID/task_112/evaluation_report.json,rank,AsymAgentMark-TK top-10 rank,1,1,0,1,0,0,,False,insufficient_packets
alfworld,agentmark,deepseek,ID,2,113,11001101,8,2025,/Users/local/AgentMarkBeta/实验数据/remote_data/extracted/output-0510/alfworld/agentmark/deepseek/run_2/ID/task_113/evaluation_report.json,agentmark,AgentMark-F exact probabilities,3,3,0,2,0,0,,False,insufficient_packets
alfworld,agentmark,deepseek,ID,2,113,11001101,8,2025,/Users/local/AgentMarkBeta/实验数据/remote_data/extracted/output-0510/alfworld/agentmark/deepseek/run_2/ID/task_113/evaluation_report.json,agentmark_rank_only,AgentMark-F rank-only linear top-10 surrogate,2,2,0,1,1,0,,False,insufficient_packets
alfworld,agentmark,deepseek,ID,2,113,11001101,8,2025,/Users/local/AgentMarkBeta/实验数据/remote_data/extracted/output-0510/alfworld/agentmark/deepseek/run_2/ID/task_113/evaluation_report.json,rank,AsymAgentMark-TK top-10 rank,1,1,0,1,1,0,,False,insufficient_packets
alfworld,agentmark,deepseek,ID,2,114,11001101,8,2025,/Users/local/AgentMarkBeta/实验数据/remote_data/extracted/output-0510/alfworld/agentmark/deepseek/run_2/ID/task_114/evaluation_report.json,agentmark,AgentMark-F exact probabilities,1,1,0,1,0,0,,False,insufficient_packets
alfworld,agentmark,deepseek,ID,2,114,11001101,8,2025,/Users/local/AgentMarkBeta/实验数据/remote_data/extracted/output-0510/alfworld/agentmark/deepseek/run_2/ID/task_114/evaluation_report.json,agentmark_rank_only,AgentMark-F rank-only linear top-10 surrogate,0,0,0,0,1,0,,False,insufficient_packets
alfworld,agentmark,deepseek,ID,2,114,11001101,8,2025,/Users/local/AgentMarkBeta/实验数据/remote_data/extracted/output-0510/alfworld/agentmark/deepseek/run_2/ID/task_114/evaluation_report.json,rank,AsymAgentMark-TK top-10 rank,1,1,0,1,0,0,,False,insufficient_packets
alfworld,agentmark,deepseek,ID,2,115,11001101,8,2025,/Users/local/AgentMarkBeta/实验数据/remote_data/extracted/output-0510/alfworld/agentmark/deepseek/run_2/ID/task_115/evaluation_report.json,agentmark,AgentMark-F exact probabilities,13,13,0,8,0,0,11001101,True,
alfworld,agentmark,deepseek,ID,2,115,11001101,8,2025,/Users/local/AgentMarkBeta/实验数据/remote_data/extracted/output-0510/alfworld/agentmark/deepseek/run_2/ID/task_115/evaluation_report.json,agentmark_rank_only,AgentMark-F rank-only linear top-10 surrogate,8,8,0,4,4,0,11011010,False,payload_mismatch
alfworld,agentmark,deepseek,ID,2,115,11001101,8,2025,/Users/local/AgentMarkBeta/实验数据/remote_data/extracted/output-0510/alfworld/agentmark/deepseek/run_2/ID/task_115/evaluation_report.json,rank,AsymAgentMark-TK top-10 rank,6,6,0,4,4,0,,False,insufficient_packets
alfworld,agentmark,deepseek,ID,2,116,11001101,8,2025,/Users/local/AgentMarkBeta/实验数据/remote_data/extracted/output-0510/alfworld/agentmark/deepseek/run_2/ID/task_116/evaluation_report.json,agentmark,AgentMark-F exact probabilities,7,7,0,4,0,0,,False,insufficient_packets
alfworld,agentmark,deepseek,ID,2,116,11001101,8,2025,/Users/local/AgentMarkBeta/实验数据/remote_data/extracted/output-0510/alfworld/agentmark/deepseek/run_2/ID/task_116/evaluation_report.json,agentmark_rank_only,AgentMark-F rank-only linear top-10 surrogate,3,3,0,2,2,0,,False,insufficient_packets
alfworld,agentmark,deepseek,ID,2,116,11001101,8,2025,/Users/local/AgentMarkBeta/实验数据/remote_data/extracted/output-0510/alfworld/agentmark/deepseek/run_2/ID/task_116/evaluation_report.json,rank,AsymAgentMark-TK top-10 rank,1,1,0,1,3,0,,False,insufficient_packets
alfworld,agentmark,deepseek,ID,2,117,11001101,8,2025,/Users/local/AgentMarkBeta/实验数据/remote_data/extracted/output-0510/alfworld/agentmark/deepseek/run_2/ID/task_117/evaluation_report.json,agentmark,AgentMark-F exact probabilities,29,29,0,13,0,0,11001101,True,
alfworld,agentmark,deepseek,ID,2,117,11001101,8,2025,/Users/local/AgentMarkBeta/实验数据/remote_data/extracted/output-0510/alfworld/agentmark/deepseek/run_2/ID/task_117/evaluation_report.json,agentmark_rank_only,AgentMark-F rank-only linear top-10 surrogate,13,13,0,5,8,0,00101110,False,payload_mismatch
alfworld,agentmark,deepseek,ID,2,117,11001101,8,2025,/Users/local/AgentMarkBeta/实验数据/remote_data/extracted/output-0510/alfworld/agentmark/deepseek/run_2/ID/task_117/evaluation_report.json,rank,AsymAgentMark-TK top-10 rank,2,2,0,2,11,0,,False,insufficient_packets
alfworld,agentmark,deepseek,ID,2,118,11001101,8,2025,/Users/local/AgentMarkBeta/实验数据/remote_data/extracted/output-0510/alfworld/agentmark/deepseek/run_2/ID/task_118/evaluation_report.json,agentmark,AgentMark-F exact probabilities,42,42,0,18,0,0,11001101,True,
alfworld,agentmark,deepseek,ID,2,118,11001101,8,2025,/Users/local/AgentMarkBeta/实验数据/remote_data/extracted/output-0510/alfworld/agentmark/deepseek/run_2/ID/task_118/evaluation_report.json,agentmark_rank_only,AgentMark-F rank-only linear top-10 surrogate,19,19,0,7,11,0,10000100,False,payload_mismatch
alfworld,agentmark,deepseek,ID,2,118,11001101,8,2025,/Users/local/AgentMarkBeta/实验数据/remote_data/extracted/output-0510/alfworld/agentmark/deepseek/run_2/ID/task_118/evaluation_report.json,rank,AsymAgentMark-TK top-10 rank,5,5,0,3,15,0,,False,insufficient_packets
alfworld,agentmark,deepseek,ID,2,119,11001101,8,2025,/Users/local/AgentMarkBeta/实验数据/remote_data/extracted/output-0510/alfworld/agentmark/deepseek/run_2/ID/task_119/evaluation_report.json,agentmark,AgentMark-F exact probabilities,49,49,0,21,0,0,11001101,True,
alfworld,agentmark,deepseek,ID,2,119,11001101,8,2025,/Users/local/AgentMarkBeta/实验数据/remote_data/extracted/output-0510/alfworld/agentmark/deepseek/run_2/ID/task_119/evaluation_report.json,agentmark_rank_only,AgentMark-F rank-only linear top-10 surrogate,26,26,0,9,12,0,11001110,False,payload_mismatch
alfworld,agentmark,deepseek,ID,2,119,11001101,8,2025,/Users/local/AgentMarkBeta/实验数据/remote_data/extracted/output-0510/alfworld/agentmark/deepseek/run_2/ID/task_119/evaluation_report.json,rank,AsymAgentMark-TK top-10 rank,6,6,0,4,17,0,,False,insufficient_packets
alfworld,agentmark,deepseek,ID,2,120,11001101,8,2025,/Users/local/AgentMarkBeta/实验数据/remote_data/extracted/output-0510/alfworld/agentmark/deepseek/run_2/ID/task_120/evaluation_report.json,agentmark,AgentMark-F exact probabilities,1,1,0,1,0,0,,False,insufficient_packets
alfworld,agentmark,deepseek,ID,2,120,11001101,8,2025,/Users/local/AgentMarkBeta/实验数据/remote_data/extracted/output-0510/alfworld/agentmark/deepseek/run_2/ID/task_120/evaluation_report.json,agentmark_rank_only,AgentMark-F rank-only linear top-10 surrogate,0,0,0,0,1,0,,False,insufficient_packets
alfworld,agentmark,deepseek,ID,2,120,11001101,8,2025,/Users/local/AgentMarkBeta/实验数据/remote_data/extracted/output-0510/alfworld/agentmark/deepseek/run_2/ID/task_120/evaluation_report.json,rank,AsymAgentMark-TK top-10 rank,0,0,0,0,1,0,,False,insufficient_packets
alfworld,agentmark,deepseek,ID,2,121,11001101,8,2025,/Users/local/AgentMarkBeta/实验数据/remote_data/extracted/output-0510/alfworld/agentmark/deepseek/run_2/ID/task_121/evaluation_report.json,agentmark,AgentMark-F exact probabilities,2,2,0,2,0,0,,False,insufficient_packets
alfworld,agentmark,deepseek,ID,2,121,11001101,8,2025,/Users/local/AgentMarkBeta/实验数据/remote_data/extracted/output-0510/alfworld/agentmark/deepseek/run_2/ID/task_121/evaluation_report.json,agentmark_rank_only,AgentMark-F rank-only linear top-10 surrogate,0,0,0,0,2,0,,False,insufficient_packets
alfworld,agentmark,deepseek,ID,2,121,11001101,8,2025,/Users/local/AgentMarkBeta/实验数据/remote_data/extracted/output-0510/alfworld/agentmark/deepseek/run_2/ID/task_121/evaluation_report.json,rank,AsymAgentMark-TK top-10 rank,1,1,0,1,1,0,,False,insufficient_packets
alfworld,agentmark,deepseek,ID,2,122,11001101,8,2025,/Users/local/AgentMarkBeta/实验数据/remote_data/extracted/output-0510/alfworld/agentmark/deepseek/run_2/ID/task_122/evaluation_report.json,agentmark,AgentMark-F exact probabilities,20,20,0,10,0,0,11001101,True,
alfworld,agentmark,deepseek,ID,2,122,11001101,8,2025,/Users/local/AgentMarkBeta/实验数据/remote_data/extracted/output-0510/alfworld/agentmark/deepseek/run_2/ID/task_122/evaluation_report.json,agentmark_rank_only,AgentMark-F rank-only linear top-10 surrogate,7,7,0,3,7,0,,False,insufficient_packets
alfworld,agentmark,deepseek,ID,2,122,11001101,8,2025,/Users/local/AgentMarkBeta/实验数据/remote_data/extracted/output-0510/alfworld/agentmark/deepseek/run_2/ID/task_122/evaluation_report.json,rank,AsymAgentMark-TK top-10 rank,5,5,0,3,7,0,,False,insufficient_packets
alfworld,agentmark,deepseek,ID,2,123,11001101,8,2025,/Users/local/AgentMarkBeta/实验数据/remote_data/extracted/output-0510/alfworld/agentmark/deepseek/run_2/ID/task_123/evaluation_report.json,agentmark,AgentMark-F exact probabilities,43,43,0,18,0,0,11001101,True,
alfworld,agentmark,deepseek,ID,2,123,11001101,8,2025,/Users/local/AgentMarkBeta/实验数据/remote_data/extracted/output-0510/alfworld/agentmark/deepseek/run_2/ID/task_123/evaluation_report.json,agentmark_rank_only,AgentMark-F rank-only linear top-10 surrogate,27,27,0,10,8,0,00000111,False,payload_mismatch
alfworld,agentmark,deepseek,ID,2,123,11001101,8,2025,/Users/local/AgentMarkBeta/实验数据/remote_data/extracted/output-0510/alfworld/agentmark/deepseek/run_2/ID/task_123/evaluation_report.json,rank,AsymAgentMark-TK top-10 rank,3,3,0,3,15,0,,False,insufficient_packets
alfworld,agentmark,deepseek,ID,2,124,11001101,8,2025,/Users/local/AgentMarkBeta/实验数据/remote_data/extracted/output-0510/alfworld/agentmark/deepseek/run_2/ID/task_124/evaluation_report.json,agentmark,AgentMark-F exact probabilities,46,46,0,19,0,0,11001101,True,
alfworld,agentmark,deepseek,ID,2,124,11001101,8,2025,/Users/local/AgentMarkBeta/实验数据/remote_data/extracted/output-0510/alfworld/agentmark/deepseek/run_2/ID/task_124/evaluation_report.json,agentmark_rank_only,AgentMark-F rank-only linear top-10 surrogate,32,32,0,11,8,0,01110011,False,payload_mismatch
alfworld,agentmark,deepseek,ID,2,124,11001101,8,2025,/Users/local/AgentMarkBeta/实验数据/remote_data/extracted/output-0510/alfworld/agentmark/deepseek/run_2/ID/task_124/evaluation_report.json,rank,AsymAgentMark-TK top-10 rank,3,3,0,3,16,0,,False,insufficient_packets
alfworld,agentmark,deepseek,ID,2,125,11001101,8,2025,/Users/local/AgentMarkBeta/实验数据/remote_data/extracted/output-0510/alfworld/agentmark/deepseek/run_2/ID/task_125/evaluation_report.json,agentmark,AgentMark-F exact probabilities,54,54,0,24,0,0,11001101,True,
alfworld,agentmark,deepseek,ID,2,125,11001101,8,2025,/Users/local/AgentMarkBeta/实验数据/remote_data/extracted/output-0510/alfworld/agentmark/deepseek/run_2/ID/task_125/evaluation_report.json,agentmark_rank_only,AgentMark-F rank-only linear top-10 surrogate,34,34,0,13,11,0,01111011,False,payload_mismatch
alfworld,agentmark,deepseek,ID,2,125,11001101,8,2025,/Users/local/AgentMarkBeta/实验数据/remote_data/extracted/output-0510/alfworld/agentmark/deepseek/run_2/ID/task_125/evaluation_report.json,rank,AsymAgentMark-TK top-10 rank,5,5,0,4,20,0,,False,insufficient_packets
alfworld,agentmark,deepseek,ID,2,126,11001101,8,2025,/Users/local/AgentMarkBeta/实验数据/remote_data/extracted/output-0510/alfworld/agentmark/deepseek/run_2/ID/task_126/evaluation_report.json,agentmark,AgentMark-F exact probabilities,46,46,0,22,0,0,11001101,True,
alfworld,agentmark,deepseek,ID,2,126,11001101,8,2025,/Users/local/AgentMarkBeta/实验数据/remote_data/extracted/output-0510/alfworld/agentmark/deepseek/run_2/ID/task_126/evaluation_report.json,agentmark_rank_only,AgentMark-F rank-only linear top-10 surrogate,20,20,0,8,14,0,01100100,False,payload_mismatch
alfworld,agentmark,deepseek,ID,2,126,11001101,8,2025,/Users/local/AgentMarkBeta/实验数据/remote_data/extracted/output-0510/alfworld/agentmark/deepseek/run_2/ID/task_126/evaluation_report.json,rank,AsymAgentMark-TK top-10 rank,9,9,0,6,16,0,11110000,False,payload_mismatch
alfworld,agentmark,deepseek,ID,2,127,11001101,8,2025,/Users/local/AgentMarkBeta/实验数据/remote_data/extracted/output-0510/alfworld/agentmark/deepseek/run_2/ID/task_127/evaluation_report.json,agentmark,AgentMark-F exact probabilities,14,14,0,7,0,0,11001101,True,
alfworld,agentmark,deepseek,ID,2,127,11001101,8,2025,/Users/local/AgentMarkBeta/实验数据/remote_data/extracted/output-0510/alfworld/agentmark/deepseek/run_2/ID/task_127/evaluation_report.json,agentmark_rank_only,AgentMark-F rank-only linear top-10 surrogate,6,6,0,3,4,0,,False,insufficient_packets
alfworld,agentmark,deepseek,ID,2,127,11001101,8,2025,/Users/local/AgentMarkBeta/实验数据/remote_data/extracted/output-0510/alfworld/agentmark/deepseek/run_2/ID/task_127/evaluation_report.json,rank,AsymAgentMark-TK top-10 rank,2,2,0,2,5,0,,False,insufficient_packets
alfworld,agentmark,deepseek,ID,2,128,11001101,8,2025,/Users/local/AgentMarkBeta/实验数据/remote_data/extracted/output-0510/alfworld/agentmark/deepseek/run_2/ID/task_128/evaluation_report.json,agentmark,AgentMark-F exact probabilities,33,33,0,16,0,0,11001101,True,
alfworld,agentmark,deepseek,ID,2,128,11001101,8,2025,/Users/local/AgentMarkBeta/实验数据/remote_data/extracted/output-0510/alfworld/agentmark/deepseek/run_2/ID/task_128/evaluation_report.json,agentmark_rank_only,AgentMark-F rank-only linear top-10 surrogate,13,13,0,5,11,0,01001000,False,payload_mismatch
alfworld,agentmark,deepseek,ID,2,128,11001101,8,2025,/Users/local/AgentMarkBeta/实验数据/remote_data/extracted/output-0510/alfworld/agentmark/deepseek/run_2/ID/task_128/evaluation_report.json,rank,AsymAgentMark-TK top-10 rank,5,5,0,4,12,0,,False,insufficient_packets
alfworld,agentmark,deepseek,ID,2,129,11001101,8,2025,/Users/local/AgentMarkBeta/实验数据/remote_data/extracted/output-0510/alfworld/agentmark/deepseek/run_2/ID/task_129/evaluation_report.json,agentmark,AgentMark-F exact probabilities,19,19,0,8,0,0,11001101,True,
alfworld,agentmark,deepseek,ID,2,129,11001101,8,2025,/Users/local/AgentMarkBeta/实验数据/remote_data/extracted/output-0510/alfworld/agentmark/deepseek/run_2/ID/task_129/evaluation_report.json,agentmark_rank_only,AgentMark-F rank-only linear top-10 surrogate,13,13,0,5,3,0,11110100,False,payload_mismatch
alfworld,agentmark,deepseek,ID,2,129,11001101,8,2025,/Users/local/AgentMarkBeta/实验数据/remote_data/extracted/output-0510/alfworld/agentmark/deepseek/run_2/ID/task_129/evaluation_report.json,rank,AsymAgentMark-TK top-10 rank,1,1,0,1,7,0,,False,insufficient_packets
alfworld,agentmark,deepseek,ID,2,130,11001101,8,2025,/Users/local/AgentMarkBeta/实验数据/remote_data/extracted/output-0510/alfworld/agentmark/deepseek/run_2/ID/task_130/evaluation_report.json,agentmark,AgentMark-F exact probabilities,48,48,0,21,0,0,11001101,True,
alfworld,agentmark,deepseek,ID,2,130,11001101,8,2025,/Users/local/AgentMarkBeta/实验数据/remote_data/extracted/output-0510/alfworld/agentmark/deepseek/run_2/ID/task_130/evaluation_report.json,agentmark_rank_only,AgentMark-F rank-only linear top-10 surrogate,30,30,0,10,11,0,01111001,False,payload_mismatch
alfworld,agentmark,deepseek,ID,2,130,11001101,8,2025,/Users/local/AgentMarkBeta/实验数据/remote_data/extracted/output-0510/alfworld/agentmark/deepseek/run_2/ID/task_130/evaluation_report.json,rank,AsymAgentMark-TK top-10 rank,9,9,0,6,15,0,01000101,False,payload_mismatch
alfworld,agentmark,deepseek,ID,2,131,11001101,8,2025,/Users/local/AgentMarkBeta/实验数据/remote_data/extracted/output-0510/alfworld/agentmark/deepseek/run_2/ID/task_131/evaluation_report.json,agentmark,AgentMark-F exact probabilities,53,53,0,24,0,0,11001101,True,
alfworld,agentmark,deepseek,ID,2,131,11001101,8,2025,/Users/local/AgentMarkBeta/实验数据/remote_data/extracted/output-0510/alfworld/agentmark/deepseek/run_2/ID/task_131/evaluation_report.json,agentmark_rank_only,AgentMark-F rank-only linear top-10 surrogate,25,25,0,9,15,0,01001010,False,payload_mismatch
alfworld,agentmark,deepseek,ID,2,131,11001101,8,2025,/Users/local/AgentMarkBeta/实验数据/remote_data/extracted/output-0510/alfworld/agentmark/deepseek/run_2/ID/task_131/evaluation_report.json,rank,AsymAgentMark-TK top-10 rank,9,9,0,6,18,0,,False,rank_deficient
alfworld,agentmark,deepseek,ID,2,132,11001101,8,2025,/Users/local/AgentMarkBeta/实验数据/remote_data/extracted/output-0510/alfworld/agentmark/deepseek/run_2/ID/task_132/evaluation_report.json,agentmark,AgentMark-F exact probabilities,3,3,0,3,0,0,,False,insufficient_packets
alfworld,agentmark,deepseek,ID,2,132,11001101,8,2025,/Users/local/AgentMarkBeta/实验数据/remote_data/extracted/output-0510/alfworld/agentmark/deepseek/run_2/ID/task_132/evaluation_report.json,agentmark_rank_only,AgentMark-F rank-only linear top-10 surrogate,1,1,0,1,2,0,,False,insufficient_packets
alfworld,agentmark,deepseek,ID,2,132,11001101,8,2025,/Users/local/AgentMarkBeta/实验数据/remote_data/extracted/output-0510/alfworld/agentmark/deepseek/run_2/ID/task_132/evaluation_report.json,rank,AsymAgentMark-TK top-10 rank,2,2,0,2,1,0,,False,insufficient_packets
alfworld,agentmark,deepseek,ID,2,133,11001101,8,2025,/Users/local/AgentMarkBeta/实验数据/remote_data/extracted/output-0510/alfworld/agentmark/deepseek/run_2/ID/task_133/evaluation_report.json,agentmark,AgentMark-F exact probabilities,51,51,0,20,0,0,11001101,True,
alfworld,agentmark,deepseek,ID,2,133,11001101,8,2025,/Users/local/AgentMarkBeta/实验数据/remote_data/extracted/output-0510/alfworld/agentmark/deepseek/run_2/ID/task_133/evaluation_report.json,agentmark_rank_only,AgentMark-F rank-only linear top-10 surrogate,35,35,0,13,7,0,01010000,False,payload_mismatch
alfworld,agentmark,deepseek,ID,2,133,11001101,8,2025,/Users/local/AgentMarkBeta/实验数据/remote_data/extracted/output-0510/alfworld/agentmark/deepseek/run_2/ID/task_133/evaluation_report.json,rank,AsymAgentMark-TK top-10 rank,6,6,0,3,17,0,,False,insufficient_packets
alfworld,agentmark,deepseek,ID,2,134,11001101,8,2025,/Users/local/AgentMarkBeta/实验数据/remote_data/extracted/output-0510/alfworld/agentmark/deepseek/run_2/ID/task_134/evaluation_report.json,agentmark,AgentMark-F exact probabilities,7,7,0,4,0,0,,False,insufficient_packets
alfworld,agentmark,deepseek,ID,2,134,11001101,8,2025,/Users/local/AgentMarkBeta/实验数据/remote_data/extracted/output-0510/alfworld/agentmark/deepseek/run_2/ID/task_134/evaluation_report.json,agentmark_rank_only,AgentMark-F rank-only linear top-10 surrogate,5,5,0,2,2,0,,False,insufficient_packets
alfworld,agentmark,deepseek,ID,2,134,11001101,8,2025,/Users/local/AgentMarkBeta/实验数据/remote_data/extracted/output-0510/alfworld/agentmark/deepseek/run_2/ID/task_134/evaluation_report.json,rank,AsymAgentMark-TK top-10 rank,0,0,0,0,4,0,,False,insufficient_packets
alfworld,agentmark,deepseek,ID,2,135,11001101,8,2025,/Users/local/AgentMarkBeta/实验数据/remote_data/extracted/output-0510/alfworld/agentmark/deepseek/run_2/ID/task_135/evaluation_report.json,agentmark,AgentMark-F exact probabilities,36,36,0,19,0,0,11001101,True,
alfworld,agentmark,deepseek,ID,2,135,11001101,8,2025,/Users/local/AgentMarkBeta/实验数据/remote_data/extracted/output-0510/alfworld/agentmark/deepseek/run_2/ID/task_135/evaluation_report.json,agentmark_rank_only,AgentMark-F rank-only linear top-10 surrogate,19,19,0,8,11,0,11001101,True,
alfworld,agentmark,deepseek,ID,2,135,11001101,8,2025,/Users/local/AgentMarkBeta/实验数据/remote_data/extracted/output-0510/alfworld/agentmark/deepseek/run_2/ID/task_135/evaluation_report.json,rank,AsymAgentMark-TK top-10 rank,7,7,0,5,14,0,,False,insufficient_packets
alfworld,agentmark,deepseek,ID,2,136,11001101,8,2025,/Users/local/AgentMarkBeta/实验数据/remote_data/extracted/output-0510/alfworld/agentmark/deepseek/run_2/ID/task_136/evaluation_report.json,agentmark,AgentMark-F exact probabilities,54,54,0,25,0,0,11001101,True,
alfworld,agentmark,deepseek,ID,2,136,11001101,8,2025,/Users/local/AgentMarkBeta/实验数据/remote_data/extracted/output-0510/alfworld/agentmark/deepseek/run_2/ID/task_136/evaluation_report.json,agentmark_rank_only,AgentMark-F rank-only linear top-10 surrogate,42,42,0,17,8,0,00111001,False,payload_mismatch
alfworld,agentmark,deepseek,ID,2,136,11001101,8,2025,/Users/local/AgentMarkBeta/实验数据/remote_data/extracted/output-0510/alfworld/agentmark/deepseek/run_2/ID/task_136/evaluation_report.json,rank,AsymAgentMark-TK top-10 rank,12,12,0,6,19,0,00110100,False,payload_mismatch
alfworld,agentmark,deepseek,ID,2,137,11001101,8,2025,/Users/local/AgentMarkBeta/实验数据/remote_data/extracted/output-0510/alfworld/agentmark/deepseek/run_2/ID/task_137/evaluation_report.json,agentmark,AgentMark-F exact probabilities,7,7,0,4,0,0,,False,insufficient_packets
alfworld,agentmark,deepseek,ID,2,137,11001101,8,2025,/Users/local/AgentMarkBeta/实验数据/remote_data/extracted/output-0510/alfworld/agentmark/deepseek/run_2/ID/task_137/evaluation_report.json,agentmark_rank_only,AgentMark-F rank-only linear top-10 surrogate,3,3,0,1,3,0,,False,insufficient_packets
alfworld,agentmark,deepseek,ID,2,137,11001101,8,2025,/Users/local/AgentMarkBeta/实验数据/remote_data/extracted/output-0510/alfworld/agentmark/deepseek/run_2/ID/task_137/evaluation_report.json,rank,AsymAgentMark-TK top-10 rank,2,2,0,2,2,0,,False,insufficient_packets
alfworld,agentmark,deepseek,ID,2,138,11001101,8,2025,/Users/local/AgentMarkBeta/实验数据/remote_data/extracted/output-0510/alfworld/agentmark/deepseek/run_2/ID/task_138/evaluation_report.json,agentmark,AgentMark-F exact probabilities,10,10,0,5,0,0,11001101,True,
alfworld,agentmark,deepseek,ID,2,138,11001101,8,2025,/Users/local/AgentMarkBeta/实验数据/remote_data/extracted/output-0510/alfworld/agentmark/deepseek/run_2/ID/task_138/evaluation_report.json,agentmark_rank_only,AgentMark-F rank-only linear top-10 surrogate,5,5,0,3,2,0,,False,insufficient_packets
alfworld,agentmark,deepseek,ID,2,138,11001101,8,2025,/Users/local/AgentMarkBeta/实验数据/remote_data/extracted/output-0510/alfworld/agentmark/deepseek/run_2/ID/task_138/evaluation_report.json,rank,AsymAgentMark-TK top-10 rank,1,1,0,1,4,0,,False,insufficient_packets
alfworld,agentmark,deepseek,ID,2,139,11001101,8,2025,/Users/local/AgentMarkBeta/实验数据/remote_data/extracted/output-0510/alfworld/agentmark/deepseek/run_2/ID/task_139/evaluation_report.json,agentmark,AgentMark-F exact probabilities,46,46,0,23,0,0,11001101,True,
alfworld,agentmark,deepseek,ID,2,139,11001101,8,2025,/Users/local/AgentMarkBeta/实验数据/remote_data/extracted/output-0510/alfworld/agentmark/deepseek/run_2/ID/task_139/evaluation_report.json,agentmark_rank_only,AgentMark-F rank-only linear top-10 surrogate,20,20,0,8,15,0,01101101,False,payload_mismatch
alfworld,agentmark,deepseek,ID,2,139,11001101,8,2025,/Users/local/AgentMarkBeta/实验数据/remote_data/extracted/output-0510/alfworld/agentmark/deepseek/run_2/ID/task_139/evaluation_report.json,rank,AsymAgentMark-TK top-10 rank,7,7,0,5,18,0,,False,insufficient_packets
alfworld,agentmark,deepseek,ID,3,000,11001101,8,2025,/Users/local/AgentMarkBeta/实验数据/remote_data/extracted/output-0510/alfworld/agentmark/deepseek/run_3/ID/task_000/evaluation_report.json,agentmark,AgentMark-F exact probabilities,3,3,0,3,0,0,,False,insufficient_packets
alfworld,agentmark,deepseek,ID,3,000,11001101,8,2025,/Users/local/AgentMarkBeta/实验数据/remote_data/extracted/output-0510/alfworld/agentmark/deepseek/run_3/ID/task_000/evaluation_report.json,agentmark_rank_only,AgentMark-F rank-only linear top-10 surrogate,1,1,0,1,2,0,,False,insufficient_packets
alfworld,agentmark,deepseek,ID,3,000,11001101,8,2025,/Users/local/AgentMarkBeta/实验数据/remote_data/extracted/output-0510/alfworld/agentmark/deepseek/run_3/ID/task_000/evaluation_report.json,rank,AsymAgentMark-TK top-10 rank,1,1,0,1,2,0,,False,insufficient_packets
alfworld,agentmark,deepseek,ID,3,001,11001101,8,2025,/Users/local/AgentMarkBeta/实验数据/remote_data/extracted/output-0510/alfworld/agentmark/deepseek/run_3/ID/task_001/evaluation_report.json,agentmark,AgentMark-F exact probabilities,54,54,0,21,0,0,11001101,True,
alfworld,agentmark,deepseek,ID,3,001,11001101,8,2025,/Users/local/AgentMarkBeta/实验数据/remote_data/extracted/output-0510/alfworld/agentmark/deepseek/run_3/ID/task_001/evaluation_report.json,agentmark_rank_only,AgentMark-F rank-only linear top-10 surrogate,29,29,0,10,11,0,00111011,False,payload_mismatch
alfworld,agentmark,deepseek,ID,3,001,11001101,8,2025,/Users/local/AgentMarkBeta/实验数据/remote_data/extracted/output-0510/alfworld/agentmark/deepseek/run_3/ID/task_001/evaluation_report.json,rank,AsymAgentMark-TK top-10 rank,8,8,0,5,16,0,,False,rank_deficient
alfworld,agentmark,deepseek,ID,3,002,11001101,8,2025,/Users/local/AgentMarkBeta/实验数据/remote_data/extracted/output-0510/alfworld/agentmark/deepseek/run_3/ID/task_002/evaluation_report.json,agentmark,AgentMark-F exact probabilities,1,1,0,1,0,0,,False,insufficient_packets
alfworld,agentmark,deepseek,ID,3,002,11001101,8,2025,/Users/local/AgentMarkBeta/实验数据/remote_data/extracted/output-0510/alfworld/agentmark/deepseek/run_3/ID/task_002/evaluation_report.json,agentmark_rank_only,AgentMark-F rank-only linear top-10 surrogate,0,0,0,0,1,0,,False,insufficient_packets
alfworld,agentmark,deepseek,ID,3,002,11001101,8,2025,/Users/local/AgentMarkBeta/实验数据/remote_data/extracted/output-0510/alfworld/agentmark/deepseek/run_3/ID/task_002/evaluation_report.json,rank,AsymAgentMark-TK top-10 rank,0,0,0,0,1,0,,False,insufficient_packets
alfworld,agentmark,deepseek,ID,3,003,11001101,8,2025,/Users/local/AgentMarkBeta/实验数据/remote_data/extracted/output-0510/alfworld/agentmark/deepseek/run_3/ID/task_003/evaluation_report.json,agentmark,AgentMark-F exact probabilities,41,41,0,17,0,0,11001101,True,
alfworld,agentmark,deepseek,ID,3,003,11001101,8,2025,/Users/local/AgentMarkBeta/实验数据/remote_data/extracted/output-0510/alfworld/agentmark/deepseek/run_3/ID/task_003/evaluation_report.json,agentmark_rank_only,AgentMark-F rank-only linear top-10 surrogate,20,20,0,7,10,0,01111001,False,payload_mismatch
alfworld,agentmark,deepseek,ID,3,003,11001101,8,2025,/Users/local/AgentMarkBeta/实验数据/remote_data/extracted/output-0510/alfworld/agentmark/deepseek/run_3/ID/task_003/evaluation_report.json,rank,AsymAgentMark-TK top-10 rank,7,7,0,4,13,0,,False,insufficient_packets
alfworld,agentmark,deepseek,ID,3,004,11001101,8,2025,/Users/local/AgentMarkBeta/实验数据/remote_data/extracted/output-0510/alfworld/agentmark/deepseek/run_3/ID/task_004/evaluation_report.json,agentmark,AgentMark-F exact probabilities,33,33,0,15,0,0,11001101,True,
alfworld,agentmark,deepseek,ID,3,004,11001101,8,2025,/Users/local/AgentMarkBeta/实验数据/remote_data/extracted/output-0510/alfworld/agentmark/deepseek/run_3/ID/task_004/evaluation_report.json,agentmark_rank_only,AgentMark-F rank-only linear top-10 surrogate,12,12,0,5,10,0,11001101,True,
alfworld,agentmark,deepseek,ID,3,004,11001101,8,2025,/Users/local/AgentMarkBeta/实验数据/remote_data/extracted/output-0510/alfworld/agentmark/deepseek/run_3/ID/task_004/evaluation_report.json,rank,AsymAgentMark-TK top-10 rank,10,10,0,6,9,0,00000100,False,payload_mismatch
alfworld,agentmark,deepseek,ID,3,005,11001101,8,2025,/Users/local/AgentMarkBeta/实验数据/remote_data/extracted/output-0510/alfworld/agentmark/deepseek/run_3/ID/task_005/evaluation_report.json,agentmark,AgentMark-F exact probabilities,19,19,0,9,0,0,11001101,True,
alfworld,agentmark,deepseek,ID,3,005,11001101,8,2025,/Users/local/AgentMarkBeta/实验数据/remote_data/extracted/output-0510/alfworld/agentmark/deepseek/run_3/ID/task_005/evaluation_report.json,agentmark_rank_only,AgentMark-F rank-only linear top-10 surrogate,10,10,0,4,5,0,10101100,False,payload_mismatch
alfworld,agentmark,deepseek,ID,3,005,11001101,8,2025,/Users/local/AgentMarkBeta/实验数据/remote_data/extracted/output-0510/alfworld/agentmark/deepseek/run_3/ID/task_005/evaluation_report.json,rank,AsymAgentMark-TK top-10 rank,3,3,0,2,7,0,,False,insufficient_packets
alfworld,agentmark,deepseek,ID,3,006,11001101,8,2025,/Users/local/AgentMarkBeta/实验数据/remote_data/extracted/output-0510/alfworld/agentmark/deepseek/run_3/ID/task_006/evaluation_report.json,agentmark,AgentMark-F exact probabilities,9,9,0,4,0,0,11001101,True,
alfworld,agentmark,deepseek,ID,3,006,11001101,8,2025,/Users/local/AgentMarkBeta/实验数据/remote_data/extracted/output-0510/alfworld/agentmark/deepseek/run_3/ID/task_006/evaluation_report.json,agentmark_rank_only,AgentMark-F rank-only linear top-10 surrogate,6,6,0,2,2,0,,False,insufficient_packets
alfworld,agentmark,deepseek,ID,3,006,11001101,8,2025,/Users/local/AgentMarkBeta/实验数据/remote_data/extracted/output-0510/alfworld/agentmark/deepseek/run_3/ID/task_006/evaluation_report.json,rank,AsymAgentMark-TK top-10 rank,0,0,0,0,4,0,,False,insufficient_packets
alfworld,agentmark,deepseek,ID,3,007,11001101,8,2025,/Users/local/AgentMarkBeta/实验数据/remote_data/extracted/output-0510/alfworld/agentmark/deepseek/run_3/ID/task_007/evaluation_report.json,agentmark,AgentMark-F exact probabilities,30,30,0,13,0,0,11001101,True,
alfworld,agentmark,deepseek,ID,3,007,11001101,8,2025,/Users/local/AgentMarkBeta/实验数据/remote_data/extracted/output-0510/alfworld/agentmark/deepseek/run_3/ID/task_007/evaluation_report.json,agentmark_rank_only,AgentMark-F rank-only linear top-10 surrogate,13,13,0,5,8,0,10011101,False,payload_mismatch
alfworld,agentmark,deepseek,ID,3,007,11001101,8,2025,/Users/local/AgentMarkBeta/实验数据/remote_data/extracted/output-0510/alfworld/agentmark/deepseek/run_3/ID/task_007/evaluation_report.json,rank,AsymAgentMark-TK top-10 rank,5,5,0,3,10,0,,False,insufficient_packets
alfworld,agentmark,deepseek,ID,3,008,11001101,8,2025,/Users/local/AgentMarkBeta/实验数据/remote_data/extracted/output-0510/alfworld/agentmark/deepseek/run_3/ID/task_008/evaluation_report.json,agentmark,AgentMark-F exact probabilities,0,0,0,0,0,0,,False,insufficient_packets
alfworld,agentmark,deepseek,ID,3,008,11001101,8,2025,/Users/local/AgentMarkBeta/实验数据/remote_data/extracted/output-0510/alfworld/agentmark/deepseek/run_3/ID/task_008/evaluation_report.json,agentmark_rank_only,AgentMark-F rank-only linear top-10 surrogate,0,0,0,0,0,0,,False,insufficient_packets
alfworld,agentmark,deepseek,ID,3,008,11001101,8,2025,/Users/local/AgentMarkBeta/实验数据/remote_data/extracted/output-0510/alfworld/agentmark/deepseek/run_3/ID/task_008/evaluation_report.json,rank,AsymAgentMark-TK top-10 rank,0,0,0,0,0,0,,False,insufficient_packets
alfworld,agentmark,deepseek,ID,3,009,11001101,8,2025,/Users/local/AgentMarkBeta/实验数据/remote_data/extracted/output-0510/alfworld/agentmark/deepseek/run_3/ID/task_009/evaluation_report.json,agentmark,AgentMark-F exact probabilities,3,3,0,2,0,0,,False,insufficient_packets
alfworld,agentmark,deepseek,ID,3,009,11001101,8,2025,/Users/local/AgentMarkBeta/实验数据/remote_data/extracted/output-0510/alfworld/agentmark/deepseek/run_3/ID/task_009/evaluation_report.json,agentmark_rank_only,AgentMark-F rank-only linear top-10 surrogate,0,0,0,0,2,0,,False,insufficient_packets
alfworld,agentmark,deepseek,ID,3,009,11001101,8,2025,/Users/local/AgentMarkBeta/实验数据/remote_data/extracted/output-0510/alfworld/agentmark/deepseek/run_3/ID/task_009/evaluation_report.json,rank,AsymAgentMark-TK top-10 rank,0,0,0,0,2,0,,False,insufficient_packets
alfworld,agentmark,deepseek,ID,3,010,11001101,8,2025,/Users/local/AgentMarkBeta/实验数据/remote_data/extracted/output-0510/alfworld/agentmark/deepseek/run_3/ID/task_010/evaluation_report.json,agentmark,AgentMark-F exact probabilities,7,7,0,4,0,0,,False,insufficient_packets
alfworld,agentmark,deepseek,ID,3,010,11001101,8,2025,/Users/local/AgentMarkBeta/实验数据/remote_data/extracted/output-0510/alfworld/agentmark/deepseek/run_3/ID/task_010/evaluation_report.json,agentmark_rank_only,AgentMark-F rank-only linear top-10 surrogate,5,5,0,2,2,0,,False,insufficient_packets
alfworld,agentmark,deepseek,ID,3,010,11001101,8,2025,/Users/local/AgentMarkBeta/实验数据/remote_data/extracted/output-0510/alfworld/agentmark/deepseek/run_3/ID/task_010/evaluation_report.json,rank,AsymAgentMark-TK top-10 rank,1,1,0,1,3,0,,False,insufficient_packets
alfworld,agentmark,deepseek,ID,3,011,11001101,8,2025,/Users/local/AgentMarkBeta/实验数据/remote_data/extracted/output-0510/alfworld/agentmark/deepseek/run_3/ID/task_011/evaluation_report.json,agentmark,AgentMark-F exact probabilities,18,18,0,9,0,0,11001101,True,
alfworld,agentmark,deepseek,ID,3,011,11001101,8,2025,/Users/local/AgentMarkBeta/实验数据/remote_data/extracted/output-0510/alfworld/agentmark/deepseek/run_3/ID/task_011/evaluation_report.json,agentmark_rank_only,AgentMark-F rank-only linear top-10 surrogate,9,9,0,4,5,0,01111010,False,payload_mismatch
alfworld,agentmark,deepseek,ID,3,011,11001101,8,2025,/Users/local/AgentMarkBeta/实验数据/remote_data/extracted/output-0510/alfworld/agentmark/deepseek/run_3/ID/task_011/evaluation_report.json,rank,AsymAgentMark-TK top-10 rank,6,6,0,4,5,0,,False,insufficient_packets
alfworld,agentmark,deepseek,ID,3,012,11001101,8,2025,/Users/local/AgentMarkBeta/实验数据/remote_data/extracted/output-0510/alfworld/agentmark/deepseek/run_3/ID/task_012/evaluation_report.json,agentmark,AgentMark-F exact probabilities,16,16,0,5,0,0,11001101,True,
alfworld,agentmark,deepseek,ID,3,012,11001101,8,2025,/Users/local/AgentMarkBeta/实验数据/remote_data/extracted/output-0510/alfworld/agentmark/deepseek/run_3/ID/task_012/evaluation_report.json,agentmark_rank_only,AgentMark-F rank-only linear top-10 surrogate,2,2,0,1,4,0,,False,insufficient_packets
alfworld,agentmark,deepseek,ID,3,012,11001101,8,2025,/Users/local/AgentMarkBeta/实验数据/remote_data/extracted/output-0510/alfworld/agentmark/deepseek/run_3/ID/task_012/evaluation_report.json,rank,AsymAgentMark-TK top-10 rank,3,3,0,1,4,0,,False,insufficient_packets
alfworld,agentmark,deepseek,ID,3,013,11001101,8,2025,/Users/local/AgentMarkBeta/实验数据/remote_data/extracted/output-0510/alfworld/agentmark/deepseek/run_3/ID/task_013/evaluation_report.json,agentmark,AgentMark-F exact probabilities,12,12,0,5,0,0,11001101,True,
alfworld,agentmark,deepseek,ID,3,013,11001101,8,2025,/Users/local/AgentMarkBeta/实验数据/remote_data/extracted/output-0510/alfworld/agentmark/deepseek/run_3/ID/task_013/evaluation_report.json,agentmark_rank_only,AgentMark-F rank-only linear top-10 surrogate,12,12,0,5,0,0,00110110,False,payload_mismatch
alfworld,agentmark,deepseek,ID,3,013,11001101,8,2025,/Users/local/AgentMarkBeta/实验数据/remote_data/extracted/output-0510/alfworld/agentmark/deepseek/run_3/ID/task_013/evaluation_report.json,rank,AsymAgentMark-TK top-10 rank,0,0,0,0,5,0,,False,insufficient_packets
alfworld,agentmark,deepseek,ID,3,014,11001101,8,2025,/Users/local/AgentMarkBeta/实验数据/remote_data/extracted/output-0510/alfworld/agentmark/deepseek/run_3/ID/task_014/evaluation_report.json,agentmark,AgentMark-F exact probabilities,16,16,0,7,0,0,11001101,True,
alfworld,agentmark,deepseek,ID,3,014,11001101,8,2025,/Users/local/AgentMarkBeta/实验数据/remote_data/extracted/output-0510/alfworld/agentmark/deepseek/run_3/ID/task_014/evaluation_report.json,agentmark_rank_only,AgentMark-F rank-only linear top-10 surrogate,10,10,0,4,3,0,11001101,True,
alfworld,agentmark,deepseek,ID,3,014,11001101,8,2025,/Users/local/AgentMarkBeta/实验数据/remote_data/extracted/output-0510/alfworld/agentmark/deepseek/run_3/ID/task_014/evaluation_report.json,rank,AsymAgentMark-TK top-10 rank,4,4,0,2,5,0,,False,insufficient_packets
alfworld,agentmark,deepseek,ID,3,015,11001101,8,2025,/Users/local/AgentMarkBeta/实验数据/remote_data/extracted/output-0510/alfworld/agentmark/deepseek/run_3/ID/task_015/evaluation_report.json,agentmark,AgentMark-F exact probabilities,2,2,0,2,0,0,,False,insufficient_packets
alfworld,agentmark,deepseek,ID,3,015,11001101,8,2025,/Users/local/AgentMarkBeta/实验数据/remote_data/extracted/output-0510/alfworld/agentmark/deepseek/run_3/ID/task_015/evaluation_report.json,agentmark_rank_only,AgentMark-F rank-only linear top-10 surrogate,0,0,0,0,2,0,,False,insufficient_packets
alfworld,agentmark,deepseek,ID,3,015,11001101,8,2025,/Users/local/AgentMarkBeta/实验数据/remote_data/extracted/output-0510/alfworld/agentmark/deepseek/run_3/ID/task_015/evaluation_report.json,rank,AsymAgentMark-TK top-10 rank,0,0,0,0,2,0,,False,insufficient_packets
alfworld,agentmark,deepseek,ID,3,016,11001101,8,2025,/Users/local/AgentMarkBeta/实验数据/remote_data/extracted/output-0510/alfworld/agentmark/deepseek/run_3/ID/task_016/evaluation_report.json,agentmark,AgentMark-F exact probabilities,18,18,0,6,0,0,11001101,True,
alfworld,agentmark,deepseek,ID,3,016,11001101,8,2025,/Users/local/AgentMarkBeta/实验数据/remote_data/extracted/output-0510/alfworld/agentmark/deepseek/run_3/ID/task_016/evaluation_report.json,agentmark_rank_only,AgentMark-F rank-only linear top-10 surrogate,14,14,0,5,1,0,00101011,False,payload_mismatch
alfworld,agentmark,deepseek,ID,3,016,11001101,8,2025,/Users/local/AgentMarkBeta/实验数据/remote_data/extracted/output-0510/alfworld/agentmark/deepseek/run_3/ID/task_016/evaluation_report.json,rank,AsymAgentMark-TK top-10 rank,0,0,0,0,6,0,,False,insufficient_packets
alfworld,agentmark,deepseek,ID,3,017,11001101,8,2025,/Users/local/AgentMarkBeta/实验数据/remote_data/extracted/output-0510/alfworld/agentmark/deepseek/run_3/ID/task_017/evaluation_report.json,agentmark,AgentMark-F exact probabilities,24,24,0,11,0,0,11001101,True,
alfworld,agentmark,deepseek,ID,3,017,11001101,8,2025,/Users/local/AgentMarkBeta/实验数据/remote_data/extracted/output-0510/alfworld/agentmark/deepseek/run_3/ID/task_017/evaluation_report.json,agentmark_rank_only,AgentMark-F rank-only linear top-10 surrogate,16,16,0,7,4,0,01100100,False,payload_mismatch
alfworld,agentmark,deepseek,ID,3,017,11001101,8,2025,/Users/local/AgentMarkBeta/实验数据/remote_data/extracted/output-0510/alfworld/agentmark/deepseek/run_3/ID/task_017/evaluation_report.json,rank,AsymAgentMark-TK top-10 rank,1,1,0,1,10,0,,False,insufficient_packets
alfworld,agentmark,deepseek,ID,3,018,11001101,8,2025,/Users/local/AgentMarkBeta/实验数据/remote_data/extracted/output-0510/alfworld/agentmark/deepseek/run_3/ID/task_018/evaluation_report.json,agentmark,AgentMark-F exact probabilities,23,23,0,10,0,0,11001101,True,
alfworld,agentmark,deepseek,ID,3,018,11001101,8,2025,/Users/local/AgentMarkBeta/实验数据/remote_data/extracted/output-0510/alfworld/agentmark/deepseek/run_3/ID/task_018/evaluation_report.json,agentmark_rank_only,AgentMark-F rank-only linear top-10 surrogate,11,11,0,4,6,0,11110011,False,payload_mismatch
alfworld,agentmark,deepseek,ID,3,018,11001101,8,2025,/Users/local/AgentMarkBeta/实验数据/remote_data/extracted/output-0510/alfworld/agentmark/deepseek/run_3/ID/task_018/evaluation_report.json,rank,AsymAgentMark-TK top-10 rank,0,0,0,0,10,0,,False,insufficient_packets
alfworld,agentmark,deepseek,ID,3,019,11001101,8,2025,/Users/local/AgentMarkBeta/实验数据/remote_data/extracted/output-0510/alfworld/agentmark/deepseek/run_3/ID/task_019/evaluation_report.json,agentmark,AgentMark-F exact probabilities,2,2,0,1,0,0,,False,insufficient_packets
alfworld,agentmark,deepseek,ID,3,019,11001101,8,2025,/Users/local/AgentMarkBeta/实验数据/remote_data/extracted/output-0510/alfworld/agentmark/deepseek/run_3/ID/task_019/evaluation_report.json,agentmark_rank_only,AgentMark-F rank-only linear top-10 surrogate,2,2,0,1,0,0,,False,insufficient_packets
alfworld,agentmark,deepseek,ID,3,019,11001101,8,2025,/Users/local/AgentMarkBeta/实验数据/remote_data/extracted/output-0510/alfworld/agentmark/deepseek/run_3/ID/task_019/evaluation_report.json,rank,AsymAgentMark-TK top-10 rank,0,0,0,0,1,0,,False,insufficient_packets
alfworld,agentmark,deepseek,ID,3,020,11001101,8,2025,/Users/local/AgentMarkBeta/实验数据/remote_data/extracted/output-0510/alfworld/agentmark/deepseek/run_3/ID/task_020/evaluation_report.json,agentmark,AgentMark-F exact probabilities,6,6,0,2,0,0,,False,insufficient_packets
alfworld,agentmark,deepseek,ID,3,020,11001101,8,2025,/Users/local/AgentMarkBeta/实验数据/remote_data/extracted/output-0510/alfworld/agentmark/deepseek/run_3/ID/task_020/evaluation_report.json,agentmark_rank_only,AgentMark-F rank-only linear top-10 surrogate,3,3,0,1,1,0,,False,insufficient_packets
alfworld,agentmark,deepseek,ID,3,020,11001101,8,2025,/Users/local/AgentMarkBeta/实验数据/remote_data/extracted/output-0510/alfworld/agentmark/deepseek/run_3/ID/task_020/evaluation_report.json,rank,AsymAgentMark-TK top-10 rank,0,0,0,0,2,0,,False,insufficient_packets
alfworld,agentmark,deepseek,ID,3,021,11001101,8,2025,/Users/local/AgentMarkBeta/实验数据/remote_data/extracted/output-0510/alfworld/agentmark/deepseek/run_3/ID/task_021/evaluation_report.json,agentmark,AgentMark-F exact probabilities,21,21,0,7,0,0,11001101,True,
alfworld,agentmark,deepseek,ID,3,021,11001101,8,2025,/Users/local/AgentMarkBeta/实验数据/remote_data/extracted/output-0510/alfworld/agentmark/deepseek/run_3/ID/task_021/evaluation_report.json,agentmark_rank_only,AgentMark-F rank-only linear top-10 surrogate,9,9,0,3,4,0,10010111,False,payload_mismatch
alfworld,agentmark,deepseek,ID,3,021,11001101,8,2025,/Users/local/AgentMarkBeta/实验数据/remote_data/extracted/output-0510/alfworld/agentmark/deepseek/run_3/ID/task_021/evaluation_report.json,rank,AsymAgentMark-TK top-10 rank,0,0,0,0,7,0,,False,insufficient_packets
alfworld,agentmark,deepseek,ID,3,022,11001101,8,2025,/Users/local/AgentMarkBeta/实验数据/remote_data/extracted/output-0510/alfworld/agentmark/deepseek/run_3/ID/task_022/evaluation_report.json,agentmark,AgentMark-F exact probabilities,10,10,0,5,0,0,11001101,True,
alfworld,agentmark,deepseek,ID,3,022,11001101,8,2025,/Users/local/AgentMarkBeta/实验数据/remote_data/extracted/output-0510/alfworld/agentmark/deepseek/run_3/ID/task_022/evaluation_report.json,agentmark_rank_only,AgentMark-F rank-only linear top-10 surrogate,2,2,0,1,4,0,,False,insufficient_packets
alfworld,agentmark,deepseek,ID,3,022,11001101,8,2025,/Users/local/AgentMarkBeta/实验数据/remote_data/extracted/output-0510/alfworld/agentmark/deepseek/run_3/ID/task_022/evaluation_report.json,rank,AsymAgentMark-TK top-10 rank,0,0,0,0,5,0,,False,insufficient_packets
alfworld,agentmark,deepseek,ID,3,023,11001101,8,2025,/Users/local/AgentMarkBeta/实验数据/remote_data/extracted/output-0510/alfworld/agentmark/deepseek/run_3/ID/task_023/evaluation_report.json,agentmark,AgentMark-F exact probabilities,53,53,0,16,0,0,11001101,True,
alfworld,agentmark,deepseek,ID,3,023,11001101,8,2025,/Users/local/AgentMarkBeta/实验数据/remote_data/extracted/output-0510/alfworld/agentmark/deepseek/run_3/ID/task_023/evaluation_report.json,agentmark_rank_only,AgentMark-F rank-only linear top-10 surrogate,19,19,0,6,10,0,01111111,False,payload_mismatch
alfworld,agentmark,deepseek,ID,3,023,11001101,8,2025,/Users/local/AgentMarkBeta/实验数据/remote_data/extracted/output-0510/alfworld/agentmark/deepseek/run_3/ID/task_023/evaluation_report.json,rank,AsymAgentMark-TK top-10 rank,1,1,0,1,15,0,,False,insufficient_packets
alfworld,agentmark,deepseek,ID,3,024,11001101,8,2025,/Users/local/AgentMarkBeta/实验数据/remote_data/extracted/output-0510/alfworld/agentmark/deepseek/run_3/ID/task_024/evaluation_report.json,agentmark,AgentMark-F exact probabilities,11,11,0,4,0,0,11001101,True,
alfworld,agentmark,deepseek,ID,3,024,11001101,8,2025,/Users/local/AgentMarkBeta/实验数据/remote_data/extracted/output-0510/alfworld/agentmark/deepseek/run_3/ID/task_024/evaluation_report.json,agentmark_rank_only,AgentMark-F rank-only linear top-10 surrogate,7,7,0,2,2,0,,False,insufficient_packets
alfworld,agentmark,deepseek,ID,3,024,11001101,8,2025,/Users/local/AgentMarkBeta/实验数据/remote_data/extracted/output-0510/alfworld/agentmark/deepseek/run_3/ID/task_024/evaluation_report.json,rank,AsymAgentMark-TK top-10 rank,2,2,0,1,3,0,,False,insufficient_packets
alfworld,agentmark,deepseek,ID,3,025,11001101,8,2025,/Users/local/AgentMarkBeta/实验数据/remote_data/extracted/output-0510/alfworld/agentmark/deepseek/run_3/ID/task_025/evaluation_report.json,agentmark,AgentMark-F exact probabilities,12,12,0,6,0,0,11001101,True,
alfworld,agentmark,deepseek,ID,3,025,11001101,8,2025,/Users/local/AgentMarkBeta/实验数据/remote_data/extracted/output-0510/alfworld/agentmark/deepseek/run_3/ID/task_025/evaluation_report.json,agentmark_rank_only,AgentMark-F rank-only linear top-10 surrogate,10,10,0,5,1,0,10100110,False,payload_mismatch
alfworld,agentmark,deepseek,ID,3,025,11001101,8,2025,/Users/local/AgentMarkBeta/实验数据/remote_data/extracted/output-0510/alfworld/agentmark/deepseek/run_3/ID/task_025/evaluation_report.json,rank,AsymAgentMark-TK top-10 rank,0,0,0,0,6,0,,False,insufficient_packets
alfworld,agentmark,deepseek,ID,3,026,11001101,8,2025,/Users/local/AgentMarkBeta/实验数据/remote_data/extracted/output-0510/alfworld/agentmark/deepseek/run_3/ID/task_026/evaluation_report.json,agentmark,AgentMark-F exact probabilities,11,11,0,5,0,0,11001101,True,
alfworld,agentmark,deepseek,ID,3,026,11001101,8,2025,/Users/local/AgentMarkBeta/实验数据/remote_data/extracted/output-0510/alfworld/agentmark/deepseek/run_3/ID/task_026/evaluation_report.json,agentmark_rank_only,AgentMark-F rank-only linear top-10 surrogate,2,2,0,1,4,0,,False,insufficient_packets
alfworld,agentmark,deepseek,ID,3,026,11001101,8,2025,/Users/local/AgentMarkBeta/实验数据/remote_data/extracted/output-0510/alfworld/agentmark/deepseek/run_3/ID/task_026/evaluation_report.json,rank,AsymAgentMark-TK top-10 rank,4,4,0,2,3,0,,False,insufficient_packets
alfworld,agentmark,deepseek,ID,3,027,11001101,8,2025,/Users/local/AgentMarkBeta/实验数据/remote_data/extracted/output-0510/alfworld/agentmark/deepseek/run_3/ID/task_027/evaluation_report.json,agentmark,AgentMark-F exact probabilities,11,11,0,6,0,0,11001101,True,
alfworld,agentmark,deepseek,ID,3,027,11001101,8,2025,/Users/local/AgentMarkBeta/实验数据/remote_data/extracted/output-0510/alfworld/agentmark/deepseek/run_3/ID/task_027/evaluation_report.json,agentmark_rank_only,AgentMark-F rank-only linear top-10 surrogate,8,8,0,3,3,0,,False,rank_deficient
alfworld,agentmark,deepseek,ID,3,027,11001101,8,2025,/Users/local/AgentMarkBeta/实验数据/remote_data/extracted/output-0510/alfworld/agentmark/deepseek/run_3/ID/task_027/evaluation_report.json,rank,AsymAgentMark-TK top-10 rank,2,2,0,2,4,0,,False,insufficient_packets
alfworld,agentmark,deepseek,ID,3,028,11001101,8,2025,/Users/local/AgentMarkBeta/实验数据/remote_data/extracted/output-0510/alfworld/agentmark/deepseek/run_3/ID/task_028/evaluation_report.json,agentmark,AgentMark-F exact probabilities,4,4,0,2,0,0,,False,insufficient_packets
alfworld,agentmark,deepseek,ID,3,028,11001101,8,2025,/Users/local/AgentMarkBeta/实验数据/remote_data/extracted/output-0510/alfworld/agentmark/deepseek/run_3/ID/task_028/evaluation_report.json,agentmark_rank_only,AgentMark-F rank-only linear top-10 surrogate,4,4,0,2,0,0,,False,insufficient_packets
alfworld,agentmark,deepseek,ID,3,028,11001101,8,2025,/Users/local/AgentMarkBeta/实验数据/remote_data/extracted/output-0510/alfworld/agentmark/deepseek/run_3/ID/task_028/evaluation_report.json,rank,AsymAgentMark-TK top-10 rank,0,0,0,0,2,0,,False,insufficient_packets
alfworld,agentmark,deepseek,ID,3,029,11001101,8,2025,/Users/local/AgentMarkBeta/实验数据/remote_data/extracted/output-0510/alfworld/agentmark/deepseek/run_3/ID/task_029/evaluation_report.json,agentmark,AgentMark-F exact probabilities,42,42,0,15,0,0,11001101,True,
alfworld,agentmark,deepseek,ID,3,029,11001101,8,2025,/Users/local/AgentMarkBeta/实验数据/remote_data/extracted/output-0510/alfworld/agentmark/deepseek/run_3/ID/task_029/evaluation_report.json,agentmark_rank_only,AgentMark-F rank-only linear top-10 surrogate,17,17,0,6,9,0,11001000,False,payload_mismatch
alfworld,agentmark,deepseek,ID,3,029,11001101,8,2025,/Users/local/AgentMarkBeta/实验数据/remote_data/extracted/output-0510/alfworld/agentmark/deepseek/run_3/ID/task_029/evaluation_report.json,rank,AsymAgentMark-TK top-10 rank,2,2,0,2,13,0,,False,insufficient_packets
alfworld,agentmark,deepseek,ID,3,030,11001101,8,2025,/Users/local/AgentMarkBeta/实验数据/remote_data/extracted/output-0510/alfworld/agentmark/deepseek/run_3/ID/task_030/evaluation_report.json,agentmark,AgentMark-F exact probabilities,1,1,0,1,0,0,,False,insufficient_packets
alfworld,agentmark,deepseek,ID,3,030,11001101,8,2025,/Users/local/AgentMarkBeta/实验数据/remote_data/extracted/output-0510/alfworld/agentmark/deepseek/run_3/ID/task_030/evaluation_report.json,agentmark_rank_only,AgentMark-F rank-only linear top-10 surrogate,1,1,0,1,0,0,,False,insufficient_packets
alfworld,agentmark,deepseek,ID,3,030,11001101,8,2025,/Users/local/AgentMarkBeta/实验数据/remote_data/extracted/output-0510/alfworld/agentmark/deepseek/run_3/ID/task_030/evaluation_report.json,rank,AsymAgentMark-TK top-10 rank,0,0,0,0,1,0,,False,insufficient_packets
alfworld,agentmark,deepseek,ID,3,031,11001101,8,2025,/Users/local/AgentMarkBeta/实验数据/remote_data/extracted/output-0510/alfworld/agentmark/deepseek/run_3/ID/task_031/evaluation_report.json,agentmark,AgentMark-F exact probabilities,8,8,0,4,0,0,,False,rank_deficient
alfworld,agentmark,deepseek,ID,3,031,11001101,8,2025,/Users/local/AgentMarkBeta/实验数据/remote_data/extracted/output-0510/alfworld/agentmark/deepseek/run_3/ID/task_031/evaluation_report.json,agentmark_rank_only,AgentMark-F rank-only linear top-10 surrogate,6,6,0,3,1,0,,False,insufficient_packets
alfworld,agentmark,deepseek,ID,3,031,11001101,8,2025,/Users/local/AgentMarkBeta/实验数据/remote_data/extracted/output-0510/alfworld/agentmark/deepseek/run_3/ID/task_031/evaluation_report.json,rank,AsymAgentMark-TK top-10 rank,0,0,0,0,4,0,,False,insufficient_packets
alfworld,agentmark,deepseek,ID,3,032,11001101,8,2025,/Users/local/AgentMarkBeta/实验数据/remote_data/extracted/output-0510/alfworld/agentmark/deepseek/run_3/ID/task_032/evaluation_report.json,agentmark,AgentMark-F exact probabilities,3,3,0,3,0,0,,False,insufficient_packets
alfworld,agentmark,deepseek,ID,3,032,11001101,8,2025,/Users/local/AgentMarkBeta/实验数据/remote_data/extracted/output-0510/alfworld/agentmark/deepseek/run_3/ID/task_032/evaluation_report.json,agentmark_rank_only,AgentMark-F rank-only linear top-10 surrogate,0,0,0,0,3,0,,False,insufficient_packets
alfworld,agentmark,deepseek,ID,3,032,11001101,8,2025,/Users/local/AgentMarkBeta/实验数据/remote_data/extracted/output-0510/alfworld/agentmark/deepseek/run_3/ID/task_032/evaluation_report.json,rank,AsymAgentMark-TK top-10 rank,2,2,0,2,1,0,,False,insufficient_packets
alfworld,agentmark,deepseek,ID,3,033,11001101,8,2025,/Users/local/AgentMarkBeta/实验数据/remote_data/extracted/output-0510/alfworld/agentmark/deepseek/run_3/ID/task_033/evaluation_report.json,agentmark,AgentMark-F exact probabilities,2,2,0,1,0,0,,False,insufficient_packets
alfworld,agentmark,deepseek,ID,3,033,11001101,8,2025,/Users/local/AgentMarkBeta/实验数据/remote_data/extracted/output-0510/alfworld/agentmark/deepseek/run_3/ID/task_033/evaluation_report.json,agentmark_rank_only,AgentMark-F rank-only linear top-10 surrogate,2,2,0,1,0,0,,False,insufficient_packets
alfworld,agentmark,deepseek,ID,3,033,11001101,8,2025,/Users/local/AgentMarkBeta/实验数据/remote_data/extracted/output-0510/alfworld/agentmark/deepseek/run_3/ID/task_033/evaluation_report.json,rank,AsymAgentMark-TK top-10 rank,0,0,0,0,1,0,,False,insufficient_packets
alfworld,agentmark,deepseek,ID,3,034,11001101,8,2025,/Users/local/AgentMarkBeta/实验数据/remote_data/extracted/output-0510/alfworld/agentmark/deepseek/run_3/ID/task_034/evaluation_report.json,agentmark,AgentMark-F exact probabilities,8,8,0,4,0,0,,False,rank_deficient
alfworld,agentmark,deepseek,ID,3,034,11001101,8,2025,/Users/local/AgentMarkBeta/实验数据/remote_data/extracted/output-0510/alfworld/agentmark/deepseek/run_3/ID/task_034/evaluation_report.json,agentmark_rank_only,AgentMark-F rank-only linear top-10 surrogate,6,6,0,3,1,0,,False,insufficient_packets
alfworld,agentmark,deepseek,ID,3,034,11001101,8,2025,/Users/local/AgentMarkBeta/实验数据/remote_data/extracted/output-0510/alfworld/agentmark/deepseek/run_3/ID/task_034/evaluation_report.json,rank,AsymAgentMark-TK top-10 rank,2,2,0,1,3,0,,False,insufficient_packets
alfworld,agentmark,deepseek,ID,3,035,11001101,8,2025,/Users/local/AgentMarkBeta/实验数据/remote_data/extracted/output-0510/alfworld/agentmark/deepseek/run_3/ID/task_035/evaluation_report.json,agentmark,AgentMark-F exact probabilities,24,24,0,9,0,0,11001101,True,
alfworld,agentmark,deepseek,ID,3,035,11001101,8,2025,/Users/local/AgentMarkBeta/实验数据/remote_data/extracted/output-0510/alfworld/agentmark/deepseek/run_3/ID/task_035/evaluation_report.json,agentmark_rank_only,AgentMark-F rank-only linear top-10 surrogate,17,17,0,6,3,0,11000111,False,payload_mismatch
alfworld,agentmark,deepseek,ID,3,035,11001101,8,2025,/Users/local/AgentMarkBeta/实验数据/remote_data/extracted/output-0510/alfworld/agentmark/deepseek/run_3/ID/task_035/evaluation_report.json,rank,AsymAgentMark-TK top-10 rank,2,2,0,1,8,0,,False,insufficient_packets
alfworld,agentmark,deepseek,ID,3,036,11001101,8,2025,/Users/local/AgentMarkBeta/实验数据/remote_data/extracted/output-0510/alfworld/agentmark/deepseek/run_3/ID/task_036/evaluation_report.json,agentmark,AgentMark-F exact probabilities,12,12,0,5,0,0,11001101,True,
alfworld,agentmark,deepseek,ID,3,036,11001101,8,2025,/Users/local/AgentMarkBeta/实验数据/remote_data/extracted/output-0510/alfworld/agentmark/deepseek/run_3/ID/task_036/evaluation_report.json,agentmark_rank_only,AgentMark-F rank-only linear top-10 surrogate,9,9,0,4,1,0,11100101,False,payload_mismatch
alfworld,agentmark,deepseek,ID,3,036,11001101,8,2025,/Users/local/AgentMarkBeta/实验数据/remote_data/extracted/output-0510/alfworld/agentmark/deepseek/run_3/ID/task_036/evaluation_report.json,rank,AsymAgentMark-TK top-10 rank,5,5,0,2,3,0,,False,insufficient_packets
alfworld,agentmark,deepseek,ID,3,037,11001101,8,2025,/Users/local/AgentMarkBeta/实验数据/remote_data/extracted/output-0510/alfworld/agentmark/deepseek/run_3/ID/task_037/evaluation_report.json,agentmark,AgentMark-F exact probabilities,15,15,0,8,0,0,11001101,True,
alfworld,agentmark,deepseek,ID,3,037,11001101,8,2025,/Users/local/AgentMarkBeta/实验数据/remote_data/extracted/output-0510/alfworld/agentmark/deepseek/run_3/ID/task_037/evaluation_report.json,agentmark_rank_only,AgentMark-F rank-only linear top-10 surrogate,10,10,0,5,3,0,11001101,True,
alfworld,agentmark,deepseek,ID,3,037,11001101,8,2025,/Users/local/AgentMarkBeta/实验数据/remote_data/extracted/output-0510/alfworld/agentmark/deepseek/run_3/ID/task_037/evaluation_report.json,rank,AsymAgentMark-TK top-10 rank,2,2,0,2,6,0,,False,insufficient_packets
alfworld,agentmark,deepseek,ID,3,038,11001101,8,2025,/Users/local/AgentMarkBeta/实验数据/remote_data/extracted/output-0510/alfworld/agentmark/deepseek/run_3/ID/task_038/evaluation_report.json,agentmark,AgentMark-F exact probabilities,6,6,0,3,0,0,,False,insufficient_packets
alfworld,agentmark,deepseek,ID,3,038,11001101,8,2025,/Users/local/AgentMarkBeta/实验数据/remote_data/extracted/output-0510/alfworld/agentmark/deepseek/run_3/ID/task_038/evaluation_report.json,agentmark_rank_only,AgentMark-F rank-only linear top-10 surrogate,4,4,0,2,1,0,,False,insufficient_packets
alfworld,agentmark,deepseek,ID,3,038,11001101,8,2025,/Users/local/AgentMarkBeta/实验数据/remote_data/extracted/output-0510/alfworld/agentmark/deepseek/run_3/ID/task_038/evaluation_report.json,rank,AsymAgentMark-TK top-10 rank,2,2,0,1,2,0,,False,insufficient_packets
alfworld,agentmark,deepseek,ID,3,039,11001101,8,2025,/Users/local/AgentMarkBeta/实验数据/remote_data/extracted/output-0510/alfworld/agentmark/deepseek/run_3/ID/task_039/evaluation_report.json,agentmark,AgentMark-F exact probabilities,13,13,0,6,0,0,11001101,True,
alfworld,agentmark,deepseek,ID,3,039,11001101,8,2025,/Users/local/AgentMarkBeta/实验数据/remote_data/extracted/output-0510/alfworld/agentmark/deepseek/run_3/ID/task_039/evaluation_report.json,agentmark_rank_only,AgentMark-F rank-only linear top-10 surrogate,9,9,0,4,2,0,01111100,False,payload_mismatch
alfworld,agentmark,deepseek,ID,3,039,11001101,8,2025,/Users/local/AgentMarkBeta/实验数据/remote_data/extracted/output-0510/alfworld/agentmark/deepseek/run_3/ID/task_039/evaluation_report.json,rank,AsymAgentMark-TK top-10 rank,3,3,0,2,4,0,,False,insufficient_packets
alfworld,agentmark,deepseek,ID,3,040,11001101,8,2025,/Users/local/AgentMarkBeta/实验数据/remote_data/extracted/output-0510/alfworld/agentmark/deepseek/run_3/ID/task_040/evaluation_report.json,agentmark,AgentMark-F exact probabilities,1,1,0,1,0,0,,False,insufficient_packets
alfworld,agentmark,deepseek,ID,3,040,11001101,8,2025,/Users/local/AgentMarkBeta/实验数据/remote_data/extracted/output-0510/alfworld/agentmark/deepseek/run_3/ID/task_040/evaluation_report.json,agentmark_rank_only,AgentMark-F rank-only linear top-10 surrogate,0,0,0,0,1,0,,False,insufficient_packets
alfworld,agentmark,deepseek,ID,3,040,11001101,8,2025,/Users/local/AgentMarkBeta/实验数据/remote_data/extracted/output-0510/alfworld/agentmark/deepseek/run_3/ID/task_040/evaluation_report.json,rank,AsymAgentMark-TK top-10 rank,1,1,0,1,0,0,,False,insufficient_packets
alfworld,agentmark,deepseek,ID,3,041,11001101,8,2025,/Users/local/AgentMarkBeta/实验数据/remote_data/extracted/output-0510/alfworld/agentmark/deepseek/run_3/ID/task_041/evaluation_report.json,agentmark,AgentMark-F exact probabilities,5,5,0,2,0,0,,False,insufficient_packets
alfworld,agentmark,deepseek,ID,3,041,11001101,8,2025,/Users/local/AgentMarkBeta/实验数据/remote_data/extracted/output-0510/alfworld/agentmark/deepseek/run_3/ID/task_041/evaluation_report.json,agentmark_rank_only,AgentMark-F rank-only linear top-10 surrogate,2,2,0,1,1,0,,False,insufficient_packets
alfworld,agentmark,deepseek,ID,3,041,11001101,8,2025,/Users/local/AgentMarkBeta/实验数据/remote_data/extracted/output-0510/alfworld/agentmark/deepseek/run_3/ID/task_041/evaluation_report.json,rank,AsymAgentMark-TK top-10 rank,0,0,0,0,2,0,,False,insufficient_packets
alfworld,agentmark,deepseek,ID,3,042,11001101,8,2025,/Users/local/AgentMarkBeta/实验数据/remote_data/extracted/output-0510/alfworld/agentmark/deepseek/run_3/ID/task_042/evaluation_report.json,agentmark,AgentMark-F exact probabilities,1,1,0,1,0,0,,False,insufficient_packets
alfworld,agentmark,deepseek,ID,3,042,11001101,8,2025,/Users/local/AgentMarkBeta/实验数据/remote_data/extracted/output-0510/alfworld/agentmark/deepseek/run_3/ID/task_042/evaluation_report.json,agentmark_rank_only,AgentMark-F rank-only linear top-10 surrogate,0,0,0,0,1,0,,False,insufficient_packets
alfworld,agentmark,deepseek,ID,3,042,11001101,8,2025,/Users/local/AgentMarkBeta/实验数据/remote_data/extracted/output-0510/alfworld/agentmark/deepseek/run_3/ID/task_042/evaluation_report.json,rank,AsymAgentMark-TK top-10 rank,0,0,0,0,1,0,,False,insufficient_packets
alfworld,agentmark,deepseek,ID,3,043,11001101,8,2025,/Users/local/AgentMarkBeta/实验数据/remote_data/extracted/output-0510/alfworld/agentmark/deepseek/run_3/ID/task_043/evaluation_report.json,agentmark,AgentMark-F exact probabilities,7,7,0,3,0,0,,False,insufficient_packets
alfworld,agentmark,deepseek,ID,3,043,11001101,8,2025,/Users/local/AgentMarkBeta/实验数据/remote_data/extracted/output-0510/alfworld/agentmark/deepseek/run_3/ID/task_043/evaluation_report.json,agentmark_rank_only,AgentMark-F rank-only linear top-10 surrogate,0,0,0,0,3,0,,False,insufficient_packets
alfworld,agentmark,deepseek,ID,3,043,11001101,8,2025,/Users/local/AgentMarkBeta/实验数据/remote_data/extracted/output-0510/alfworld/agentmark/deepseek/run_3/ID/task_043/evaluation_report.json,rank,AsymAgentMark-TK top-10 rank,1,1,0,1,2,0,,False,insufficient_packets
alfworld,agentmark,deepseek,ID,3,044,11001101,8,2025,/Users/local/AgentMarkBeta/实验数据/remote_data/extracted/output-0510/alfworld/agentmark/deepseek/run_3/ID/task_044/evaluation_report.json,agentmark,AgentMark-F exact probabilities,10,10,0,5,0,0,11001101,True,
alfworld,agentmark,deepseek,ID,3,044,11001101,8,2025,/Users/local/AgentMarkBeta/实验数据/remote_data/extracted/output-0510/alfworld/agentmark/deepseek/run_3/ID/task_044/evaluation_report.json,agentmark_rank_only,AgentMark-F rank-only linear top-10 surrogate,4,4,0,2,3,0,,False,insufficient_packets
alfworld,agentmark,deepseek,ID,3,044,11001101,8,2025,/Users/local/AgentMarkBeta/实验数据/remote_data/extracted/output-0510/alfworld/agentmark/deepseek/run_3/ID/task_044/evaluation_report.json,rank,AsymAgentMark-TK top-10 rank,5,5,0,3,2,0,,False,insufficient_packets
alfworld,agentmark,deepseek,ID,3,045,11001101,8,2025,/Users/local/AgentMarkBeta/实验数据/remote_data/extracted/output-0510/alfworld/agentmark/deepseek/run_3/ID/task_045/evaluation_report.json,agentmark,AgentMark-F exact probabilities,5,5,0,3,0,0,,False,insufficient_packets
alfworld,agentmark,deepseek,ID,3,045,11001101,8,2025,/Users/local/AgentMarkBeta/实验数据/remote_data/extracted/output-0510/alfworld/agentmark/deepseek/run_3/ID/task_045/evaluation_report.json,agentmark_rank_only,AgentMark-F rank-only linear top-10 surrogate,2,2,0,1,2,0,,False,insufficient_packets
alfworld,agentmark,deepseek,ID,3,045,11001101,8,2025,/Users/local/AgentMarkBeta/实验数据/remote_data/extracted/output-0510/alfworld/agentmark/deepseek/run_3/ID/task_045/evaluation_report.json,rank,AsymAgentMark-TK top-10 rank,1,1,0,1,2,0,,False,insufficient_packets
alfworld,agentmark,deepseek,ID,3,046,11001101,8,2025,/Users/local/AgentMarkBeta/实验数据/remote_data/extracted/output-0510/alfworld/agentmark/deepseek/run_3/ID/task_046/evaluation_report.json,agentmark,AgentMark-F exact probabilities,39,39,0,18,0,0,11001101,True,
alfworld,agentmark,deepseek,ID,3,046,11001101,8,2025,/Users/local/AgentMarkBeta/实验数据/remote_data/extracted/output-0510/alfworld/agentmark/deepseek/run_3/ID/task_046/evaluation_report.json,agentmark_rank_only,AgentMark-F rank-only linear top-10 surrogate,17,17,0,6,12,0,10111011,False,payload_mismatch
alfworld,agentmark,deepseek,ID,3,046,11001101,8,2025,/Users/local/AgentMarkBeta/实验数据/remote_data/extracted/output-0510/alfworld/agentmark/deepseek/run_3/ID/task_046/evaluation_report.json,rank,AsymAgentMark-TK top-10 rank,4,4,0,4,14,0,,False,insufficient_packets
alfworld,agentmark,deepseek,ID,3,047,11001101,8,2025,/Users/local/AgentMarkBeta/实验数据/remote_data/extracted/output-0510/alfworld/agentmark/deepseek/run_3/ID/task_047/evaluation_report.json,agentmark,AgentMark-F exact probabilities,43,43,0,15,0,0,11001101,True,
alfworld,agentmark,deepseek,ID,3,047,11001101,8,2025,/Users/local/AgentMarkBeta/实验数据/remote_data/extracted/output-0510/alfworld/agentmark/deepseek/run_3/ID/task_047/evaluation_report.json,agentmark_rank_only,AgentMark-F rank-only linear top-10 surrogate,28,28,0,9,6,0,00011111,False,payload_mismatch
alfworld,agentmark,deepseek,ID,3,047,11001101,8,2025,/Users/local/AgentMarkBeta/实验数据/remote_data/extracted/output-0510/alfworld/agentmark/deepseek/run_3/ID/task_047/evaluation_report.json,rank,AsymAgentMark-TK top-10 rank,4,4,0,3,12,0,,False,insufficient_packets
alfworld,agentmark,deepseek,ID,3,048,11001101,8,2025,/Users/local/AgentMarkBeta/实验数据/remote_data/extracted/output-0510/alfworld/agentmark/deepseek/run_3/ID/task_048/evaluation_report.json,agentmark,AgentMark-F exact probabilities,11,11,0,5,0,0,11001101,True,
alfworld,agentmark,deepseek,ID,3,048,11001101,8,2025,/Users/local/AgentMarkBeta/实验数据/remote_data/extracted/output-0510/alfworld/agentmark/deepseek/run_3/ID/task_048/evaluation_report.json,agentmark_rank_only,AgentMark-F rank-only linear top-10 surrogate,3,3,0,1,4,0,,False,insufficient_packets
alfworld,agentmark,deepseek,ID,3,048,11001101,8,2025,/Users/local/AgentMarkBeta/实验数据/remote_data/extracted/output-0510/alfworld/agentmark/deepseek/run_3/ID/task_048/evaluation_report.json,rank,AsymAgentMark-TK top-10 rank,1,1,0,1,4,0,,False,insufficient_packets
alfworld,agentmark,deepseek,ID,3,049,11001101,8,2025,/Users/local/AgentMarkBeta/实验数据/remote_data/extracted/output-0510/alfworld/agentmark/deepseek/run_3/ID/task_049/evaluation_report.json,agentmark,AgentMark-F exact probabilities,1,1,0,1,0,0,,False,insufficient_packets
alfworld,agentmark,deepseek,ID,3,049,11001101,8,2025,/Users/local/AgentMarkBeta/实验数据/remote_data/extracted/output-0510/alfworld/agentmark/deepseek/run_3/ID/task_049/evaluation_report.json,agentmark_rank_only,AgentMark-F rank-only linear top-10 surrogate,0,0,0,0,1,0,,False,insufficient_packets
alfworld,agentmark,deepseek,ID,3,049,11001101,8,2025,/Users/local/AgentMarkBeta/实验数据/remote_data/extracted/output-0510/alfworld/agentmark/deepseek/run_3/ID/task_049/evaluation_report.json,rank,AsymAgentMark-TK top-10 rank,1,1,0,1,0,0,,False,insufficient_packets
alfworld,agentmark,deepseek,ID,3,050,11001101,8,2025,/Users/local/AgentMarkBeta/实验数据/remote_data/extracted/output-0510/alfworld/agentmark/deepseek/run_3/ID/task_050/evaluation_report.json,agentmark,AgentMark-F exact probabilities,3,3,0,2,0,0,,False,insufficient_packets
alfworld,agentmark,deepseek,ID,3,050,11001101,8,2025,/Users/local/AgentMarkBeta/实验数据/remote_data/extracted/output-0510/alfworld/agentmark/deepseek/run_3/ID/task_050/evaluation_report.json,agentmark_rank_only,AgentMark-F rank-only linear top-10 surrogate,0,0,0,0,2,0,,False,insufficient_packets
alfworld,agentmark,deepseek,ID,3,050,11001101,8,2025,/Users/local/AgentMarkBeta/实验数据/remote_data/extracted/output-0510/alfworld/agentmark/deepseek/run_3/ID/task_050/evaluation_report.json,rank,AsymAgentMark-TK top-10 rank,0,0,0,0,2,0,,False,insufficient_packets
alfworld,agentmark,deepseek,ID,3,051,11001101,8,2025,/Users/local/AgentMarkBeta/实验数据/remote_data/extracted/output-0510/alfworld/agentmark/deepseek/run_3/ID/task_051/evaluation_report.json,agentmark,AgentMark-F exact probabilities,2,2,0,1,0,0,,False,insufficient_packets
alfworld,agentmark,deepseek,ID,3,051,11001101,8,2025,/Users/local/AgentMarkBeta/实验数据/remote_data/extracted/output-0510/alfworld/agentmark/deepseek/run_3/ID/task_051/evaluation_report.json,agentmark_rank_only,AgentMark-F rank-only linear top-10 surrogate,0,0,0,0,1,0,,False,insufficient_packets
alfworld,agentmark,deepseek,ID,3,051,11001101,8,2025,/Users/local/AgentMarkBeta/实验数据/remote_data/extracted/output-0510/alfworld/agentmark/deepseek/run_3/ID/task_051/evaluation_report.json,rank,AsymAgentMark-TK top-10 rank,0,0,0,0,1,0,,False,insufficient_packets
alfworld,agentmark,deepseek,ID,3,052,11001101,8,2025,/Users/local/AgentMarkBeta/实验数据/remote_data/extracted/output-0510/alfworld/agentmark/deepseek/run_3/ID/task_052/evaluation_report.json,agentmark,AgentMark-F exact probabilities,40,40,0,16,0,0,11001101,True,
alfworld,agentmark,deepseek,ID,3,052,11001101,8,2025,/Users/local/AgentMarkBeta/实验数据/remote_data/extracted/output-0510/alfworld/agentmark/deepseek/run_3/ID/task_052/evaluation_report.json,agentmark_rank_only,AgentMark-F rank-only linear top-10 surrogate,32,32,0,12,4,0,10001110,False,payload_mismatch
alfworld,agentmark,deepseek,ID,3,052,11001101,8,2025,/Users/local/AgentMarkBeta/实验数据/remote_data/extracted/output-0510/alfworld/agentmark/deepseek/run_3/ID/task_052/evaluation_report.json,rank,AsymAgentMark-TK top-10 rank,7,7,0,3,13,0,,False,insufficient_packets
alfworld,agentmark,deepseek,ID,3,053,11001101,8,2025,/Users/local/AgentMarkBeta/实验数据/remote_data/extracted/output-0510/alfworld/agentmark/deepseek/run_3/ID/task_053/evaluation_report.json,agentmark,AgentMark-F exact probabilities,10,10,0,5,0,0,11001101,True,
alfworld,agentmark,deepseek,ID,3,053,11001101,8,2025,/Users/local/AgentMarkBeta/实验数据/remote_data/extracted/output-0510/alfworld/agentmark/deepseek/run_3/ID/task_053/evaluation_report.json,agentmark_rank_only,AgentMark-F rank-only linear top-10 surrogate,4,4,0,2,3,0,,False,insufficient_packets
alfworld,agentmark,deepseek,ID,3,053,11001101,8,2025,/Users/local/AgentMarkBeta/实验数据/remote_data/extracted/output-0510/alfworld/agentmark/deepseek/run_3/ID/task_053/evaluation_report.json,rank,AsymAgentMark-TK top-10 rank,1,1,0,1,4,0,,False,insufficient_packets
alfworld,agentmark,deepseek,ID,3,054,11001101,8,2025,/Users/local/AgentMarkBeta/实验数据/remote_data/extracted/output-0510/alfworld/agentmark/deepseek/run_3/ID/task_054/evaluation_report.json,agentmark,AgentMark-F exact probabilities,20,20,0,11,0,0,11001101,True,
alfworld,agentmark,deepseek,ID,3,054,11001101,8,2025,/Users/local/AgentMarkBeta/实验数据/remote_data/extracted/output-0510/alfworld/agentmark/deepseek/run_3/ID/task_054/evaluation_report.json,agentmark_rank_only,AgentMark-F rank-only linear top-10 surrogate,15,15,0,7,4,0,11111101,False,payload_mismatch
alfworld,agentmark,deepseek,ID,3,054,11001101,8,2025,/Users/local/AgentMarkBeta/实验数据/remote_data/extracted/output-0510/alfworld/agentmark/deepseek/run_3/ID/task_054/evaluation_report.json,rank,AsymAgentMark-TK top-10 rank,5,5,0,4,7,0,,False,insufficient_packets
alfworld,agentmark,deepseek,ID,3,055,11001101,8,2025,/Users/local/AgentMarkBeta/实验数据/remote_data/extracted/output-0510/alfworld/agentmark/deepseek/run_3/ID/task_055/evaluation_report.json,agentmark,AgentMark-F exact probabilities,22,22,0,11,0,0,11001101,True,
alfworld,agentmark,deepseek,ID,3,055,11001101,8,2025,/Users/local/AgentMarkBeta/实验数据/remote_data/extracted/output-0510/alfworld/agentmark/deepseek/run_3/ID/task_055/evaluation_report.json,agentmark_rank_only,AgentMark-F rank-only linear top-10 surrogate,7,7,0,3,8,0,,False,insufficient_packets
alfworld,agentmark,deepseek,ID,3,055,11001101,8,2025,/Users/local/AgentMarkBeta/实验数据/remote_data/extracted/output-0510/alfworld/agentmark/deepseek/run_3/ID/task_055/evaluation_report.json,rank,AsymAgentMark-TK top-10 rank,5,5,0,3,8,0,,False,insufficient_packets
alfworld,agentmark,deepseek,ID,3,056,11001101,8,2025,/Users/local/AgentMarkBeta/实验数据/remote_data/extracted/output-0510/alfworld/agentmark/deepseek/run_3/ID/task_056/evaluation_report.json,agentmark,AgentMark-F exact probabilities,20,20,0,10,0,0,11001101,True,
alfworld,agentmark,deepseek,ID,3,056,11001101,8,2025,/Users/local/AgentMarkBeta/实验数据/remote_data/extracted/output-0510/alfworld/agentmark/deepseek/run_3/ID/task_056/evaluation_report.json,agentmark_rank_only,AgentMark-F rank-only linear top-10 surrogate,16,16,0,7,3,0,00100100,False,payload_mismatch
alfworld,agentmark,deepseek,ID,3,056,11001101,8,2025,/Users/local/AgentMarkBeta/实验数据/remote_data/extracted/output-0510/alfworld/agentmark/deepseek/run_3/ID/task_056/evaluation_report.json,rank,AsymAgentMark-TK top-10 rank,6,6,0,5,5,0,,False,insufficient_packets
alfworld,agentmark,deepseek,ID,3,057,11001101,8,2025,/Users/local/AgentMarkBeta/实验数据/remote_data/extracted/output-0510/alfworld/agentmark/deepseek/run_3/ID/task_057/evaluation_report.json,agentmark,AgentMark-F exact probabilities,4,4,0,2,0,0,,False,insufficient_packets
alfworld,agentmark,deepseek,ID,3,057,11001101,8,2025,/Users/local/AgentMarkBeta/实验数据/remote_data/extracted/output-0510/alfworld/agentmark/deepseek/run_3/ID/task_057/evaluation_report.json,agentmark_rank_only,AgentMark-F rank-only linear top-10 surrogate,2,2,0,1,1,0,,False,insufficient_packets
alfworld,agentmark,deepseek,ID,3,057,11001101,8,2025,/Users/local/AgentMarkBeta/实验数据/remote_data/extracted/output-0510/alfworld/agentmark/deepseek/run_3/ID/task_057/evaluation_report.json,rank,AsymAgentMark-TK top-10 rank,2,2,0,1,1,0,,False,insufficient_packets
alfworld,agentmark,deepseek,ID,3,058,11001101,8,2025,/Users/local/AgentMarkBeta/实验数据/remote_data/extracted/output-0510/alfworld/agentmark/deepseek/run_3/ID/task_058/evaluation_report.json,agentmark,AgentMark-F exact probabilities,61,61,0,23,0,0,11001101,True,
alfworld,agentmark,deepseek,ID,3,058,11001101,8,2025,/Users/local/AgentMarkBeta/实验数据/remote_data/extracted/output-0510/alfworld/agentmark/deepseek/run_3/ID/task_058/evaluation_report.json,agentmark_rank_only,AgentMark-F rank-only linear top-10 surrogate,38,38,0,12,11,0,01000001,False,payload_mismatch
alfworld,agentmark,deepseek,ID,3,058,11001101,8,2025,/Users/local/AgentMarkBeta/实验数据/remote_data/extracted/output-0510/alfworld/agentmark/deepseek/run_3/ID/task_058/evaluation_report.json,rank,AsymAgentMark-TK top-10 rank,4,4,0,3,20,0,,False,insufficient_packets
alfworld,agentmark,deepseek,ID,3,059,11001101,8,2025,/Users/local/AgentMarkBeta/实验数据/remote_data/extracted/output-0510/alfworld/agentmark/deepseek/run_3/ID/task_059/evaluation_report.json,agentmark,AgentMark-F exact probabilities,12,12,0,5,0,0,11001101,True,
alfworld,agentmark,deepseek,ID,3,059,11001101,8,2025,/Users/local/AgentMarkBeta/实验数据/remote_data/extracted/output-0510/alfworld/agentmark/deepseek/run_3/ID/task_059/evaluation_report.json,agentmark_rank_only,AgentMark-F rank-only linear top-10 surrogate,3,3,0,1,4,0,,False,insufficient_packets
alfworld,agentmark,deepseek,ID,3,059,11001101,8,2025,/Users/local/AgentMarkBeta/实验数据/remote_data/extracted/output-0510/alfworld/agentmark/deepseek/run_3/ID/task_059/evaluation_report.json,rank,AsymAgentMark-TK top-10 rank,1,1,0,1,4,0,,False,insufficient_packets
alfworld,agentmark,deepseek,ID,3,060,11001101,8,2025,/Users/local/AgentMarkBeta/实验数据/remote_data/extracted/output-0510/alfworld/agentmark/deepseek/run_3/ID/task_060/evaluation_report.json,agentmark,AgentMark-F exact probabilities,60,60,0,23,0,0,11001101,True,
alfworld,agentmark,deepseek,ID,3,060,11001101,8,2025,/Users/local/AgentMarkBeta/实验数据/remote_data/extracted/output-0510/alfworld/agentmark/deepseek/run_3/ID/task_060/evaluation_report.json,agentmark_rank_only,AgentMark-F rank-only linear top-10 surrogate,31,31,0,11,12,0,01110011,False,payload_mismatch
alfworld,agentmark,deepseek,ID,3,060,11001101,8,2025,/Users/local/AgentMarkBeta/实验数据/remote_data/extracted/output-0510/alfworld/agentmark/deepseek/run_3/ID/task_060/evaluation_report.json,rank,AsymAgentMark-TK top-10 rank,6,6,0,4,19,0,,False,insufficient_packets
alfworld,agentmark,deepseek,ID,3,061,11001101,8,2025,/Users/local/AgentMarkBeta/实验数据/remote_data/extracted/output-0510/alfworld/agentmark/deepseek/run_3/ID/task_061/evaluation_report.json,agentmark,AgentMark-F exact probabilities,16,16,0,7,0,0,11001101,True,
alfworld,agentmark,deepseek,ID,3,061,11001101,8,2025,/Users/local/AgentMarkBeta/实验数据/remote_data/extracted/output-0510/alfworld/agentmark/deepseek/run_3/ID/task_061/evaluation_report.json,agentmark_rank_only,AgentMark-F rank-only linear top-10 surrogate,10,10,0,4,3,0,10000101,False,payload_mismatch
alfworld,agentmark,deepseek,ID,3,061,11001101,8,2025,/Users/local/AgentMarkBeta/实验数据/remote_data/extracted/output-0510/alfworld/agentmark/deepseek/run_3/ID/task_061/evaluation_report.json,rank,AsymAgentMark-TK top-10 rank,3,3,0,2,5,0,,False,insufficient_packets
alfworld,agentmark,deepseek,ID,3,062,11001101,8,2025,/Users/local/AgentMarkBeta/实验数据/remote_data/extracted/output-0510/alfworld/agentmark/deepseek/run_3/ID/task_062/evaluation_report.json,agentmark,AgentMark-F exact probabilities,3,3,0,1,0,0,,False,insufficient_packets
alfworld,agentmark,deepseek,ID,3,062,11001101,8,2025,/Users/local/AgentMarkBeta/实验数据/remote_data/extracted/output-0510/alfworld/agentmark/deepseek/run_3/ID/task_062/evaluation_report.json,agentmark_rank_only,AgentMark-F rank-only linear top-10 surrogate,3,3,0,1,0,0,,False,insufficient_packets
alfworld,agentmark,deepseek,ID,3,062,11001101,8,2025,/Users/local/AgentMarkBeta/实验数据/remote_data/extracted/output-0510/alfworld/agentmark/deepseek/run_3/ID/task_062/evaluation_report.json,rank,AsymAgentMark-TK top-10 rank,0,0,0,0,1,0,,False,insufficient_packets
alfworld,agentmark,deepseek,ID,3,063,11001101,8,2025,/Users/local/AgentMarkBeta/实验数据/remote_data/extracted/output-0510/alfworld/agentmark/deepseek/run_3/ID/task_063/evaluation_report.json,agentmark,AgentMark-F exact probabilities,0,0,0,0,0,0,,False,insufficient_packets
alfworld,agentmark,deepseek,ID,3,063,11001101,8,2025,/Users/local/AgentMarkBeta/实验数据/remote_data/extracted/output-0510/alfworld/agentmark/deepseek/run_3/ID/task_063/evaluation_report.json,agentmark_rank_only,AgentMark-F rank-only linear top-10 surrogate,0,0,0,0,0,0,,False,insufficient_packets
alfworld,agentmark,deepseek,ID,3,063,11001101,8,2025,/Users/local/AgentMarkBeta/实验数据/remote_data/extracted/output-0510/alfworld/agentmark/deepseek/run_3/ID/task_063/evaluation_report.json,rank,AsymAgentMark-TK top-10 rank,0,0,0,0,0,0,,False,insufficient_packets
alfworld,agentmark,deepseek,ID,3,064,11001101,8,2025,/Users/local/AgentMarkBeta/实验数据/remote_data/extracted/output-0510/alfworld/agentmark/deepseek/run_3/ID/task_064/evaluation_report.json,agentmark,AgentMark-F exact probabilities,2,2,0,2,0,0,,False,insufficient_packets
alfworld,agentmark,deepseek,ID,3,064,11001101,8,2025,/Users/local/AgentMarkBeta/实验数据/remote_data/extracted/output-0510/alfworld/agentmark/deepseek/run_3/ID/task_064/evaluation_report.json,agentmark_rank_only,AgentMark-F rank-only linear top-10 surrogate,0,0,0,0,2,0,,False,insufficient_packets
alfworld,agentmark,deepseek,ID,3,064,11001101,8,2025,/Users/local/AgentMarkBeta/实验数据/remote_data/extracted/output-0510/alfworld/agentmark/deepseek/run_3/ID/task_064/evaluation_report.json,rank,AsymAgentMark-TK top-10 rank,2,2,0,2,0,0,,False,insufficient_packets
alfworld,agentmark,deepseek,ID,3,065,11001101,8,2025,/Users/local/AgentMarkBeta/实验数据/remote_data/extracted/output-0510/alfworld/agentmark/deepseek/run_3/ID/task_065/evaluation_report.json,agentmark,AgentMark-F exact probabilities,39,39,0,16,0,0,11001101,True,
alfworld,agentmark,deepseek,ID,3,065,11001101,8,2025,/Users/local/AgentMarkBeta/实验数据/remote_data/extracted/output-0510/alfworld/agentmark/deepseek/run_3/ID/task_065/evaluation_report.json,agentmark_rank_only,AgentMark-F rank-only linear top-10 surrogate,20,20,0,8,8,0,10011001,False,payload_mismatch
alfworld,agentmark,deepseek,ID,3,065,11001101,8,2025,/Users/local/AgentMarkBeta/实验数据/remote_data/extracted/output-0510/alfworld/agentmark/deepseek/run_3/ID/task_065/evaluation_report.json,rank,AsymAgentMark-TK top-10 rank,2,2,0,2,14,0,,False,insufficient_packets
alfworld,agentmark,deepseek,ID,3,066,11001101,8,2025,/Users/local/AgentMarkBeta/实验数据/remote_data/extracted/output-0510/alfworld/agentmark/deepseek/run_3/ID/task_066/evaluation_report.json,agentmark,AgentMark-F exact probabilities,29,29,0,9,0,0,11001101,True,
alfworld,agentmark,deepseek,ID,3,066,11001101,8,2025,/Users/local/AgentMarkBeta/实验数据/remote_data/extracted/output-0510/alfworld/agentmark/deepseek/run_3/ID/task_066/evaluation_report.json,agentmark_rank_only,AgentMark-F rank-only linear top-10 surrogate,18,18,0,6,3,0,00100110,False,payload_mismatch
alfworld,agentmark,deepseek,ID,3,066,11001101,8,2025,/Users/local/AgentMarkBeta/实验数据/remote_data/extracted/output-0510/alfworld/agentmark/deepseek/run_3/ID/task_066/evaluation_report.json,rank,AsymAgentMark-TK top-10 rank,1,1,0,1,8,0,,False,insufficient_packets
alfworld,agentmark,deepseek,ID,3,067,11001101,8,2025,/Users/local/AgentMarkBeta/实验数据/remote_data/extracted/output-0510/alfworld/agentmark/deepseek/run_3/ID/task_067/evaluation_report.json,agentmark,AgentMark-F exact probabilities,9,9,0,4,0,0,11001101,True,
alfworld,agentmark,deepseek,ID,3,067,11001101,8,2025,/Users/local/AgentMarkBeta/实验数据/remote_data/extracted/output-0510/alfworld/agentmark/deepseek/run_3/ID/task_067/evaluation_report.json,agentmark_rank_only,AgentMark-F rank-only linear top-10 surrogate,6,6,0,2,2,0,,False,insufficient_packets
alfworld,agentmark,deepseek,ID,3,067,11001101,8,2025,/Users/local/AgentMarkBeta/实验数据/remote_data/extracted/output-0510/alfworld/agentmark/deepseek/run_3/ID/task_067/evaluation_report.json,rank,AsymAgentMark-TK top-10 rank,1,1,0,1,3,0,,False,insufficient_packets
alfworld,agentmark,deepseek,ID,3,068,11001101,8,2025,/Users/local/AgentMarkBeta/实验数据/remote_data/extracted/output-0510/alfworld/agentmark/deepseek/run_3/ID/task_068/evaluation_report.json,agentmark,AgentMark-F exact probabilities,35,35,0,13,0,0,11001101,True,
alfworld,agentmark,deepseek,ID,3,068,11001101,8,2025,/Users/local/AgentMarkBeta/实验数据/remote_data/extracted/output-0510/alfworld/agentmark/deepseek/run_3/ID/task_068/evaluation_report.json,agentmark_rank_only,AgentMark-F rank-only linear top-10 surrogate,20,20,0,7,6,0,00100111,False,payload_mismatch
alfworld,agentmark,deepseek,ID,3,068,11001101,8,2025,/Users/local/AgentMarkBeta/实验数据/remote_data/extracted/output-0510/alfworld/agentmark/deepseek/run_3/ID/task_068/evaluation_report.json,rank,AsymAgentMark-TK top-10 rank,5,5,0,2,11,0,,False,insufficient_packets
alfworld,agentmark,deepseek,ID,3,069,11001101,8,2025,/Users/local/AgentMarkBeta/实验数据/remote_data/extracted/output-0510/alfworld/agentmark/deepseek/run_3/ID/task_069/evaluation_report.json,agentmark,AgentMark-F exact probabilities,17,17,0,7,0,0,11001101,True,
alfworld,agentmark,deepseek,ID,3,069,11001101,8,2025,/Users/local/AgentMarkBeta/实验数据/remote_data/extracted/output-0510/alfworld/agentmark/deepseek/run_3/ID/task_069/evaluation_report.json,agentmark_rank_only,AgentMark-F rank-only linear top-10 surrogate,17,17,0,7,0,0,00000000,False,payload_mismatch
alfworld,agentmark,deepseek,ID,3,069,11001101,8,2025,/Users/local/AgentMarkBeta/实验数据/remote_data/extracted/output-0510/alfworld/agentmark/deepseek/run_3/ID/task_069/evaluation_report.json,rank,AsymAgentMark-TK top-10 rank,2,2,0,1,6,0,,False,insufficient_packets
alfworld,agentmark,deepseek,ID,3,070,11001101,8,2025,/Users/local/AgentMarkBeta/实验数据/remote_data/extracted/output-0510/alfworld/agentmark/deepseek/run_3/ID/task_070/evaluation_report.json,agentmark,AgentMark-F exact probabilities,23,23,0,10,0,0,11001101,True,
alfworld,agentmark,deepseek,ID,3,070,11001101,8,2025,/Users/local/AgentMarkBeta/实验数据/remote_data/extracted/output-0510/alfworld/agentmark/deepseek/run_3/ID/task_070/evaluation_report.json,agentmark_rank_only,AgentMark-F rank-only linear top-10 surrogate,17,17,0,7,3,0,11111010,False,payload_mismatch
alfworld,agentmark,deepseek,ID,3,070,11001101,8,2025,/Users/local/AgentMarkBeta/实验数据/remote_data/extracted/output-0510/alfworld/agentmark/deepseek/run_3/ID/task_070/evaluation_report.json,rank,AsymAgentMark-TK top-10 rank,4,4,0,2,8,0,,False,insufficient_packets
alfworld,agentmark,deepseek,ID,3,071,11001101,8,2025,/Users/local/AgentMarkBeta/实验数据/remote_data/extracted/output-0510/alfworld/agentmark/deepseek/run_3/ID/task_071/evaluation_report.json,agentmark,AgentMark-F exact probabilities,7,7,0,3,0,0,,False,insufficient_packets
alfworld,agentmark,deepseek,ID,3,071,11001101,8,2025,/Users/local/AgentMarkBeta/实验数据/remote_data/extracted/output-0510/alfworld/agentmark/deepseek/run_3/ID/task_071/evaluation_report.json,agentmark_rank_only,AgentMark-F rank-only linear top-10 surrogate,2,2,0,1,2,0,,False,insufficient_packets
alfworld,agentmark,deepseek,ID,3,071,11001101,8,2025,/Users/local/AgentMarkBeta/实验数据/remote_data/extracted/output-0510/alfworld/agentmark/deepseek/run_3/ID/task_071/evaluation_report.json,rank,AsymAgentMark-TK top-10 rank,1,1,0,1,2,0,,False,insufficient_packets
alfworld,agentmark,deepseek,ID,3,072,11001101,8,2025,/Users/local/AgentMarkBeta/实验数据/remote_data/extracted/output-0510/alfworld/agentmark/deepseek/run_3/ID/task_072/evaluation_report.json,agentmark,AgentMark-F exact probabilities,9,9,0,3,0,0,11001101,True,
alfworld,agentmark,deepseek,ID,3,072,11001101,8,2025,/Users/local/AgentMarkBeta/实验数据/remote_data/extracted/output-0510/alfworld/agentmark/deepseek/run_3/ID/task_072/evaluation_report.json,agentmark_rank_only,AgentMark-F rank-only linear top-10 surrogate,6,6,0,2,1,0,,False,insufficient_packets
alfworld,agentmark,deepseek,ID,3,072,11001101,8,2025,/Users/local/AgentMarkBeta/实验数据/remote_data/extracted/output-0510/alfworld/agentmark/deepseek/run_3/ID/task_072/evaluation_report.json,rank,AsymAgentMark-TK top-10 rank,0,0,0,0,3,0,,False,insufficient_packets
alfworld,agentmark,deepseek,ID,3,073,11001101,8,2025,/Users/local/AgentMarkBeta/实验数据/remote_data/extracted/output-0510/alfworld/agentmark/deepseek/run_3/ID/task_073/evaluation_report.json,agentmark,AgentMark-F exact probabilities,12,12,0,6,0,0,11001101,True,
alfworld,agentmark,deepseek,ID,3,073,11001101,8,2025,/Users/local/AgentMarkBeta/实验数据/remote_data/extracted/output-0510/alfworld/agentmark/deepseek/run_3/ID/task_073/evaluation_report.json,agentmark_rank_only,AgentMark-F rank-only linear top-10 surrogate,3,3,0,1,5,0,,False,insufficient_packets
alfworld,agentmark,deepseek,ID,3,073,11001101,8,2025,/Users/local/AgentMarkBeta/实验数据/remote_data/extracted/output-0510/alfworld/agentmark/deepseek/run_3/ID/task_073/evaluation_report.json,rank,AsymAgentMark-TK top-10 rank,2,2,0,2,4,0,,False,insufficient_packets
alfworld,agentmark,deepseek,ID,3,074,11001101,8,2025,/Users/local/AgentMarkBeta/实验数据/remote_data/extracted/output-0510/alfworld/agentmark/deepseek/run_3/ID/task_074/evaluation_report.json,agentmark,AgentMark-F exact probabilities,9,9,0,4,0,0,11001101,True,
alfworld,agentmark,deepseek,ID,3,074,11001101,8,2025,/Users/local/AgentMarkBeta/实验数据/remote_data/extracted/output-0510/alfworld/agentmark/deepseek/run_3/ID/task_074/evaluation_report.json,agentmark_rank_only,AgentMark-F rank-only linear top-10 surrogate,8,8,0,3,1,0,,False,rank_deficient
alfworld,agentmark,deepseek,ID,3,074,11001101,8,2025,/Users/local/AgentMarkBeta/实验数据/remote_data/extracted/output-0510/alfworld/agentmark/deepseek/run_3/ID/task_074/evaluation_report.json,rank,AsymAgentMark-TK top-10 rank,1,1,0,1,3,0,,False,insufficient_packets
alfworld,agentmark,deepseek,ID,3,075,11001101,8,2025,/Users/local/AgentMarkBeta/实验数据/remote_data/extracted/output-0510/alfworld/agentmark/deepseek/run_3/ID/task_075/evaluation_report.json,agentmark,AgentMark-F exact probabilities,63,63,0,22,0,0,11001101,True,
alfworld,agentmark,deepseek,ID,3,075,11001101,8,2025,/Users/local/AgentMarkBeta/实验数据/remote_data/extracted/output-0510/alfworld/agentmark/deepseek/run_3/ID/task_075/evaluation_report.json,agentmark_rank_only,AgentMark-F rank-only linear top-10 surrogate,41,41,0,15,7,0,01000110,False,payload_mismatch
alfworld,agentmark,deepseek,ID,3,075,11001101,8,2025,/Users/local/AgentMarkBeta/实验数据/remote_data/extracted/output-0510/alfworld/agentmark/deepseek/run_3/ID/task_075/evaluation_report.json,rank,AsymAgentMark-TK top-10 rank,6,6,0,3,19,0,,False,insufficient_packets
alfworld,agentmark,deepseek,ID,3,076,11001101,8,2025,/Users/local/AgentMarkBeta/实验数据/remote_data/extracted/output-0510/alfworld/agentmark/deepseek/run_3/ID/task_076/evaluation_report.json,agentmark,AgentMark-F exact probabilities,9,9,0,4,0,0,11001101,True,
alfworld,agentmark,deepseek,ID,3,076,11001101,8,2025,/Users/local/AgentMarkBeta/实验数据/remote_data/extracted/output-0510/alfworld/agentmark/deepseek/run_3/ID/task_076/evaluation_report.json,agentmark_rank_only,AgentMark-F rank-only linear top-10 surrogate,0,0,0,0,4,0,,False,insufficient_packets
alfworld,agentmark,deepseek,ID,3,076,11001101,8,2025,/Users/local/AgentMarkBeta/实验数据/remote_data/extracted/output-0510/alfworld/agentmark/deepseek/run_3/ID/task_076/evaluation_report.json,rank,AsymAgentMark-TK top-10 rank,3,3,0,2,2,0,,False,insufficient_packets
alfworld,agentmark,deepseek,ID,3,077,11001101,8,2025,/Users/local/AgentMarkBeta/实验数据/remote_data/extracted/output-0510/alfworld/agentmark/deepseek/run_3/ID/task_077/evaluation_report.json,agentmark,AgentMark-F exact probabilities,4,4,0,2,0,0,,False,insufficient_packets
alfworld,agentmark,deepseek,ID,3,077,11001101,8,2025,/Users/local/AgentMarkBeta/实验数据/remote_data/extracted/output-0510/alfworld/agentmark/deepseek/run_3/ID/task_077/evaluation_report.json,agentmark_rank_only,AgentMark-F rank-only linear top-10 surrogate,4,4,0,2,0,0,,False,insufficient_packets
alfworld,agentmark,deepseek,ID,3,077,11001101,8,2025,/Users/local/AgentMarkBeta/实验数据/remote_data/extracted/output-0510/alfworld/agentmark/deepseek/run_3/ID/task_077/evaluation_report.json,rank,AsymAgentMark-TK top-10 rank,0,0,0,0,2,0,,False,insufficient_packets
alfworld,agentmark,deepseek,ID,3,078,11001101,8,2025,/Users/local/AgentMarkBeta/实验数据/remote_data/extracted/output-0510/alfworld/agentmark/deepseek/run_3/ID/task_078/evaluation_report.json,agentmark,AgentMark-F exact probabilities,28,28,0,12,0,0,11001101,True,
alfworld,agentmark,deepseek,ID,3,078,11001101,8,2025,/Users/local/AgentMarkBeta/实验数据/remote_data/extracted/output-0510/alfworld/agentmark/deepseek/run_3/ID/task_078/evaluation_report.json,agentmark_rank_only,AgentMark-F rank-only linear top-10 surrogate,13,13,0,4,8,0,10101010,False,payload_mismatch
alfworld,agentmark,deepseek,ID,3,078,11001101,8,2025,/Users/local/AgentMarkBeta/实验数据/remote_data/extracted/output-0510/alfworld/agentmark/deepseek/run_3/ID/task_078/evaluation_report.json,rank,AsymAgentMark-TK top-10 rank,5,5,0,4,8,0,,False,insufficient_packets
alfworld,agentmark,deepseek,ID,3,079,11001101,8,2025,/Users/local/AgentMarkBeta/实验数据/remote_data/extracted/output-0510/alfworld/agentmark/deepseek/run_3/ID/task_079/evaluation_report.json,agentmark,AgentMark-F exact probabilities,20,20,0,8,0,0,11001101,True,
alfworld,agentmark,deepseek,ID,3,079,11001101,8,2025,/Users/local/AgentMarkBeta/实验数据/remote_data/extracted/output-0510/alfworld/agentmark/deepseek/run_3/ID/task_079/evaluation_report.json,agentmark_rank_only,AgentMark-F rank-only linear top-10 surrogate,13,13,0,5,3,0,01001111,False,payload_mismatch
alfworld,agentmark,deepseek,ID,3,079,11001101,8,2025,/Users/local/AgentMarkBeta/实验数据/remote_data/extracted/output-0510/alfworld/agentmark/deepseek/run_3/ID/task_079/evaluation_report.json,rank,AsymAgentMark-TK top-10 rank,4,4,0,2,6,0,,False,insufficient_packets
alfworld,agentmark,deepseek,ID,3,080,11001101,8,2025,/Users/local/AgentMarkBeta/实验数据/remote_data/extracted/output-0510/alfworld/agentmark/deepseek/run_3/ID/task_080/evaluation_report.json,agentmark,AgentMark-F exact probabilities,3,3,0,3,0,0,,False,insufficient_packets
alfworld,agentmark,deepseek,ID,3,080,11001101,8,2025,/Users/local/AgentMarkBeta/实验数据/remote_data/extracted/output-0510/alfworld/agentmark/deepseek/run_3/ID/task_080/evaluation_report.json,agentmark_rank_only,AgentMark-F rank-only linear top-10 surrogate,0,0,0,0,3,0,,False,insufficient_packets
alfworld,agentmark,deepseek,ID,3,080,11001101,8,2025,/Users/local/AgentMarkBeta/实验数据/remote_data/extracted/output-0510/alfworld/agentmark/deepseek/run_3/ID/task_080/evaluation_report.json,rank,AsymAgentMark-TK top-10 rank,2,2,0,2,1,0,,False,insufficient_packets
alfworld,agentmark,deepseek,ID,3,081,11001101,8,2025,/Users/local/AgentMarkBeta/实验数据/remote_data/extracted/output-0510/alfworld/agentmark/deepseek/run_3/ID/task_081/evaluation_report.json,agentmark,AgentMark-F exact probabilities,66,66,0,24,0,0,11001101,True,
alfworld,agentmark,deepseek,ID,3,081,11001101,8,2025,/Users/local/AgentMarkBeta/实验数据/remote_data/extracted/output-0510/alfworld/agentmark/deepseek/run_3/ID/task_081/evaluation_report.json,agentmark_rank_only,AgentMark-F rank-only linear top-10 surrogate,22,22,0,9,15,0,11101000,False,payload_mismatch
alfworld,agentmark,deepseek,ID,3,081,11001101,8,2025,/Users/local/AgentMarkBeta/实验数据/remote_data/extracted/output-0510/alfworld/agentmark/deepseek/run_3/ID/task_081/evaluation_report.json,rank,AsymAgentMark-TK top-10 rank,14,14,0,7,17,0,01100110,False,payload_mismatch
alfworld,agentmark,deepseek,ID,3,082,11001101,8,2025,/Users/local/AgentMarkBeta/实验数据/remote_data/extracted/output-0510/alfworld/agentmark/deepseek/run_3/ID/task_082/evaluation_report.json,agentmark,AgentMark-F exact probabilities,16,16,0,7,0,0,11001101,True,
alfworld,agentmark,deepseek,ID,3,082,11001101,8,2025,/Users/local/AgentMarkBeta/实验数据/remote_data/extracted/output-0510/alfworld/agentmark/deepseek/run_3/ID/task_082/evaluation_report.json,agentmark_rank_only,AgentMark-F rank-only linear top-10 surrogate,11,11,0,5,2,0,01101000,False,payload_mismatch
alfworld,agentmark,deepseek,ID,3,082,11001101,8,2025,/Users/local/AgentMarkBeta/实验数据/remote_data/extracted/output-0510/alfworld/agentmark/deepseek/run_3/ID/task_082/evaluation_report.json,rank,AsymAgentMark-TK top-10 rank,1,1,0,1,6,0,,False,insufficient_packets
alfworld,agentmark,deepseek,ID,3,083,11001101,8,2025,/Users/local/AgentMarkBeta/实验数据/remote_data/extracted/output-0510/alfworld/agentmark/deepseek/run_3/ID/task_083/evaluation_report.json,agentmark,AgentMark-F exact probabilities,69,69,0,21,0,0,11001101,True,
alfworld,agentmark,deepseek,ID,3,083,11001101,8,2025,/Users/local/AgentMarkBeta/实验数据/remote_data/extracted/output-0510/alfworld/agentmark/deepseek/run_3/ID/task_083/evaluation_report.json,agentmark_rank_only,AgentMark-F rank-only linear top-10 surrogate,24,24,0,8,13,0,00001100,False,payload_mismatch
alfworld,agentmark,deepseek,ID,3,083,11001101,8,2025,/Users/local/AgentMarkBeta/实验数据/remote_data/extracted/output-0510/alfworld/agentmark/deepseek/run_3/ID/task_083/evaluation_report.json,rank,AsymAgentMark-TK top-10 rank,3,3,0,2,19,0,,False,insufficient_packets
alfworld,agentmark,deepseek,ID,3,084,11001101,8,2025,/Users/local/AgentMarkBeta/实验数据/remote_data/extracted/output-0510/alfworld/agentmark/deepseek/run_3/ID/task_084/evaluation_report.json,agentmark,AgentMark-F exact probabilities,14,14,0,5,0,0,11001101,True,
alfworld,agentmark,deepseek,ID,3,084,11001101,8,2025,/Users/local/AgentMarkBeta/实验数据/remote_data/extracted/output-0510/alfworld/agentmark/deepseek/run_3/ID/task_084/evaluation_report.json,agentmark_rank_only,AgentMark-F rank-only linear top-10 surrogate,3,3,0,1,4,0,,False,insufficient_packets
alfworld,agentmark,deepseek,ID,3,084,11001101,8,2025,/Users/local/AgentMarkBeta/实验数据/remote_data/extracted/output-0510/alfworld/agentmark/deepseek/run_3/ID/task_084/evaluation_report.json,rank,AsymAgentMark-TK top-10 rank,1,1,0,1,4,0,,False,insufficient_packets
alfworld,agentmark,deepseek,ID,3,085,11001101,8,2025,/Users/local/AgentMarkBeta/实验数据/remote_data/extracted/output-0510/alfworld/agentmark/deepseek/run_3/ID/task_085/evaluation_report.json,agentmark,AgentMark-F exact probabilities,9,9,0,3,0,0,11001101,True,
alfworld,agentmark,deepseek,ID,3,085,11001101,8,2025,/Users/local/AgentMarkBeta/实验数据/remote_data/extracted/output-0510/alfworld/agentmark/deepseek/run_3/ID/task_085/evaluation_report.json,agentmark_rank_only,AgentMark-F rank-only linear top-10 surrogate,2,2,0,1,2,0,,False,insufficient_packets
alfworld,agentmark,deepseek,ID,3,085,11001101,8,2025,/Users/local/AgentMarkBeta/实验数据/remote_data/extracted/output-0510/alfworld/agentmark/deepseek/run_3/ID/task_085/evaluation_report.json,rank,AsymAgentMark-TK top-10 rank,1,1,0,1,2,0,,False,insufficient_packets
alfworld,agentmark,deepseek,ID,3,086,11001101,8,2025,/Users/local/AgentMarkBeta/实验数据/remote_data/extracted/output-0510/alfworld/agentmark/deepseek/run_3/ID/task_086/evaluation_report.json,agentmark,AgentMark-F exact probabilities,33,33,0,10,0,0,11001101,True,
alfworld,agentmark,deepseek,ID,3,086,11001101,8,2025,/Users/local/AgentMarkBeta/实验数据/remote_data/extracted/output-0510/alfworld/agentmark/deepseek/run_3/ID/task_086/evaluation_report.json,agentmark_rank_only,AgentMark-F rank-only linear top-10 surrogate,8,8,0,3,7,0,,False,rank_deficient
alfworld,agentmark,deepseek,ID,3,086,11001101,8,2025,/Users/local/AgentMarkBeta/实验数据/remote_data/extracted/output-0510/alfworld/agentmark/deepseek/run_3/ID/task_086/evaluation_report.json,rank,AsymAgentMark-TK top-10 rank,3,3,0,1,9,0,,False,insufficient_packets
alfworld,agentmark,deepseek,ID,3,087,11001101,8,2025,/Users/local/AgentMarkBeta/实验数据/remote_data/extracted/output-0510/alfworld/agentmark/deepseek/run_3/ID/task_087/evaluation_report.json,agentmark,AgentMark-F exact probabilities,14,14,0,5,0,0,11001101,True,
alfworld,agentmark,deepseek,ID,3,087,11001101,8,2025,/Users/local/AgentMarkBeta/实验数据/remote_data/extracted/output-0510/alfworld/agentmark/deepseek/run_3/ID/task_087/evaluation_report.json,agentmark_rank_only,AgentMark-F rank-only linear top-10 surrogate,8,8,0,3,2,0,01110011,False,payload_mismatch
alfworld,agentmark,deepseek,ID,3,087,11001101,8,2025,/Users/local/AgentMarkBeta/实验数据/remote_data/extracted/output-0510/alfworld/agentmark/deepseek/run_3/ID/task_087/evaluation_report.json,rank,AsymAgentMark-TK top-10 rank,0,0,0,0,5,0,,False,insufficient_packets
alfworld,agentmark,deepseek,ID,3,088,11001101,8,2025,/Users/local/AgentMarkBeta/实验数据/remote_data/extracted/output-0510/alfworld/agentmark/deepseek/run_3/ID/task_088/evaluation_report.json,agentmark,AgentMark-F exact probabilities,14,14,0,4,0,0,11001101,True,
alfworld,agentmark,deepseek,ID,3,088,11001101,8,2025,/Users/local/AgentMarkBeta/实验数据/remote_data/extracted/output-0510/alfworld/agentmark/deepseek/run_3/ID/task_088/evaluation_report.json,agentmark_rank_only,AgentMark-F rank-only linear top-10 surrogate,6,6,0,2,2,0,,False,insufficient_packets
alfworld,agentmark,deepseek,ID,3,088,11001101,8,2025,/Users/local/AgentMarkBeta/实验数据/remote_data/extracted/output-0510/alfworld/agentmark/deepseek/run_3/ID/task_088/evaluation_report.json,rank,AsymAgentMark-TK top-10 rank,0,0,0,0,4,0,,False,insufficient_packets
alfworld,agentmark,deepseek,ID,3,089,11001101,8,2025,/Users/local/AgentMarkBeta/实验数据/remote_data/extracted/output-0510/alfworld/agentmark/deepseek/run_3/ID/task_089/evaluation_report.json,agentmark,AgentMark-F exact probabilities,2,2,0,1,0,0,,False,insufficient_packets
alfworld,agentmark,deepseek,ID,3,089,11001101,8,2025,/Users/local/AgentMarkBeta/实验数据/remote_data/extracted/output-0510/alfworld/agentmark/deepseek/run_3/ID/task_089/evaluation_report.json,agentmark_rank_only,AgentMark-F rank-only linear top-10 surrogate,0,0,0,0,1,0,,False,insufficient_packets
alfworld,agentmark,deepseek,ID,3,089,11001101,8,2025,/Users/local/AgentMarkBeta/实验数据/remote_data/extracted/output-0510/alfworld/agentmark/deepseek/run_3/ID/task_089/evaluation_report.json,rank,AsymAgentMark-TK top-10 rank,0,0,0,0,1,0,,False,insufficient_packets
alfworld,agentmark,deepseek,ID,3,090,11001101,8,2025,/Users/local/AgentMarkBeta/实验数据/remote_data/extracted/output-0510/alfworld/agentmark/deepseek/run_3/ID/task_090/evaluation_report.json,agentmark,AgentMark-F exact probabilities,3,3,0,2,0,0,,False,insufficient_packets
alfworld,agentmark,deepseek,ID,3,090,11001101,8,2025,/Users/local/AgentMarkBeta/实验数据/remote_data/extracted/output-0510/alfworld/agentmark/deepseek/run_3/ID/task_090/evaluation_report.json,agentmark_rank_only,AgentMark-F rank-only linear top-10 surrogate,0,0,0,0,2,0,,False,insufficient_packets
alfworld,agentmark,deepseek,ID,3,090,11001101,8,2025,/Users/local/AgentMarkBeta/实验数据/remote_data/extracted/output-0510/alfworld/agentmark/deepseek/run_3/ID/task_090/evaluation_report.json,rank,AsymAgentMark-TK top-10 rank,1,1,0,1,1,0,,False,insufficient_packets
alfworld,agentmark,deepseek,ID,3,091,11001101,8,2025,/Users/local/AgentMarkBeta/实验数据/remote_data/extracted/output-0510/alfworld/agentmark/deepseek/run_3/ID/task_091/evaluation_report.json,agentmark,AgentMark-F exact probabilities,5,5,0,2,0,0,,False,insufficient_packets
alfworld,agentmark,deepseek,ID,3,091,11001101,8,2025,/Users/local/AgentMarkBeta/实验数据/remote_data/extracted/output-0510/alfworld/agentmark/deepseek/run_3/ID/task_091/evaluation_report.json,agentmark_rank_only,AgentMark-F rank-only linear top-10 surrogate,2,2,0,1,1,0,,False,insufficient_packets
alfworld,agentmark,deepseek,ID,3,091,11001101,8,2025,/Users/local/AgentMarkBeta/实验数据/remote_data/extracted/output-0510/alfworld/agentmark/deepseek/run_3/ID/task_091/evaluation_report.json,rank,AsymAgentMark-TK top-10 rank,0,0,0,0,2,0,,False,insufficient_packets
alfworld,agentmark,deepseek,ID,3,092,11001101,8,2025,/Users/local/AgentMarkBeta/实验数据/remote_data/extracted/output-0510/alfworld/agentmark/deepseek/run_3/ID/task_092/evaluation_report.json,agentmark,AgentMark-F exact probabilities,12,12,0,5,0,0,11001101,True,
alfworld,agentmark,deepseek,ID,3,092,11001101,8,2025,/Users/local/AgentMarkBeta/实验数据/remote_data/extracted/output-0510/alfworld/agentmark/deepseek/run_3/ID/task_092/evaluation_report.json,agentmark_rank_only,AgentMark-F rank-only linear top-10 surrogate,5,5,0,2,3,0,,False,insufficient_packets
alfworld,agentmark,deepseek,ID,3,092,11001101,8,2025,/Users/local/AgentMarkBeta/实验数据/remote_data/extracted/output-0510/alfworld/agentmark/deepseek/run_3/ID/task_092/evaluation_report.json,rank,AsymAgentMark-TK top-10 rank,3,3,0,2,3,0,,False,insufficient_packets
alfworld,agentmark,deepseek,ID,3,093,11001101,8,2025,/Users/local/AgentMarkBeta/实验数据/remote_data/extracted/output-0510/alfworld/agentmark/deepseek/run_3/ID/task_093/evaluation_report.json,agentmark,AgentMark-F exact probabilities,29,29,0,11,0,0,11001101,True,
alfworld,agentmark,deepseek,ID,3,093,11001101,8,2025,/Users/local/AgentMarkBeta/实验数据/remote_data/extracted/output-0510/alfworld/agentmark/deepseek/run_3/ID/task_093/evaluation_report.json,agentmark_rank_only,AgentMark-F rank-only linear top-10 surrogate,15,15,0,6,5,0,11001011,False,payload_mismatch
alfworld,agentmark,deepseek,ID,3,093,11001101,8,2025,/Users/local/AgentMarkBeta/实验数据/remote_data/extracted/output-0510/alfworld/agentmark/deepseek/run_3/ID/task_093/evaluation_report.json,rank,AsymAgentMark-TK top-10 rank,2,2,0,1,10,0,,False,insufficient_packets
alfworld,agentmark,deepseek,ID,3,094,11001101,8,2025,/Users/local/AgentMarkBeta/实验数据/remote_data/extracted/output-0510/alfworld/agentmark/deepseek/run_3/ID/task_094/evaluation_report.json,agentmark,AgentMark-F exact probabilities,55,55,0,25,0,0,11001101,True,
alfworld,agentmark,deepseek,ID,3,094,11001101,8,2025,/Users/local/AgentMarkBeta/实验数据/remote_data/extracted/output-0510/alfworld/agentmark/deepseek/run_3/ID/task_094/evaluation_report.json,agentmark_rank_only,AgentMark-F rank-only linear top-10 surrogate,21,21,0,9,16,0,11011101,False,payload_mismatch
alfworld,agentmark,deepseek,ID,3,094,11001101,8,2025,/Users/local/AgentMarkBeta/实验数据/remote_data/extracted/output-0510/alfworld/agentmark/deepseek/run_3/ID/task_094/evaluation_report.json,rank,AsymAgentMark-TK top-10 rank,10,10,0,6,19,0,11011000,False,payload_mismatch
alfworld,agentmark,deepseek,ID,3,095,11001101,8,2025,/Users/local/AgentMarkBeta/实验数据/remote_data/extracted/output-0510/alfworld/agentmark/deepseek/run_3/ID/task_095/evaluation_report.json,agentmark,AgentMark-F exact probabilities,64,64,0,21,0,0,11001101,True,
alfworld,agentmark,deepseek,ID,3,095,11001101,8,2025,/Users/local/AgentMarkBeta/实验数据/remote_data/extracted/output-0510/alfworld/agentmark/deepseek/run_3/ID/task_095/evaluation_report.json,agentmark_rank_only,AgentMark-F rank-only linear top-10 surrogate,25,25,0,9,12,0,11001101,True,
alfworld,agentmark,deepseek,ID,3,095,11001101,8,2025,/Users/local/AgentMarkBeta/实验数据/remote_data/extracted/output-0510/alfworld/agentmark/deepseek/run_3/ID/task_095/evaluation_report.json,rank,AsymAgentMark-TK top-10 rank,4,4,0,3,18,0,,False,insufficient_packets
alfworld,agentmark,deepseek,ID,3,096,11001101,8,2025,/Users/local/AgentMarkBeta/实验数据/remote_data/extracted/output-0510/alfworld/agentmark/deepseek/run_3/ID/task_096/evaluation_report.json,agentmark,AgentMark-F exact probabilities,16,16,0,7,0,0,11001101,True,
alfworld,agentmark,deepseek,ID,3,096,11001101,8,2025,/Users/local/AgentMarkBeta/实验数据/remote_data/extracted/output-0510/alfworld/agentmark/deepseek/run_3/ID/task_096/evaluation_report.json,agentmark_rank_only,AgentMark-F rank-only linear top-10 surrogate,9,9,0,4,3,0,00001101,False,payload_mismatch
alfworld,agentmark,deepseek,ID,3,096,11001101,8,2025,/Users/local/AgentMarkBeta/实验数据/remote_data/extracted/output-0510/alfworld/agentmark/deepseek/run_3/ID/task_096/evaluation_report.json,rank,AsymAgentMark-TK top-10 rank,1,1,0,1,6,0,,False,insufficient_packets
alfworld,agentmark,deepseek,ID,3,097,11001101,8,2025,/Users/local/AgentMarkBeta/实验数据/remote_data/extracted/output-0510/alfworld/agentmark/deepseek/run_3/ID/task_097/evaluation_report.json,agentmark,AgentMark-F exact probabilities,18,18,0,5,0,0,11001101,True,
alfworld,agentmark,deepseek,ID,3,097,11001101,8,2025,/Users/local/AgentMarkBeta/实验数据/remote_data/extracted/output-0510/alfworld/agentmark/deepseek/run_3/ID/task_097/evaluation_report.json,agentmark_rank_only,AgentMark-F rank-only linear top-10 surrogate,0,0,0,0,5,0,,False,insufficient_packets
alfworld,agentmark,deepseek,ID,3,097,11001101,8,2025,/Users/local/AgentMarkBeta/实验数据/remote_data/extracted/output-0510/alfworld/agentmark/deepseek/run_3/ID/task_097/evaluation_report.json,rank,AsymAgentMark-TK top-10 rank,2,2,0,1,4,0,,False,insufficient_packets
alfworld,agentmark,deepseek,ID,3,098,11001101,8,2025,/Users/local/AgentMarkBeta/实验数据/remote_data/extracted/output-0510/alfworld/agentmark/deepseek/run_3/ID/task_098/evaluation_report.json,agentmark,AgentMark-F exact probabilities,7,7,0,2,0,0,,False,insufficient_packets
alfworld,agentmark,deepseek,ID,3,098,11001101,8,2025,/Users/local/AgentMarkBeta/实验数据/remote_data/extracted/output-0510/alfworld/agentmark/deepseek/run_3/ID/task_098/evaluation_report.json,agentmark_rank_only,AgentMark-F rank-only linear top-10 surrogate,2,2,0,1,1,0,,False,insufficient_packets
alfworld,agentmark,deepseek,ID,3,098,11001101,8,2025,/Users/local/AgentMarkBeta/实验数据/remote_data/extracted/output-0510/alfworld/agentmark/deepseek/run_3/ID/task_098/evaluation_report.json,rank,AsymAgentMark-TK top-10 rank,0,0,0,0,2,0,,False,insufficient_packets
alfworld,agentmark,deepseek,ID,3,099,11001101,8,2025,/Users/local/AgentMarkBeta/实验数据/remote_data/extracted/output-0510/alfworld/agentmark/deepseek/run_3/ID/task_099/evaluation_report.json,agentmark,AgentMark-F exact probabilities,74,74,0,28,0,0,11001101,True,
alfworld,agentmark,deepseek,ID,3,099,11001101,8,2025,/Users/local/AgentMarkBeta/实验数据/remote_data/extracted/output-0510/alfworld/agentmark/deepseek/run_3/ID/task_099/evaluation_report.json,agentmark_rank_only,AgentMark-F rank-only linear top-10 surrogate,48,48,0,17,11,0,10001110,False,payload_mismatch
alfworld,agentmark,deepseek,ID,3,099,11001101,8,2025,/Users/local/AgentMarkBeta/实验数据/remote_data/extracted/output-0510/alfworld/agentmark/deepseek/run_3/ID/task_099/evaluation_report.json,rank,AsymAgentMark-TK top-10 rank,4,4,0,3,25,0,,False,insufficient_packets
alfworld,agentmark,deepseek,ID,3,100,11001101,8,2025,/Users/local/AgentMarkBeta/实验数据/remote_data/extracted/output-0510/alfworld/agentmark/deepseek/run_3/ID/task_100/evaluation_report.json,agentmark,AgentMark-F exact probabilities,43,43,0,17,0,0,11001101,True,
alfworld,agentmark,deepseek,ID,3,100,11001101,8,2025,/Users/local/AgentMarkBeta/实验数据/remote_data/extracted/output-0510/alfworld/agentmark/deepseek/run_3/ID/task_100/evaluation_report.json,agentmark_rank_only,AgentMark-F rank-only linear top-10 surrogate,20,20,0,7,10,0,11010000,False,payload_mismatch
alfworld,agentmark,deepseek,ID,3,100,11001101,8,2025,/Users/local/AgentMarkBeta/实验数据/remote_data/extracted/output-0510/alfworld/agentmark/deepseek/run_3/ID/task_100/evaluation_report.json,rank,AsymAgentMark-TK top-10 rank,2,2,0,2,15,0,,False,insufficient_packets
alfworld,agentmark,deepseek,ID,3,101,11001101,8,2025,/Users/local/AgentMarkBeta/实验数据/remote_data/extracted/output-0510/alfworld/agentmark/deepseek/run_3/ID/task_101/evaluation_report.json,agentmark,AgentMark-F exact probabilities,23,23,0,10,0,0,11001101,True,
alfworld,agentmark,deepseek,ID,3,101,11001101,8,2025,/Users/local/AgentMarkBeta/实验数据/remote_data/extracted/output-0510/alfworld/agentmark/deepseek/run_3/ID/task_101/evaluation_report.json,agentmark_rank_only,AgentMark-F rank-only linear top-10 surrogate,17,17,0,8,2,0,11110101,False,payload_mismatch
alfworld,agentmark,deepseek,ID,3,101,11001101,8,2025,/Users/local/AgentMarkBeta/实验数据/remote_data/extracted/output-0510/alfworld/agentmark/deepseek/run_3/ID/task_101/evaluation_report.json,rank,AsymAgentMark-TK top-10 rank,2,2,0,2,8,0,,False,insufficient_packets
alfworld,agentmark,deepseek,ID,3,102,11001101,8,2025,/Users/local/AgentMarkBeta/实验数据/remote_data/extracted/output-0510/alfworld/agentmark/deepseek/run_3/ID/task_102/evaluation_report.json,agentmark,AgentMark-F exact probabilities,26,26,0,11,0,0,11001101,True,
alfworld,agentmark,deepseek,ID,3,102,11001101,8,2025,/Users/local/AgentMarkBeta/实验数据/remote_data/extracted/output-0510/alfworld/agentmark/deepseek/run_3/ID/task_102/evaluation_report.json,agentmark_rank_only,AgentMark-F rank-only linear top-10 surrogate,12,12,0,6,5,0,11110111,False,payload_mismatch
alfworld,agentmark,deepseek,ID,3,102,11001101,8,2025,/Users/local/AgentMarkBeta/实验数据/remote_data/extracted/output-0510/alfworld/agentmark/deepseek/run_3/ID/task_102/evaluation_report.json,rank,AsymAgentMark-TK top-10 rank,2,2,0,1,10,0,,False,insufficient_packets
alfworld,agentmark,deepseek,ID,3,103,11001101,8,2025,/Users/local/AgentMarkBeta/实验数据/remote_data/extracted/output-0510/alfworld/agentmark/deepseek/run_3/ID/task_103/evaluation_report.json,agentmark,AgentMark-F exact probabilities,6,6,0,3,0,0,,False,insufficient_packets
alfworld,agentmark,deepseek,ID,3,103,11001101,8,2025,/Users/local/AgentMarkBeta/实验数据/remote_data/extracted/output-0510/alfworld/agentmark/deepseek/run_3/ID/task_103/evaluation_report.json,agentmark_rank_only,AgentMark-F rank-only linear top-10 surrogate,0,0,0,0,3,0,,False,insufficient_packets
alfworld,agentmark,deepseek,ID,3,103,11001101,8,2025,/Users/local/AgentMarkBeta/实验数据/remote_data/extracted/output-0510/alfworld/agentmark/deepseek/run_3/ID/task_103/evaluation_report.json,rank,AsymAgentMark-TK top-10 rank,0,0,0,0,3,0,,False,insufficient_packets
alfworld,agentmark,deepseek,ID,3,104,11001101,8,2025,/Users/local/AgentMarkBeta/实验数据/remote_data/extracted/output-0510/alfworld/agentmark/deepseek/run_3/ID/task_104/evaluation_report.json,agentmark,AgentMark-F exact probabilities,2,2,0,2,0,0,,False,insufficient_packets
alfworld,agentmark,deepseek,ID,3,104,11001101,8,2025,/Users/local/AgentMarkBeta/实验数据/remote_data/extracted/output-0510/alfworld/agentmark/deepseek/run_3/ID/task_104/evaluation_report.json,agentmark_rank_only,AgentMark-F rank-only linear top-10 surrogate,1,1,0,1,1,0,,False,insufficient_packets
alfworld,agentmark,deepseek,ID,3,104,11001101,8,2025,/Users/local/AgentMarkBeta/实验数据/remote_data/extracted/output-0510/alfworld/agentmark/deepseek/run_3/ID/task_104/evaluation_report.json,rank,AsymAgentMark-TK top-10 rank,1,1,0,1,1,0,,False,insufficient_packets
alfworld,agentmark,deepseek,ID,3,105,11001101,8,2025,/Users/local/AgentMarkBeta/实验数据/remote_data/extracted/output-0510/alfworld/agentmark/deepseek/run_3/ID/task_105/evaluation_report.json,agentmark,AgentMark-F exact probabilities,44,44,0,19,0,0,11001101,True,
alfworld,agentmark,deepseek,ID,3,105,11001101,8,2025,/Users/local/AgentMarkBeta/实验数据/remote_data/extracted/output-0510/alfworld/agentmark/deepseek/run_3/ID/task_105/evaluation_report.json,agentmark_rank_only,AgentMark-F rank-only linear top-10 surrogate,26,26,0,11,8,0,11010110,False,payload_mismatch
alfworld,agentmark,deepseek,ID,3,105,11001101,8,2025,/Users/local/AgentMarkBeta/实验数据/remote_data/extracted/output-0510/alfworld/agentmark/deepseek/run_3/ID/task_105/evaluation_report.json,rank,AsymAgentMark-TK top-10 rank,6,6,0,4,15,0,,False,insufficient_packets
alfworld,agentmark,deepseek,ID,3,106,11001101,8,2025,/Users/local/AgentMarkBeta/实验数据/remote_data/extracted/output-0510/alfworld/agentmark/deepseek/run_3/ID/task_106/evaluation_report.json,agentmark,AgentMark-F exact probabilities,5,5,0,2,0,0,,False,insufficient_packets
alfworld,agentmark,deepseek,ID,3,106,11001101,8,2025,/Users/local/AgentMarkBeta/实验数据/remote_data/extracted/output-0510/alfworld/agentmark/deepseek/run_3/ID/task_106/evaluation_report.json,agentmark_rank_only,AgentMark-F rank-only linear top-10 surrogate,2,2,0,1,1,0,,False,insufficient_packets
alfworld,agentmark,deepseek,ID,3,106,11001101,8,2025,/Users/local/AgentMarkBeta/实验数据/remote_data/extracted/output-0510/alfworld/agentmark/deepseek/run_3/ID/task_106/evaluation_report.json,rank,AsymAgentMark-TK top-10 rank,0,0,0,0,2,0,,False,insufficient_packets
alfworld,agentmark,deepseek,ID,3,107,11001101,8,2025,/Users/local/AgentMarkBeta/实验数据/remote_data/extracted/output-0510/alfworld/agentmark/deepseek/run_3/ID/task_107/evaluation_report.json,agentmark,AgentMark-F exact probabilities,6,6,0,2,0,0,,False,insufficient_packets
alfworld,agentmark,deepseek,ID,3,107,11001101,8,2025,/Users/local/AgentMarkBeta/实验数据/remote_data/extracted/output-0510/alfworld/agentmark/deepseek/run_3/ID/task_107/evaluation_report.json,agentmark_rank_only,AgentMark-F rank-only linear top-10 surrogate,2,2,0,1,1,0,,False,insufficient_packets
alfworld,agentmark,deepseek,ID,3,107,11001101,8,2025,/Users/local/AgentMarkBeta/实验数据/remote_data/extracted/output-0510/alfworld/agentmark/deepseek/run_3/ID/task_107/evaluation_report.json,rank,AsymAgentMark-TK top-10 rank,0,0,0,0,2,0,,False,insufficient_packets
alfworld,agentmark,deepseek,ID,3,108,11001101,8,2025,/Users/local/AgentMarkBeta/实验数据/remote_data/extracted/output-0510/alfworld/agentmark/deepseek/run_3/ID/task_108/evaluation_report.json,agentmark,AgentMark-F exact probabilities,14,14,0,6,0,0,11001101,True,
alfworld,agentmark,deepseek,ID,3,108,11001101,8,2025,/Users/local/AgentMarkBeta/实验数据/remote_data/extracted/output-0510/alfworld/agentmark/deepseek/run_3/ID/task_108/evaluation_report.json,agentmark_rank_only,AgentMark-F rank-only linear top-10 surrogate,9,9,0,3,3,0,,False,rank_deficient
alfworld,agentmark,deepseek,ID,3,108,11001101,8,2025,/Users/local/AgentMarkBeta/实验数据/remote_data/extracted/output-0510/alfworld/agentmark/deepseek/run_3/ID/task_108/evaluation_report.json,rank,AsymAgentMark-TK top-10 rank,0,0,0,0,6,0,,False,insufficient_packets
alfworld,agentmark,deepseek,ID,3,109,11001101,8,2025,/Users/local/AgentMarkBeta/实验数据/remote_data/extracted/output-0510/alfworld/agentmark/deepseek/run_3/ID/task_109/evaluation_report.json,agentmark,AgentMark-F exact probabilities,11,11,0,5,0,0,11001101,True,
alfworld,agentmark,deepseek,ID,3,109,11001101,8,2025,/Users/local/AgentMarkBeta/实验数据/remote_data/extracted/output-0510/alfworld/agentmark/deepseek/run_3/ID/task_109/evaluation_report.json,agentmark_rank_only,AgentMark-F rank-only linear top-10 surrogate,3,3,0,1,4,0,,False,insufficient_packets
alfworld,agentmark,deepseek,ID,3,109,11001101,8,2025,/Users/local/AgentMarkBeta/实验数据/remote_data/extracted/output-0510/alfworld/agentmark/deepseek/run_3/ID/task_109/evaluation_report.json,rank,AsymAgentMark-TK top-10 rank,0,0,0,0,5,0,,False,insufficient_packets
alfworld,agentmark,deepseek,ID,3,110,11001101,8,2025,/Users/local/AgentMarkBeta/实验数据/remote_data/extracted/output-0510/alfworld/agentmark/deepseek/run_3/ID/task_110/evaluation_report.json,agentmark,AgentMark-F exact probabilities,2,2,0,1,0,0,,False,insufficient_packets
alfworld,agentmark,deepseek,ID,3,110,11001101,8,2025,/Users/local/AgentMarkBeta/实验数据/remote_data/extracted/output-0510/alfworld/agentmark/deepseek/run_3/ID/task_110/evaluation_report.json,agentmark_rank_only,AgentMark-F rank-only linear top-10 surrogate,0,0,0,0,1,0,,False,insufficient_packets
alfworld,agentmark,deepseek,ID,3,110,11001101,8,2025,/Users/local/AgentMarkBeta/实验数据/remote_data/extracted/output-0510/alfworld/agentmark/deepseek/run_3/ID/task_110/evaluation_report.json,rank,AsymAgentMark-TK top-10 rank,2,2,0,1,0,0,,False,insufficient_packets
alfworld,agentmark,deepseek,ID,3,111,11001101,8,2025,/Users/local/AgentMarkBeta/实验数据/remote_data/extracted/output-0510/alfworld/agentmark/deepseek/run_3/ID/task_111/evaluation_report.json,agentmark,AgentMark-F exact probabilities,8,8,0,3,0,0,,False,rank_deficient
alfworld,agentmark,deepseek,ID,3,111,11001101,8,2025,/Users/local/AgentMarkBeta/实验数据/remote_data/extracted/output-0510/alfworld/agentmark/deepseek/run_3/ID/task_111/evaluation_report.json,agentmark_rank_only,AgentMark-F rank-only linear top-10 surrogate,2,2,0,1,2,0,,False,insufficient_packets
alfworld,agentmark,deepseek,ID,3,111,11001101,8,2025,/Users/local/AgentMarkBeta/实验数据/remote_data/extracted/output-0510/alfworld/agentmark/deepseek/run_3/ID/task_111/evaluation_report.json,rank,AsymAgentMark-TK top-10 rank,0,0,0,0,3,0,,False,insufficient_packets
alfworld,agentmark,deepseek,ID,3,112,11001101,8,2025,/Users/local/AgentMarkBeta/实验数据/remote_data/extracted/output-0510/alfworld/agentmark/deepseek/run_3/ID/task_112/evaluation_report.json,agentmark,AgentMark-F exact probabilities,16,16,0,6,0,0,11001101,True,
alfworld,agentmark,deepseek,ID,3,112,11001101,8,2025,/Users/local/AgentMarkBeta/实验数据/remote_data/extracted/output-0510/alfworld/agentmark/deepseek/run_3/ID/task_112/evaluation_report.json,agentmark_rank_only,AgentMark-F rank-only linear top-10 surrogate,8,8,0,3,3,0,11001010,False,payload_mismatch
alfworld,agentmark,deepseek,ID,3,112,11001101,8,2025,/Users/local/AgentMarkBeta/实验数据/remote_data/extracted/output-0510/alfworld/agentmark/deepseek/run_3/ID/task_112/evaluation_report.json,rank,AsymAgentMark-TK top-10 rank,0,0,0,0,6,0,,False,insufficient_packets
alfworld,agentmark,deepseek,ID,3,113,11001101,8,2025,/Users/local/AgentMarkBeta/实验数据/remote_data/extracted/output-0510/alfworld/agentmark/deepseek/run_3/ID/task_113/evaluation_report.json,agentmark,AgentMark-F exact probabilities,5,5,0,3,0,0,,False,insufficient_packets
alfworld,agentmark,deepseek,ID,3,113,11001101,8,2025,/Users/local/AgentMarkBeta/实验数据/remote_data/extracted/output-0510/alfworld/agentmark/deepseek/run_3/ID/task_113/evaluation_report.json,agentmark_rank_only,AgentMark-F rank-only linear top-10 surrogate,3,3,0,2,1,0,,False,insufficient_packets
alfworld,agentmark,deepseek,ID,3,113,11001101,8,2025,/Users/local/AgentMarkBeta/实验数据/remote_data/extracted/output-0510/alfworld/agentmark/deepseek/run_3/ID/task_113/evaluation_report.json,rank,AsymAgentMark-TK top-10 rank,0,0,0,0,3,0,,False,insufficient_packets
alfworld,agentmark,deepseek,ID,3,114,11001101,8,2025,/Users/local/AgentMarkBeta/实验数据/remote_data/extracted/output-0510/alfworld/agentmark/deepseek/run_3/ID/task_114/evaluation_report.json,agentmark,AgentMark-F exact probabilities,1,1,0,1,0,0,,False,insufficient_packets
alfworld,agentmark,deepseek,ID,3,114,11001101,8,2025,/Users/local/AgentMarkBeta/实验数据/remote_data/extracted/output-0510/alfworld/agentmark/deepseek/run_3/ID/task_114/evaluation_report.json,agentmark_rank_only,AgentMark-F rank-only linear top-10 surrogate,0,0,0,0,1,0,,False,insufficient_packets
alfworld,agentmark,deepseek,ID,3,114,11001101,8,2025,/Users/local/AgentMarkBeta/实验数据/remote_data/extracted/output-0510/alfworld/agentmark/deepseek/run_3/ID/task_114/evaluation_report.json,rank,AsymAgentMark-TK top-10 rank,1,1,0,1,0,0,,False,insufficient_packets
alfworld,agentmark,deepseek,ID,3,115,11001101,8,2025,/Users/local/AgentMarkBeta/实验数据/remote_data/extracted/output-0510/alfworld/agentmark/deepseek/run_3/ID/task_115/evaluation_report.json,agentmark,AgentMark-F exact probabilities,12,12,0,6,0,0,11001101,True,
alfworld,agentmark,deepseek,ID,3,115,11001101,8,2025,/Users/local/AgentMarkBeta/实验数据/remote_data/extracted/output-0510/alfworld/agentmark/deepseek/run_3/ID/task_115/evaluation_report.json,agentmark_rank_only,AgentMark-F rank-only linear top-10 surrogate,7,7,0,3,3,0,,False,insufficient_packets
alfworld,agentmark,deepseek,ID,3,115,11001101,8,2025,/Users/local/AgentMarkBeta/实验数据/remote_data/extracted/output-0510/alfworld/agentmark/deepseek/run_3/ID/task_115/evaluation_report.json,rank,AsymAgentMark-TK top-10 rank,6,6,0,3,3,0,,False,insufficient_packets
alfworld,agentmark,deepseek,ID,3,116,11001101,8,2025,/Users/local/AgentMarkBeta/实验数据/remote_data/extracted/output-0510/alfworld/agentmark/deepseek/run_3/ID/task_116/evaluation_report.json,agentmark,AgentMark-F exact probabilities,12,12,0,6,0,0,11001101,True,
alfworld,agentmark,deepseek,ID,3,116,11001101,8,2025,/Users/local/AgentMarkBeta/实验数据/remote_data/extracted/output-0510/alfworld/agentmark/deepseek/run_3/ID/task_116/evaluation_report.json,agentmark_rank_only,AgentMark-F rank-only linear top-10 surrogate,6,6,0,3,3,0,,False,insufficient_packets
alfworld,agentmark,deepseek,ID,3,116,11001101,8,2025,/Users/local/AgentMarkBeta/实验数据/remote_data/extracted/output-0510/alfworld/agentmark/deepseek/run_3/ID/task_116/evaluation_report.json,rank,AsymAgentMark-TK top-10 rank,5,5,0,4,2,0,,False,insufficient_packets
alfworld,agentmark,deepseek,ID,3,117,11001101,8,2025,/Users/local/AgentMarkBeta/实验数据/remote_data/extracted/output-0510/alfworld/agentmark/deepseek/run_3/ID/task_117/evaluation_report.json,agentmark,AgentMark-F exact probabilities,55,55,0,24,0,0,11001101,True,
alfworld,agentmark,deepseek,ID,3,117,11001101,8,2025,/Users/local/AgentMarkBeta/实验数据/remote_data/extracted/output-0510/alfworld/agentmark/deepseek/run_3/ID/task_117/evaluation_report.json,agentmark_rank_only,AgentMark-F rank-only linear top-10 surrogate,31,31,0,12,12,0,10001011,False,payload_mismatch
alfworld,agentmark,deepseek,ID,3,117,11001101,8,2025,/Users/local/AgentMarkBeta/实验数据/remote_data/extracted/output-0510/alfworld/agentmark/deepseek/run_3/ID/task_117/evaluation_report.json,rank,AsymAgentMark-TK top-10 rank,5,5,0,3,21,0,,False,insufficient_packets
alfworld,agentmark,deepseek,ID,3,118,11001101,8,2025,/Users/local/AgentMarkBeta/实验数据/remote_data/extracted/output-0510/alfworld/agentmark/deepseek/run_3/ID/task_118/evaluation_report.json,agentmark,AgentMark-F exact probabilities,32,32,0,15,0,0,11001101,True,
alfworld,agentmark,deepseek,ID,3,118,11001101,8,2025,/Users/local/AgentMarkBeta/实验数据/remote_data/extracted/output-0510/alfworld/agentmark/deepseek/run_3/ID/task_118/evaluation_report.json,agentmark_rank_only,AgentMark-F rank-only linear top-10 surrogate,12,12,0,4,11,0,11101100,False,payload_mismatch
alfworld,agentmark,deepseek,ID,3,118,11001101,8,2025,/Users/local/AgentMarkBeta/实验数据/remote_data/extracted/output-0510/alfworld/agentmark/deepseek/run_3/ID/task_118/evaluation_report.json,rank,AsymAgentMark-TK top-10 rank,2,2,0,2,13,0,,False,insufficient_packets
alfworld,agentmark,deepseek,ID,3,119,11001101,8,2025,/Users/local/AgentMarkBeta/实验数据/remote_data/extracted/output-0510/alfworld/agentmark/deepseek/run_3/ID/task_119/evaluation_report.json,agentmark,AgentMark-F exact probabilities,14,14,0,6,0,0,11001101,True,
alfworld,agentmark,deepseek,ID,3,119,11001101,8,2025,/Users/local/AgentMarkBeta/实验数据/remote_data/extracted/output-0510/alfworld/agentmark/deepseek/run_3/ID/task_119/evaluation_report.json,agentmark_rank_only,AgentMark-F rank-only linear top-10 surrogate,6,6,0,3,3,0,,False,insufficient_packets
alfworld,agentmark,deepseek,ID,3,119,11001101,8,2025,/Users/local/AgentMarkBeta/实验数据/remote_data/extracted/output-0510/alfworld/agentmark/deepseek/run_3/ID/task_119/evaluation_report.json,rank,AsymAgentMark-TK top-10 rank,1,1,0,1,5,0,,False,insufficient_packets
alfworld,agentmark,deepseek,ID,3,120,11001101,8,2025,/Users/local/AgentMarkBeta/实验数据/remote_data/extracted/output-0510/alfworld/agentmark/deepseek/run_3/ID/task_120/evaluation_report.json,agentmark,AgentMark-F exact probabilities,1,1,0,1,0,0,,False,insufficient_packets
alfworld,agentmark,deepseek,ID,3,120,11001101,8,2025,/Users/local/AgentMarkBeta/实验数据/remote_data/extracted/output-0510/alfworld/agentmark/deepseek/run_3/ID/task_120/evaluation_report.json,agentmark_rank_only,AgentMark-F rank-only linear top-10 surrogate,1,1,0,1,0,0,,False,insufficient_packets
alfworld,agentmark,deepseek,ID,3,120,11001101,8,2025,/Users/local/AgentMarkBeta/实验数据/remote_data/extracted/output-0510/alfworld/agentmark/deepseek/run_3/ID/task_120/evaluation_report.json,rank,AsymAgentMark-TK top-10 rank,0,0,0,0,1,0,,False,insufficient_packets
alfworld,agentmark,deepseek,ID,3,121,11001101,8,2025,/Users/local/AgentMarkBeta/实验数据/remote_data/extracted/output-0510/alfworld/agentmark/deepseek/run_3/ID/task_121/evaluation_report.json,agentmark,AgentMark-F exact probabilities,11,11,0,5,0,0,11001101,True,
alfworld,agentmark,deepseek,ID,3,121,11001101,8,2025,/Users/local/AgentMarkBeta/实验数据/remote_data/extracted/output-0510/alfworld/agentmark/deepseek/run_3/ID/task_121/evaluation_report.json,agentmark_rank_only,AgentMark-F rank-only linear top-10 surrogate,6,6,0,2,3,0,,False,insufficient_packets
alfworld,agentmark,deepseek,ID,3,121,11001101,8,2025,/Users/local/AgentMarkBeta/实验数据/remote_data/extracted/output-0510/alfworld/agentmark/deepseek/run_3/ID/task_121/evaluation_report.json,rank,AsymAgentMark-TK top-10 rank,2,2,0,1,4,0,,False,insufficient_packets
alfworld,agentmark,deepseek,ID,3,122,11001101,8,2025,/Users/local/AgentMarkBeta/实验数据/remote_data/extracted/output-0510/alfworld/agentmark/deepseek/run_3/ID/task_122/evaluation_report.json,agentmark,AgentMark-F exact probabilities,43,43,0,20,0,0,11001101,True,
alfworld,agentmark,deepseek,ID,3,122,11001101,8,2025,/Users/local/AgentMarkBeta/实验数据/remote_data/extracted/output-0510/alfworld/agentmark/deepseek/run_3/ID/task_122/evaluation_report.json,agentmark_rank_only,AgentMark-F rank-only linear top-10 surrogate,21,21,0,10,10,0,11110100,False,payload_mismatch
alfworld,agentmark,deepseek,ID,3,122,11001101,8,2025,/Users/local/AgentMarkBeta/实验数据/remote_data/extracted/output-0510/alfworld/agentmark/deepseek/run_3/ID/task_122/evaluation_report.json,rank,AsymAgentMark-TK top-10 rank,5,5,0,4,16,0,,False,insufficient_packets
alfworld,agentmark,deepseek,ID,3,123,11001101,8,2025,/Users/local/AgentMarkBeta/实验数据/remote_data/extracted/output-0510/alfworld/agentmark/deepseek/run_3/ID/task_123/evaluation_report.json,agentmark,AgentMark-F exact probabilities,19,19,0,9,0,0,11001101,True,
alfworld,agentmark,deepseek,ID,3,123,11001101,8,2025,/Users/local/AgentMarkBeta/实验数据/remote_data/extracted/output-0510/alfworld/agentmark/deepseek/run_3/ID/task_123/evaluation_report.json,agentmark_rank_only,AgentMark-F rank-only linear top-10 surrogate,13,13,0,5,4,0,10110000,False,payload_mismatch
alfworld,agentmark,deepseek,ID,3,123,11001101,8,2025,/Users/local/AgentMarkBeta/实验数据/remote_data/extracted/output-0510/alfworld/agentmark/deepseek/run_3/ID/task_123/evaluation_report.json,rank,AsymAgentMark-TK top-10 rank,1,1,0,1,8,0,,False,insufficient_packets
alfworld,agentmark,deepseek,ID,3,124,11001101,8,2025,/Users/local/AgentMarkBeta/实验数据/remote_data/extracted/output-0510/alfworld/agentmark/deepseek/run_3/ID/task_124/evaluation_report.json,agentmark,AgentMark-F exact probabilities,42,42,0,18,0,0,11001101,True,
alfworld,agentmark,deepseek,ID,3,124,11001101,8,2025,/Users/local/AgentMarkBeta/实验数据/remote_data/extracted/output-0510/alfworld/agentmark/deepseek/run_3/ID/task_124/evaluation_report.json,agentmark_rank_only,AgentMark-F rank-only linear top-10 surrogate,29,29,0,11,7,0,00101001,False,payload_mismatch
alfworld,agentmark,deepseek,ID,3,124,11001101,8,2025,/Users/local/AgentMarkBeta/实验数据/remote_data/extracted/output-0510/alfworld/agentmark/deepseek/run_3/ID/task_124/evaluation_report.json,rank,AsymAgentMark-TK top-10 rank,2,2,0,2,16,0,,False,insufficient_packets
alfworld,agentmark,deepseek,ID,3,125,11001101,8,2025,/Users/local/AgentMarkBeta/实验数据/remote_data/extracted/output-0510/alfworld/agentmark/deepseek/run_3/ID/task_125/evaluation_report.json,agentmark,AgentMark-F exact probabilities,14,14,0,6,0,0,11001101,True,
alfworld,agentmark,deepseek,ID,3,125,11001101,8,2025,/Users/local/AgentMarkBeta/实验数据/remote_data/extracted/output-0510/alfworld/agentmark/deepseek/run_3/ID/task_125/evaluation_report.json,agentmark_rank_only,AgentMark-F rank-only linear top-10 surrogate,11,11,0,5,1,0,00010001,False,payload_mismatch
alfworld,agentmark,deepseek,ID,3,125,11001101,8,2025,/Users/local/AgentMarkBeta/实验数据/remote_data/extracted/output-0510/alfworld/agentmark/deepseek/run_3/ID/task_125/evaluation_report.json,rank,AsymAgentMark-TK top-10 rank,2,2,0,1,5,0,,False,insufficient_packets
alfworld,agentmark,deepseek,ID,3,126,11001101,8,2025,/Users/local/AgentMarkBeta/实验数据/remote_data/extracted/output-0510/alfworld/agentmark/deepseek/run_3/ID/task_126/evaluation_report.json,agentmark,AgentMark-F exact probabilities,51,51,0,23,0,0,11001101,True,
alfworld,agentmark,deepseek,ID,3,126,11001101,8,2025,/Users/local/AgentMarkBeta/实验数据/remote_data/extracted/output-0510/alfworld/agentmark/deepseek/run_3/ID/task_126/evaluation_report.json,agentmark_rank_only,AgentMark-F rank-only linear top-10 surrogate,34,34,0,12,11,0,10111101,False,payload_mismatch
alfworld,agentmark,deepseek,ID,3,126,11001101,8,2025,/Users/local/AgentMarkBeta/实验数据/remote_data/extracted/output-0510/alfworld/agentmark/deepseek/run_3/ID/task_126/evaluation_report.json,rank,AsymAgentMark-TK top-10 rank,8,8,0,5,18,0,11101011,False,payload_mismatch
alfworld,agentmark,deepseek,ID,3,127,11001101,8,2025,/Users/local/AgentMarkBeta/实验数据/remote_data/extracted/output-0510/alfworld/agentmark/deepseek/run_3/ID/task_127/evaluation_report.json,agentmark,AgentMark-F exact probabilities,5,5,0,3,0,0,,False,insufficient_packets
alfworld,agentmark,deepseek,ID,3,127,11001101,8,2025,/Users/local/AgentMarkBeta/实验数据/remote_data/extracted/output-0510/alfworld/agentmark/deepseek/run_3/ID/task_127/evaluation_report.json,agentmark_rank_only,AgentMark-F rank-only linear top-10 surrogate,3,3,0,1,2,0,,False,insufficient_packets
alfworld,agentmark,deepseek,ID,3,127,11001101,8,2025,/Users/local/AgentMarkBeta/实验数据/remote_data/extracted/output-0510/alfworld/agentmark/deepseek/run_3/ID/task_127/evaluation_report.json,rank,AsymAgentMark-TK top-10 rank,2,2,0,2,1,0,,False,insufficient_packets
alfworld,agentmark,deepseek,ID,3,128,11001101,8,2025,/Users/local/AgentMarkBeta/实验数据/remote_data/extracted/output-0510/alfworld/agentmark/deepseek/run_3/ID/task_128/evaluation_report.json,agentmark,AgentMark-F exact probabilities,13,13,0,8,0,0,11001101,True,
alfworld,agentmark,deepseek,ID,3,128,11001101,8,2025,/Users/local/AgentMarkBeta/实验数据/remote_data/extracted/output-0510/alfworld/agentmark/deepseek/run_3/ID/task_128/evaluation_report.json,agentmark_rank_only,AgentMark-F rank-only linear top-10 surrogate,4,4,0,2,6,0,,False,insufficient_packets
alfworld,agentmark,deepseek,ID,3,128,11001101,8,2025,/Users/local/AgentMarkBeta/实验数据/remote_data/extracted/output-0510/alfworld/agentmark/deepseek/run_3/ID/task_128/evaluation_report.json,rank,AsymAgentMark-TK top-10 rank,4,4,0,3,5,0,,False,insufficient_packets
alfworld,agentmark,deepseek,ID,3,129,11001101,8,2025,/Users/local/AgentMarkBeta/实验数据/remote_data/extracted/output-0510/alfworld/agentmark/deepseek/run_3/ID/task_129/evaluation_report.json,agentmark,AgentMark-F exact probabilities,47,47,0,20,0,0,11001101,True,
alfworld,agentmark,deepseek,ID,3,129,11001101,8,2025,/Users/local/AgentMarkBeta/实验数据/remote_data/extracted/output-0510/alfworld/agentmark/deepseek/run_3/ID/task_129/evaluation_report.json,agentmark_rank_only,AgentMark-F rank-only linear top-10 surrogate,24,24,0,10,10,0,01111011,False,payload_mismatch
alfworld,agentmark,deepseek,ID,3,129,11001101,8,2025,/Users/local/AgentMarkBeta/实验数据/remote_data/extracted/output-0510/alfworld/agentmark/deepseek/run_3/ID/task_129/evaluation_report.json,rank,AsymAgentMark-TK top-10 rank,6,6,0,4,16,0,,False,insufficient_packets
alfworld,agentmark,deepseek,ID,3,130,11001101,8,2025,/Users/local/AgentMarkBeta/实验数据/remote_data/extracted/output-0510/alfworld/agentmark/deepseek/run_3/ID/task_130/evaluation_report.json,agentmark,AgentMark-F exact probabilities,13,13,0,7,0,0,11001101,True,
alfworld,agentmark,deepseek,ID,3,130,11001101,8,2025,/Users/local/AgentMarkBeta/实验数据/remote_data/extracted/output-0510/alfworld/agentmark/deepseek/run_3/ID/task_130/evaluation_report.json,agentmark_rank_only,AgentMark-F rank-only linear top-10 surrogate,9,9,0,4,3,0,,False,rank_deficient
alfworld,agentmark,deepseek,ID,3,130,11001101,8,2025,/Users/local/AgentMarkBeta/实验数据/remote_data/extracted/output-0510/alfworld/agentmark/deepseek/run_3/ID/task_130/evaluation_report.json,rank,AsymAgentMark-TK top-10 rank,2,2,0,2,5,0,,False,insufficient_packets
alfworld,agentmark,deepseek,ID,3,131,11001101,8,2025,/Users/local/AgentMarkBeta/实验数据/remote_data/extracted/output-0510/alfworld/agentmark/deepseek/run_3/ID/task_131/evaluation_report.json,agentmark,AgentMark-F exact probabilities,48,48,0,20,0,0,11001101,True,
alfworld,agentmark,deepseek,ID,3,131,11001101,8,2025,/Users/local/AgentMarkBeta/实验数据/remote_data/extracted/output-0510/alfworld/agentmark/deepseek/run_3/ID/task_131/evaluation_report.json,agentmark_rank_only,AgentMark-F rank-only linear top-10 surrogate,30,30,0,10,10,0,01101001,False,payload_mismatch
alfworld,agentmark,deepseek,ID,3,131,11001101,8,2025,/Users/local/AgentMarkBeta/实验数据/remote_data/extracted/output-0510/alfworld/agentmark/deepseek/run_3/ID/task_131/evaluation_report.json,rank,AsymAgentMark-TK top-10 rank,7,7,0,5,15,0,,False,insufficient_packets
alfworld,agentmark,deepseek,ID,3,132,11001101,8,2025,/Users/local/AgentMarkBeta/实验数据/remote_data/extracted/output-0510/alfworld/agentmark/deepseek/run_3/ID/task_132/evaluation_report.json,agentmark,AgentMark-F exact probabilities,19,19,0,10,0,0,11001101,True,
alfworld,agentmark,deepseek,ID,3,132,11001101,8,2025,/Users/local/AgentMarkBeta/实验数据/remote_data/extracted/output-0510/alfworld/agentmark/deepseek/run_3/ID/task_132/evaluation_report.json,agentmark_rank_only,AgentMark-F rank-only linear top-10 surrogate,5,5,0,3,7,0,,False,insufficient_packets
alfworld,agentmark,deepseek,ID,3,132,11001101,8,2025,/Users/local/AgentMarkBeta/实验数据/remote_data/extracted/output-0510/alfworld/agentmark/deepseek/run_3/ID/task_132/evaluation_report.json,rank,AsymAgentMark-TK top-10 rank,3,3,0,3,7,0,,False,insufficient_packets
alfworld,agentmark,deepseek,ID,3,133,11001101,8,2025,/Users/local/AgentMarkBeta/实验数据/remote_data/extracted/output-0510/alfworld/agentmark/deepseek/run_3/ID/task_133/evaluation_report.json,agentmark,AgentMark-F exact probabilities,34,34,0,13,0,0,11001101,True,
alfworld,agentmark,deepseek,ID,3,133,11001101,8,2025,/Users/local/AgentMarkBeta/实验数据/remote_data/extracted/output-0510/alfworld/agentmark/deepseek/run_3/ID/task_133/evaluation_report.json,agentmark_rank_only,AgentMark-F rank-only linear top-10 surrogate,14,14,0,5,8,0,00010001,False,payload_mismatch
alfworld,agentmark,deepseek,ID,3,133,11001101,8,2025,/Users/local/AgentMarkBeta/实验数据/remote_data/extracted/output-0510/alfworld/agentmark/deepseek/run_3/ID/task_133/evaluation_report.json,rank,AsymAgentMark-TK top-10 rank,4,4,0,2,11,0,,False,insufficient_packets
alfworld,agentmark,deepseek,ID,3,134,11001101,8,2025,/Users/local/AgentMarkBeta/实验数据/remote_data/extracted/output-0510/alfworld/agentmark/deepseek/run_3/ID/task_134/evaluation_report.json,agentmark,AgentMark-F exact probabilities,2,2,0,1,0,0,,False,insufficient_packets
alfworld,agentmark,deepseek,ID,3,134,11001101,8,2025,/Users/local/AgentMarkBeta/实验数据/remote_data/extracted/output-0510/alfworld/agentmark/deepseek/run_3/ID/task_134/evaluation_report.json,agentmark_rank_only,AgentMark-F rank-only linear top-10 surrogate,2,2,0,1,0,0,,False,insufficient_packets
alfworld,agentmark,deepseek,ID,3,134,11001101,8,2025,/Users/local/AgentMarkBeta/实验数据/remote_data/extracted/output-0510/alfworld/agentmark/deepseek/run_3/ID/task_134/evaluation_report.json,rank,AsymAgentMark-TK top-10 rank,0,0,0,0,1,0,,False,insufficient_packets
alfworld,agentmark,deepseek,ID,3,135,11001101,8,2025,/Users/local/AgentMarkBeta/实验数据/remote_data/extracted/output-0510/alfworld/agentmark/deepseek/run_3/ID/task_135/evaluation_report.json,agentmark,AgentMark-F exact probabilities,21,21,0,11,0,0,11001101,True,
alfworld,agentmark,deepseek,ID,3,135,11001101,8,2025,/Users/local/AgentMarkBeta/实验数据/remote_data/extracted/output-0510/alfworld/agentmark/deepseek/run_3/ID/task_135/evaluation_report.json,agentmark_rank_only,AgentMark-F rank-only linear top-10 surrogate,11,11,0,4,7,0,01010010,False,payload_mismatch
alfworld,agentmark,deepseek,ID,3,135,11001101,8,2025,/Users/local/AgentMarkBeta/实验数据/remote_data/extracted/output-0510/alfworld/agentmark/deepseek/run_3/ID/task_135/evaluation_report.json,rank,AsymAgentMark-TK top-10 rank,6,6,0,5,6,0,,False,insufficient_packets
alfworld,agentmark,deepseek,ID,3,136,11001101,8,2025,/Users/local/AgentMarkBeta/实验数据/remote_data/extracted/output-0510/alfworld/agentmark/deepseek/run_3/ID/task_136/evaluation_report.json,agentmark,AgentMark-F exact probabilities,53,53,0,23,0,0,11001101,True,
alfworld,agentmark,deepseek,ID,3,136,11001101,8,2025,/Users/local/AgentMarkBeta/实验数据/remote_data/extracted/output-0510/alfworld/agentmark/deepseek/run_3/ID/task_136/evaluation_report.json,agentmark_rank_only,AgentMark-F rank-only linear top-10 surrogate,32,32,0,11,12,0,10001100,False,payload_mismatch
alfworld,agentmark,deepseek,ID,3,136,11001101,8,2025,/Users/local/AgentMarkBeta/实验数据/remote_data/extracted/output-0510/alfworld/agentmark/deepseek/run_3/ID/task_136/evaluation_report.json,rank,AsymAgentMark-TK top-10 rank,11,11,0,6,17,0,00011100,False,payload_mismatch
alfworld,agentmark,deepseek,ID,3,137,11001101,8,2025,/Users/local/AgentMarkBeta/实验数据/remote_data/extracted/output-0510/alfworld/agentmark/deepseek/run_3/ID/task_137/evaluation_report.json,agentmark,AgentMark-F exact probabilities,14,14,0,6,0,0,11001101,True,
alfworld,agentmark,deepseek,ID,3,137,11001101,8,2025,/Users/local/AgentMarkBeta/实验数据/remote_data/extracted/output-0510/alfworld/agentmark/deepseek/run_3/ID/task_137/evaluation_report.json,agentmark_rank_only,AgentMark-F rank-only linear top-10 surrogate,7,7,0,3,3,0,,False,insufficient_packets
alfworld,agentmark,deepseek,ID,3,137,11001101,8,2025,/Users/local/AgentMarkBeta/实验数据/remote_data/extracted/output-0510/alfworld/agentmark/deepseek/run_3/ID/task_137/evaluation_report.json,rank,AsymAgentMark-TK top-10 rank,3,3,0,2,4,0,,False,insufficient_packets
alfworld,agentmark,deepseek,ID,3,138,11001101,8,2025,/Users/local/AgentMarkBeta/实验数据/remote_data/extracted/output-0510/alfworld/agentmark/deepseek/run_3/ID/task_138/evaluation_report.json,agentmark,AgentMark-F exact probabilities,6,6,0,4,0,0,,False,insufficient_packets
alfworld,agentmark,deepseek,ID,3,138,11001101,8,2025,/Users/local/AgentMarkBeta/实验数据/remote_data/extracted/output-0510/alfworld/agentmark/deepseek/run_3/ID/task_138/evaluation_report.json,agentmark_rank_only,AgentMark-F rank-only linear top-10 surrogate,4,4,0,2,2,0,,False,insufficient_packets
alfworld,agentmark,deepseek,ID,3,138,11001101,8,2025,/Users/local/AgentMarkBeta/实验数据/remote_data/extracted/output-0510/alfworld/agentmark/deepseek/run_3/ID/task_138/evaluation_report.json,rank,AsymAgentMark-TK top-10 rank,2,2,0,2,2,0,,False,insufficient_packets
alfworld,agentmark,deepseek,ID,3,139,11001101,8,2025,/Users/local/AgentMarkBeta/实验数据/remote_data/extracted/output-0510/alfworld/agentmark/deepseek/run_3/ID/task_139/evaluation_report.json,agentmark,AgentMark-F exact probabilities,51,51,0,21,0,0,11001101,True,
alfworld,agentmark,deepseek,ID,3,139,11001101,8,2025,/Users/local/AgentMarkBeta/实验数据/remote_data/extracted/output-0510/alfworld/agentmark/deepseek/run_3/ID/task_139/evaluation_report.json,agentmark_rank_only,AgentMark-F rank-only linear top-10 surrogate,25,25,0,11,10,0,11101010,False,payload_mismatch
alfworld,agentmark,deepseek,ID,3,139,11001101,8,2025,/Users/local/AgentMarkBeta/实验数据/remote_data/extracted/output-0510/alfworld/agentmark/deepseek/run_3/ID/task_139/evaluation_report.json,rank,AsymAgentMark-TK top-10 rank,9,9,0,5,16,0,01110111,False,payload_mismatch
alfworld,rank,deepseek,ID,1,000,11001101,8,2025,/Users/local/AgentMarkBeta/实验数据/remote_data/extracted/output-0510/alfworld/rank/deepseek/run_1/ID/task_000/evaluation_report.json,rank,AsymAgentMark-TK top-10 rank,1,1,0,1,0,0,,False,insufficient_packets
alfworld,rank,deepseek,ID,1,000,11001101,8,2025,/Users/local/AgentMarkBeta/实验数据/remote_data/extracted/output-0510/alfworld/rank/deepseek/run_1/ID/task_000/evaluation_report.json,rank_targeted_swap,AsymAgentMark-TK targeted rank swap b=1,0,0,0,0,1,0,,False,insufficient_packets
alfworld,rank,deepseek,ID,1,001,11001101,8,2025,/Users/local/AgentMarkBeta/实验数据/remote_data/extracted/output-0510/alfworld/rank/deepseek/run_1/ID/task_001/evaluation_report.json,rank,AsymAgentMark-TK top-10 rank,1,1,0,1,0,0,,False,insufficient_packets
alfworld,rank,deepseek,ID,1,001,11001101,8,2025,/Users/local/AgentMarkBeta/实验数据/remote_data/extracted/output-0510/alfworld/rank/deepseek/run_1/ID/task_001/evaluation_report.json,rank_targeted_swap,AsymAgentMark-TK targeted rank swap b=1,0,0,0,0,1,0,,False,insufficient_packets
alfworld,rank,deepseek,ID,1,002,11001101,8,2025,/Users/local/AgentMarkBeta/实验数据/remote_data/extracted/output-0510/alfworld/rank/deepseek/run_1/ID/task_002/evaluation_report.json,rank,AsymAgentMark-TK top-10 rank,0,0,0,0,0,0,,False,insufficient_packets
alfworld,rank,deepseek,ID,1,002,11001101,8,2025,/Users/local/AgentMarkBeta/实验数据/remote_data/extracted/output-0510/alfworld/rank/deepseek/run_1/ID/task_002/evaluation_report.json,rank_targeted_swap,AsymAgentMark-TK targeted rank swap b=1,0,0,0,0,0,0,,False,insufficient_packets
alfworld,rank,deepseek,ID,1,003,11001101,8,2025,/Users/local/AgentMarkBeta/实验数据/remote_data/extracted/output-0510/alfworld/rank/deepseek/run_1/ID/task_003/evaluation_report.json,rank,AsymAgentMark-TK top-10 rank,14,14,0,10,0,0,11001101,True,
alfworld,rank,deepseek,ID,1,003,11001101,8,2025,/Users/local/AgentMarkBeta/实验数据/remote_data/extracted/output-0510/alfworld/rank/deepseek/run_1/ID/task_003/evaluation_report.json,rank_targeted_swap,AsymAgentMark-TK targeted rank swap b=1,0,0,0,0,10,0,,False,insufficient_packets
alfworld,rank,deepseek,ID,1,004,11001101,8,2025,/Users/local/AgentMarkBeta/实验数据/remote_data/extracted/output-0510/alfworld/rank/deepseek/run_1/ID/task_004/evaluation_report.json,rank,AsymAgentMark-TK top-10 rank,13,13,0,8,1,0,11001101,True,
alfworld,rank,deepseek,ID,1,004,11001101,8,2025,/Users/local/AgentMarkBeta/实验数据/remote_data/extracted/output-0510/alfworld/rank/deepseek/run_1/ID/task_004/evaluation_report.json,rank_targeted_swap,AsymAgentMark-TK targeted rank swap b=1,0,0,0,0,9,0,,False,insufficient_packets
alfworld,rank,deepseek,ID,1,005,11001101,8,2025,/Users/local/AgentMarkBeta/实验数据/remote_data/extracted/output-0510/alfworld/rank/deepseek/run_1/ID/task_005/evaluation_report.json,rank,AsymAgentMark-TK top-10 rank,1,1,0,1,0,0,,False,insufficient_packets
alfworld,rank,deepseek,ID,1,005,11001101,8,2025,/Users/local/AgentMarkBeta/实验数据/remote_data/extracted/output-0510/alfworld/rank/deepseek/run_1/ID/task_005/evaluation_report.json,rank_targeted_swap,AsymAgentMark-TK targeted rank swap b=1,0,0,0,0,1,0,,False,insufficient_packets
alfworld,rank,deepseek,ID,1,006,11001101,8,2025,/Users/local/AgentMarkBeta/实验数据/remote_data/extracted/output-0510/alfworld/rank/deepseek/run_1/ID/task_006/evaluation_report.json,rank,AsymAgentMark-TK top-10 rank,6,6,0,3,0,0,,False,insufficient_packets
alfworld,rank,deepseek,ID,1,006,11001101,8,2025,/Users/local/AgentMarkBeta/实验数据/remote_data/extracted/output-0510/alfworld/rank/deepseek/run_1/ID/task_006/evaluation_report.json,rank_targeted_swap,AsymAgentMark-TK targeted rank swap b=1,1,1,0,1,2,0,,False,insufficient_packets
alfworld,rank,deepseek,ID,1,007,11001101,8,2025,/Users/local/AgentMarkBeta/实验数据/remote_data/extracted/output-0510/alfworld/rank/deepseek/run_1/ID/task_007/evaluation_report.json,rank,AsymAgentMark-TK top-10 rank,8,8,0,6,0,0,,False,rank_deficient
alfworld,rank,deepseek,ID,1,007,11001101,8,2025,/Users/local/AgentMarkBeta/实验数据/remote_data/extracted/output-0510/alfworld/rank/deepseek/run_1/ID/task_007/evaluation_report.json,rank_targeted_swap,AsymAgentMark-TK targeted rank swap b=1,0,0,0,0,6,0,,False,insufficient_packets
alfworld,rank,deepseek,ID,1,008,11001101,8,2025,/Users/local/AgentMarkBeta/实验数据/remote_data/extracted/output-0510/alfworld/rank/deepseek/run_1/ID/task_008/evaluation_report.json,rank,AsymAgentMark-TK top-10 rank,0,0,0,0,0,0,,False,insufficient_packets
alfworld,rank,deepseek,ID,1,008,11001101,8,2025,/Users/local/AgentMarkBeta/实验数据/remote_data/extracted/output-0510/alfworld/rank/deepseek/run_1/ID/task_008/evaluation_report.json,rank_targeted_swap,AsymAgentMark-TK targeted rank swap b=1,0,0,0,0,0,0,,False,insufficient_packets
alfworld,rank,deepseek,ID,1,009,11001101,8,2025,/Users/local/AgentMarkBeta/实验数据/remote_data/extracted/output-0510/alfworld/rank/deepseek/run_1/ID/task_009/evaluation_report.json,rank,AsymAgentMark-TK top-10 rank,6,6,0,4,0,0,,False,insufficient_packets
alfworld,rank,deepseek,ID,1,009,11001101,8,2025,/Users/local/AgentMarkBeta/实验数据/remote_data/extracted/output-0510/alfworld/rank/deepseek/run_1/ID/task_009/evaluation_report.json,rank_targeted_swap,AsymAgentMark-TK targeted rank swap b=1,0,0,0,0,4,0,,False,insufficient_packets
alfworld,rank,deepseek,ID,1,010,11001101,8,2025,/Users/local/AgentMarkBeta/实验数据/remote_data/extracted/output-0510/alfworld/rank/deepseek/run_1/ID/task_010/evaluation_report.json,rank,AsymAgentMark-TK top-10 rank,2,2,0,2,2,0,,False,insufficient_packets
alfworld,rank,deepseek,ID,1,010,11001101,8,2025,/Users/local/AgentMarkBeta/实验数据/remote_data/extracted/output-0510/alfworld/rank/deepseek/run_1/ID/task_010/evaluation_report.json,rank_targeted_swap,AsymAgentMark-TK targeted rank swap b=1,1,1,0,1,3,0,,False,insufficient_packets
alfworld,rank,deepseek,ID,1,011,11001101,8,2025,/Users/local/AgentMarkBeta/实验数据/remote_data/extracted/output-0510/alfworld/rank/deepseek/run_1/ID/task_011/evaluation_report.json,rank,AsymAgentMark-TK top-10 rank,7,7,0,4,0,0,,False,insufficient_packets
alfworld,rank,deepseek,ID,1,011,11001101,8,2025,/Users/local/AgentMarkBeta/实验数据/remote_data/extracted/output-0510/alfworld/rank/deepseek/run_1/ID/task_011/evaluation_report.json,rank_targeted_swap,AsymAgentMark-TK targeted rank swap b=1,0,0,0,0,4,0,,False,insufficient_packets
alfworld,rank,deepseek,ID,1,012,11001101,8,2025,/Users/local/AgentMarkBeta/实验数据/remote_data/extracted/output-0510/alfworld/rank/deepseek/run_1/ID/task_012/evaluation_report.json,rank,AsymAgentMark-TK top-10 rank,3,3,0,3,1,0,,False,insufficient_packets
alfworld,rank,deepseek,ID,1,012,11001101,8,2025,/Users/local/AgentMarkBeta/实验数据/remote_data/extracted/output-0510/alfworld/rank/deepseek/run_1/ID/task_012/evaluation_report.json,rank_targeted_swap,AsymAgentMark-TK targeted rank swap b=1,4,4,0,2,2,0,,False,insufficient_packets
alfworld,rank,deepseek,ID,1,013,11001101,8,2025,/Users/local/AgentMarkBeta/实验数据/remote_data/extracted/output-0510/alfworld/rank/deepseek/run_1/ID/task_013/evaluation_report.json,rank,AsymAgentMark-TK top-10 rank,1,1,0,1,0,0,,False,insufficient_packets
alfworld,rank,deepseek,ID,1,013,11001101,8,2025,/Users/local/AgentMarkBeta/实验数据/remote_data/extracted/output-0510/alfworld/rank/deepseek/run_1/ID/task_013/evaluation_report.json,rank_targeted_swap,AsymAgentMark-TK targeted rank swap b=1,0,0,0,0,1,0,,False,insufficient_packets
alfworld,rank,deepseek,ID,1,014,11001101,8,2025,/Users/local/AgentMarkBeta/实验数据/remote_data/extracted/output-0510/alfworld/rank/deepseek/run_1/ID/task_014/evaluation_report.json,rank,AsymAgentMark-TK top-10 rank,13,13,0,8,0,0,11001101,True,
alfworld,rank,deepseek,ID,1,014,11001101,8,2025,/Users/local/AgentMarkBeta/实验数据/remote_data/extracted/output-0510/alfworld/rank/deepseek/run_1/ID/task_014/evaluation_report.json,rank_targeted_swap,AsymAgentMark-TK targeted rank swap b=1,2,2,0,2,6,0,,False,insufficient_packets
alfworld,rank,deepseek,ID,1,015,11001101,8,2025,/Users/local/AgentMarkBeta/实验数据/remote_data/extracted/output-0510/alfworld/rank/deepseek/run_1/ID/task_015/evaluation_report.json,rank,AsymAgentMark-TK top-10 rank,3,3,0,2,0,0,,False,insufficient_packets
alfworld,rank,deepseek,ID,1,015,11001101,8,2025,/Users/local/AgentMarkBeta/实验数据/remote_data/extracted/output-0510/alfworld/rank/deepseek/run_1/ID/task_015/evaluation_report.json,rank_targeted_swap,AsymAgentMark-TK targeted rank swap b=1,0,0,0,0,2,0,,False,insufficient_packets
alfworld,rank,deepseek,ID,1,016,11001101,8,2025,/Users/local/AgentMarkBeta/实验数据/remote_data/extracted/output-0510/alfworld/rank/deepseek/run_1/ID/task_016/evaluation_report.json,rank,AsymAgentMark-TK top-10 rank,3,3,0,3,2,0,,False,insufficient_packets
alfworld,rank,deepseek,ID,1,016,11001101,8,2025,/Users/local/AgentMarkBeta/实验数据/remote_data/extracted/output-0510/alfworld/rank/deepseek/run_1/ID/task_016/evaluation_report.json,rank_targeted_swap,AsymAgentMark-TK targeted rank swap b=1,5,5,0,4,1,0,,False,insufficient_packets
alfworld,rank,deepseek,ID,1,017,11001101,8,2025,/Users/local/AgentMarkBeta/实验数据/remote_data/extracted/output-0510/alfworld/rank/deepseek/run_1/ID/task_017/evaluation_report.json,rank,AsymAgentMark-TK top-10 rank,4,4,0,4,0,0,,False,insufficient_packets
alfworld,rank,deepseek,ID,1,017,11001101,8,2025,/Users/local/AgentMarkBeta/实验数据/remote_data/extracted/output-0510/alfworld/rank/deepseek/run_1/ID/task_017/evaluation_report.json,rank_targeted_swap,AsymAgentMark-TK targeted rank swap b=1,1,1,0,1,3,0,,False,insufficient_packets
alfworld,rank,deepseek,ID,1,018,11001101,8,2025,/Users/local/AgentMarkBeta/实验数据/remote_data/extracted/output-0510/alfworld/rank/deepseek/run_1/ID/task_018/evaluation_report.json,rank,AsymAgentMark-TK top-10 rank,5,5,0,5,1,0,,False,insufficient_packets
alfworld,rank,deepseek,ID,1,018,11001101,8,2025,/Users/local/AgentMarkBeta/实验数据/remote_data/extracted/output-0510/alfworld/rank/deepseek/run_1/ID/task_018/evaluation_report.json,rank_targeted_swap,AsymAgentMark-TK targeted rank swap b=1,2,2,0,2,4,0,,False,insufficient_packets
alfworld,rank,deepseek,ID,1,019,11001101,8,2025,/Users/local/AgentMarkBeta/实验数据/remote_data/extracted/output-0510/alfworld/rank/deepseek/run_1/ID/task_019/evaluation_report.json,rank,AsymAgentMark-TK top-10 rank,0,0,0,0,0,0,,False,insufficient_packets
alfworld,rank,deepseek,ID,1,019,11001101,8,2025,/Users/local/AgentMarkBeta/实验数据/remote_data/extracted/output-0510/alfworld/rank/deepseek/run_1/ID/task_019/evaluation_report.json,rank_targeted_swap,AsymAgentMark-TK targeted rank swap b=1,0,0,0,0,0,0,,False,insufficient_packets
alfworld,rank,deepseek,ID,1,020,11001101,8,2025,/Users/local/AgentMarkBeta/实验数据/remote_data/extracted/output-0510/alfworld/rank/deepseek/run_1/ID/task_020/evaluation_report.json,rank,AsymAgentMark-TK top-10 rank,14,14,0,10,1,0,11001101,True,
alfworld,rank,deepseek,ID,1,020,11001101,8,2025,/Users/local/AgentMarkBeta/实验数据/remote_data/extracted/output-0510/alfworld/rank/deepseek/run_1/ID/task_020/evaluation_report.json,rank_targeted_swap,AsymAgentMark-TK targeted rank swap b=1,6,6,0,5,6,0,,False,insufficient_packets
alfworld,rank,deepseek,ID,1,021,11001101,8,2025,/Users/local/AgentMarkBeta/实验数据/remote_data/extracted/output-0510/alfworld/rank/deepseek/run_1/ID/task_021/evaluation_report.json,rank,AsymAgentMark-TK top-10 rank,10,10,0,7,2,0,01111100,False,payload_mismatch
alfworld,rank,deepseek,ID,1,021,11001101,8,2025,/Users/local/AgentMarkBeta/实验数据/remote_data/extracted/output-0510/alfworld/rank/deepseek/run_1/ID/task_021/evaluation_report.json,rank_targeted_swap,AsymAgentMark-TK targeted rank swap b=1,5,5,0,3,6,0,,False,insufficient_packets
alfworld,rank,deepseek,ID,1,022,11001101,8,2025,/Users/local/AgentMarkBeta/实验数据/remote_data/extracted/output-0510/alfworld/rank/deepseek/run_1/ID/task_022/evaluation_report.json,rank,AsymAgentMark-TK top-10 rank,0,0,0,0,0,0,,False,insufficient_packets
alfworld,rank,deepseek,ID,1,022,11001101,8,2025,/Users/local/AgentMarkBeta/实验数据/remote_data/extracted/output-0510/alfworld/rank/deepseek/run_1/ID/task_022/evaluation_report.json,rank_targeted_swap,AsymAgentMark-TK targeted rank swap b=1,0,0,0,0,0,0,,False,insufficient_packets
alfworld,rank,deepseek,ID,1,023,11001101,8,2025,/Users/local/AgentMarkBeta/实验数据/remote_data/extracted/output-0510/alfworld/rank/deepseek/run_1/ID/task_023/evaluation_report.json,rank,AsymAgentMark-TK top-10 rank,7,7,0,5,2,0,,False,insufficient_packets
alfworld,rank,deepseek,ID,1,023,11001101,8,2025,/Users/local/AgentMarkBeta/实验数据/remote_data/extracted/output-0510/alfworld/rank/deepseek/run_1/ID/task_023/evaluation_report.json,rank_targeted_swap,AsymAgentMark-TK targeted rank swap b=1,2,2,0,2,5,0,,False,insufficient_packets
alfworld,rank,deepseek,ID,1,024,11001101,8,2025,/Users/local/AgentMarkBeta/实验数据/remote_data/extracted/output-0510/alfworld/rank/deepseek/run_1/ID/task_024/evaluation_report.json,rank,AsymAgentMark-TK top-10 rank,1,1,0,1,0,0,,False,insufficient_packets
alfworld,rank,deepseek,ID,1,024,11001101,8,2025,/Users/local/AgentMarkBeta/实验数据/remote_data/extracted/output-0510/alfworld/rank/deepseek/run_1/ID/task_024/evaluation_report.json,rank_targeted_swap,AsymAgentMark-TK targeted rank swap b=1,1,1,0,1,0,0,,False,insufficient_packets
alfworld,rank,deepseek,ID,1,025,11001101,8,2025,/Users/local/AgentMarkBeta/实验数据/remote_data/extracted/output-0510/alfworld/rank/deepseek/run_1/ID/task_025/evaluation_report.json,rank,AsymAgentMark-TK top-10 rank,3,3,0,2,0,0,,False,insufficient_packets
alfworld,rank,deepseek,ID,1,025,11001101,8,2025,/Users/local/AgentMarkBeta/实验数据/remote_data/extracted/output-0510/alfworld/rank/deepseek/run_1/ID/task_025/evaluation_report.json,rank_targeted_swap,AsymAgentMark-TK targeted rank swap b=1,0,0,0,0,2,0,,False,insufficient_packets
alfworld,rank,deepseek,ID,1,026,11001101,8,2025,/Users/local/AgentMarkBeta/实验数据/remote_data/extracted/output-0510/alfworld/rank/deepseek/run_1/ID/task_026/evaluation_report.json,rank,AsymAgentMark-TK top-10 rank,21,21,0,18,3,0,11001101,True,
alfworld,rank,deepseek,ID,1,026,11001101,8,2025,/Users/local/AgentMarkBeta/实验数据/remote_data/extracted/output-0510/alfworld/rank/deepseek/run_1/ID/task_026/evaluation_report.json,rank_targeted_swap,AsymAgentMark-TK targeted rank swap b=1,1,1,0,1,20,0,,False,insufficient_packets
alfworld,rank,deepseek,ID,1,027,11001101,8,2025,/Users/local/AgentMarkBeta/实验数据/remote_data/extracted/output-0510/alfworld/rank/deepseek/run_1/ID/task_027/evaluation_report.json,rank,AsymAgentMark-TK top-10 rank,1,1,0,1,0,0,,False,insufficient_packets
alfworld,rank,deepseek,ID,1,027,11001101,8,2025,/Users/local/AgentMarkBeta/实验数据/remote_data/extracted/output-0510/alfworld/rank/deepseek/run_1/ID/task_027/evaluation_report.json,rank_targeted_swap,AsymAgentMark-TK targeted rank swap b=1,0,0,0,0,1,0,,False,insufficient_packets
alfworld,rank,deepseek,ID,1,028,11001101,8,2025,/Users/local/AgentMarkBeta/实验数据/remote_data/extracted/output-0510/alfworld/rank/deepseek/run_1/ID/task_028/evaluation_report.json,rank,AsymAgentMark-TK top-10 rank,6,6,0,5,0,0,,False,insufficient_packets
alfworld,rank,deepseek,ID,1,028,11001101,8,2025,/Users/local/AgentMarkBeta/实验数据/remote_data/extracted/output-0510/alfworld/rank/deepseek/run_1/ID/task_028/evaluation_report.json,rank_targeted_swap,AsymAgentMark-TK targeted rank swap b=1,0,0,0,0,5,0,,False,insufficient_packets
alfworld,rank,deepseek,ID,1,029,11001101,8,2025,/Users/local/AgentMarkBeta/实验数据/remote_data/extracted/output-0510/alfworld/rank/deepseek/run_1/ID/task_029/evaluation_report.json,rank,AsymAgentMark-TK top-10 rank,8,8,0,5,0,0,,False,rank_deficient
alfworld,rank,deepseek,ID,1,029,11001101,8,2025,/Users/local/AgentMarkBeta/实验数据/remote_data/extracted/output-0510/alfworld/rank/deepseek/run_1/ID/task_029/evaluation_report.json,rank_targeted_swap,AsymAgentMark-TK targeted rank swap b=1,0,0,0,0,5,0,,False,insufficient_packets
alfworld,rank,deepseek,ID,1,030,11001101,8,2025,/Users/local/AgentMarkBeta/实验数据/remote_data/extracted/output-0510/alfworld/rank/deepseek/run_1/ID/task_030/evaluation_report.json,rank,AsymAgentMark-TK top-10 rank,0,0,0,0,0,0,,False,insufficient_packets
alfworld,rank,deepseek,ID,1,030,11001101,8,2025,/Users/local/AgentMarkBeta/实验数据/remote_data/extracted/output-0510/alfworld/rank/deepseek/run_1/ID/task_030/evaluation_report.json,rank_targeted_swap,AsymAgentMark-TK targeted rank swap b=1,0,0,0,0,0,0,,False,insufficient_packets
alfworld,rank,deepseek,ID,1,031,11001101,8,2025,/Users/local/AgentMarkBeta/实验数据/remote_data/extracted/output-0510/alfworld/rank/deepseek/run_1/ID/task_031/evaluation_report.json,rank,AsymAgentMark-TK top-10 rank,15,15,0,11,6,0,11001101,True,
alfworld,rank,deepseek,ID,1,031,11001101,8,2025,/Users/local/AgentMarkBeta/实验数据/remote_data/extracted/output-0510/alfworld/rank/deepseek/run_1/ID/task_031/evaluation_report.json,rank_targeted_swap,AsymAgentMark-TK targeted rank swap b=1,4,4,0,3,14,0,,False,insufficient_packets
alfworld,rank,deepseek,ID,1,032,11001101,8,2025,/Users/local/AgentMarkBeta/实验数据/remote_data/extracted/output-0510/alfworld/rank/deepseek/run_1/ID/task_032/evaluation_report.json,rank,AsymAgentMark-TK top-10 rank,0,0,0,0,0,0,,False,insufficient_packets
alfworld,rank,deepseek,ID,1,032,11001101,8,2025,/Users/local/AgentMarkBeta/实验数据/remote_data/extracted/output-0510/alfworld/rank/deepseek/run_1/ID/task_032/evaluation_report.json,rank_targeted_swap,AsymAgentMark-TK targeted rank swap b=1,0,0,0,0,0,0,,False,insufficient_packets
alfworld,rank,deepseek,ID,1,033,11001101,8,2025,/Users/local/AgentMarkBeta/实验数据/remote_data/extracted/output-0510/alfworld/rank/deepseek/run_1/ID/task_033/evaluation_report.json,rank,AsymAgentMark-TK top-10 rank,2,2,0,1,0,0,,False,insufficient_packets
alfworld,rank,deepseek,ID,1,033,11001101,8,2025,/Users/local/AgentMarkBeta/实验数据/remote_data/extracted/output-0510/alfworld/rank/deepseek/run_1/ID/task_033/evaluation_report.json,rank_targeted_swap,AsymAgentMark-TK targeted rank swap b=1,0,0,0,0,1,0,,False,insufficient_packets
alfworld,rank,deepseek,ID,1,034,11001101,8,2025,/Users/local/AgentMarkBeta/实验数据/remote_data/extracted/output-0510/alfworld/rank/deepseek/run_1/ID/task_034/evaluation_report.json,rank,AsymAgentMark-TK top-10 rank,4,4,0,3,0,0,,False,insufficient_packets
alfworld,rank,deepseek,ID,1,034,11001101,8,2025,/Users/local/AgentMarkBeta/实验数据/remote_data/extracted/output-0510/alfworld/rank/deepseek/run_1/ID/task_034/evaluation_report.json,rank_targeted_swap,AsymAgentMark-TK targeted rank swap b=1,2,2,0,1,2,0,,False,insufficient_packets
alfworld,rank,deepseek,ID,1,035,11001101,8,2025,/Users/local/AgentMarkBeta/实验数据/remote_data/extracted/output-0510/alfworld/rank/deepseek/run_1/ID/task_035/evaluation_report.json,rank,AsymAgentMark-TK top-10 rank,1,1,0,1,0,0,,False,insufficient_packets
alfworld,rank,deepseek,ID,1,035,11001101,8,2025,/Users/local/AgentMarkBeta/实验数据/remote_data/extracted/output-0510/alfworld/rank/deepseek/run_1/ID/task_035/evaluation_report.json,rank_targeted_swap,AsymAgentMark-TK targeted rank swap b=1,0,0,0,0,1,0,,False,insufficient_packets
alfworld,rank,deepseek,ID,1,036,11001101,8,2025,/Users/local/AgentMarkBeta/实验数据/remote_data/extracted/output-0510/alfworld/rank/deepseek/run_1/ID/task_036/evaluation_report.json,rank,AsymAgentMark-TK top-10 rank,16,16,0,11,0,0,11001101,True,
alfworld,rank,deepseek,ID,1,036,11001101,8,2025,/Users/local/AgentMarkBeta/实验数据/remote_data/extracted/output-0510/alfworld/rank/deepseek/run_1/ID/task_036/evaluation_report.json,rank_targeted_swap,AsymAgentMark-TK targeted rank swap b=1,2,2,0,2,9,0,,False,insufficient_packets
alfworld,rank,deepseek,ID,1,037,11001101,8,2025,/Users/local/AgentMarkBeta/实验数据/remote_data/extracted/output-0510/alfworld/rank/deepseek/run_1/ID/task_037/evaluation_report.json,rank,AsymAgentMark-TK top-10 rank,9,9,0,6,1,0,11001101,True,
alfworld,rank,deepseek,ID,1,037,11001101,8,2025,/Users/local/AgentMarkBeta/实验数据/remote_data/extracted/output-0510/alfworld/rank/deepseek/run_1/ID/task_037/evaluation_report.json,rank_targeted_swap,AsymAgentMark-TK targeted rank swap b=1,2,2,0,1,6,0,,False,insufficient_packets
alfworld,rank,deepseek,ID,1,038,11001101,8,2025,/Users/local/AgentMarkBeta/实验数据/remote_data/extracted/output-0510/alfworld/rank/deepseek/run_1/ID/task_038/evaluation_report.json,rank,AsymAgentMark-TK top-10 rank,0,0,0,0,0,0,,False,insufficient_packets
alfworld,rank,deepseek,ID,1,038,11001101,8,2025,/Users/local/AgentMarkBeta/实验数据/remote_data/extracted/output-0510/alfworld/rank/deepseek/run_1/ID/task_038/evaluation_report.json,rank_targeted_swap,AsymAgentMark-TK targeted rank swap b=1,0,0,0,0,0,0,,False,insufficient_packets
alfworld,rank,deepseek,ID,1,039,11001101,8,2025,/Users/local/AgentMarkBeta/实验数据/remote_data/extracted/output-0510/alfworld/rank/deepseek/run_1/ID/task_039/evaluation_report.json,rank,AsymAgentMark-TK top-10 rank,1,1,0,1,0,0,,False,insufficient_packets
alfworld,rank,deepseek,ID,1,039,11001101,8,2025,/Users/local/AgentMarkBeta/实验数据/remote_data/extracted/output-0510/alfworld/rank/deepseek/run_1/ID/task_039/evaluation_report.json,rank_targeted_swap,AsymAgentMark-TK targeted rank swap b=1,0,0,0,0,1,0,,False,insufficient_packets
alfworld,rank,deepseek,ID,1,040,11001101,8,2025,/Users/local/AgentMarkBeta/实验数据/remote_data/extracted/output-0510/alfworld/rank/deepseek/run_1/ID/task_040/evaluation_report.json,rank,AsymAgentMark-TK top-10 rank,2,2,0,2,0,0,,False,insufficient_packets
alfworld,rank,deepseek,ID,1,040,11001101,8,2025,/Users/local/AgentMarkBeta/实验数据/remote_data/extracted/output-0510/alfworld/rank/deepseek/run_1/ID/task_040/evaluation_report.json,rank_targeted_swap,AsymAgentMark-TK targeted rank swap b=1,2,2,0,2,0,0,,False,insufficient_packets
alfworld,rank,deepseek,ID,1,041,11001101,8,2025,/Users/local/AgentMarkBeta/实验数据/remote_data/extracted/output-0510/alfworld/rank/deepseek/run_1/ID/task_041/evaluation_report.json,rank,AsymAgentMark-TK top-10 rank,4,4,0,3,2,0,,False,insufficient_packets
alfworld,rank,deepseek,ID,1,041,11001101,8,2025,/Users/local/AgentMarkBeta/实验数据/remote_data/extracted/output-0510/alfworld/rank/deepseek/run_1/ID/task_041/evaluation_report.json,rank_targeted_swap,AsymAgentMark-TK targeted rank swap b=1,1,1,0,1,4,0,,False,insufficient_packets
alfworld,rank,deepseek,ID,1,042,11001101,8,2025,/Users/local/AgentMarkBeta/实验数据/remote_data/extracted/output-0510/alfworld/rank/deepseek/run_1/ID/task_042/evaluation_report.json,rank,AsymAgentMark-TK top-10 rank,0,0,0,0,0,0,,False,insufficient_packets
alfworld,rank,deepseek,ID,1,042,11001101,8,2025,/Users/local/AgentMarkBeta/实验数据/remote_data/extracted/output-0510/alfworld/rank/deepseek/run_1/ID/task_042/evaluation_report.json,rank_targeted_swap,AsymAgentMark-TK targeted rank swap b=1,0,0,0,0,0,0,,False,insufficient_packets
alfworld,rank,deepseek,ID,1,043,11001101,8,2025,/Users/local/AgentMarkBeta/实验数据/remote_data/extracted/output-0510/alfworld/rank/deepseek/run_1/ID/task_043/evaluation_report.json,rank,AsymAgentMark-TK top-10 rank,13,13,0,9,1,0,11001101,True,
alfworld,rank,deepseek,ID,1,043,11001101,8,2025,/Users/local/AgentMarkBeta/实验数据/remote_data/extracted/output-0510/alfworld/rank/deepseek/run_1/ID/task_043/evaluation_report.json,rank_targeted_swap,AsymAgentMark-TK targeted rank swap b=1,4,4,0,4,6,0,,False,insufficient_packets
alfworld,rank,deepseek,ID,1,044,11001101,8,2025,/Users/local/AgentMarkBeta/实验数据/remote_data/extracted/output-0510/alfworld/rank/deepseek/run_1/ID/task_044/evaluation_report.json,rank,AsymAgentMark-TK top-10 rank,0,0,0,0,0,0,,False,insufficient_packets
alfworld,rank,deepseek,ID,1,044,11001101,8,2025,/Users/local/AgentMarkBeta/实验数据/remote_data/extracted/output-0510/alfworld/rank/deepseek/run_1/ID/task_044/evaluation_report.json,rank_targeted_swap,AsymAgentMark-TK targeted rank swap b=1,0,0,0,0,0,0,,False,insufficient_packets
alfworld,rank,deepseek,ID,1,045,11001101,8,2025,/Users/local/AgentMarkBeta/实验数据/remote_data/extracted/output-0510/alfworld/rank/deepseek/run_1/ID/task_045/evaluation_report.json,rank,AsymAgentMark-TK top-10 rank,3,3,0,2,0,0,,False,insufficient_packets
alfworld,rank,deepseek,ID,1,045,11001101,8,2025,/Users/local/AgentMarkBeta/实验数据/remote_data/extracted/output-0510/alfworld/rank/deepseek/run_1/ID/task_045/evaluation_report.json,rank_targeted_swap,AsymAgentMark-TK targeted rank swap b=1,3,3,0,2,0,0,,False,insufficient_packets
alfworld,rank,deepseek,ID,1,046,11001101,8,2025,/Users/local/AgentMarkBeta/实验数据/remote_data/extracted/output-0510/alfworld/rank/deepseek/run_1/ID/task_046/evaluation_report.json,rank,AsymAgentMark-TK top-10 rank,6,6,0,5,1,0,,False,insufficient_packets
alfworld,rank,deepseek,ID,1,046,11001101,8,2025,/Users/local/AgentMarkBeta/实验数据/remote_data/extracted/output-0510/alfworld/rank/deepseek/run_1/ID/task_046/evaluation_report.json,rank_targeted_swap,AsymAgentMark-TK targeted rank swap b=1,2,2,0,2,4,0,,False,insufficient_packets
alfworld,rank,deepseek,ID,1,047,11001101,8,2025,/Users/local/AgentMarkBeta/实验数据/remote_data/extracted/output-0510/alfworld/rank/deepseek/run_1/ID/task_047/evaluation_report.json,rank,AsymAgentMark-TK top-10 rank,21,21,0,14,4,0,11001101,True,
alfworld,rank,deepseek,ID,1,047,11001101,8,2025,/Users/local/AgentMarkBeta/实验数据/remote_data/extracted/output-0510/alfworld/rank/deepseek/run_1/ID/task_047/evaluation_report.json,rank_targeted_swap,AsymAgentMark-TK targeted rank swap b=1,9,9,0,5,13,0,10101011,False,payload_mismatch
alfworld,rank,deepseek,ID,1,048,11001101,8,2025,/Users/local/AgentMarkBeta/实验数据/remote_data/extracted/output-0510/alfworld/rank/deepseek/run_1/ID/task_048/evaluation_report.json,rank,AsymAgentMark-TK top-10 rank,3,3,0,2,0,0,,False,insufficient_packets
alfworld,rank,deepseek,ID,1,048,11001101,8,2025,/Users/local/AgentMarkBeta/实验数据/remote_data/extracted/output-0510/alfworld/rank/deepseek/run_1/ID/task_048/evaluation_report.json,rank_targeted_swap,AsymAgentMark-TK targeted rank swap b=1,0,0,0,0,2,0,,False,insufficient_packets
alfworld,rank,deepseek,ID,1,049,11001101,8,2025,/Users/local/AgentMarkBeta/实验数据/remote_data/extracted/output-0510/alfworld/rank/deepseek/run_1/ID/task_049/evaluation_report.json,rank,AsymAgentMark-TK top-10 rank,1,1,0,1,0,0,,False,insufficient_packets
alfworld,rank,deepseek,ID,1,049,11001101,8,2025,/Users/local/AgentMarkBeta/实验数据/remote_data/extracted/output-0510/alfworld/rank/deepseek/run_1/ID/task_049/evaluation_report.json,rank_targeted_swap,AsymAgentMark-TK targeted rank swap b=1,0,0,0,0,1,0,,False,insufficient_packets
alfworld,rank,deepseek,ID,1,050,11001101,8,2025,/Users/local/AgentMarkBeta/实验数据/remote_data/extracted/output-0510/alfworld/rank/deepseek/run_1/ID/task_050/evaluation_report.json,rank,AsymAgentMark-TK top-10 rank,0,0,0,0,0,0,,False,insufficient_packets
alfworld,rank,deepseek,ID,1,050,11001101,8,2025,/Users/local/AgentMarkBeta/实验数据/remote_data/extracted/output-0510/alfworld/rank/deepseek/run_1/ID/task_050/evaluation_report.json,rank_targeted_swap,AsymAgentMark-TK targeted rank swap b=1,0,0,0,0,0,0,,False,insufficient_packets
alfworld,rank,deepseek,ID,1,051,11001101,8,2025,/Users/local/AgentMarkBeta/实验数据/remote_data/extracted/output-0510/alfworld/rank/deepseek/run_1/ID/task_051/evaluation_report.json,rank,AsymAgentMark-TK top-10 rank,6,6,0,5,1,0,,False,insufficient_packets
alfworld,rank,deepseek,ID,1,051,11001101,8,2025,/Users/local/AgentMarkBeta/实验数据/remote_data/extracted/output-0510/alfworld/rank/deepseek/run_1/ID/task_051/evaluation_report.json,rank_targeted_swap,AsymAgentMark-TK targeted rank swap b=1,2,2,0,2,4,0,,False,insufficient_packets
alfworld,rank,deepseek,ID,1,052,11001101,8,2025,/Users/local/AgentMarkBeta/实验数据/remote_data/extracted/output-0510/alfworld/rank/deepseek/run_1/ID/task_052/evaluation_report.json,rank,AsymAgentMark-TK top-10 rank,3,3,0,2,2,0,,False,insufficient_packets
alfworld,rank,deepseek,ID,1,052,11001101,8,2025,/Users/local/AgentMarkBeta/实验数据/remote_data/extracted/output-0510/alfworld/rank/deepseek/run_1/ID/task_052/evaluation_report.json,rank_targeted_swap,AsymAgentMark-TK targeted rank swap b=1,3,3,0,2,2,0,,False,insufficient_packets
alfworld,rank,deepseek,ID,1,053,11001101,8,2025,/Users/local/AgentMarkBeta/实验数据/remote_data/extracted/output-0510/alfworld/rank/deepseek/run_1/ID/task_053/evaluation_report.json,rank,AsymAgentMark-TK top-10 rank,21,21,0,16,1,0,11001101,True,
alfworld,rank,deepseek,ID,1,053,11001101,8,2025,/Users/local/AgentMarkBeta/实验数据/remote_data/extracted/output-0510/alfworld/rank/deepseek/run_1/ID/task_053/evaluation_report.json,rank_targeted_swap,AsymAgentMark-TK targeted rank swap b=1,4,4,0,4,13,0,,False,insufficient_packets
alfworld,rank,deepseek,ID,1,054,11001101,8,2025,/Users/local/AgentMarkBeta/实验数据/remote_data/extracted/output-0510/alfworld/rank/deepseek/run_1/ID/task_054/evaluation_report.json,rank,AsymAgentMark-TK top-10 rank,4,4,0,4,0,0,,False,insufficient_packets
alfworld,rank,deepseek,ID,1,054,11001101,8,2025,/Users/local/AgentMarkBeta/实验数据/remote_data/extracted/output-0510/alfworld/rank/deepseek/run_1/ID/task_054/evaluation_report.json,rank_targeted_swap,AsymAgentMark-TK targeted rank swap b=1,1,1,0,1,3,0,,False,insufficient_packets
alfworld,rank,deepseek,ID,1,055,11001101,8,2025,/Users/local/AgentMarkBeta/实验数据/remote_data/extracted/output-0510/alfworld/rank/deepseek/run_1/ID/task_055/evaluation_report.json,rank,AsymAgentMark-TK top-10 rank,10,10,0,9,0,0,11001101,True,
alfworld,rank,deepseek,ID,1,055,11001101,8,2025,/Users/local/AgentMarkBeta/实验数据/remote_data/extracted/output-0510/alfworld/rank/deepseek/run_1/ID/task_055/evaluation_report.json,rank_targeted_swap,AsymAgentMark-TK targeted rank swap b=1,2,2,0,2,7,0,,False,insufficient_packets
alfworld,rank,deepseek,ID,1,056,11001101,8,2025,/Users/local/AgentMarkBeta/实验数据/remote_data/extracted/output-0510/alfworld/rank/deepseek/run_1/ID/task_056/evaluation_report.json,rank,AsymAgentMark-TK top-10 rank,13,13,0,11,0,0,11001101,True,
alfworld,rank,deepseek,ID,1,056,11001101,8,2025,/Users/local/AgentMarkBeta/实验数据/remote_data/extracted/output-0510/alfworld/rank/deepseek/run_1/ID/task_056/evaluation_report.json,rank_targeted_swap,AsymAgentMark-TK targeted rank swap b=1,3,3,0,3,8,0,,False,insufficient_packets
alfworld,rank,deepseek,ID,1,057,11001101,8,2025,/Users/local/AgentMarkBeta/实验数据/remote_data/extracted/output-0510/alfworld/rank/deepseek/run_1/ID/task_057/evaluation_report.json,rank,AsymAgentMark-TK top-10 rank,1,1,0,1,0,0,,False,insufficient_packets
alfworld,rank,deepseek,ID,1,057,11001101,8,2025,/Users/local/AgentMarkBeta/实验数据/remote_data/extracted/output-0510/alfworld/rank/deepseek/run_1/ID/task_057/evaluation_report.json,rank_targeted_swap,AsymAgentMark-TK targeted rank swap b=1,0,0,0,0,1,0,,False,insufficient_packets
alfworld,rank,deepseek,ID,1,058,11001101,8,2025,/Users/local/AgentMarkBeta/实验数据/remote_data/extracted/output-0510/alfworld/rank/deepseek/run_1/ID/task_058/evaluation_report.json,rank,AsymAgentMark-TK top-10 rank,4,4,0,4,2,0,,False,insufficient_packets
alfworld,rank,deepseek,ID,1,058,11001101,8,2025,/Users/local/AgentMarkBeta/实验数据/remote_data/extracted/output-0510/alfworld/rank/deepseek/run_1/ID/task_058/evaluation_report.json,rank_targeted_swap,AsymAgentMark-TK targeted rank swap b=1,6,6,0,5,1,0,,False,insufficient_packets
alfworld,rank,deepseek,ID,1,059,11001101,8,2025,/Users/local/AgentMarkBeta/实验数据/remote_data/extracted/output-0510/alfworld/rank/deepseek/run_1/ID/task_059/evaluation_report.json,rank,AsymAgentMark-TK top-10 rank,6,6,0,6,1,0,,False,insufficient_packets
alfworld,rank,deepseek,ID,1,059,11001101,8,2025,/Users/local/AgentMarkBeta/实验数据/remote_data/extracted/output-0510/alfworld/rank/deepseek/run_1/ID/task_059/evaluation_report.json,rank_targeted_swap,AsymAgentMark-TK targeted rank swap b=1,2,2,0,2,5,0,,False,insufficient_packets
alfworld,rank,deepseek,ID,1,060,11001101,8,2025,/Users/local/AgentMarkBeta/实验数据/remote_data/extracted/output-0510/alfworld/rank/deepseek/run_1/ID/task_060/evaluation_report.json,rank,AsymAgentMark-TK top-10 rank,5,5,0,4,2,0,,False,insufficient_packets
alfworld,rank,deepseek,ID,1,060,11001101,8,2025,/Users/local/AgentMarkBeta/实验数据/remote_data/extracted/output-0510/alfworld/rank/deepseek/run_1/ID/task_060/evaluation_report.json,rank_targeted_swap,AsymAgentMark-TK targeted rank swap b=1,1,1,0,1,5,0,,False,insufficient_packets
alfworld,rank,deepseek,ID,1,061,11001101,8,2025,/Users/local/AgentMarkBeta/实验数据/remote_data/extracted/output-0510/alfworld/rank/deepseek/run_1/ID/task_061/evaluation_report.json,rank,AsymAgentMark-TK top-10 rank,18,18,0,17,1,0,01111011,False,payload_mismatch
alfworld,rank,deepseek,ID,1,061,11001101,8,2025,/Users/local/AgentMarkBeta/实验数据/remote_data/extracted/output-0510/alfworld/rank/deepseek/run_1/ID/task_061/evaluation_report.json,rank_targeted_swap,AsymAgentMark-TK targeted rank swap b=1,0,0,0,0,18,0,,False,insufficient_packets
alfworld,rank,deepseek,ID,1,062,11001101,8,2025,/Users/local/AgentMarkBeta/实验数据/remote_data/extracted/output-0510/alfworld/rank/deepseek/run_1/ID/task_062/evaluation_report.json,rank,AsymAgentMark-TK top-10 rank,1,1,0,1,1,0,,False,insufficient_packets
alfworld,rank,deepseek,ID,1,062,11001101,8,2025,/Users/local/AgentMarkBeta/实验数据/remote_data/extracted/output-0510/alfworld/rank/deepseek/run_1/ID/task_062/evaluation_report.json,rank_targeted_swap,AsymAgentMark-TK targeted rank swap b=1,1,1,0,1,1,0,,False,insufficient_packets
alfworld,rank,deepseek,ID,1,063,11001101,8,2025,/Users/local/AgentMarkBeta/实验数据/remote_data/extracted/output-0510/alfworld/rank/deepseek/run_1/ID/task_063/evaluation_report.json,rank,AsymAgentMark-TK top-10 rank,1,1,0,1,1,0,,False,insufficient_packets
alfworld,rank,deepseek,ID,1,063,11001101,8,2025,/Users/local/AgentMarkBeta/实验数据/remote_data/extracted/output-0510/alfworld/rank/deepseek/run_1/ID/task_063/evaluation_report.json,rank_targeted_swap,AsymAgentMark-TK targeted rank swap b=1,1,1,0,1,1,0,,False,insufficient_packets
alfworld,rank,deepseek,ID,1,064,11001101,8,2025,/Users/local/AgentMarkBeta/实验数据/remote_data/extracted/output-0510/alfworld/rank/deepseek/run_1/ID/task_064/evaluation_report.json,rank,AsymAgentMark-TK top-10 rank,0,0,0,0,0,0,,False,insufficient_packets
alfworld,rank,deepseek,ID,1,064,11001101,8,2025,/Users/local/AgentMarkBeta/实验数据/remote_data/extracted/output-0510/alfworld/rank/deepseek/run_1/ID/task_064/evaluation_report.json,rank_targeted_swap,AsymAgentMark-TK targeted rank swap b=1,0,0,0,0,0,0,,False,insufficient_packets
alfworld,rank,deepseek,ID,1,065,11001101,8,2025,/Users/local/AgentMarkBeta/实验数据/remote_data/extracted/output-0510/alfworld/rank/deepseek/run_1/ID/task_065/evaluation_report.json,rank,AsymAgentMark-TK top-10 rank,3,3,0,3,2,0,,False,insufficient_packets
alfworld,rank,deepseek,ID,1,065,11001101,8,2025,/Users/local/AgentMarkBeta/实验数据/remote_data/extracted/output-0510/alfworld/rank/deepseek/run_1/ID/task_065/evaluation_report.json,rank_targeted_swap,AsymAgentMark-TK targeted rank swap b=1,1,1,0,1,4,0,,False,insufficient_packets
alfworld,rank,deepseek,ID,1,066,11001101,8,2025,/Users/local/AgentMarkBeta/实验数据/remote_data/extracted/output-0510/alfworld/rank/deepseek/run_1/ID/task_066/evaluation_report.json,rank,AsymAgentMark-TK top-10 rank,1,1,0,1,1,0,,False,insufficient_packets
alfworld,rank,deepseek,ID,1,066,11001101,8,2025,/Users/local/AgentMarkBeta/实验数据/remote_data/extracted/output-0510/alfworld/rank/deepseek/run_1/ID/task_066/evaluation_report.json,rank_targeted_swap,AsymAgentMark-TK targeted rank swap b=1,2,2,0,1,1,0,,False,insufficient_packets
alfworld,rank,deepseek,ID,1,067,11001101,8,2025,/Users/local/AgentMarkBeta/实验数据/remote_data/extracted/output-0510/alfworld/rank/deepseek/run_1/ID/task_067/evaluation_report.json,rank,AsymAgentMark-TK top-10 rank,7,7,0,4,2,0,,False,insufficient_packets
alfworld,rank,deepseek,ID,1,067,11001101,8,2025,/Users/local/AgentMarkBeta/实验数据/remote_data/extracted/output-0510/alfworld/rank/deepseek/run_1/ID/task_067/evaluation_report.json,rank_targeted_swap,AsymAgentMark-TK targeted rank swap b=1,2,2,0,1,5,0,,False,insufficient_packets
alfworld,rank,deepseek,ID,1,068,11001101,8,2025,/Users/local/AgentMarkBeta/实验数据/remote_data/extracted/output-0510/alfworld/rank/deepseek/run_1/ID/task_068/evaluation_report.json,rank,AsymAgentMark-TK top-10 rank,8,8,0,5,3,0,,False,rank_deficient
alfworld,rank,deepseek,ID,1,068,11001101,8,2025,/Users/local/AgentMarkBeta/实验数据/remote_data/extracted/output-0510/alfworld/rank/deepseek/run_1/ID/task_068/evaluation_report.json,rank_targeted_swap,AsymAgentMark-TK targeted rank swap b=1,0,0,0,0,8,0,,False,insufficient_packets
alfworld,rank,deepseek,ID,1,069,11001101,8,2025,/Users/local/AgentMarkBeta/实验数据/remote_data/extracted/output-0510/alfworld/rank/deepseek/run_1/ID/task_069/evaluation_report.json,rank,AsymAgentMark-TK top-10 rank,16,16,0,13,1,0,11001101,True,
alfworld,rank,deepseek,ID,1,069,11001101,8,2025,/Users/local/AgentMarkBeta/实验数据/remote_data/extracted/output-0510/alfworld/rank/deepseek/run_1/ID/task_069/evaluation_report.json,rank_targeted_swap,AsymAgentMark-TK targeted rank swap b=1,2,2,0,2,12,0,,False,insufficient_packets
alfworld,rank,deepseek,ID,1,070,11001101,8,2025,/Users/local/AgentMarkBeta/实验数据/remote_data/extracted/output-0510/alfworld/rank/deepseek/run_1/ID/task_070/evaluation_report.json,rank,AsymAgentMark-TK top-10 rank,0,0,0,0,0,0,,False,insufficient_packets
alfworld,rank,deepseek,ID,1,070,11001101,8,2025,/Users/local/AgentMarkBeta/实验数据/remote_data/extracted/output-0510/alfworld/rank/deepseek/run_1/ID/task_070/evaluation_report.json,rank_targeted_swap,AsymAgentMark-TK targeted rank swap b=1,0,0,0,0,0,0,,False,insufficient_packets
alfworld,rank,deepseek,ID,1,071,11001101,8,2025,/Users/local/AgentMarkBeta/实验数据/remote_data/extracted/output-0510/alfworld/rank/deepseek/run_1/ID/task_071/evaluation_report.json,rank,AsymAgentMark-TK top-10 rank,4,4,0,3,0,0,,False,insufficient_packets
alfworld,rank,deepseek,ID,1,071,11001101,8,2025,/Users/local/AgentMarkBeta/实验数据/remote_data/extracted/output-0510/alfworld/rank/deepseek/run_1/ID/task_071/evaluation_report.json,rank_targeted_swap,AsymAgentMark-TK targeted rank swap b=1,1,1,0,1,2,0,,False,insufficient_packets
alfworld,rank,deepseek,ID,1,072,11001101,8,2025,/Users/local/AgentMarkBeta/实验数据/remote_data/extracted/output-0510/alfworld/rank/deepseek/run_1/ID/task_072/evaluation_report.json,rank,AsymAgentMark-TK top-10 rank,15,15,0,11,1,0,11001101,True,
alfworld,rank,deepseek,ID,1,072,11001101,8,2025,/Users/local/AgentMarkBeta/实验数据/remote_data/extracted/output-0510/alfworld/rank/deepseek/run_1/ID/task_072/evaluation_report.json,rank_targeted_swap,AsymAgentMark-TK targeted rank swap b=1,4,4,0,4,8,0,,False,insufficient_packets
alfworld,rank,deepseek,ID,1,073,11001101,8,2025,/Users/local/AgentMarkBeta/实验数据/remote_data/extracted/output-0510/alfworld/rank/deepseek/run_1/ID/task_073/evaluation_report.json,rank,AsymAgentMark-TK top-10 rank,1,1,0,1,0,0,,False,insufficient_packets
alfworld,rank,deepseek,ID,1,073,11001101,8,2025,/Users/local/AgentMarkBeta/实验数据/remote_data/extracted/output-0510/alfworld/rank/deepseek/run_1/ID/task_073/evaluation_report.json,rank_targeted_swap,AsymAgentMark-TK targeted rank swap b=1,0,0,0,0,1,0,,False,insufficient_packets
alfworld,rank,deepseek,ID,1,074,11001101,8,2025,/Users/local/AgentMarkBeta/实验数据/remote_data/extracted/output-0510/alfworld/rank/deepseek/run_1/ID/task_074/evaluation_report.json,rank,AsymAgentMark-TK top-10 rank,11,11,0,8,3,0,11001101,True,
alfworld,rank,deepseek,ID,1,074,11001101,8,2025,/Users/local/AgentMarkBeta/实验数据/remote_data/extracted/output-0510/alfworld/rank/deepseek/run_1/ID/task_074/evaluation_report.json,rank_targeted_swap,AsymAgentMark-TK targeted rank swap b=1,7,7,0,4,7,0,,False,insufficient_packets
alfworld,rank,deepseek,ID,1,075,11001101,8,2025,/Users/local/AgentMarkBeta/实验数据/remote_data/extracted/output-0510/alfworld/rank/deepseek/run_1/ID/task_075/evaluation_report.json,rank,AsymAgentMark-TK top-10 rank,19,19,0,13,2,0,11001101,True,
alfworld,rank,deepseek,ID,1,075,11001101,8,2025,/Users/local/AgentMarkBeta/实验数据/remote_data/extracted/output-0510/alfworld/rank/deepseek/run_1/ID/task_075/evaluation_report.json,rank_targeted_swap,AsymAgentMark-TK targeted rank swap b=1,5,5,0,4,11,0,,False,insufficient_packets
alfworld,rank,deepseek,ID,1,076,11001101,8,2025,/Users/local/AgentMarkBeta/实验数据/remote_data/extracted/output-0510/alfworld/rank/deepseek/run_1/ID/task_076/evaluation_report.json,rank,AsymAgentMark-TK top-10 rank,3,3,0,3,1,0,,False,insufficient_packets
alfworld,rank,deepseek,ID,1,076,11001101,8,2025,/Users/local/AgentMarkBeta/实验数据/remote_data/extracted/output-0510/alfworld/rank/deepseek/run_1/ID/task_076/evaluation_report.json,rank_targeted_swap,AsymAgentMark-TK targeted rank swap b=1,2,2,0,1,3,0,,False,insufficient_packets
alfworld,rank,deepseek,ID,1,077,11001101,8,2025,/Users/local/AgentMarkBeta/实验数据/remote_data/extracted/output-0510/alfworld/rank/deepseek/run_1/ID/task_077/evaluation_report.json,rank,AsymAgentMark-TK top-10 rank,2,2,0,2,0,0,,False,insufficient_packets
alfworld,rank,deepseek,ID,1,077,11001101,8,2025,/Users/local/AgentMarkBeta/实验数据/remote_data/extracted/output-0510/alfworld/rank/deepseek/run_1/ID/task_077/evaluation_report.json,rank_targeted_swap,AsymAgentMark-TK targeted rank swap b=1,0,0,0,0,2,0,,False,insufficient_packets
alfworld,rank,deepseek,ID,1,078,11001101,8,2025,/Users/local/AgentMarkBeta/实验数据/remote_data/extracted/output-0510/alfworld/rank/deepseek/run_1/ID/task_078/evaluation_report.json,rank,AsymAgentMark-TK top-10 rank,16,16,0,12,12,0,11001101,True,
alfworld,rank,deepseek,ID,1,078,11001101,8,2025,/Users/local/AgentMarkBeta/实验数据/remote_data/extracted/output-0510/alfworld/rank/deepseek/run_1/ID/task_078/evaluation_report.json,rank_targeted_swap,AsymAgentMark-TK targeted rank swap b=1,11,11,0,7,17,0,10101001,False,payload_mismatch
alfworld,rank,deepseek,ID,1,079,11001101,8,2025,/Users/local/AgentMarkBeta/实验数据/remote_data/extracted/output-0510/alfworld/rank/deepseek/run_1/ID/task_079/evaluation_report.json,rank,AsymAgentMark-TK top-10 rank,5,5,0,4,0,0,,False,insufficient_packets
alfworld,rank,deepseek,ID,1,079,11001101,8,2025,/Users/local/AgentMarkBeta/实验数据/remote_data/extracted/output-0510/alfworld/rank/deepseek/run_1/ID/task_079/evaluation_report.json,rank_targeted_swap,AsymAgentMark-TK targeted rank swap b=1,3,3,0,3,1,0,,False,insufficient_packets
alfworld,rank,deepseek,ID,1,080,11001101,8,2025,/Users/local/AgentMarkBeta/实验数据/remote_data/extracted/output-0510/alfworld/rank/deepseek/run_1/ID/task_080/evaluation_report.json,rank,AsymAgentMark-TK top-10 rank,5,5,0,3,2,0,,False,insufficient_packets
alfworld,rank,deepseek,ID,1,080,11001101,8,2025,/Users/local/AgentMarkBeta/实验数据/remote_data/extracted/output-0510/alfworld/rank/deepseek/run_1/ID/task_080/evaluation_report.json,rank_targeted_swap,AsymAgentMark-TK targeted rank swap b=1,2,2,0,1,4,0,,False,insufficient_packets
alfworld,rank,deepseek,ID,1,081,11001101,8,2025,/Users/local/AgentMarkBeta/实验数据/remote_data/extracted/output-0510/alfworld/rank/deepseek/run_1/ID/task_081/evaluation_report.json,rank,AsymAgentMark-TK top-10 rank,10,10,0,9,10,0,11001101,True,
alfworld,rank,deepseek,ID,1,081,11001101,8,2025,/Users/local/AgentMarkBeta/实验数据/remote_data/extracted/output-0510/alfworld/rank/deepseek/run_1/ID/task_081/evaluation_report.json,rank_targeted_swap,AsymAgentMark-TK targeted rank swap b=1,13,13,0,9,10,0,00111110,False,payload_mismatch
alfworld,rank,deepseek,ID,1,082,11001101,8,2025,/Users/local/AgentMarkBeta/实验数据/remote_data/extracted/output-0510/alfworld/rank/deepseek/run_1/ID/task_082/evaluation_report.json,rank,AsymAgentMark-TK top-10 rank,0,0,0,0,0,0,,False,insufficient_packets
alfworld,rank,deepseek,ID,1,082,11001101,8,2025,/Users/local/AgentMarkBeta/实验数据/remote_data/extracted/output-0510/alfworld/rank/deepseek/run_1/ID/task_082/evaluation_report.json,rank_targeted_swap,AsymAgentMark-TK targeted rank swap b=1,0,0,0,0,0,0,,False,insufficient_packets
alfworld,rank,deepseek,ID,1,083,11001101,8,2025,/Users/local/AgentMarkBeta/实验数据/remote_data/extracted/output-0510/alfworld/rank/deepseek/run_1/ID/task_083/evaluation_report.json,rank,AsymAgentMark-TK top-10 rank,4,4,0,4,6,0,,False,insufficient_packets
alfworld,rank,deepseek,ID,1,083,11001101,8,2025,/Users/local/AgentMarkBeta/实验数据/remote_data/extracted/output-0510/alfworld/rank/deepseek/run_1/ID/task_083/evaluation_report.json,rank_targeted_swap,AsymAgentMark-TK targeted rank swap b=1,9,9,0,7,3,0,,False,rank_deficient
alfworld,rank,deepseek,ID,1,084,11001101,8,2025,/Users/local/AgentMarkBeta/实验数据/remote_data/extracted/output-0510/alfworld/rank/deepseek/run_1/ID/task_084/evaluation_report.json,rank,AsymAgentMark-TK top-10 rank,2,2,0,2,2,0,,False,insufficient_packets
alfworld,rank,deepseek,ID,1,084,11001101,8,2025,/Users/local/AgentMarkBeta/实验数据/remote_data/extracted/output-0510/alfworld/rank/deepseek/run_1/ID/task_084/evaluation_report.json,rank_targeted_swap,AsymAgentMark-TK targeted rank swap b=1,2,2,0,1,3,0,,False,insufficient_packets
alfworld,rank,deepseek,ID,1,085,11001101,8,2025,/Users/local/AgentMarkBeta/实验数据/remote_data/extracted/output-0510/alfworld/rank/deepseek/run_1/ID/task_085/evaluation_report.json,rank,AsymAgentMark-TK top-10 rank,4,4,0,3,1,0,,False,insufficient_packets
alfworld,rank,deepseek,ID,1,085,11001101,8,2025,/Users/local/AgentMarkBeta/实验数据/remote_data/extracted/output-0510/alfworld/rank/deepseek/run_1/ID/task_085/evaluation_report.json,rank_targeted_swap,AsymAgentMark-TK targeted rank swap b=1,2,2,0,2,2,0,,False,insufficient_packets
alfworld,rank,deepseek,ID,1,086,11001101,8,2025,/Users/local/AgentMarkBeta/实验数据/remote_data/extracted/output-0510/alfworld/rank/deepseek/run_1/ID/task_086/evaluation_report.json,rank,AsymAgentMark-TK top-10 rank,6,6,0,3,0,0,,False,insufficient_packets
alfworld,rank,deepseek,ID,1,086,11001101,8,2025,/Users/local/AgentMarkBeta/实验数据/remote_data/extracted/output-0510/alfworld/rank/deepseek/run_1/ID/task_086/evaluation_report.json,rank_targeted_swap,AsymAgentMark-TK targeted rank swap b=1,0,0,0,0,3,0,,False,insufficient_packets
alfworld,rank,deepseek,ID,1,087,11001101,8,2025,/Users/local/AgentMarkBeta/实验数据/remote_data/extracted/output-0510/alfworld/rank/deepseek/run_1/ID/task_087/evaluation_report.json,rank,AsymAgentMark-TK top-10 rank,10,10,0,7,1,0,,False,rank_deficient
alfworld,rank,deepseek,ID,1,087,11001101,8,2025,/Users/local/AgentMarkBeta/实验数据/remote_data/extracted/output-0510/alfworld/rank/deepseek/run_1/ID/task_087/evaluation_report.json,rank_targeted_swap,AsymAgentMark-TK targeted rank swap b=1,3,3,0,3,5,0,,False,insufficient_packets
alfworld,rank,deepseek,ID,1,088,11001101,8,2025,/Users/local/AgentMarkBeta/实验数据/remote_data/extracted/output-0510/alfworld/rank/deepseek/run_1/ID/task_088/evaluation_report.json,rank,AsymAgentMark-TK top-10 rank,1,1,0,1,1,0,,False,insufficient_packets
alfworld,rank,deepseek,ID,1,088,11001101,8,2025,/Users/local/AgentMarkBeta/实验数据/remote_data/extracted/output-0510/alfworld/rank/deepseek/run_1/ID/task_088/evaluation_report.json,rank_targeted_swap,AsymAgentMark-TK targeted rank swap b=1,1,1,0,1,1,0,,False,insufficient_packets
alfworld,rank,deepseek,ID,1,089,11001101,8,2025,/Users/local/AgentMarkBeta/实验数据/remote_data/extracted/output-0510/alfworld/rank/deepseek/run_1/ID/task_089/evaluation_report.json,rank,AsymAgentMark-TK top-10 rank,1,1,0,1,0,0,,False,insufficient_packets
alfworld,rank,deepseek,ID,1,089,11001101,8,2025,/Users/local/AgentMarkBeta/实验数据/remote_data/extracted/output-0510/alfworld/rank/deepseek/run_1/ID/task_089/evaluation_report.json,rank_targeted_swap,AsymAgentMark-TK targeted rank swap b=1,1,1,0,1,0,0,,False,insufficient_packets
alfworld,rank,deepseek,ID,1,090,11001101,8,2025,/Users/local/AgentMarkBeta/实验数据/remote_data/extracted/output-0510/alfworld/rank/deepseek/run_1/ID/task_090/evaluation_report.json,rank,AsymAgentMark-TK top-10 rank,6,6,0,4,2,0,,False,insufficient_packets
alfworld,rank,deepseek,ID,1,090,11001101,8,2025,/Users/local/AgentMarkBeta/实验数据/remote_data/extracted/output-0510/alfworld/rank/deepseek/run_1/ID/task_090/evaluation_report.json,rank_targeted_swap,AsymAgentMark-TK targeted rank swap b=1,2,2,0,2,4,0,,False,insufficient_packets
alfworld,rank,deepseek,ID,1,091,11001101,8,2025,/Users/local/AgentMarkBeta/实验数据/remote_data/extracted/output-0510/alfworld/rank/deepseek/run_1/ID/task_091/evaluation_report.json,rank,AsymAgentMark-TK top-10 rank,1,1,0,1,0,0,,False,insufficient_packets
alfworld,rank,deepseek,ID,1,091,11001101,8,2025,/Users/local/AgentMarkBeta/实验数据/remote_data/extracted/output-0510/alfworld/rank/deepseek/run_1/ID/task_091/evaluation_report.json,rank_targeted_swap,AsymAgentMark-TK targeted rank swap b=1,0,0,0,0,1,0,,False,insufficient_packets
alfworld,rank,deepseek,ID,1,092,11001101,8,2025,/Users/local/AgentMarkBeta/实验数据/remote_data/extracted/output-0510/alfworld/rank/deepseek/run_1/ID/task_092/evaluation_report.json,rank,AsymAgentMark-TK top-10 rank,2,2,0,2,1,0,,False,insufficient_packets
alfworld,rank,deepseek,ID,1,092,11001101,8,2025,/Users/local/AgentMarkBeta/实验数据/remote_data/extracted/output-0510/alfworld/rank/deepseek/run_1/ID/task_092/evaluation_report.json,rank_targeted_swap,AsymAgentMark-TK targeted rank swap b=1,2,2,0,2,1,0,,False,insufficient_packets
alfworld,rank,deepseek,ID,1,093,11001101,8,2025,/Users/local/AgentMarkBeta/实验数据/remote_data/extracted/output-0510/alfworld/rank/deepseek/run_1/ID/task_093/evaluation_report.json,rank,AsymAgentMark-TK top-10 rank,7,7,0,5,0,0,,False,insufficient_packets
alfworld,rank,deepseek,ID,1,093,11001101,8,2025,/Users/local/AgentMarkBeta/实验数据/remote_data/extracted/output-0510/alfworld/rank/deepseek/run_1/ID/task_093/evaluation_report.json,rank_targeted_swap,AsymAgentMark-TK targeted rank swap b=1,4,4,0,3,2,0,,False,insufficient_packets
alfworld,rank,deepseek,ID,1,094,11001101,8,2025,/Users/local/AgentMarkBeta/实验数据/remote_data/extracted/output-0510/alfworld/rank/deepseek/run_1/ID/task_094/evaluation_report.json,rank,AsymAgentMark-TK top-10 rank,12,12,0,10,10,0,01001101,False,payload_mismatch
alfworld,rank,deepseek,ID,1,094,11001101,8,2025,/Users/local/AgentMarkBeta/实验数据/remote_data/extracted/output-0510/alfworld/rank/deepseek/run_1/ID/task_094/evaluation_report.json,rank_targeted_swap,AsymAgentMark-TK targeted rank swap b=1,8,8,0,6,14,0,,False,rank_deficient
alfworld,rank,deepseek,ID,1,095,11001101,8,2025,/Users/local/AgentMarkBeta/实验数据/remote_data/extracted/output-0510/alfworld/rank/deepseek/run_1/ID/task_095/evaluation_report.json,rank,AsymAgentMark-TK top-10 rank,1,1,0,1,1,0,,False,insufficient_packets
alfworld,rank,deepseek,ID,1,095,11001101,8,2025,/Users/local/AgentMarkBeta/实验数据/remote_data/extracted/output-0510/alfworld/rank/deepseek/run_1/ID/task_095/evaluation_report.json,rank_targeted_swap,AsymAgentMark-TK targeted rank swap b=1,0,0,0,0,2,0,,False,insufficient_packets
alfworld,rank,deepseek,ID,1,096,11001101,8,2025,/Users/local/AgentMarkBeta/实验数据/remote_data/extracted/output-0510/alfworld/rank/deepseek/run_1/ID/task_096/evaluation_report.json,rank,AsymAgentMark-TK top-10 rank,16,16,0,11,6,0,11001101,True,
alfworld,rank,deepseek,ID,1,096,11001101,8,2025,/Users/local/AgentMarkBeta/实验数据/remote_data/extracted/output-0510/alfworld/rank/deepseek/run_1/ID/task_096/evaluation_report.json,rank_targeted_swap,AsymAgentMark-TK targeted rank swap b=1,5,5,0,3,14,0,,False,insufficient_packets
alfworld,rank,deepseek,ID,1,097,11001101,8,2025,/Users/local/AgentMarkBeta/实验数据/remote_data/extracted/output-0510/alfworld/rank/deepseek/run_1/ID/task_097/evaluation_report.json,rank,AsymAgentMark-TK top-10 rank,5,5,0,2,3,0,,False,insufficient_packets
alfworld,rank,deepseek,ID,1,097,11001101,8,2025,/Users/local/AgentMarkBeta/实验数据/remote_data/extracted/output-0510/alfworld/rank/deepseek/run_1/ID/task_097/evaluation_report.json,rank_targeted_swap,AsymAgentMark-TK targeted rank swap b=1,4,4,0,2,3,0,,False,insufficient_packets
alfworld,rank,deepseek,ID,1,098,11001101,8,2025,/Users/local/AgentMarkBeta/实验数据/remote_data/extracted/output-0510/alfworld/rank/deepseek/run_1/ID/task_098/evaluation_report.json,rank,AsymAgentMark-TK top-10 rank,2,2,0,1,3,0,,False,insufficient_packets
alfworld,rank,deepseek,ID,1,098,11001101,8,2025,/Users/local/AgentMarkBeta/实验数据/remote_data/extracted/output-0510/alfworld/rank/deepseek/run_1/ID/task_098/evaluation_report.json,rank_targeted_swap,AsymAgentMark-TK targeted rank swap b=1,1,1,0,1,3,0,,False,insufficient_packets
alfworld,rank,deepseek,ID,1,099,11001101,8,2025,/Users/local/AgentMarkBeta/实验数据/remote_data/extracted/output-0510/alfworld/rank/deepseek/run_1/ID/task_099/evaluation_report.json,rank,AsymAgentMark-TK top-10 rank,1,1,0,1,0,0,,False,insufficient_packets
alfworld,rank,deepseek,ID,1,099,11001101,8,2025,/Users/local/AgentMarkBeta/实验数据/remote_data/extracted/output-0510/alfworld/rank/deepseek/run_1/ID/task_099/evaluation_report.json,rank_targeted_swap,AsymAgentMark-TK targeted rank swap b=1,0,0,0,0,1,0,,False,insufficient_packets
alfworld,rank,deepseek,ID,1,100,11001101,8,2025,/Users/local/AgentMarkBeta/实验数据/remote_data/extracted/output-0510/alfworld/rank/deepseek/run_1/ID/task_100/evaluation_report.json,rank,AsymAgentMark-TK top-10 rank,2,2,0,2,0,0,,False,insufficient_packets
alfworld,rank,deepseek,ID,1,100,11001101,8,2025,/Users/local/AgentMarkBeta/实验数据/remote_data/extracted/output-0510/alfworld/rank/deepseek/run_1/ID/task_100/evaluation_report.json,rank_targeted_swap,AsymAgentMark-TK targeted rank swap b=1,1,1,0,1,1,0,,False,insufficient_packets
alfworld,rank,deepseek,ID,1,101,11001101,8,2025,/Users/local/AgentMarkBeta/实验数据/remote_data/extracted/output-0510/alfworld/rank/deepseek/run_1/ID/task_101/evaluation_report.json,rank,AsymAgentMark-TK top-10 rank,4,4,0,4,0,0,,False,insufficient_packets
alfworld,rank,deepseek,ID,1,101,11001101,8,2025,/Users/local/AgentMarkBeta/实验数据/remote_data/extracted/output-0510/alfworld/rank/deepseek/run_1/ID/task_101/evaluation_report.json,rank_targeted_swap,AsymAgentMark-TK targeted rank swap b=1,2,2,0,2,2,0,,False,insufficient_packets
alfworld,rank,deepseek,ID,1,102,11001101,8,2025,/Users/local/AgentMarkBeta/实验数据/remote_data/extracted/output-0510/alfworld/rank/deepseek/run_1/ID/task_102/evaluation_report.json,rank,AsymAgentMark-TK top-10 rank,4,4,0,4,0,0,,False,insufficient_packets
alfworld,rank,deepseek,ID,1,102,11001101,8,2025,/Users/local/AgentMarkBeta/实验数据/remote_data/extracted/output-0510/alfworld/rank/deepseek/run_1/ID/task_102/evaluation_report.json,rank_targeted_swap,AsymAgentMark-TK targeted rank swap b=1,1,1,0,1,3,0,,False,insufficient_packets
alfworld,rank,deepseek,ID,1,103,11001101,8,2025,/Users/local/AgentMarkBeta/实验数据/remote_data/extracted/output-0510/alfworld/rank/deepseek/run_1/ID/task_103/evaluation_report.json,rank,AsymAgentMark-TK top-10 rank,22,22,0,17,3,0,11001010,False,payload_mismatch
alfworld,rank,deepseek,ID,1,103,11001101,8,2025,/Users/local/AgentMarkBeta/实验数据/remote_data/extracted/output-0510/alfworld/rank/deepseek/run_1/ID/task_103/evaluation_report.json,rank_targeted_swap,AsymAgentMark-TK targeted rank swap b=1,5,5,0,4,16,0,,False,insufficient_packets
alfworld,rank,deepseek,ID,1,104,11001101,8,2025,/Users/local/AgentMarkBeta/实验数据/remote_data/extracted/output-0510/alfworld/rank/deepseek/run_1/ID/task_104/evaluation_report.json,rank,AsymAgentMark-TK top-10 rank,11,11,0,7,3,0,11111100,False,payload_mismatch
alfworld,rank,deepseek,ID,1,104,11001101,8,2025,/Users/local/AgentMarkBeta/实验数据/remote_data/extracted/output-0510/alfworld/rank/deepseek/run_1/ID/task_104/evaluation_report.json,rank_targeted_swap,AsymAgentMark-TK targeted rank swap b=1,4,4,0,3,7,0,,False,insufficient_packets
alfworld,rank,deepseek,ID,1,105,11001101,8,2025,/Users/local/AgentMarkBeta/实验数据/remote_data/extracted/output-0510/alfworld/rank/deepseek/run_1/ID/task_105/evaluation_report.json,rank,AsymAgentMark-TK top-10 rank,1,1,0,1,0,0,,False,insufficient_packets
alfworld,rank,deepseek,ID,1,105,11001101,8,2025,/Users/local/AgentMarkBeta/实验数据/remote_data/extracted/output-0510/alfworld/rank/deepseek/run_1/ID/task_105/evaluation_report.json,rank_targeted_swap,AsymAgentMark-TK targeted rank swap b=1,0,0,0,0,1,0,,False,insufficient_packets
alfworld,rank,deepseek,ID,1,106,11001101,8,2025,/Users/local/AgentMarkBeta/实验数据/remote_data/extracted/output-0510/alfworld/rank/deepseek/run_1/ID/task_106/evaluation_report.json,rank,AsymAgentMark-TK top-10 rank,10,10,0,7,5,0,,False,rank_deficient
alfworld,rank,deepseek,ID,1,106,11001101,8,2025,/Users/local/AgentMarkBeta/实验数据/remote_data/extracted/output-0510/alfworld/rank/deepseek/run_1/ID/task_106/evaluation_report.json,rank_targeted_swap,AsymAgentMark-TK targeted rank swap b=1,7,7,0,4,8,0,,False,insufficient_packets
alfworld,rank,deepseek,ID,1,107,11001101,8,2025,/Users/local/AgentMarkBeta/实验数据/remote_data/extracted/output-0510/alfworld/rank/deepseek/run_1/ID/task_107/evaluation_report.json,rank,AsymAgentMark-TK top-10 rank,21,21,0,16,3,0,11001101,True,
alfworld,rank,deepseek,ID,1,107,11001101,8,2025,/Users/local/AgentMarkBeta/实验数据/remote_data/extracted/output-0510/alfworld/rank/deepseek/run_1/ID/task_107/evaluation_report.json,rank_targeted_swap,AsymAgentMark-TK targeted rank swap b=1,8,8,0,7,12,0,,False,rank_deficient
alfworld,rank,deepseek,ID,1,108,11001101,8,2025,/Users/local/AgentMarkBeta/实验数据/remote_data/extracted/output-0510/alfworld/rank/deepseek/run_1/ID/task_108/evaluation_report.json,rank,AsymAgentMark-TK top-10 rank,2,2,0,1,1,0,,False,insufficient_packets
alfworld,rank,deepseek,ID,1,108,11001101,8,2025,/Users/local/AgentMarkBeta/实验数据/remote_data/extracted/output-0510/alfworld/rank/deepseek/run_1/ID/task_108/evaluation_report.json,rank_targeted_swap,AsymAgentMark-TK targeted rank swap b=1,0,0,0,0,2,0,,False,insufficient_packets
alfworld,rank,deepseek,ID,1,109,11001101,8,2025,/Users/local/AgentMarkBeta/实验数据/remote_data/extracted/output-0510/alfworld/rank/deepseek/run_1/ID/task_109/evaluation_report.json,rank,AsymAgentMark-TK top-10 rank,1,1,0,1,3,0,,False,insufficient_packets
alfworld,rank,deepseek,ID,1,109,11001101,8,2025,/Users/local/AgentMarkBeta/实验数据/remote_data/extracted/output-0510/alfworld/rank/deepseek/run_1/ID/task_109/evaluation_report.json,rank_targeted_swap,AsymAgentMark-TK targeted rank swap b=1,2,2,0,2,2,0,,False,insufficient_packets
alfworld,rank,deepseek,ID,1,110,11001101,8,2025,/Users/local/AgentMarkBeta/实验数据/remote_data/extracted/output-0510/alfworld/rank/deepseek/run_1/ID/task_110/evaluation_report.json,rank,AsymAgentMark-TK top-10 rank,18,18,0,15,1,0,11001010,False,payload_mismatch
alfworld,rank,deepseek,ID,1,110,11001101,8,2025,/Users/local/AgentMarkBeta/实验数据/remote_data/extracted/output-0510/alfworld/rank/deepseek/run_1/ID/task_110/evaluation_report.json,rank_targeted_swap,AsymAgentMark-TK targeted rank swap b=1,7,7,0,6,10,0,,False,insufficient_packets
alfworld,rank,deepseek,ID,1,111,11001101,8,2025,/Users/local/AgentMarkBeta/实验数据/remote_data/extracted/output-0510/alfworld/rank/deepseek/run_1/ID/task_111/evaluation_report.json,rank,AsymAgentMark-TK top-10 rank,1,1,0,1,0,0,,False,insufficient_packets
alfworld,rank,deepseek,ID,1,111,11001101,8,2025,/Users/local/AgentMarkBeta/实验数据/remote_data/extracted/output-0510/alfworld/rank/deepseek/run_1/ID/task_111/evaluation_report.json,rank_targeted_swap,AsymAgentMark-TK targeted rank swap b=1,0,0,0,0,1,0,,False,insufficient_packets
alfworld,rank,deepseek,ID,1,112,11001101,8,2025,/Users/local/AgentMarkBeta/实验数据/remote_data/extracted/output-0510/alfworld/rank/deepseek/run_1/ID/task_112/evaluation_report.json,rank,AsymAgentMark-TK top-10 rank,0,0,0,0,0,0,,False,insufficient_packets
alfworld,rank,deepseek,ID,1,112,11001101,8,2025,/Users/local/AgentMarkBeta/实验数据/remote_data/extracted/output-0510/alfworld/rank/deepseek/run_1/ID/task_112/evaluation_report.json,rank_targeted_swap,AsymAgentMark-TK targeted rank swap b=1,0,0,0,0,0,0,,False,insufficient_packets
alfworld,rank,deepseek,ID,1,113,11001101,8,2025,/Users/local/AgentMarkBeta/实验数据/remote_data/extracted/output-0510/alfworld/rank/deepseek/run_1/ID/task_113/evaluation_report.json,rank,AsymAgentMark-TK top-10 rank,7,7,0,6,1,0,,False,insufficient_packets
alfworld,rank,deepseek,ID,1,113,11001101,8,2025,/Users/local/AgentMarkBeta/实验数据/remote_data/extracted/output-0510/alfworld/rank/deepseek/run_1/ID/task_113/evaluation_report.json,rank_targeted_swap,AsymAgentMark-TK targeted rank swap b=1,1,1,0,1,6,0,,False,insufficient_packets
alfworld,rank,deepseek,ID,1,114,11001101,8,2025,/Users/local/AgentMarkBeta/实验数据/remote_data/extracted/output-0510/alfworld/rank/deepseek/run_1/ID/task_114/evaluation_report.json,rank,AsymAgentMark-TK top-10 rank,0,0,0,0,1,0,,False,insufficient_packets
alfworld,rank,deepseek,ID,1,114,11001101,8,2025,/Users/local/AgentMarkBeta/实验数据/remote_data/extracted/output-0510/alfworld/rank/deepseek/run_1/ID/task_114/evaluation_report.json,rank_targeted_swap,AsymAgentMark-TK targeted rank swap b=1,0,0,0,0,1,0,,False,insufficient_packets
alfworld,rank,deepseek,ID,1,115,11001101,8,2025,/Users/local/AgentMarkBeta/实验数据/remote_data/extracted/output-0510/alfworld/rank/deepseek/run_1/ID/task_115/evaluation_report.json,rank,AsymAgentMark-TK top-10 rank,9,9,0,7,3,0,11001101,True,
alfworld,rank,deepseek,ID,1,115,11001101,8,2025,/Users/local/AgentMarkBeta/实验数据/remote_data/extracted/output-0510/alfworld/rank/deepseek/run_1/ID/task_115/evaluation_report.json,rank_targeted_swap,AsymAgentMark-TK targeted rank swap b=1,2,2,0,2,8,0,,False,insufficient_packets
alfworld,rank,deepseek,ID,1,116,11001101,8,2025,/Users/local/AgentMarkBeta/实验数据/remote_data/extracted/output-0510/alfworld/rank/deepseek/run_1/ID/task_116/evaluation_report.json,rank,AsymAgentMark-TK top-10 rank,0,0,0,0,1,0,,False,insufficient_packets
alfworld,rank,deepseek,ID,1,116,11001101,8,2025,/Users/local/AgentMarkBeta/实验数据/remote_data/extracted/output-0510/alfworld/rank/deepseek/run_1/ID/task_116/evaluation_report.json,rank_targeted_swap,AsymAgentMark-TK targeted rank swap b=1,0,0,0,0,1,0,,False,insufficient_packets
alfworld,rank,deepseek,ID,1,117,11001101,8,2025,/Users/local/AgentMarkBeta/实验数据/remote_data/extracted/output-0510/alfworld/rank/deepseek/run_1/ID/task_117/evaluation_report.json,rank,AsymAgentMark-TK top-10 rank,10,10,0,7,0,0,11001101,True,
alfworld,rank,deepseek,ID,1,117,11001101,8,2025,/Users/local/AgentMarkBeta/实验数据/remote_data/extracted/output-0510/alfworld/rank/deepseek/run_1/ID/task_117/evaluation_report.json,rank_targeted_swap,AsymAgentMark-TK targeted rank swap b=1,0,0,0,0,7,0,,False,insufficient_packets
alfworld,rank,deepseek,ID,1,118,11001101,8,2025,/Users/local/AgentMarkBeta/实验数据/remote_data/extracted/output-0510/alfworld/rank/deepseek/run_1/ID/task_118/evaluation_report.json,rank,AsymAgentMark-TK top-10 rank,10,10,0,7,0,0,11001101,True,
alfworld,rank,deepseek,ID,1,118,11001101,8,2025,/Users/local/AgentMarkBeta/实验数据/remote_data/extracted/output-0510/alfworld/rank/deepseek/run_1/ID/task_118/evaluation_report.json,rank_targeted_swap,AsymAgentMark-TK targeted rank swap b=1,1,1,0,1,6,0,,False,insufficient_packets
alfworld,rank,deepseek,ID,1,119,11001101,8,2025,/Users/local/AgentMarkBeta/实验数据/remote_data/extracted/output-0510/alfworld/rank/deepseek/run_1/ID/task_119/evaluation_report.json,rank,AsymAgentMark-TK top-10 rank,17,17,0,10,6,0,11001101,True,
alfworld,rank,deepseek,ID,1,119,11001101,8,2025,/Users/local/AgentMarkBeta/实验数据/remote_data/extracted/output-0510/alfworld/rank/deepseek/run_1/ID/task_119/evaluation_report.json,rank_targeted_swap,AsymAgentMark-TK targeted rank swap b=1,7,7,0,6,10,0,,False,insufficient_packets
alfworld,rank,deepseek,ID,1,120,11001101,8,2025,/Users/local/AgentMarkBeta/实验数据/remote_data/extracted/output-0510/alfworld/rank/deepseek/run_1/ID/task_120/evaluation_report.json,rank,AsymAgentMark-TK top-10 rank,0,0,0,0,0,0,,False,insufficient_packets
alfworld,rank,deepseek,ID,1,120,11001101,8,2025,/Users/local/AgentMarkBeta/实验数据/remote_data/extracted/output-0510/alfworld/rank/deepseek/run_1/ID/task_120/evaluation_report.json,rank_targeted_swap,AsymAgentMark-TK targeted rank swap b=1,0,0,0,0,0,0,,False,insufficient_packets
alfworld,rank,deepseek,ID,1,121,11001101,8,2025,/Users/local/AgentMarkBeta/实验数据/remote_data/extracted/output-0510/alfworld/rank/deepseek/run_1/ID/task_121/evaluation_report.json,rank,AsymAgentMark-TK top-10 rank,4,4,0,3,0,0,,False,insufficient_packets
alfworld,rank,deepseek,ID,1,121,11001101,8,2025,/Users/local/AgentMarkBeta/实验数据/remote_data/extracted/output-0510/alfworld/rank/deepseek/run_1/ID/task_121/evaluation_report.json,rank_targeted_swap,AsymAgentMark-TK targeted rank swap b=1,2,2,0,1,2,0,,False,insufficient_packets
alfworld,rank,deepseek,ID,1,122,11001101,8,2025,/Users/local/AgentMarkBeta/实验数据/remote_data/extracted/output-0510/alfworld/rank/deepseek/run_1/ID/task_122/evaluation_report.json,rank,AsymAgentMark-TK top-10 rank,2,2,0,1,0,0,,False,insufficient_packets
alfworld,rank,deepseek,ID,1,122,11001101,8,2025,/Users/local/AgentMarkBeta/实验数据/remote_data/extracted/output-0510/alfworld/rank/deepseek/run_1/ID/task_122/evaluation_report.json,rank_targeted_swap,AsymAgentMark-TK targeted rank swap b=1,0,0,0,0,1,0,,False,insufficient_packets
alfworld,rank,deepseek,ID,1,123,11001101,8,2025,/Users/local/AgentMarkBeta/实验数据/remote_data/extracted/output-0510/alfworld/rank/deepseek/run_1/ID/task_123/evaluation_report.json,rank,AsymAgentMark-TK top-10 rank,1,1,0,1,0,0,,False,insufficient_packets
alfworld,rank,deepseek,ID,1,123,11001101,8,2025,/Users/local/AgentMarkBeta/实验数据/remote_data/extracted/output-0510/alfworld/rank/deepseek/run_1/ID/task_123/evaluation_report.json,rank_targeted_swap,AsymAgentMark-TK targeted rank swap b=1,0,0,0,0,1,0,,False,insufficient_packets
alfworld,rank,deepseek,ID,1,124,11001101,8,2025,/Users/local/AgentMarkBeta/实验数据/remote_data/extracted/output-0510/alfworld/rank/deepseek/run_1/ID/task_124/evaluation_report.json,rank,AsymAgentMark-TK top-10 rank,12,12,0,9,1,0,11111101,False,payload_mismatch
alfworld,rank,deepseek,ID,1,124,11001101,8,2025,/Users/local/AgentMarkBeta/实验数据/remote_data/extracted/output-0510/alfworld/rank/deepseek/run_1/ID/task_124/evaluation_report.json,rank_targeted_swap,AsymAgentMark-TK targeted rank swap b=1,1,1,0,1,9,0,,False,insufficient_packets
alfworld,rank,deepseek,ID,1,125,11001101,8,2025,/Users/local/AgentMarkBeta/实验数据/remote_data/extracted/output-0510/alfworld/rank/deepseek/run_1/ID/task_125/evaluation_report.json,rank,AsymAgentMark-TK top-10 rank,21,21,0,17,3,0,11001101,True,
alfworld,rank,deepseek,ID,1,125,11001101,8,2025,/Users/local/AgentMarkBeta/实验数据/remote_data/extracted/output-0510/alfworld/rank/deepseek/run_1/ID/task_125/evaluation_report.json,rank_targeted_swap,AsymAgentMark-TK targeted rank swap b=1,7,7,0,6,14,0,,False,insufficient_packets
alfworld,rank,deepseek,ID,1,126,11001101,8,2025,/Users/local/AgentMarkBeta/实验数据/remote_data/extracted/output-0510/alfworld/rank/deepseek/run_1/ID/task_126/evaluation_report.json,rank,AsymAgentMark-TK top-10 rank,14,14,0,12,2,0,01111011,False,payload_mismatch
alfworld,rank,deepseek,ID,1,126,11001101,8,2025,/Users/local/AgentMarkBeta/实验数据/remote_data/extracted/output-0510/alfworld/rank/deepseek/run_1/ID/task_126/evaluation_report.json,rank_targeted_swap,AsymAgentMark-TK targeted rank swap b=1,5,5,0,4,10,0,,False,insufficient_packets
alfworld,rank,deepseek,ID,1,127,11001101,8,2025,/Users/local/AgentMarkBeta/实验数据/remote_data/extracted/output-0510/alfworld/rank/deepseek/run_1/ID/task_127/evaluation_report.json,rank,AsymAgentMark-TK top-10 rank,6,6,0,4,0,0,,False,insufficient_packets
alfworld,rank,deepseek,ID,1,127,11001101,8,2025,/Users/local/AgentMarkBeta/实验数据/remote_data/extracted/output-0510/alfworld/rank/deepseek/run_1/ID/task_127/evaluation_report.json,rank_targeted_swap,AsymAgentMark-TK targeted rank swap b=1,0,0,0,0,4,0,,False,insufficient_packets
alfworld,rank,deepseek,ID,1,128,11001101,8,2025,/Users/local/AgentMarkBeta/实验数据/remote_data/extracted/output-0510/alfworld/rank/deepseek/run_1/ID/task_128/evaluation_report.json,rank,AsymAgentMark-TK top-10 rank,4,4,0,4,0,0,,False,insufficient_packets
alfworld,rank,deepseek,ID,1,128,11001101,8,2025,/Users/local/AgentMarkBeta/实验数据/remote_data/extracted/output-0510/alfworld/rank/deepseek/run_1/ID/task_128/evaluation_report.json,rank_targeted_swap,AsymAgentMark-TK targeted rank swap b=1,1,1,0,1,3,0,,False,insufficient_packets
alfworld,rank,deepseek,ID,1,129,11001101,8,2025,/Users/local/AgentMarkBeta/实验数据/remote_data/extracted/output-0510/alfworld/rank/deepseek/run_1/ID/task_129/evaluation_report.json,rank,AsymAgentMark-TK top-10 rank,6,6,0,5,0,0,,False,insufficient_packets
alfworld,rank,deepseek,ID,1,129,11001101,8,2025,/Users/local/AgentMarkBeta/实验数据/remote_data/extracted/output-0510/alfworld/rank/deepseek/run_1/ID/task_129/evaluation_report.json,rank_targeted_swap,AsymAgentMark-TK targeted rank swap b=1,2,2,0,2,3,0,,False,insufficient_packets
alfworld,rank,deepseek,ID,1,130,11001101,8,2025,/Users/local/AgentMarkBeta/实验数据/remote_data/extracted/output-0510/alfworld/rank/deepseek/run_1/ID/task_130/evaluation_report.json,rank,AsymAgentMark-TK top-10 rank,5,5,0,4,1,0,,False,insufficient_packets
alfworld,rank,deepseek,ID,1,130,11001101,8,2025,/Users/local/AgentMarkBeta/实验数据/remote_data/extracted/output-0510/alfworld/rank/deepseek/run_1/ID/task_130/evaluation_report.json,rank_targeted_swap,AsymAgentMark-TK targeted rank swap b=1,2,2,0,1,4,0,,False,insufficient_packets
alfworld,rank,deepseek,ID,1,131,11001101,8,2025,/Users/local/AgentMarkBeta/实验数据/remote_data/extracted/output-0510/alfworld/rank/deepseek/run_1/ID/task_131/evaluation_report.json,rank,AsymAgentMark-TK top-10 rank,16,16,0,12,0,0,11001101,True,
alfworld,rank,deepseek,ID,1,131,11001101,8,2025,/Users/local/AgentMarkBeta/实验数据/remote_data/extracted/output-0510/alfworld/rank/deepseek/run_1/ID/task_131/evaluation_report.json,rank_targeted_swap,AsymAgentMark-TK targeted rank swap b=1,3,3,0,3,9,0,,False,insufficient_packets
alfworld,rank,deepseek,ID,1,132,11001101,8,2025,/Users/local/AgentMarkBeta/实验数据/remote_data/extracted/output-0510/alfworld/rank/deepseek/run_1/ID/task_132/evaluation_report.json,rank,AsymAgentMark-TK top-10 rank,3,3,0,2,0,0,,False,insufficient_packets
alfworld,rank,deepseek,ID,1,132,11001101,8,2025,/Users/local/AgentMarkBeta/实验数据/remote_data/extracted/output-0510/alfworld/rank/deepseek/run_1/ID/task_132/evaluation_report.json,rank_targeted_swap,AsymAgentMark-TK targeted rank swap b=1,1,1,0,1,1,0,,False,insufficient_packets
alfworld,rank,deepseek,ID,1,133,11001101,8,2025,/Users/local/AgentMarkBeta/实验数据/remote_data/extracted/output-0510/alfworld/rank/deepseek/run_1/ID/task_133/evaluation_report.json,rank,AsymAgentMark-TK top-10 rank,10,10,0,7,0,0,11001101,True,
alfworld,rank,deepseek,ID,1,133,11001101,8,2025,/Users/local/AgentMarkBeta/实验数据/remote_data/extracted/output-0510/alfworld/rank/deepseek/run_1/ID/task_133/evaluation_report.json,rank_targeted_swap,AsymAgentMark-TK targeted rank swap b=1,2,2,0,2,5,0,,False,insufficient_packets
alfworld,rank,deepseek,ID,1,134,11001101,8,2025,/Users/local/AgentMarkBeta/实验数据/remote_data/extracted/output-0510/alfworld/rank/deepseek/run_1/ID/task_134/evaluation_report.json,rank,AsymAgentMark-TK top-10 rank,4,4,0,4,0,0,,False,insufficient_packets
alfworld,rank,deepseek,ID,1,134,11001101,8,2025,/Users/local/AgentMarkBeta/实验数据/remote_data/extracted/output-0510/alfworld/rank/deepseek/run_1/ID/task_134/evaluation_report.json,rank_targeted_swap,AsymAgentMark-TK targeted rank swap b=1,1,1,0,1,3,0,,False,insufficient_packets
alfworld,rank,deepseek,ID,1,135,11001101,8,2025,/Users/local/AgentMarkBeta/实验数据/remote_data/extracted/output-0510/alfworld/rank/deepseek/run_1/ID/task_135/evaluation_report.json,rank,AsymAgentMark-TK top-10 rank,7,7,0,5,0,0,,False,insufficient_packets
alfworld,rank,deepseek,ID,1,135,11001101,8,2025,/Users/local/AgentMarkBeta/实验数据/remote_data/extracted/output-0510/alfworld/rank/deepseek/run_1/ID/task_135/evaluation_report.json,rank_targeted_swap,AsymAgentMark-TK targeted rank swap b=1,1,1,0,1,4,0,,False,insufficient_packets
alfworld,rank,deepseek,ID,1,136,11001101,8,2025,/Users/local/AgentMarkBeta/实验数据/remote_data/extracted/output-0510/alfworld/rank/deepseek/run_1/ID/task_136/evaluation_report.json,rank,AsymAgentMark-TK top-10 rank,19,19,0,16,2,0,11001101,True,
alfworld,rank,deepseek,ID,1,136,11001101,8,2025,/Users/local/AgentMarkBeta/实验数据/remote_data/extracted/output-0510/alfworld/rank/deepseek/run_1/ID/task_136/evaluation_report.json,rank_targeted_swap,AsymAgentMark-TK targeted rank swap b=1,6,6,0,5,13,0,,False,insufficient_packets
alfworld,rank,deepseek,ID,1,137,11001101,8,2025,/Users/local/AgentMarkBeta/实验数据/remote_data/extracted/output-0510/alfworld/rank/deepseek/run_1/ID/task_137/evaluation_report.json,rank,AsymAgentMark-TK top-10 rank,3,3,0,2,1,0,,False,insufficient_packets
alfworld,rank,deepseek,ID,1,137,11001101,8,2025,/Users/local/AgentMarkBeta/实验数据/remote_data/extracted/output-0510/alfworld/rank/deepseek/run_1/ID/task_137/evaluation_report.json,rank_targeted_swap,AsymAgentMark-TK targeted rank swap b=1,0,0,0,0,3,0,,False,insufficient_packets
alfworld,rank,deepseek,ID,1,138,11001101,8,2025,/Users/local/AgentMarkBeta/实验数据/remote_data/extracted/output-0510/alfworld/rank/deepseek/run_1/ID/task_138/evaluation_report.json,rank,AsymAgentMark-TK top-10 rank,0,0,0,0,2,0,,False,insufficient_packets
alfworld,rank,deepseek,ID,1,138,11001101,8,2025,/Users/local/AgentMarkBeta/实验数据/remote_data/extracted/output-0510/alfworld/rank/deepseek/run_1/ID/task_138/evaluation_report.json,rank_targeted_swap,AsymAgentMark-TK targeted rank swap b=1,0,0,0,0,2,0,,False,insufficient_packets
alfworld,rank,deepseek,ID,1,139,11001101,8,2025,/Users/local/AgentMarkBeta/实验数据/remote_data/extracted/output-0510/alfworld/rank/deepseek/run_1/ID/task_139/evaluation_report.json,rank,AsymAgentMark-TK top-10 rank,25,25,0,17,1,0,11001101,True,
alfworld,rank,deepseek,ID,1,139,11001101,8,2025,/Users/local/AgentMarkBeta/实验数据/remote_data/extracted/output-0510/alfworld/rank/deepseek/run_1/ID/task_139/evaluation_report.json,rank_targeted_swap,AsymAgentMark-TK targeted rank swap b=1,6,6,0,5,13,0,,False,insufficient_packets
alfworld,rank,deepseek,ID,2,000,11001101,8,2025,/Users/local/AgentMarkBeta/实验数据/remote_data/extracted/output-0510/alfworld/rank/deepseek/run_2/ID/task_000/evaluation_report.json,rank,AsymAgentMark-TK top-10 rank,0,0,0,0,0,0,,False,insufficient_packets
alfworld,rank,deepseek,ID,2,000,11001101,8,2025,/Users/local/AgentMarkBeta/实验数据/remote_data/extracted/output-0510/alfworld/rank/deepseek/run_2/ID/task_000/evaluation_report.json,rank_targeted_swap,AsymAgentMark-TK targeted rank swap b=1,0,0,0,0,0,0,,False,insufficient_packets
alfworld,rank,deepseek,ID,2,001,11001101,8,2025,/Users/local/AgentMarkBeta/实验数据/remote_data/extracted/output-0510/alfworld/rank/deepseek/run_2/ID/task_001/evaluation_report.json,rank,AsymAgentMark-TK top-10 rank,4,4,0,3,0,0,,False,insufficient_packets
alfworld,rank,deepseek,ID,2,001,11001101,8,2025,/Users/local/AgentMarkBeta/实验数据/remote_data/extracted/output-0510/alfworld/rank/deepseek/run_2/ID/task_001/evaluation_report.json,rank_targeted_swap,AsymAgentMark-TK targeted rank swap b=1,1,1,0,1,2,0,,False,insufficient_packets
alfworld,rank,deepseek,ID,2,002,11001101,8,2025,/Users/local/AgentMarkBeta/实验数据/remote_data/extracted/output-0510/alfworld/rank/deepseek/run_2/ID/task_002/evaluation_report.json,rank,AsymAgentMark-TK top-10 rank,1,1,0,1,0,0,,False,insufficient_packets
alfworld,rank,deepseek,ID,2,002,11001101,8,2025,/Users/local/AgentMarkBeta/实验数据/remote_data/extracted/output-0510/alfworld/rank/deepseek/run_2/ID/task_002/evaluation_report.json,rank_targeted_swap,AsymAgentMark-TK targeted rank swap b=1,1,1,0,1,0,0,,False,insufficient_packets
alfworld,rank,deepseek,ID,2,003,11001101,8,2025,/Users/local/AgentMarkBeta/实验数据/remote_data/extracted/output-0510/alfworld/rank/deepseek/run_2/ID/task_003/evaluation_report.json,rank,AsymAgentMark-TK top-10 rank,16,16,0,11,1,0,11001101,True,
alfworld,rank,deepseek,ID,2,003,11001101,8,2025,/Users/local/AgentMarkBeta/实验数据/remote_data/extracted/output-0510/alfworld/rank/deepseek/run_2/ID/task_003/evaluation_report.json,rank_targeted_swap,AsymAgentMark-TK targeted rank swap b=1,2,2,0,2,10,0,,False,insufficient_packets
alfworld,rank,deepseek,ID,2,004,11001101,8,2025,/Users/local/AgentMarkBeta/实验数据/remote_data/extracted/output-0510/alfworld/rank/deepseek/run_2/ID/task_004/evaluation_report.json,rank,AsymAgentMark-TK top-10 rank,21,21,0,16,0,0,11001101,True,
alfworld,rank,deepseek,ID,2,004,11001101,8,2025,/Users/local/AgentMarkBeta/实验数据/remote_data/extracted/output-0510/alfworld/rank/deepseek/run_2/ID/task_004/evaluation_report.json,rank_targeted_swap,AsymAgentMark-TK targeted rank swap b=1,7,7,0,5,11,0,,False,insufficient_packets
alfworld,rank,deepseek,ID,2,005,11001101,8,2025,/Users/local/AgentMarkBeta/实验数据/remote_data/extracted/output-0510/alfworld/rank/deepseek/run_2/ID/task_005/evaluation_report.json,rank,AsymAgentMark-TK top-10 rank,8,8,0,5,0,0,,False,rank_deficient
alfworld,rank,deepseek,ID,2,005,11001101,8,2025,/Users/local/AgentMarkBeta/实验数据/remote_data/extracted/output-0510/alfworld/rank/deepseek/run_2/ID/task_005/evaluation_report.json,rank_targeted_swap,AsymAgentMark-TK targeted rank swap b=1,1,1,0,1,4,0,,False,insufficient_packets
alfworld,rank,deepseek,ID,2,006,11001101,8,2025,/Users/local/AgentMarkBeta/实验数据/remote_data/extracted/output-0510/alfworld/rank/deepseek/run_2/ID/task_006/evaluation_report.json,rank,AsymAgentMark-TK top-10 rank,8,8,0,6,0,0,,False,rank_deficient
alfworld,rank,deepseek,ID,2,006,11001101,8,2025,/Users/local/AgentMarkBeta/实验数据/remote_data/extracted/output-0510/alfworld/rank/deepseek/run_2/ID/task_006/evaluation_report.json,rank_targeted_swap,AsymAgentMark-TK targeted rank swap b=1,1,1,0,1,5,0,,False,insufficient_packets
alfworld,rank,deepseek,ID,2,007,11001101,8,2025,/Users/local/AgentMarkBeta/实验数据/remote_data/extracted/output-0510/alfworld/rank/deepseek/run_2/ID/task_007/evaluation_report.json,rank,AsymAgentMark-TK top-10 rank,0,0,0,0,1,0,,False,insufficient_packets
alfworld,rank,deepseek,ID,2,007,11001101,8,2025,/Users/local/AgentMarkBeta/实验数据/remote_data/extracted/output-0510/alfworld/rank/deepseek/run_2/ID/task_007/evaluation_report.json,rank_targeted_swap,AsymAgentMark-TK targeted rank swap b=1,0,0,0,0,1,0,,False,insufficient_packets
alfworld,rank,deepseek,ID,2,008,11001101,8,2025,/Users/local/AgentMarkBeta/实验数据/remote_data/extracted/output-0510/alfworld/rank/deepseek/run_2/ID/task_008/evaluation_report.json,rank,AsymAgentMark-TK top-10 rank,0,0,0,0,0,0,,False,insufficient_packets
alfworld,rank,deepseek,ID,2,008,11001101,8,2025,/Users/local/AgentMarkBeta/实验数据/remote_data/extracted/output-0510/alfworld/rank/deepseek/run_2/ID/task_008/evaluation_report.json,rank_targeted_swap,AsymAgentMark-TK targeted rank swap b=1,0,0,0,0,0,0,,False,insufficient_packets
alfworld,rank,deepseek,ID,2,009,11001101,8,2025,/Users/local/AgentMarkBeta/实验数据/remote_data/extracted/output-0510/alfworld/rank/deepseek/run_2/ID/task_009/evaluation_report.json,rank,AsymAgentMark-TK top-10 rank,4,4,0,3,0,0,,False,insufficient_packets
alfworld,rank,deepseek,ID,2,009,11001101,8,2025,/Users/local/AgentMarkBeta/实验数据/remote_data/extracted/output-0510/alfworld/rank/deepseek/run_2/ID/task_009/evaluation_report.json,rank_targeted_swap,AsymAgentMark-TK targeted rank swap b=1,0,0,0,0,3,0,,False,insufficient_packets
alfworld,rank,deepseek,ID,2,010,11001101,8,2025,/Users/local/AgentMarkBeta/实验数据/remote_data/extracted/output-0510/alfworld/rank/deepseek/run_2/ID/task_010/evaluation_report.json,rank,AsymAgentMark-TK top-10 rank,6,6,0,4,2,0,,False,insufficient_packets
alfworld,rank,deepseek,ID,2,010,11001101,8,2025,/Users/local/AgentMarkBeta/实验数据/remote_data/extracted/output-0510/alfworld/rank/deepseek/run_2/ID/task_010/evaluation_report.json,rank_targeted_swap,AsymAgentMark-TK targeted rank swap b=1,2,2,0,2,4,0,,False,insufficient_packets
alfworld,rank,deepseek,ID,2,011,11001101,8,2025,/Users/local/AgentMarkBeta/实验数据/remote_data/extracted/output-0510/alfworld/rank/deepseek/run_2/ID/task_011/evaluation_report.json,rank,AsymAgentMark-TK top-10 rank,9,9,0,6,0,0,11001101,True,
alfworld,rank,deepseek,ID,2,011,11001101,8,2025,/Users/local/AgentMarkBeta/实验数据/remote_data/extracted/output-0510/alfworld/rank/deepseek/run_2/ID/task_011/evaluation_report.json,rank_targeted_swap,AsymAgentMark-TK targeted rank swap b=1,0,0,0,0,6,0,,False,insufficient_packets
alfworld,rank,deepseek,ID,2,012,11001101,8,2025,/Users/local/AgentMarkBeta/实验数据/remote_data/extracted/output-0510/alfworld/rank/deepseek/run_2/ID/task_012/evaluation_report.json,rank,AsymAgentMark-TK top-10 rank,3,3,0,3,1,0,,False,insufficient_packets
alfworld,rank,deepseek,ID,2,012,11001101,8,2025,/Users/local/AgentMarkBeta/实验数据/remote_data/extracted/output-0510/alfworld/rank/deepseek/run_2/ID/task_012/evaluation_report.json,rank_targeted_swap,AsymAgentMark-TK targeted rank swap b=1,2,2,0,2,2,0,,False,insufficient_packets
alfworld,rank,deepseek,ID,2,013,11001101,8,2025,/Users/local/AgentMarkBeta/实验数据/remote_data/extracted/output-0510/alfworld/rank/deepseek/run_2/ID/task_013/evaluation_report.json,rank,AsymAgentMark-TK top-10 rank,2,2,0,2,0,0,,False,insufficient_packets
alfworld,rank,deepseek,ID,2,013,11001101,8,2025,/Users/local/AgentMarkBeta/实验数据/remote_data/extracted/output-0510/alfworld/rank/deepseek/run_2/ID/task_013/evaluation_report.json,rank_targeted_swap,AsymAgentMark-TK targeted rank swap b=1,0,0,0,0,2,0,,False,insufficient_packets
alfworld,rank,deepseek,ID,2,014,11001101,8,2025,/Users/local/AgentMarkBeta/实验数据/remote_data/extracted/output-0510/alfworld/rank/deepseek/run_2/ID/task_014/evaluation_report.json,rank,AsymAgentMark-TK top-10 rank,9,9,0,8,1,0,11001101,True,
alfworld,rank,deepseek,ID,2,014,11001101,8,2025,/Users/local/AgentMarkBeta/实验数据/remote_data/extracted/output-0510/alfworld/rank/deepseek/run_2/ID/task_014/evaluation_report.json,rank_targeted_swap,AsymAgentMark-TK targeted rank swap b=1,2,2,0,2,7,0,,False,insufficient_packets
alfworld,rank,deepseek,ID,2,015,11001101,8,2025,/Users/local/AgentMarkBeta/实验数据/remote_data/extracted/output-0510/alfworld/rank/deepseek/run_2/ID/task_015/evaluation_report.json,rank,AsymAgentMark-TK top-10 rank,4,4,0,3,0,0,,False,insufficient_packets
alfworld,rank,deepseek,ID,2,015,11001101,8,2025,/Users/local/AgentMarkBeta/实验数据/remote_data/extracted/output-0510/alfworld/rank/deepseek/run_2/ID/task_015/evaluation_report.json,rank_targeted_swap,AsymAgentMark-TK targeted rank swap b=1,0,0,0,0,3,0,,False,insufficient_packets
alfworld,rank,deepseek,ID,2,016,11001101,8,2025,/Users/local/AgentMarkBeta/实验数据/remote_data/extracted/output-0510/alfworld/rank/deepseek/run_2/ID/task_016/evaluation_report.json,rank,AsymAgentMark-TK top-10 rank,10,10,0,9,1,0,11001101,True,
alfworld,rank,deepseek,ID,2,016,11001101,8,2025,/Users/local/AgentMarkBeta/实验数据/remote_data/extracted/output-0510/alfworld/rank/deepseek/run_2/ID/task_016/evaluation_report.json,rank_targeted_swap,AsymAgentMark-TK targeted rank swap b=1,7,7,0,5,5,0,,False,insufficient_packets
alfworld,rank,deepseek,ID,2,017,11001101,8,2025,/Users/local/AgentMarkBeta/实验数据/remote_data/extracted/output-0510/alfworld/rank/deepseek/run_2/ID/task_017/evaluation_report.json,rank,AsymAgentMark-TK top-10 rank,6,6,0,6,0,0,,False,insufficient_packets
alfworld,rank,deepseek,ID,2,017,11001101,8,2025,/Users/local/AgentMarkBeta/实验数据/remote_data/extracted/output-0510/alfworld/rank/deepseek/run_2/ID/task_017/evaluation_report.json,rank_targeted_swap,AsymAgentMark-TK targeted rank swap b=1,1,1,0,1,5,0,,False,insufficient_packets
alfworld,rank,deepseek,ID,2,018,11001101,8,2025,/Users/local/AgentMarkBeta/实验数据/remote_data/extracted/output-0510/alfworld/rank/deepseek/run_2/ID/task_018/evaluation_report.json,rank,AsymAgentMark-TK top-10 rank,3,3,0,3,1,0,,False,insufficient_packets
alfworld,rank,deepseek,ID,2,018,11001101,8,2025,/Users/local/AgentMarkBeta/实验数据/remote_data/extracted/output-0510/alfworld/rank/deepseek/run_2/ID/task_018/evaluation_report.json,rank_targeted_swap,AsymAgentMark-TK targeted rank swap b=1,1,1,0,1,3,0,,False,insufficient_packets
alfworld,rank,deepseek,ID,2,019,11001101,8,2025,/Users/local/AgentMarkBeta/实验数据/remote_data/extracted/output-0510/alfworld/rank/deepseek/run_2/ID/task_019/evaluation_report.json,rank,AsymAgentMark-TK top-10 rank,0,0,0,0,0,0,,False,insufficient_packets
alfworld,rank,deepseek,ID,2,019,11001101,8,2025,/Users/local/AgentMarkBeta/实验数据/remote_data/extracted/output-0510/alfworld/rank/deepseek/run_2/ID/task_019/evaluation_report.json,rank_targeted_swap,AsymAgentMark-TK targeted rank swap b=1,0,0,0,0,0,0,,False,insufficient_packets
alfworld,rank,deepseek,ID,2,020,11001101,8,2025,/Users/local/AgentMarkBeta/实验数据/remote_data/extracted/output-0510/alfworld/rank/deepseek/run_2/ID/task_020/evaluation_report.json,rank,AsymAgentMark-TK top-10 rank,10,10,0,7,5,0,11001101,True,
alfworld,rank,deepseek,ID,2,020,11001101,8,2025,/Users/local/AgentMarkBeta/实验数据/remote_data/extracted/output-0510/alfworld/rank/deepseek/run_2/ID/task_020/evaluation_report.json,rank_targeted_swap,AsymAgentMark-TK targeted rank swap b=1,8,8,0,4,8,0,11001111,False,payload_mismatch
alfworld,rank,deepseek,ID,2,021,11001101,8,2025,/Users/local/AgentMarkBeta/实验数据/remote_data/extracted/output-0510/alfworld/rank/deepseek/run_2/ID/task_021/evaluation_report.json,rank,AsymAgentMark-TK top-10 rank,6,6,0,4,1,0,,False,insufficient_packets
alfworld,rank,deepseek,ID,2,021,11001101,8,2025,/Users/local/AgentMarkBeta/实验数据/remote_data/extracted/output-0510/alfworld/rank/deepseek/run_2/ID/task_021/evaluation_report.json,rank_targeted_swap,AsymAgentMark-TK targeted rank swap b=1,0,0,0,0,5,0,,False,insufficient_packets
alfworld,rank,deepseek,ID,2,022,11001101,8,2025,/Users/local/AgentMarkBeta/实验数据/remote_data/extracted/output-0510/alfworld/rank/deepseek/run_2/ID/task_022/evaluation_report.json,rank,AsymAgentMark-TK top-10 rank,0,0,0,0,0,0,,False,insufficient_packets
alfworld,rank,deepseek,ID,2,022,11001101,8,2025,/Users/local/AgentMarkBeta/实验数据/remote_data/extracted/output-0510/alfworld/rank/deepseek/run_2/ID/task_022/evaluation_report.json,rank_targeted_swap,AsymAgentMark-TK targeted rank swap b=1,0,0,0,0,0,0,,False,insufficient_packets
alfworld,rank,deepseek,ID,2,023,11001101,8,2025,/Users/local/AgentMarkBeta/实验数据/remote_data/extracted/output-0510/alfworld/rank/deepseek/run_2/ID/task_023/evaluation_report.json,rank,AsymAgentMark-TK top-10 rank,2,2,0,1,4,0,,False,insufficient_packets
alfworld,rank,deepseek,ID,2,023,11001101,8,2025,/Users/local/AgentMarkBeta/实验数据/remote_data/extracted/output-0510/alfworld/rank/deepseek/run_2/ID/task_023/evaluation_report.json,rank_targeted_swap,AsymAgentMark-TK targeted rank swap b=1,3,3,0,1,4,0,,False,insufficient_packets
alfworld,rank,deepseek,ID,2,024,11001101,8,2025,/Users/local/AgentMarkBeta/实验数据/remote_data/extracted/output-0510/alfworld/rank/deepseek/run_2/ID/task_024/evaluation_report.json,rank,AsymAgentMark-TK top-10 rank,1,1,0,1,0,0,,False,insufficient_packets
alfworld,rank,deepseek,ID,2,024,11001101,8,2025,/Users/local/AgentMarkBeta/实验数据/remote_data/extracted/output-0510/alfworld/rank/deepseek/run_2/ID/task_024/evaluation_report.json,rank_targeted_swap,AsymAgentMark-TK targeted rank swap b=1,0,0,0,0,1,0,,False,insufficient_packets
alfworld,rank,deepseek,ID,2,025,11001101,8,2025,/Users/local/AgentMarkBeta/实验数据/remote_data/extracted/output-0510/alfworld/rank/deepseek/run_2/ID/task_025/evaluation_report.json,rank,AsymAgentMark-TK top-10 rank,3,3,0,2,2,0,,False,insufficient_packets
alfworld,rank,deepseek,ID,2,025,11001101,8,2025,/Users/local/AgentMarkBeta/实验数据/remote_data/extracted/output-0510/alfworld/rank/deepseek/run_2/ID/task_025/evaluation_report.json,rank_targeted_swap,AsymAgentMark-TK targeted rank swap b=1,2,2,0,1,3,0,,False,insufficient_packets
alfworld,rank,deepseek,ID,2,026,11001101,8,2025,/Users/local/AgentMarkBeta/实验数据/remote_data/extracted/output-0510/alfworld/rank/deepseek/run_2/ID/task_026/evaluation_report.json,rank,AsymAgentMark-TK top-10 rank,2,2,0,2,0,0,,False,insufficient_packets
alfworld,rank,deepseek,ID,2,026,11001101,8,2025,/Users/local/AgentMarkBeta/实验数据/remote_data/extracted/output-0510/alfworld/rank/deepseek/run_2/ID/task_026/evaluation_report.json,rank_targeted_swap,AsymAgentMark-TK targeted rank swap b=1,2,2,0,2,0,0,,False,insufficient_packets
alfworld,rank,deepseek,ID,2,027,11001101,8,2025,/Users/local/AgentMarkBeta/实验数据/remote_data/extracted/output-0510/alfworld/rank/deepseek/run_2/ID/task_027/evaluation_report.json,rank,AsymAgentMark-TK top-10 rank,4,4,0,3,0,0,,False,insufficient_packets
alfworld,rank,deepseek,ID,2,027,11001101,8,2025,/Users/local/AgentMarkBeta/实验数据/remote_data/extracted/output-0510/alfworld/rank/deepseek/run_2/ID/task_027/evaluation_report.json,rank_targeted_swap,AsymAgentMark-TK targeted rank swap b=1,0,0,0,0,3,0,,False,insufficient_packets
alfworld,rank,deepseek,ID,2,028,11001101,8,2025,/Users/local/AgentMarkBeta/实验数据/remote_data/extracted/output-0510/alfworld/rank/deepseek/run_2/ID/task_028/evaluation_report.json,rank,AsymAgentMark-TK top-10 rank,7,7,0,6,0,0,,False,insufficient_packets
alfworld,rank,deepseek,ID,2,028,11001101,8,2025,/Users/local/AgentMarkBeta/实验数据/remote_data/extracted/output-0510/alfworld/rank/deepseek/run_2/ID/task_028/evaluation_report.json,rank_targeted_swap,AsymAgentMark-TK targeted rank swap b=1,0,0,0,0,6,0,,False,insufficient_packets
alfworld,rank,deepseek,ID,2,029,11001101,8,2025,/Users/local/AgentMarkBeta/实验数据/remote_data/extracted/output-0510/alfworld/rank/deepseek/run_2/ID/task_029/evaluation_report.json,rank,AsymAgentMark-TK top-10 rank,9,9,0,7,9,0,11001101,True,
alfworld,rank,deepseek,ID,2,029,11001101,8,2025,/Users/local/AgentMarkBeta/实验数据/remote_data/extracted/output-0510/alfworld/rank/deepseek/run_2/ID/task_029/evaluation_report.json,rank_targeted_swap,AsymAgentMark-TK targeted rank swap b=1,15,15,0,9,7,0,00100110,False,payload_mismatch
alfworld,rank,deepseek,ID,2,030,11001101,8,2025,/Users/local/AgentMarkBeta/实验数据/remote_data/extracted/output-0510/alfworld/rank/deepseek/run_2/ID/task_030/evaluation_report.json,rank,AsymAgentMark-TK top-10 rank,1,1,0,1,0,0,,False,insufficient_packets
alfworld,rank,deepseek,ID,2,030,11001101,8,2025,/Users/local/AgentMarkBeta/实验数据/remote_data/extracted/output-0510/alfworld/rank/deepseek/run_2/ID/task_030/evaluation_report.json,rank_targeted_swap,AsymAgentMark-TK targeted rank swap b=1,0,0,0,0,1,0,,False,insufficient_packets
alfworld,rank,deepseek,ID,2,031,11001101,8,2025,/Users/local/AgentMarkBeta/实验数据/remote_data/extracted/output-0510/alfworld/rank/deepseek/run_2/ID/task_031/evaluation_report.json,rank,AsymAgentMark-TK top-10 rank,18,18,0,13,4,0,10101100,False,payload_mismatch
alfworld,rank,deepseek,ID,2,031,11001101,8,2025,/Users/local/AgentMarkBeta/实验数据/remote_data/extracted/output-0510/alfworld/rank/deepseek/run_2/ID/task_031/evaluation_report.json,rank_targeted_swap,AsymAgentMark-TK targeted rank swap b=1,11,11,0,6,11,0,11001101,True,
alfworld,rank,deepseek,ID,2,032,11001101,8,2025,/Users/local/AgentMarkBeta/实验数据/remote_data/extracted/output-0510/alfworld/rank/deepseek/run_2/ID/task_032/evaluation_report.json,rank,AsymAgentMark-TK top-10 rank,2,2,0,2,0,0,,False,insufficient_packets
alfworld,rank,deepseek,ID,2,032,11001101,8,2025,/Users/local/AgentMarkBeta/实验数据/remote_data/extracted/output-0510/alfworld/rank/deepseek/run_2/ID/task_032/evaluation_report.json,rank_targeted_swap,AsymAgentMark-TK targeted rank swap b=1,0,0,0,0,2,0,,False,insufficient_packets
alfworld,rank,deepseek,ID,2,033,11001101,8,2025,/Users/local/AgentMarkBeta/实验数据/remote_data/extracted/output-0510/alfworld/rank/deepseek/run_2/ID/task_033/evaluation_report.json,rank,AsymAgentMark-TK top-10 rank,0,0,0,0,0,0,,False,insufficient_packets
alfworld,rank,deepseek,ID,2,033,11001101,8,2025,/Users/local/AgentMarkBeta/实验数据/remote_data/extracted/output-0510/alfworld/rank/deepseek/run_2/ID/task_033/evaluation_report.json,rank_targeted_swap,AsymAgentMark-TK targeted rank swap b=1,0,0,0,0,0,0,,False,insufficient_packets
alfworld,rank,deepseek,ID,2,034,11001101,8,2025,/Users/local/AgentMarkBeta/实验数据/remote_data/extracted/output-0510/alfworld/rank/deepseek/run_2/ID/task_034/evaluation_report.json,rank,AsymAgentMark-TK top-10 rank,4,4,0,3,0,0,,False,insufficient_packets
alfworld,rank,deepseek,ID,2,034,11001101,8,2025,/Users/local/AgentMarkBeta/实验数据/remote_data/extracted/output-0510/alfworld/rank/deepseek/run_2/ID/task_034/evaluation_report.json,rank_targeted_swap,AsymAgentMark-TK targeted rank swap b=1,2,2,0,2,1,0,,False,insufficient_packets
alfworld,rank,deepseek,ID,2,035,11001101,8,2025,/Users/local/AgentMarkBeta/实验数据/remote_data/extracted/output-0510/alfworld/rank/deepseek/run_2/ID/task_035/evaluation_report.json,rank,AsymAgentMark-TK top-10 rank,0,0,0,0,0,0,,False,insufficient_packets
alfworld,rank,deepseek,ID,2,035,11001101,8,2025,/Users/local/AgentMarkBeta/实验数据/remote_data/extracted/output-0510/alfworld/rank/deepseek/run_2/ID/task_035/evaluation_report.json,rank_targeted_swap,AsymAgentMark-TK targeted rank swap b=1,0,0,0,0,0,0,,False,insufficient_packets
alfworld,rank,deepseek,ID,2,036,11001101,8,2025,/Users/local/AgentMarkBeta/实验数据/remote_data/extracted/output-0510/alfworld/rank/deepseek/run_2/ID/task_036/evaluation_report.json,rank,AsymAgentMark-TK top-10 rank,7,7,0,5,1,0,,False,insufficient_packets
alfworld,rank,deepseek,ID,2,036,11001101,8,2025,/Users/local/AgentMarkBeta/实验数据/remote_data/extracted/output-0510/alfworld/rank/deepseek/run_2/ID/task_036/evaluation_report.json,rank_targeted_swap,AsymAgentMark-TK targeted rank swap b=1,3,3,0,2,4,0,,False,insufficient_packets
alfworld,rank,deepseek,ID,2,037,11001101,8,2025,/Users/local/AgentMarkBeta/实验数据/remote_data/extracted/output-0510/alfworld/rank/deepseek/run_2/ID/task_037/evaluation_report.json,rank,AsymAgentMark-TK top-10 rank,7,7,0,6,2,0,,False,insufficient_packets
alfworld,rank,deepseek,ID,2,037,11001101,8,2025,/Users/local/AgentMarkBeta/实验数据/remote_data/extracted/output-0510/alfworld/rank/deepseek/run_2/ID/task_037/evaluation_report.json,rank_targeted_swap,AsymAgentMark-TK targeted rank swap b=1,3,3,0,3,5,0,,False,insufficient_packets
alfworld,rank,deepseek,ID,2,038,11001101,8,2025,/Users/local/AgentMarkBeta/实验数据/remote_data/extracted/output-0510/alfworld/rank/deepseek/run_2/ID/task_038/evaluation_report.json,rank,AsymAgentMark-TK top-10 rank,4,4,0,3,0,0,,False,insufficient_packets
alfworld,rank,deepseek,ID,2,038,11001101,8,2025,/Users/local/AgentMarkBeta/实验数据/remote_data/extracted/output-0510/alfworld/rank/deepseek/run_2/ID/task_038/evaluation_report.json,rank_targeted_swap,AsymAgentMark-TK targeted rank swap b=1,0,0,0,0,3,0,,False,insufficient_packets
alfworld,rank,deepseek,ID,2,039,11001101,8,2025,/Users/local/AgentMarkBeta/实验数据/remote_data/extracted/output-0510/alfworld/rank/deepseek/run_2/ID/task_039/evaluation_report.json,rank,AsymAgentMark-TK top-10 rank,3,3,0,2,0,0,,False,insufficient_packets
alfworld,rank,deepseek,ID,2,039,11001101,8,2025,/Users/local/AgentMarkBeta/实验数据/remote_data/extracted/output-0510/alfworld/rank/deepseek/run_2/ID/task_039/evaluation_report.json,rank_targeted_swap,AsymAgentMark-TK targeted rank swap b=1,0,0,0,0,2,0,,False,insufficient_packets
alfworld,rank,deepseek,ID,2,040,11001101,8,2025,/Users/local/AgentMarkBeta/实验数据/remote_data/extracted/output-0510/alfworld/rank/deepseek/run_2/ID/task_040/evaluation_report.json,rank,AsymAgentMark-TK top-10 rank,0,0,0,0,0,0,,False,insufficient_packets
alfworld,rank,deepseek,ID,2,040,11001101,8,2025,/Users/local/AgentMarkBeta/实验数据/remote_data/extracted/output-0510/alfworld/rank/deepseek/run_2/ID/task_040/evaluation_report.json,rank_targeted_swap,AsymAgentMark-TK targeted rank swap b=1,0,0,0,0,0,0,,False,insufficient_packets
alfworld,rank,deepseek,ID,2,041,11001101,8,2025,/Users/local/AgentMarkBeta/实验数据/remote_data/extracted/output-0510/alfworld/rank/deepseek/run_2/ID/task_041/evaluation_report.json,rank,AsymAgentMark-TK top-10 rank,4,4,0,3,0,0,,False,insufficient_packets
alfworld,rank,deepseek,ID,2,041,11001101,8,2025,/Users/local/AgentMarkBeta/实验数据/remote_data/extracted/output-0510/alfworld/rank/deepseek/run_2/ID/task_041/evaluation_report.json,rank_targeted_swap,AsymAgentMark-TK targeted rank swap b=1,0,0,0,0,3,0,,False,insufficient_packets
alfworld,rank,deepseek,ID,2,042,11001101,8,2025,/Users/local/AgentMarkBeta/实验数据/remote_data/extracted/output-0510/alfworld/rank/deepseek/run_2/ID/task_042/evaluation_report.json,rank,AsymAgentMark-TK top-10 rank,0,0,0,0,0,0,,False,insufficient_packets
alfworld,rank,deepseek,ID,2,042,11001101,8,2025,/Users/local/AgentMarkBeta/实验数据/remote_data/extracted/output-0510/alfworld/rank/deepseek/run_2/ID/task_042/evaluation_report.json,rank_targeted_swap,AsymAgentMark-TK targeted rank swap b=1,0,0,0,0,0,0,,False,insufficient_packets
alfworld,rank,deepseek,ID,2,043,11001101,8,2025,/Users/local/AgentMarkBeta/实验数据/remote_data/extracted/output-0510/alfworld/rank/deepseek/run_2/ID/task_043/evaluation_report.json,rank,AsymAgentMark-TK top-10 rank,15,15,0,11,2,0,11001101,True,
alfworld,rank,deepseek,ID,2,043,11001101,8,2025,/Users/local/AgentMarkBeta/实验数据/remote_data/extracted/output-0510/alfworld/rank/deepseek/run_2/ID/task_043/evaluation_report.json,rank_targeted_swap,AsymAgentMark-TK targeted rank swap b=1,6,6,0,5,8,0,,False,insufficient_packets
alfworld,rank,deepseek,ID,2,044,11001101,8,2025,/Users/local/AgentMarkBeta/实验数据/remote_data/extracted/output-0510/alfworld/rank/deepseek/run_2/ID/task_044/evaluation_report.json,rank,AsymAgentMark-TK top-10 rank,0,0,0,0,0,0,,False,insufficient_packets
alfworld,rank,deepseek,ID,2,044,11001101,8,2025,/Users/local/AgentMarkBeta/实验数据/remote_data/extracted/output-0510/alfworld/rank/deepseek/run_2/ID/task_044/evaluation_report.json,rank_targeted_swap,AsymAgentMark-TK targeted rank swap b=1,0,0,0,0,0,0,,False,insufficient_packets
alfworld,rank,deepseek,ID,2,045,11001101,8,2025,/Users/local/AgentMarkBeta/实验数据/remote_data/extracted/output-0510/alfworld/rank/deepseek/run_2/ID/task_045/evaluation_report.json,rank,AsymAgentMark-TK top-10 rank,0,0,0,0,1,0,,False,insufficient_packets
alfworld,rank,deepseek,ID,2,045,11001101,8,2025,/Users/local/AgentMarkBeta/实验数据/remote_data/extracted/output-0510/alfworld/rank/deepseek/run_2/ID/task_045/evaluation_report.json,rank_targeted_swap,AsymAgentMark-TK targeted rank swap b=1,0,0,0,0,1,0,,False,insufficient_packets
alfworld,rank,deepseek,ID,2,046,11001101,8,2025,/Users/local/AgentMarkBeta/实验数据/remote_data/extracted/output-0510/alfworld/rank/deepseek/run_2/ID/task_046/evaluation_report.json,rank,AsymAgentMark-TK top-10 rank,13,13,0,9,4,0,11001101,True,
alfworld,rank,deepseek,ID,2,046,11001101,8,2025,/Users/local/AgentMarkBeta/实验数据/remote_data/extracted/output-0510/alfworld/rank/deepseek/run_2/ID/task_046/evaluation_report.json,rank_targeted_swap,AsymAgentMark-TK targeted rank swap b=1,4,4,0,2,11,0,,False,insufficient_packets
alfworld,rank,deepseek,ID,2,047,11001101,8,2025,/Users/local/AgentMarkBeta/实验数据/remote_data/extracted/output-0510/alfworld/rank/deepseek/run_2/ID/task_047/evaluation_report.json,rank,AsymAgentMark-TK top-10 rank,15,15,0,10,5,0,11001101,True,
alfworld,rank,deepseek,ID,2,047,11001101,8,2025,/Users/local/AgentMarkBeta/实验数据/remote_data/extracted/output-0510/alfworld/rank/deepseek/run_2/ID/task_047/evaluation_report.json,rank_targeted_swap,AsymAgentMark-TK targeted rank swap b=1,7,7,0,5,10,0,,False,insufficient_packets
alfworld,rank,deepseek,ID,2,048,11001101,8,2025,/Users/local/AgentMarkBeta/实验数据/remote_data/extracted/output-0510/alfworld/rank/deepseek/run_2/ID/task_048/evaluation_report.json,rank,AsymAgentMark-TK top-10 rank,7,7,0,4,0,0,,False,insufficient_packets
alfworld,rank,deepseek,ID,2,048,11001101,8,2025,/Users/local/AgentMarkBeta/实验数据/remote_data/extracted/output-0510/alfworld/rank/deepseek/run_2/ID/task_048/evaluation_report.json,rank_targeted_swap,AsymAgentMark-TK targeted rank swap b=1,0,0,0,0,4,0,,False,insufficient_packets
alfworld,rank,deepseek,ID,2,049,11001101,8,2025,/Users/local/AgentMarkBeta/实验数据/remote_data/extracted/output-0510/alfworld/rank/deepseek/run_2/ID/task_049/evaluation_report.json,rank,AsymAgentMark-TK top-10 rank,3,3,0,3,0,0,,False,insufficient_packets
alfworld,rank,deepseek,ID,2,049,11001101,8,2025,/Users/local/AgentMarkBeta/实验数据/remote_data/extracted/output-0510/alfworld/rank/deepseek/run_2/ID/task_049/evaluation_report.json,rank_targeted_swap,AsymAgentMark-TK targeted rank swap b=1,1,1,0,1,2,0,,False,insufficient_packets
alfworld,rank,deepseek,ID,2,050,11001101,8,2025,/Users/local/AgentMarkBeta/实验数据/remote_data/extracted/output-0510/alfworld/rank/deepseek/run_2/ID/task_050/evaluation_report.json,rank,AsymAgentMark-TK top-10 rank,0,0,0,0,0,0,,False,insufficient_packets
alfworld,rank,deepseek,ID,2,050,11001101,8,2025,/Users/local/AgentMarkBeta/实验数据/remote_data/extracted/output-0510/alfworld/rank/deepseek/run_2/ID/task_050/evaluation_report.json,rank_targeted_swap,AsymAgentMark-TK targeted rank swap b=1,0,0,0,0,0,0,,False,insufficient_packets
alfworld,rank,deepseek,ID,2,051,11001101,8,2025,/Users/local/AgentMarkBeta/实验数据/remote_data/extracted/output-0510/alfworld/rank/deepseek/run_2/ID/task_051/evaluation_report.json,rank,AsymAgentMark-TK top-10 rank,5,5,0,3,0,0,,False,insufficient_packets
alfworld,rank,deepseek,ID,2,051,11001101,8,2025,/Users/local/AgentMarkBeta/实验数据/remote_data/extracted/output-0510/alfworld/rank/deepseek/run_2/ID/task_051/evaluation_report.json,rank_targeted_swap,AsymAgentMark-TK targeted rank swap b=1,1,1,0,1,2,0,,False,insufficient_packets
alfworld,rank,deepseek,ID,2,052,11001101,8,2025,/Users/local/AgentMarkBeta/实验数据/remote_data/extracted/output-0510/alfworld/rank/deepseek/run_2/ID/task_052/evaluation_report.json,rank,AsymAgentMark-TK top-10 rank,4,4,0,3,0,0,,False,insufficient_packets
alfworld,rank,deepseek,ID,2,052,11001101,8,2025,/Users/local/AgentMarkBeta/实验数据/remote_data/extracted/output-0510/alfworld/rank/deepseek/run_2/ID/task_052/evaluation_report.json,rank_targeted_swap,AsymAgentMark-TK targeted rank swap b=1,0,0,0,0,3,0,,False,insufficient_packets
alfworld,rank,deepseek,ID,2,053,11001101,8,2025,/Users/local/AgentMarkBeta/实验数据/remote_data/extracted/output-0510/alfworld/rank/deepseek/run_2/ID/task_053/evaluation_report.json,rank,AsymAgentMark-TK top-10 rank,12,12,0,10,1,0,11001101,True,
alfworld,rank,deepseek,ID,2,053,11001101,8,2025,/Users/local/AgentMarkBeta/实验数据/remote_data/extracted/output-0510/alfworld/rank/deepseek/run_2/ID/task_053/evaluation_report.json,rank_targeted_swap,AsymAgentMark-TK targeted rank swap b=1,2,2,0,2,9,0,,False,insufficient_packets
alfworld,rank,deepseek,ID,2,054,11001101,8,2025,/Users/local/AgentMarkBeta/实验数据/remote_data/extracted/output-0510/alfworld/rank/deepseek/run_2/ID/task_054/evaluation_report.json,rank,AsymAgentMark-TK top-10 rank,3,3,0,2,0,0,,False,insufficient_packets
alfworld,rank,deepseek,ID,2,054,11001101,8,2025,/Users/local/AgentMarkBeta/实验数据/remote_data/extracted/output-0510/alfworld/rank/deepseek/run_2/ID/task_054/evaluation_report.json,rank_targeted_swap,AsymAgentMark-TK targeted rank swap b=1,1,1,0,1,1,0,,False,insufficient_packets
alfworld,rank,deepseek,ID,2,055,11001101,8,2025,/Users/local/AgentMarkBeta/实验数据/remote_data/extracted/output-0510/alfworld/rank/deepseek/run_2/ID/task_055/evaluation_report.json,rank,AsymAgentMark-TK top-10 rank,6,6,0,5,1,0,,False,insufficient_packets
alfworld,rank,deepseek,ID,2,055,11001101,8,2025,/Users/local/AgentMarkBeta/实验数据/remote_data/extracted/output-0510/alfworld/rank/deepseek/run_2/ID/task_055/evaluation_report.json,rank_targeted_swap,AsymAgentMark-TK targeted rank swap b=1,2,2,0,2,4,0,,False,insufficient_packets
alfworld,rank,deepseek,ID,2,056,11001101,8,2025,/Users/local/AgentMarkBeta/实验数据/remote_data/extracted/output-0510/alfworld/rank/deepseek/run_2/ID/task_056/evaluation_report.json,rank,AsymAgentMark-TK top-10 rank,19,19,0,13,0,0,11001101,True,
alfworld,rank,deepseek,ID,2,056,11001101,8,2025,/Users/local/AgentMarkBeta/实验数据/remote_data/extracted/output-0510/alfworld/rank/deepseek/run_2/ID/task_056/evaluation_report.json,rank_targeted_swap,AsymAgentMark-TK targeted rank swap b=1,6,6,0,5,8,0,,False,insufficient_packets
alfworld,rank,deepseek,ID,2,057,11001101,8,2025,/Users/local/AgentMarkBeta/实验数据/remote_data/extracted/output-0510/alfworld/rank/deepseek/run_2/ID/task_057/evaluation_report.json,rank,AsymAgentMark-TK top-10 rank,1,1,0,1,0,0,,False,insufficient_packets
alfworld,rank,deepseek,ID,2,057,11001101,8,2025,/Users/local/AgentMarkBeta/实验数据/remote_data/extracted/output-0510/alfworld/rank/deepseek/run_2/ID/task_057/evaluation_report.json,rank_targeted_swap,AsymAgentMark-TK targeted rank swap b=1,0,0,0,0,1,0,,False,insufficient_packets
alfworld,rank,deepseek,ID,2,058,11001101,8,2025,/Users/local/AgentMarkBeta/实验数据/remote_data/extracted/output-0510/alfworld/rank/deepseek/run_2/ID/task_058/evaluation_report.json,rank,AsymAgentMark-TK top-10 rank,25,25,0,18,5,0,11001101,True,
alfworld,rank,deepseek,ID,2,058,11001101,8,2025,/Users/local/AgentMarkBeta/实验数据/remote_data/extracted/output-0510/alfworld/rank/deepseek/run_2/ID/task_058/evaluation_report.json,rank_targeted_swap,AsymAgentMark-TK targeted rank swap b=1,4,4,0,3,20,0,,False,insufficient_packets
alfworld,rank,deepseek,ID,2,059,11001101,8,2025,/Users/local/AgentMarkBeta/实验数据/remote_data/extracted/output-0510/alfworld/rank/deepseek/run_2/ID/task_059/evaluation_report.json,rank,AsymAgentMark-TK top-10 rank,8,8,0,7,0,0,,False,rank_deficient
alfworld,rank,deepseek,ID,2,059,11001101,8,2025,/Users/local/AgentMarkBeta/实验数据/remote_data/extracted/output-0510/alfworld/rank/deepseek/run_2/ID/task_059/evaluation_report.json,rank_targeted_swap,AsymAgentMark-TK targeted rank swap b=1,2,2,0,2,5,0,,False,insufficient_packets
alfworld,rank,deepseek,ID,2,060,11001101,8,2025,/Users/local/AgentMarkBeta/实验数据/remote_data/extracted/output-0510/alfworld/rank/deepseek/run_2/ID/task_060/evaluation_report.json,rank,AsymAgentMark-TK top-10 rank,23,23,0,15,3,0,01111010,False,payload_mismatch
alfworld,rank,deepseek,ID,2,060,11001101,8,2025,/Users/local/AgentMarkBeta/实验数据/remote_data/extracted/output-0510/alfworld/rank/deepseek/run_2/ID/task_060/evaluation_report.json,rank_targeted_swap,AsymAgentMark-TK targeted rank swap b=1,6,6,0,4,14,0,,False,insufficient_packets
alfworld,rank,deepseek,ID,2,061,11001101,8,2025,/Users/local/AgentMarkBeta/实验数据/remote_data/extracted/output-0510/alfworld/rank/deepseek/run_2/ID/task_061/evaluation_report.json,rank,AsymAgentMark-TK top-10 rank,5,5,0,5,1,0,,False,insufficient_packets
alfworld,rank,deepseek,ID,2,061,11001101,8,2025,/Users/local/AgentMarkBeta/实验数据/remote_data/extracted/output-0510/alfworld/rank/deepseek/run_2/ID/task_061/evaluation_report.json,rank_targeted_swap,AsymAgentMark-TK targeted rank swap b=1,3,3,0,3,3,0,,False,insufficient_packets
alfworld,rank,deepseek,ID,2,062,11001101,8,2025,/Users/local/AgentMarkBeta/实验数据/remote_data/extracted/output-0510/alfworld/rank/deepseek/run_2/ID/task_062/evaluation_report.json,rank,AsymAgentMark-TK top-10 rank,5,5,0,5,1,0,,False,insufficient_packets
alfworld,rank,deepseek,ID,2,062,11001101,8,2025,/Users/local/AgentMarkBeta/实验数据/remote_data/extracted/output-0510/alfworld/rank/deepseek/run_2/ID/task_062/evaluation_report.json,rank_targeted_swap,AsymAgentMark-TK targeted rank swap b=1,1,1,0,1,5,0,,False,insufficient_packets
alfworld,rank,deepseek,ID,2,063,11001101,8,2025,/Users/local/AgentMarkBeta/实验数据/remote_data/extracted/output-0510/alfworld/rank/deepseek/run_2/ID/task_063/evaluation_report.json,rank,AsymAgentMark-TK top-10 rank,1,1,0,1,0,0,,False,insufficient_packets
alfworld,rank,deepseek,ID,2,063,11001101,8,2025,/Users/local/AgentMarkBeta/实验数据/remote_data/extracted/output-0510/alfworld/rank/deepseek/run_2/ID/task_063/evaluation_report.json,rank_targeted_swap,AsymAgentMark-TK targeted rank swap b=1,0,0,0,0,1,0,,False,insufficient_packets
alfworld,rank,deepseek,ID,2,064,11001101,8,2025,/Users/local/AgentMarkBeta/实验数据/remote_data/extracted/output-0510/alfworld/rank/deepseek/run_2/ID/task_064/evaluation_report.json,rank,AsymAgentMark-TK top-10 rank,0,0,0,0,2,0,,False,insufficient_packets
alfworld,rank,deepseek,ID,2,064,11001101,8,2025,/Users/local/AgentMarkBeta/实验数据/remote_data/extracted/output-0510/alfworld/rank/deepseek/run_2/ID/task_064/evaluation_report.json,rank_targeted_swap,AsymAgentMark-TK targeted rank swap b=1,1,1,0,1,1,0,,False,insufficient_packets
alfworld,rank,deepseek,ID,2,065,11001101,8,2025,/Users/local/AgentMarkBeta/实验数据/remote_data/extracted/output-0510/alfworld/rank/deepseek/run_2/ID/task_065/evaluation_report.json,rank,AsymAgentMark-TK top-10 rank,8,8,0,6,0,0,,False,rank_deficient
alfworld,rank,deepseek,ID,2,065,11001101,8,2025,/Users/local/AgentMarkBeta/实验数据/remote_data/extracted/output-0510/alfworld/rank/deepseek/run_2/ID/task_065/evaluation_report.json,rank_targeted_swap,AsymAgentMark-TK targeted rank swap b=1,3,3,0,2,4,0,,False,insufficient_packets
alfworld,rank,deepseek,ID,2,066,11001101,8,2025,/Users/local/AgentMarkBeta/实验数据/remote_data/extracted/output-0510/alfworld/rank/deepseek/run_2/ID/task_066/evaluation_report.json,rank,AsymAgentMark-TK top-10 rank,1,1,0,1,2,0,,False,insufficient_packets
alfworld,rank,deepseek,ID,2,066,11001101,8,2025,/Users/local/AgentMarkBeta/实验数据/remote_data/extracted/output-0510/alfworld/rank/deepseek/run_2/ID/task_066/evaluation_report.json,rank_targeted_swap,AsymAgentMark-TK targeted rank swap b=1,0,0,0,0,3,0,,False,insufficient_packets
alfworld,rank,deepseek,ID,2,067,11001101,8,2025,/Users/local/AgentMarkBeta/实验数据/remote_data/extracted/output-0510/alfworld/rank/deepseek/run_2/ID/task_067/evaluation_report.json,rank,AsymAgentMark-TK top-10 rank,13,13,0,8,7,0,10101011,False,payload_mismatch
alfworld,rank,deepseek,ID,2,067,11001101,8,2025,/Users/local/AgentMarkBeta/实验数据/remote_data/extracted/output-0510/alfworld/rank/deepseek/run_2/ID/task_067/evaluation_report.json,rank_targeted_swap,AsymAgentMark-TK targeted rank swap b=1,11,11,0,8,7,0,,False,rank_deficient
alfworld,rank,deepseek,ID,2,068,11001101,8,2025,/Users/local/AgentMarkBeta/实验数据/remote_data/extracted/output-0510/alfworld/rank/deepseek/run_2/ID/task_068/evaluation_report.json,rank,AsymAgentMark-TK top-10 rank,8,8,0,5,3,0,00100111,False,payload_mismatch
alfworld,rank,deepseek,ID,2,068,11001101,8,2025,/Users/local/AgentMarkBeta/实验数据/remote_data/extracted/output-0510/alfworld/rank/deepseek/run_2/ID/task_068/evaluation_report.json,rank_targeted_swap,AsymAgentMark-TK targeted rank swap b=1,2,2,0,1,7,0,,False,insufficient_packets
alfworld,rank,deepseek,ID,2,069,11001101,8,2025,/Users/local/AgentMarkBeta/实验数据/remote_data/extracted/output-0510/alfworld/rank/deepseek/run_2/ID/task_069/evaluation_report.json,rank,AsymAgentMark-TK top-10 rank,11,11,0,10,0,0,11001101,True,
alfworld,rank,deepseek,ID,2,069,11001101,8,2025,/Users/local/AgentMarkBeta/实验数据/remote_data/extracted/output-0510/alfworld/rank/deepseek/run_2/ID/task_069/evaluation_report.json,rank_targeted_swap,AsymAgentMark-TK targeted rank swap b=1,5,5,0,4,6,0,,False,insufficient_packets
alfworld,rank,deepseek,ID,2,070,11001101,8,2025,/Users/local/AgentMarkBeta/实验数据/remote_data/extracted/output-0510/alfworld/rank/deepseek/run_2/ID/task_070/evaluation_report.json,rank,AsymAgentMark-TK top-10 rank,1,1,0,1,0,0,,False,insufficient_packets
alfworld,rank,deepseek,ID,2,070,11001101,8,2025,/Users/local/AgentMarkBeta/实验数据/remote_data/extracted/output-0510/alfworld/rank/deepseek/run_2/ID/task_070/evaluation_report.json,rank_targeted_swap,AsymAgentMark-TK targeted rank swap b=1,0,0,0,0,1,0,,False,insufficient_packets
alfworld,rank,deepseek,ID,2,071,11001101,8,2025,/Users/local/AgentMarkBeta/实验数据/remote_data/extracted/output-0510/alfworld/rank/deepseek/run_2/ID/task_071/evaluation_report.json,rank,AsymAgentMark-TK top-10 rank,8,8,0,5,1,0,11001101,True,
alfworld,rank,deepseek,ID,2,071,11001101,8,2025,/Users/local/AgentMarkBeta/实验数据/remote_data/extracted/output-0510/alfworld/rank/deepseek/run_2/ID/task_071/evaluation_report.json,rank_targeted_swap,AsymAgentMark-TK targeted rank swap b=1,0,0,0,0,6,0,,False,insufficient_packets
alfworld,rank,deepseek,ID,2,072,11001101,8,2025,/Users/local/AgentMarkBeta/实验数据/remote_data/extracted/output-0510/alfworld/rank/deepseek/run_2/ID/task_072/evaluation_report.json,rank,AsymAgentMark-TK top-10 rank,3,3,0,2,0,0,,False,insufficient_packets
alfworld,rank,deepseek,ID,2,072,11001101,8,2025,/Users/local/AgentMarkBeta/实验数据/remote_data/extracted/output-0510/alfworld/rank/deepseek/run_2/ID/task_072/evaluation_report.json,rank_targeted_swap,AsymAgentMark-TK targeted rank swap b=1,0,0,0,0,2,0,,False,insufficient_packets
alfworld,rank,deepseek,ID,2,073,11001101,8,2025,/Users/local/AgentMarkBeta/实验数据/remote_data/extracted/output-0510/alfworld/rank/deepseek/run_2/ID/task_073/evaluation_report.json,rank,AsymAgentMark-TK top-10 rank,2,2,0,2,0,0,,False,insufficient_packets
alfworld,rank,deepseek,ID,2,073,11001101,8,2025,/Users/local/AgentMarkBeta/实验数据/remote_data/extracted/output-0510/alfworld/rank/deepseek/run_2/ID/task_073/evaluation_report.json,rank_targeted_swap,AsymAgentMark-TK targeted rank swap b=1,0,0,0,0,2,0,,False,insufficient_packets
alfworld,rank,deepseek,ID,2,074,11001101,8,2025,/Users/local/AgentMarkBeta/实验数据/remote_data/extracted/output-0510/alfworld/rank/deepseek/run_2/ID/task_074/evaluation_report.json,rank,AsymAgentMark-TK top-10 rank,0,0,0,0,0,0,,False,insufficient_packets
alfworld,rank,deepseek,ID,2,074,11001101,8,2025,/Users/local/AgentMarkBeta/实验数据/remote_data/extracted/output-0510/alfworld/rank/deepseek/run_2/ID/task_074/evaluation_report.json,rank_targeted_swap,AsymAgentMark-TK targeted rank swap b=1,0,0,0,0,0,0,,False,insufficient_packets
alfworld,rank,deepseek,ID,2,075,11001101,8,2025,/Users/local/AgentMarkBeta/实验数据/remote_data/extracted/output-0510/alfworld/rank/deepseek/run_2/ID/task_075/evaluation_report.json,rank,AsymAgentMark-TK top-10 rank,15,15,0,11,3,0,11001101,True,
alfworld,rank,deepseek,ID,2,075,11001101,8,2025,/Users/local/AgentMarkBeta/实验数据/remote_data/extracted/output-0510/alfworld/rank/deepseek/run_2/ID/task_075/evaluation_report.json,rank_targeted_swap,AsymAgentMark-TK targeted rank swap b=1,4,4,0,2,12,0,,False,insufficient_packets
alfworld,rank,deepseek,ID,2,076,11001101,8,2025,/Users/local/AgentMarkBeta/实验数据/remote_data/extracted/output-0510/alfworld/rank/deepseek/run_2/ID/task_076/evaluation_report.json,rank,AsymAgentMark-TK top-10 rank,1,1,0,1,2,0,,False,insufficient_packets
alfworld,rank,deepseek,ID,2,076,11001101,8,2025,/Users/local/AgentMarkBeta/实验数据/remote_data/extracted/output-0510/alfworld/rank/deepseek/run_2/ID/task_076/evaluation_report.json,rank_targeted_swap,AsymAgentMark-TK targeted rank swap b=1,0,0,0,0,3,0,,False,insufficient_packets
alfworld,rank,deepseek,ID,2,077,11001101,8,2025,/Users/local/AgentMarkBeta/实验数据/remote_data/extracted/output-0510/alfworld/rank/deepseek/run_2/ID/task_077/evaluation_report.json,rank,AsymAgentMark-TK top-10 rank,1,1,0,1,0,0,,False,insufficient_packets
alfworld,rank,deepseek,ID,2,077,11001101,8,2025,/Users/local/AgentMarkBeta/实验数据/remote_data/extracted/output-0510/alfworld/rank/deepseek/run_2/ID/task_077/evaluation_report.json,rank_targeted_swap,AsymAgentMark-TK targeted rank swap b=1,0,0,0,0,1,0,,False,insufficient_packets
alfworld,rank,deepseek,ID,2,078,11001101,8,2025,/Users/local/AgentMarkBeta/实验数据/remote_data/extracted/output-0510/alfworld/rank/deepseek/run_2/ID/task_078/evaluation_report.json,rank,AsymAgentMark-TK top-10 rank,6,6,0,5,1,0,,False,insufficient_packets
alfworld,rank,deepseek,ID,2,078,11001101,8,2025,/Users/local/AgentMarkBeta/实验数据/remote_data/extracted/output-0510/alfworld/rank/deepseek/run_2/ID/task_078/evaluation_report.json,rank_targeted_swap,AsymAgentMark-TK targeted rank swap b=1,0,0,0,0,6,0,,False,insufficient_packets
alfworld,rank,deepseek,ID,2,079,11001101,8,2025,/Users/local/AgentMarkBeta/实验数据/remote_data/extracted/output-0510/alfworld/rank/deepseek/run_2/ID/task_079/evaluation_report.json,rank,AsymAgentMark-TK top-10 rank,17,17,0,12,5,0,01111101,False,payload_mismatch
alfworld,rank,deepseek,ID,2,079,11001101,8,2025,/Users/local/AgentMarkBeta/实验数据/remote_data/extracted/output-0510/alfworld/rank/deepseek/run_2/ID/task_079/evaluation_report.json,rank_targeted_swap,AsymAgentMark-TK targeted rank swap b=1,8,8,0,5,12,0,,False,rank_deficient
alfworld,rank,deepseek,ID,2,080,11001101,8,2025,/Users/local/AgentMarkBeta/实验数据/remote_data/extracted/output-0510/alfworld/rank/deepseek/run_2/ID/task_080/evaluation_report.json,rank,AsymAgentMark-TK top-10 rank,15,15,0,10,2,0,01000100,False,payload_mismatch
alfworld,rank,deepseek,ID,2,080,11001101,8,2025,/Users/local/AgentMarkBeta/实验数据/remote_data/extracted/output-0510/alfworld/rank/deepseek/run_2/ID/task_080/evaluation_report.json,rank_targeted_swap,AsymAgentMark-TK targeted rank swap b=1,0,0,0,0,12,0,,False,insufficient_packets
alfworld,rank,deepseek,ID,2,081,11001101,8,2025,/Users/local/AgentMarkBeta/实验数据/remote_data/extracted/output-0510/alfworld/rank/deepseek/run_2/ID/task_081/evaluation_report.json,rank,AsymAgentMark-TK top-10 rank,14,14,0,8,13,0,11001101,True,
alfworld,rank,deepseek,ID,2,081,11001101,8,2025,/Users/local/AgentMarkBeta/实验数据/remote_data/extracted/output-0510/alfworld/rank/deepseek/run_2/ID/task_081/evaluation_report.json,rank_targeted_swap,AsymAgentMark-TK targeted rank swap b=1,11,11,0,8,13,0,00110100,False,payload_mismatch
alfworld,rank,deepseek,ID,2,082,11001101,8,2025,/Users/local/AgentMarkBeta/实验数据/remote_data/extracted/output-0510/alfworld/rank/deepseek/run_2/ID/task_082/evaluation_report.json,rank,AsymAgentMark-TK top-10 rank,0,0,0,0,0,0,,False,insufficient_packets
alfworld,rank,deepseek,ID,2,082,11001101,8,2025,/Users/local/AgentMarkBeta/实验数据/remote_data/extracted/output-0510/alfworld/rank/deepseek/run_2/ID/task_082/evaluation_report.json,rank_targeted_swap,AsymAgentMark-TK targeted rank swap b=1,0,0,0,0,0,0,,False,insufficient_packets
alfworld,rank,deepseek,ID,2,083,11001101,8,2025,/Users/local/AgentMarkBeta/实验数据/remote_data/extracted/output-0510/alfworld/rank/deepseek/run_2/ID/task_083/evaluation_report.json,rank,AsymAgentMark-TK top-10 rank,6,6,0,4,3,0,,False,insufficient_packets
alfworld,rank,deepseek,ID,2,083,11001101,8,2025,/Users/local/AgentMarkBeta/实验数据/remote_data/extracted/output-0510/alfworld/rank/deepseek/run_2/ID/task_083/evaluation_report.json,rank_targeted_swap,AsymAgentMark-TK targeted rank swap b=1,4,4,0,3,4,0,,False,insufficient_packets
alfworld,rank,deepseek,ID,2,084,11001101,8,2025,/Users/local/AgentMarkBeta/实验数据/remote_data/extracted/output-0510/alfworld/rank/deepseek/run_2/ID/task_084/evaluation_report.json,rank,AsymAgentMark-TK top-10 rank,0,0,0,0,1,0,,False,insufficient_packets
alfworld,rank,deepseek,ID,2,084,11001101,8,2025,/Users/local/AgentMarkBeta/实验数据/remote_data/extracted/output-0510/alfworld/rank/deepseek/run_2/ID/task_084/evaluation_report.json,rank_targeted_swap,AsymAgentMark-TK targeted rank swap b=1,0,0,0,0,1,0,,False,insufficient_packets
alfworld,rank,deepseek,ID,2,085,11001101,8,2025,/Users/local/AgentMarkBeta/实验数据/remote_data/extracted/output-0510/alfworld/rank/deepseek/run_2/ID/task_085/evaluation_report.json,rank,AsymAgentMark-TK top-10 rank,11,11,0,11,8,0,01100001,False,payload_mismatch
alfworld,rank,deepseek,ID,2,085,11001101,8,2025,/Users/local/AgentMarkBeta/实验数据/remote_data/extracted/output-0510/alfworld/rank/deepseek/run_2/ID/task_085/evaluation_report.json,rank_targeted_swap,AsymAgentMark-TK targeted rank swap b=1,11,11,0,8,11,0,10000100,False,payload_mismatch
alfworld,rank,deepseek,ID,2,086,11001101,8,2025,/Users/local/AgentMarkBeta/实验数据/remote_data/extracted/output-0510/alfworld/rank/deepseek/run_2/ID/task_086/evaluation_report.json,rank,AsymAgentMark-TK top-10 rank,8,8,0,5,1,0,,False,rank_deficient
alfworld,rank,deepseek,ID,2,086,11001101,8,2025,/Users/local/AgentMarkBeta/实验数据/remote_data/extracted/output-0510/alfworld/rank/deepseek/run_2/ID/task_086/evaluation_report.json,rank_targeted_swap,AsymAgentMark-TK targeted rank swap b=1,0,0,0,0,6,0,,False,insufficient_packets
alfworld,rank,deepseek,ID,2,087,11001101,8,2025,/Users/local/AgentMarkBeta/实验数据/remote_data/extracted/output-0510/alfworld/rank/deepseek/run_2/ID/task_087/evaluation_report.json,rank,AsymAgentMark-TK top-10 rank,3,3,0,3,0,0,,False,insufficient_packets
alfworld,rank,deepseek,ID,2,087,11001101,8,2025,/Users/local/AgentMarkBeta/实验数据/remote_data/extracted/output-0510/alfworld/rank/deepseek/run_2/ID/task_087/evaluation_report.json,rank_targeted_swap,AsymAgentMark-TK targeted rank swap b=1,2,2,0,2,1,0,,False,insufficient_packets
alfworld,rank,deepseek,ID,2,088,11001101,8,2025,/Users/local/AgentMarkBeta/实验数据/remote_data/extracted/output-0510/alfworld/rank/deepseek/run_2/ID/task_088/evaluation_report.json,rank,AsymAgentMark-TK top-10 rank,2,2,0,2,3,0,,False,insufficient_packets
alfworld,rank,deepseek,ID,2,088,11001101,8,2025,/Users/local/AgentMarkBeta/实验数据/remote_data/extracted/output-0510/alfworld/rank/deepseek/run_2/ID/task_088/evaluation_report.json,rank_targeted_swap,AsymAgentMark-TK targeted rank swap b=1,3,3,0,2,3,0,,False,insufficient_packets
alfworld,rank,deepseek,ID,2,089,11001101,8,2025,/Users/local/AgentMarkBeta/实验数据/remote_data/extracted/output-0510/alfworld/rank/deepseek/run_2/ID/task_089/evaluation_report.json,rank,AsymAgentMark-TK top-10 rank,0,0,0,0,1,0,,False,insufficient_packets
alfworld,rank,deepseek,ID,2,089,11001101,8,2025,/Users/local/AgentMarkBeta/实验数据/remote_data/extracted/output-0510/alfworld/rank/deepseek/run_2/ID/task_089/evaluation_report.json,rank_targeted_swap,AsymAgentMark-TK targeted rank swap b=1,0,0,0,0,1,0,,False,insufficient_packets
alfworld,rank,deepseek,ID,2,090,11001101,8,2025,/Users/local/AgentMarkBeta/实验数据/remote_data/extracted/output-0510/alfworld/rank/deepseek/run_2/ID/task_090/evaluation_report.json,rank,AsymAgentMark-TK top-10 rank,1,1,0,1,0,0,,False,insufficient_packets
alfworld,rank,deepseek,ID,2,090,11001101,8,2025,/Users/local/AgentMarkBeta/实验数据/remote_data/extracted/output-0510/alfworld/rank/deepseek/run_2/ID/task_090/evaluation_report.json,rank_targeted_swap,AsymAgentMark-TK targeted rank swap b=1,0,0,0,0,1,0,,False,insufficient_packets
alfworld,rank,deepseek,ID,2,091,11001101,8,2025,/Users/local/AgentMarkBeta/实验数据/remote_data/extracted/output-0510/alfworld/rank/deepseek/run_2/ID/task_091/evaluation_report.json,rank,AsymAgentMark-TK top-10 rank,4,4,0,4,0,0,,False,insufficient_packets
alfworld,rank,deepseek,ID,2,091,11001101,8,2025,/Users/local/AgentMarkBeta/实验数据/remote_data/extracted/output-0510/alfworld/rank/deepseek/run_2/ID/task_091/evaluation_report.json,rank_targeted_swap,AsymAgentMark-TK targeted rank swap b=1,2,2,0,2,2,0,,False,insufficient_packets
alfworld,rank,deepseek,ID,2,092,11001101,8,2025,/Users/local/AgentMarkBeta/实验数据/remote_data/extracted/output-0510/alfworld/rank/deepseek/run_2/ID/task_092/evaluation_report.json,rank,AsymAgentMark-TK top-10 rank,3,3,0,2,1,0,,False,insufficient_packets
alfworld,rank,deepseek,ID,2,092,11001101,8,2025,/Users/local/AgentMarkBeta/实验数据/remote_data/extracted/output-0510/alfworld/rank/deepseek/run_2/ID/task_092/evaluation_report.json,rank_targeted_swap,AsymAgentMark-TK targeted rank swap b=1,0,0,0,0,3,0,,False,insufficient_packets
alfworld,rank,deepseek,ID,2,093,11001101,8,2025,/Users/local/AgentMarkBeta/实验数据/remote_data/extracted/output-0510/alfworld/rank/deepseek/run_2/ID/task_093/evaluation_report.json,rank,AsymAgentMark-TK top-10 rank,5,5,0,3,4,0,,False,insufficient_packets
alfworld,rank,deepseek,ID,2,093,11001101,8,2025,/Users/local/AgentMarkBeta/实验数据/remote_data/extracted/output-0510/alfworld/rank/deepseek/run_2/ID/task_093/evaluation_report.json,rank_targeted_swap,AsymAgentMark-TK targeted rank swap b=1,3,3,0,2,5,0,,False,insufficient_packets
alfworld,rank,deepseek,ID,2,094,11001101,8,2025,/Users/local/AgentMarkBeta/实验数据/remote_data/extracted/output-0510/alfworld/rank/deepseek/run_2/ID/task_094/evaluation_report.json,rank,AsymAgentMark-TK top-10 rank,17,17,0,13,3,0,11111101,False,payload_mismatch
alfworld,rank,deepseek,ID,2,094,11001101,8,2025,/Users/local/AgentMarkBeta/实验数据/remote_data/extracted/output-0510/alfworld/rank/deepseek/run_2/ID/task_094/evaluation_report.json,rank_targeted_swap,AsymAgentMark-TK targeted rank swap b=1,3,3,0,3,13,0,,False,insufficient_packets
alfworld,rank,deepseek,ID,2,095,11001101,8,2025,/Users/local/AgentMarkBeta/实验数据/remote_data/extracted/output-0510/alfworld/rank/deepseek/run_2/ID/task_095/evaluation_report.json,rank,AsymAgentMark-TK top-10 rank,6,6,0,4,1,0,,False,insufficient_packets
alfworld,rank,deepseek,ID,2,095,11001101,8,2025,/Users/local/AgentMarkBeta/实验数据/remote_data/extracted/output-0510/alfworld/rank/deepseek/run_2/ID/task_095/evaluation_report.json,rank_targeted_swap,AsymAgentMark-TK targeted rank swap b=1,3,3,0,3,2,0,,False,insufficient_packets
alfworld,rank,deepseek,ID,2,096,11001101,8,2025,/Users/local/AgentMarkBeta/实验数据/remote_data/extracted/output-0510/alfworld/rank/deepseek/run_2/ID/task_096/evaluation_report.json,rank,AsymAgentMark-TK top-10 rank,10,10,0,8,1,0,11111101,False,payload_mismatch
alfworld,rank,deepseek,ID,2,096,11001101,8,2025,/Users/local/AgentMarkBeta/实验数据/remote_data/extracted/output-0510/alfworld/rank/deepseek/run_2/ID/task_096/evaluation_report.json,rank_targeted_swap,AsymAgentMark-TK targeted rank swap b=1,3,3,0,3,6,0,,False,insufficient_packets
alfworld,rank,deepseek,ID,2,097,11001101,8,2025,/Users/local/AgentMarkBeta/实验数据/remote_data/extracted/output-0510/alfworld/rank/deepseek/run_2/ID/task_097/evaluation_report.json,rank,AsymAgentMark-TK top-10 rank,0,0,0,0,1,0,,False,insufficient_packets
alfworld,rank,deepseek,ID,2,097,11001101,8,2025,/Users/local/AgentMarkBeta/实验数据/remote_data/extracted/output-0510/alfworld/rank/deepseek/run_2/ID/task_097/evaluation_report.json,rank_targeted_swap,AsymAgentMark-TK targeted rank swap b=1,0,0,0,0,1,0,,False,insufficient_packets
alfworld,rank,deepseek,ID,2,098,11001101,8,2025,/Users/local/AgentMarkBeta/实验数据/remote_data/extracted/output-0510/alfworld/rank/deepseek/run_2/ID/task_098/evaluation_report.json,rank,AsymAgentMark-TK top-10 rank,5,5,0,3,1,0,,False,insufficient_packets
alfworld,rank,deepseek,ID,2,098,11001101,8,2025,/Users/local/AgentMarkBeta/实验数据/remote_data/extracted/output-0510/alfworld/rank/deepseek/run_2/ID/task_098/evaluation_report.json,rank_targeted_swap,AsymAgentMark-TK targeted rank swap b=1,4,4,0,2,2,0,,False,insufficient_packets
alfworld,rank,deepseek,ID,2,099,11001101,8,2025,/Users/local/AgentMarkBeta/实验数据/remote_data/extracted/output-0510/alfworld/rank/deepseek/run_2/ID/task_099/evaluation_report.json,rank,AsymAgentMark-TK top-10 rank,3,3,0,3,5,0,,False,insufficient_packets
alfworld,rank,deepseek,ID,2,099,11001101,8,2025,/Users/local/AgentMarkBeta/实验数据/remote_data/extracted/output-0510/alfworld/rank/deepseek/run_2/ID/task_099/evaluation_report.json,rank_targeted_swap,AsymAgentMark-TK targeted rank swap b=1,6,6,0,4,4,0,,False,insufficient_packets
alfworld,rank,deepseek,ID,2,100,11001101,8,2025,/Users/local/AgentMarkBeta/实验数据/remote_data/extracted/output-0510/alfworld/rank/deepseek/run_2/ID/task_100/evaluation_report.json,rank,AsymAgentMark-TK top-10 rank,4,4,0,3,0,0,,False,insufficient_packets
alfworld,rank,deepseek,ID,2,100,11001101,8,2025,/Users/local/AgentMarkBeta/实验数据/remote_data/extracted/output-0510/alfworld/rank/deepseek/run_2/ID/task_100/evaluation_report.json,rank_targeted_swap,AsymAgentMark-TK targeted rank swap b=1,1,1,0,1,2,0,,False,insufficient_packets
alfworld,rank,deepseek,ID,2,101,11001101,8,2025,/Users/local/AgentMarkBeta/实验数据/remote_data/extracted/output-0510/alfworld/rank/deepseek/run_2/ID/task_101/evaluation_report.json,rank,AsymAgentMark-TK top-10 rank,3,3,0,3,5,0,,False,insufficient_packets
alfworld,rank,deepseek,ID,2,101,11001101,8,2025,/Users/local/AgentMarkBeta/实验数据/remote_data/extracted/output-0510/alfworld/rank/deepseek/run_2/ID/task_101/evaluation_report.json,rank_targeted_swap,AsymAgentMark-TK targeted rank swap b=1,3,3,0,2,6,0,,False,insufficient_packets
alfworld,rank,deepseek,ID,2,102,11001101,8,2025,/Users/local/AgentMarkBeta/实验数据/remote_data/extracted/output-0510/alfworld/rank/deepseek/run_2/ID/task_102/evaluation_report.json,rank,AsymAgentMark-TK top-10 rank,0,0,0,0,0,0,,False,insufficient_packets
alfworld,rank,deepseek,ID,2,102,11001101,8,2025,/Users/local/AgentMarkBeta/实验数据/remote_data/extracted/output-0510/alfworld/rank/deepseek/run_2/ID/task_102/evaluation_report.json,rank_targeted_swap,AsymAgentMark-TK targeted rank swap b=1,0,0,0,0,0,0,,False,insufficient_packets
alfworld,rank,deepseek,ID,2,103,11001101,8,2025,/Users/local/AgentMarkBeta/实验数据/remote_data/extracted/output-0510/alfworld/rank/deepseek/run_2/ID/task_103/evaluation_report.json,rank,AsymAgentMark-TK top-10 rank,0,0,0,0,0,0,,False,insufficient_packets
alfworld,rank,deepseek,ID,2,103,11001101,8,2025,/Users/local/AgentMarkBeta/实验数据/remote_data/extracted/output-0510/alfworld/rank/deepseek/run_2/ID/task_103/evaluation_report.json,rank_targeted_swap,AsymAgentMark-TK targeted rank swap b=1,0,0,0,0,0,0,,False,insufficient_packets
alfworld,rank,deepseek,ID,2,104,11001101,8,2025,/Users/local/AgentMarkBeta/实验数据/remote_data/extracted/output-0510/alfworld/rank/deepseek/run_2/ID/task_104/evaluation_report.json,rank,AsymAgentMark-TK top-10 rank,5,5,0,4,3,0,,False,insufficient_packets
alfworld,rank,deepseek,ID,2,104,11001101,8,2025,/Users/local/AgentMarkBeta/实验数据/remote_data/extracted/output-0510/alfworld/rank/deepseek/run_2/ID/task_104/evaluation_report.json,rank_targeted_swap,AsymAgentMark-TK targeted rank swap b=1,4,4,0,2,5,0,,False,insufficient_packets
alfworld,rank,deepseek,ID,2,105,11001101,8,2025,/Users/local/AgentMarkBeta/实验数据/remote_data/extracted/output-0510/alfworld/rank/deepseek/run_2/ID/task_105/evaluation_report.json,rank,AsymAgentMark-TK top-10 rank,2,2,0,1,1,0,,False,insufficient_packets
alfworld,rank,deepseek,ID,2,105,11001101,8,2025,/Users/local/AgentMarkBeta/实验数据/remote_data/extracted/output-0510/alfworld/rank/deepseek/run_2/ID/task_105/evaluation_report.json,rank_targeted_swap,AsymAgentMark-TK targeted rank swap b=1,0,0,0,0,2,0,,False,insufficient_packets
alfworld,rank,deepseek,ID,2,106,11001101,8,2025,/Users/local/AgentMarkBeta/实验数据/remote_data/extracted/output-0510/alfworld/rank/deepseek/run_2/ID/task_106/evaluation_report.json,rank,AsymAgentMark-TK top-10 rank,11,11,0,6,2,0,11001101,True,
alfworld,rank,deepseek,ID,2,106,11001101,8,2025,/Users/local/AgentMarkBeta/实验数据/remote_data/extracted/output-0510/alfworld/rank/deepseek/run_2/ID/task_106/evaluation_report.json,rank_targeted_swap,AsymAgentMark-TK targeted rank swap b=1,1,1,0,1,7,0,,False,insufficient_packets
alfworld,rank,deepseek,ID,2,107,11001101,8,2025,/Users/local/AgentMarkBeta/实验数据/remote_data/extracted/output-0510/alfworld/rank/deepseek/run_2/ID/task_107/evaluation_report.json,rank,AsymAgentMark-TK top-10 rank,18,18,0,10,3,0,11001101,True,
alfworld,rank,deepseek,ID,2,107,11001101,8,2025,/Users/local/AgentMarkBeta/实验数据/remote_data/extracted/output-0510/alfworld/rank/deepseek/run_2/ID/task_107/evaluation_report.json,rank_targeted_swap,AsymAgentMark-TK targeted rank swap b=1,2,2,0,1,12,0,,False,insufficient_packets
alfworld,rank,deepseek,ID,2,108,11001101,8,2025,/Users/local/AgentMarkBeta/实验数据/remote_data/extracted/output-0510/alfworld/rank/deepseek/run_2/ID/task_108/evaluation_report.json,rank,AsymAgentMark-TK top-10 rank,1,1,0,1,1,0,,False,insufficient_packets
alfworld,rank,deepseek,ID,2,108,11001101,8,2025,/Users/local/AgentMarkBeta/实验数据/remote_data/extracted/output-0510/alfworld/rank/deepseek/run_2/ID/task_108/evaluation_report.json,rank_targeted_swap,AsymAgentMark-TK targeted rank swap b=1,0,0,0,0,2,0,,False,insufficient_packets
alfworld,rank,deepseek,ID,2,109,11001101,8,2025,/Users/local/AgentMarkBeta/实验数据/remote_data/extracted/output-0510/alfworld/rank/deepseek/run_2/ID/task_109/evaluation_report.json,rank,AsymAgentMark-TK top-10 rank,2,2,0,2,3,0,,False,insufficient_packets
alfworld,rank,deepseek,ID,2,109,11001101,8,2025,/Users/local/AgentMarkBeta/实验数据/remote_data/extracted/output-0510/alfworld/rank/deepseek/run_2/ID/task_109/evaluation_report.json,rank_targeted_swap,AsymAgentMark-TK targeted rank swap b=1,4,4,0,3,2,0,,False,insufficient_packets
alfworld,rank,deepseek,ID,2,110,11001101,8,2025,/Users/local/AgentMarkBeta/实验数据/remote_data/extracted/output-0510/alfworld/rank/deepseek/run_2/ID/task_110/evaluation_report.json,rank,AsymAgentMark-TK top-10 rank,7,7,0,5,7,0,,False,insufficient_packets
alfworld,rank,deepseek,ID,2,110,11001101,8,2025,/Users/local/AgentMarkBeta/实验数据/remote_data/extracted/output-0510/alfworld/rank/deepseek/run_2/ID/task_110/evaluation_report.json,rank_targeted_swap,AsymAgentMark-TK targeted rank swap b=1,2,2,0,1,11,0,,False,insufficient_packets
alfworld,rank,deepseek,ID,2,111,11001101,8,2025,/Users/local/AgentMarkBeta/实验数据/remote_data/extracted/output-0510/alfworld/rank/deepseek/run_2/ID/task_111/evaluation_report.json,rank,AsymAgentMark-TK top-10 rank,1,1,0,1,0,0,,False,insufficient_packets
alfworld,rank,deepseek,ID,2,111,11001101,8,2025,/Users/local/AgentMarkBeta/实验数据/remote_data/extracted/output-0510/alfworld/rank/deepseek/run_2/ID/task_111/evaluation_report.json,rank_targeted_swap,AsymAgentMark-TK targeted rank swap b=1,0,0,0,0,1,0,,False,insufficient_packets
alfworld,rank,deepseek,ID,2,112,11001101,8,2025,/Users/local/AgentMarkBeta/实验数据/remote_data/extracted/output-0510/alfworld/rank/deepseek/run_2/ID/task_112/evaluation_report.json,rank,AsymAgentMark-TK top-10 rank,0,0,0,0,1,0,,False,insufficient_packets
alfworld,rank,deepseek,ID,2,112,11001101,8,2025,/Users/local/AgentMarkBeta/实验数据/remote_data/extracted/output-0510/alfworld/rank/deepseek/run_2/ID/task_112/evaluation_report.json,rank_targeted_swap,AsymAgentMark-TK targeted rank swap b=1,0,0,0,0,1,0,,False,insufficient_packets
alfworld,rank,deepseek,ID,2,113,11001101,8,2025,/Users/local/AgentMarkBeta/实验数据/remote_data/extracted/output-0510/alfworld/rank/deepseek/run_2/ID/task_113/evaluation_report.json,rank,AsymAgentMark-TK top-10 rank,0,0,0,0,0,0,,False,insufficient_packets
alfworld,rank,deepseek,ID,2,113,11001101,8,2025,/Users/local/AgentMarkBeta/实验数据/remote_data/extracted/output-0510/alfworld/rank/deepseek/run_2/ID/task_113/evaluation_report.json,rank_targeted_swap,AsymAgentMark-TK targeted rank swap b=1,0,0,0,0,0,0,,False,insufficient_packets
alfworld,rank,deepseek,ID,2,114,11001101,8,2025,/Users/local/AgentMarkBeta/实验数据/remote_data/extracted/output-0510/alfworld/rank/deepseek/run_2/ID/task_114/evaluation_report.json,rank,AsymAgentMark-TK top-10 rank,1,1,0,1,3,0,,False,insufficient_packets
alfworld,rank,deepseek,ID,2,114,11001101,8,2025,/Users/local/AgentMarkBeta/实验数据/remote_data/extracted/output-0510/alfworld/rank/deepseek/run_2/ID/task_114/evaluation_report.json,rank_targeted_swap,AsymAgentMark-TK targeted rank swap b=1,3,3,0,2,2,0,,False,insufficient_packets
alfworld,rank,deepseek,ID,2,115,11001101,8,2025,/Users/local/AgentMarkBeta/实验数据/remote_data/extracted/output-0510/alfworld/rank/deepseek/run_2/ID/task_115/evaluation_report.json,rank,AsymAgentMark-TK top-10 rank,5,5,0,4,1,0,,False,insufficient_packets
alfworld,rank,deepseek,ID,2,115,11001101,8,2025,/Users/local/AgentMarkBeta/实验数据/remote_data/extracted/output-0510/alfworld/rank/deepseek/run_2/ID/task_115/evaluation_report.json,rank_targeted_swap,AsymAgentMark-TK targeted rank swap b=1,3,3,0,2,3,0,,False,insufficient_packets
alfworld,rank,deepseek,ID,2,116,11001101,8,2025,/Users/local/AgentMarkBeta/实验数据/remote_data/extracted/output-0510/alfworld/rank/deepseek/run_2/ID/task_116/evaluation_report.json,rank,AsymAgentMark-TK top-10 rank,1,1,0,1,1,0,,False,insufficient_packets
alfworld,rank,deepseek,ID,2,116,11001101,8,2025,/Users/local/AgentMarkBeta/实验数据/remote_data/extracted/output-0510/alfworld/rank/deepseek/run_2/ID/task_116/evaluation_report.json,rank_targeted_swap,AsymAgentMark-TK targeted rank swap b=1,0,0,0,0,2,0,,False,insufficient_packets
alfworld,rank,deepseek,ID,2,117,11001101,8,2025,/Users/local/AgentMarkBeta/实验数据/remote_data/extracted/output-0510/alfworld/rank/deepseek/run_2/ID/task_117/evaluation_report.json,rank,AsymAgentMark-TK top-10 rank,8,8,0,5,1,0,,False,rank_deficient
alfworld,rank,deepseek,ID,2,117,11001101,8,2025,/Users/local/AgentMarkBeta/实验数据/remote_data/extracted/output-0510/alfworld/rank/deepseek/run_2/ID/task_117/evaluation_report.json,rank_targeted_swap,AsymAgentMark-TK targeted rank swap b=1,0,0,0,0,6,0,,False,insufficient_packets
alfworld,rank,deepseek,ID,2,118,11001101,8,2025,/Users/local/AgentMarkBeta/实验数据/remote_data/extracted/output-0510/alfworld/rank/deepseek/run_2/ID/task_118/evaluation_report.json,rank,AsymAgentMark-TK top-10 rank,11,11,0,8,1,0,11001101,True,
alfworld,rank,deepseek,ID,2,118,11001101,8,2025,/Users/local/AgentMarkBeta/实验数据/remote_data/extracted/output-0510/alfworld/rank/deepseek/run_2/ID/task_118/evaluation_report.json,rank_targeted_swap,AsymAgentMark-TK targeted rank swap b=1,2,2,0,2,7,0,,False,insufficient_packets
alfworld,rank,deepseek,ID,2,119,11001101,8,2025,/Users/local/AgentMarkBeta/实验数据/remote_data/extracted/output-0510/alfworld/rank/deepseek/run_2/ID/task_119/evaluation_report.json,rank,AsymAgentMark-TK top-10 rank,6,6,0,3,1,0,,False,insufficient_packets
alfworld,rank,deepseek,ID,2,119,11001101,8,2025,/Users/local/AgentMarkBeta/实验数据/remote_data/extracted/output-0510/alfworld/rank/deepseek/run_2/ID/task_119/evaluation_report.json,rank_targeted_swap,AsymAgentMark-TK targeted rank swap b=1,0,0,0,0,4,0,,False,insufficient_packets
alfworld,rank,deepseek,ID,2,120,11001101,8,2025,/Users/local/AgentMarkBeta/实验数据/remote_data/extracted/output-0510/alfworld/rank/deepseek/run_2/ID/task_120/evaluation_report.json,rank,AsymAgentMark-TK top-10 rank,0,0,0,0,0,0,,False,insufficient_packets
alfworld,rank,deepseek,ID,2,120,11001101,8,2025,/Users/local/AgentMarkBeta/实验数据/remote_data/extracted/output-0510/alfworld/rank/deepseek/run_2/ID/task_120/evaluation_report.json,rank_targeted_swap,AsymAgentMark-TK targeted rank swap b=1,0,0,0,0,0,0,,False,insufficient_packets
alfworld,rank,deepseek,ID,2,121,11001101,8,2025,/Users/local/AgentMarkBeta/实验数据/remote_data/extracted/output-0510/alfworld/rank/deepseek/run_2/ID/task_121/evaluation_report.json,rank,AsymAgentMark-TK top-10 rank,5,5,0,4,0,0,,False,insufficient_packets
alfworld,rank,deepseek,ID,2,121,11001101,8,2025,/Users/local/AgentMarkBeta/实验数据/remote_data/extracted/output-0510/alfworld/rank/deepseek/run_2/ID/task_121/evaluation_report.json,rank_targeted_swap,AsymAgentMark-TK targeted rank swap b=1,3,3,0,2,2,0,,False,insufficient_packets
alfworld,rank,deepseek,ID,2,122,11001101,8,2025,/Users/local/AgentMarkBeta/实验数据/remote_data/extracted/output-0510/alfworld/rank/deepseek/run_2/ID/task_122/evaluation_report.json,rank,AsymAgentMark-TK top-10 rank,10,10,0,8,2,0,11001101,True,
alfworld,rank,deepseek,ID,2,122,11001101,8,2025,/Users/local/AgentMarkBeta/实验数据/remote_data/extracted/output-0510/alfworld/rank/deepseek/run_2/ID/task_122/evaluation_report.json,rank_targeted_swap,AsymAgentMark-TK targeted rank swap b=1,1,1,0,1,9,0,,False,insufficient_packets
alfworld,rank,deepseek,ID,2,123,11001101,8,2025,/Users/local/AgentMarkBeta/实验数据/remote_data/extracted/output-0510/alfworld/rank/deepseek/run_2/ID/task_123/evaluation_report.json,rank,AsymAgentMark-TK top-10 rank,20,20,0,13,2,0,11001101,True,
alfworld,rank,deepseek,ID,2,123,11001101,8,2025,/Users/local/AgentMarkBeta/实验数据/remote_data/extracted/output-0510/alfworld/rank/deepseek/run_2/ID/task_123/evaluation_report.json,rank_targeted_swap,AsymAgentMark-TK targeted rank swap b=1,2,2,0,2,13,0,,False,insufficient_packets
alfworld,rank,deepseek,ID,2,124,11001101,8,2025,/Users/local/AgentMarkBeta/实验数据/remote_data/extracted/output-0510/alfworld/rank/deepseek/run_2/ID/task_124/evaluation_report.json,rank,AsymAgentMark-TK top-10 rank,2,2,0,2,0,0,,False,insufficient_packets
alfworld,rank,deepseek,ID,2,124,11001101,8,2025,/Users/local/AgentMarkBeta/实验数据/remote_data/extracted/output-0510/alfworld/rank/deepseek/run_2/ID/task_124/evaluation_report.json,rank_targeted_swap,AsymAgentMark-TK targeted rank swap b=1,0,0,0,0,2,0,,False,insufficient_packets
alfworld,rank,deepseek,ID,2,125,11001101,8,2025,/Users/local/AgentMarkBeta/实验数据/remote_data/extracted/output-0510/alfworld/rank/deepseek/run_2/ID/task_125/evaluation_report.json,rank,AsymAgentMark-TK top-10 rank,24,24,0,15,2,0,11001101,True,
alfworld,rank,deepseek,ID,2,125,11001101,8,2025,/Users/local/AgentMarkBeta/实验数据/remote_data/extracted/output-0510/alfworld/rank/deepseek/run_2/ID/task_125/evaluation_report.json,rank_targeted_swap,AsymAgentMark-TK targeted rank swap b=1,0,0,0,0,17,0,,False,insufficient_packets
alfworld,rank,deepseek,ID,2,126,11001101,8,2025,/Users/local/AgentMarkBeta/实验数据/remote_data/extracted/output-0510/alfworld/rank/deepseek/run_2/ID/task_126/evaluation_report.json,rank,AsymAgentMark-TK top-10 rank,4,4,0,3,4,0,,False,insufficient_packets
alfworld,rank,deepseek,ID,2,126,11001101,8,2025,/Users/local/AgentMarkBeta/实验数据/remote_data/extracted/output-0510/alfworld/rank/deepseek/run_2/ID/task_126/evaluation_report.json,rank_targeted_swap,AsymAgentMark-TK targeted rank swap b=1,3,3,0,2,5,0,,False,insufficient_packets
alfworld,rank,deepseek,ID,2,127,11001101,8,2025,/Users/local/AgentMarkBeta/实验数据/remote_data/extracted/output-0510/alfworld/rank/deepseek/run_2/ID/task_127/evaluation_report.json,rank,AsymAgentMark-TK top-10 rank,1,1,0,1,0,0,,False,insufficient_packets
alfworld,rank,deepseek,ID,2,127,11001101,8,2025,/Users/local/AgentMarkBeta/实验数据/remote_data/extracted/output-0510/alfworld/rank/deepseek/run_2/ID/task_127/evaluation_report.json,rank_targeted_swap,AsymAgentMark-TK targeted rank swap b=1,1,1,0,1,0,0,,False,insufficient_packets
alfworld,rank,deepseek,ID,2,128,11001101,8,2025,/Users/local/AgentMarkBeta/实验数据/remote_data/extracted/output-0510/alfworld/rank/deepseek/run_2/ID/task_128/evaluation_report.json,rank,AsymAgentMark-TK top-10 rank,3,3,0,3,1,0,,False,insufficient_packets
alfworld,rank,deepseek,ID,2,128,11001101,8,2025,/Users/local/AgentMarkBeta/实验数据/remote_data/extracted/output-0510/alfworld/rank/deepseek/run_2/ID/task_128/evaluation_report.json,rank_targeted_swap,AsymAgentMark-TK targeted rank swap b=1,2,2,0,2,2,0,,False,insufficient_packets
alfworld,rank,deepseek,ID,2,129,11001101,8,2025,/Users/local/AgentMarkBeta/实验数据/remote_data/extracted/output-0510/alfworld/rank/deepseek/run_2/ID/task_129/evaluation_report.json,rank,AsymAgentMark-TK top-10 rank,7,7,0,4,0,0,,False,insufficient_packets
alfworld,rank,deepseek,ID,2,129,11001101,8,2025,/Users/local/AgentMarkBeta/实验数据/remote_data/extracted/output-0510/alfworld/rank/deepseek/run_2/ID/task_129/evaluation_report.json,rank_targeted_swap,AsymAgentMark-TK targeted rank swap b=1,3,3,0,2,2,0,,False,insufficient_packets
alfworld,rank,deepseek,ID,2,130,11001101,8,2025,/Users/local/AgentMarkBeta/实验数据/remote_data/extracted/output-0510/alfworld/rank/deepseek/run_2/ID/task_130/evaluation_report.json,rank,AsymAgentMark-TK top-10 rank,24,24,0,13,3,0,11001101,True,
alfworld,rank,deepseek,ID,2,130,11001101,8,2025,/Users/local/AgentMarkBeta/实验数据/remote_data/extracted/output-0510/alfworld/rank/deepseek/run_2/ID/task_130/evaluation_report.json,rank_targeted_swap,AsymAgentMark-TK targeted rank swap b=1,1,1,0,1,15,0,,False,insufficient_packets
alfworld,rank,deepseek,ID,2,131,11001101,8,2025,/Users/local/AgentMarkBeta/实验数据/remote_data/extracted/output-0510/alfworld/rank/deepseek/run_2/ID/task_131/evaluation_report.json,rank,AsymAgentMark-TK top-10 rank,21,21,0,15,0,0,11001101,True,
alfworld,rank,deepseek,ID,2,131,11001101,8,2025,/Users/local/AgentMarkBeta/实验数据/remote_data/extracted/output-0510/alfworld/rank/deepseek/run_2/ID/task_131/evaluation_report.json,rank_targeted_swap,AsymAgentMark-TK targeted rank swap b=1,4,4,0,4,11,0,,False,insufficient_packets
alfworld,rank,deepseek,ID,2,132,11001101,8,2025,/Users/local/AgentMarkBeta/实验数据/remote_data/extracted/output-0510/alfworld/rank/deepseek/run_2/ID/task_132/evaluation_report.json,rank,AsymAgentMark-TK top-10 rank,4,4,0,4,0,0,,False,insufficient_packets
alfworld,rank,deepseek,ID,2,132,11001101,8,2025,/Users/local/AgentMarkBeta/实验数据/remote_data/extracted/output-0510/alfworld/rank/deepseek/run_2/ID/task_132/evaluation_report.json,rank_targeted_swap,AsymAgentMark-TK targeted rank swap b=1,2,2,0,2,2,0,,False,insufficient_packets
alfworld,rank,deepseek,ID,2,133,11001101,8,2025,/Users/local/AgentMarkBeta/实验数据/remote_data/extracted/output-0510/alfworld/rank/deepseek/run_2/ID/task_133/evaluation_report.json,rank,AsymAgentMark-TK top-10 rank,20,20,0,14,1,0,11001101,True,
alfworld,rank,deepseek,ID,2,133,11001101,8,2025,/Users/local/AgentMarkBeta/实验数据/remote_data/extracted/output-0510/alfworld/rank/deepseek/run_2/ID/task_133/evaluation_report.json,rank_targeted_swap,AsymAgentMark-TK targeted rank swap b=1,2,2,0,2,13,0,,False,insufficient_packets
alfworld,rank,deepseek,ID,2,134,11001101,8,2025,/Users/local/AgentMarkBeta/实验数据/remote_data/extracted/output-0510/alfworld/rank/deepseek/run_2/ID/task_134/evaluation_report.json,rank,AsymAgentMark-TK top-10 rank,5,5,0,5,0,0,,False,insufficient_packets
alfworld,rank,deepseek,ID,2,134,11001101,8,2025,/Users/local/AgentMarkBeta/实验数据/remote_data/extracted/output-0510/alfworld/rank/deepseek/run_2/ID/task_134/evaluation_report.json,rank_targeted_swap,AsymAgentMark-TK targeted rank swap b=1,1,1,0,1,4,0,,False,insufficient_packets
alfworld,rank,deepseek,ID,2,135,11001101,8,2025,/Users/local/AgentMarkBeta/实验数据/remote_data/extracted/output-0510/alfworld/rank/deepseek/run_2/ID/task_135/evaluation_report.json,rank,AsymAgentMark-TK top-10 rank,2,2,0,2,0,0,,False,insufficient_packets
alfworld,rank,deepseek,ID,2,135,11001101,8,2025,/Users/local/AgentMarkBeta/实验数据/remote_data/extracted/output-0510/alfworld/rank/deepseek/run_2/ID/task_135/evaluation_report.json,rank_targeted_swap,AsymAgentMark-TK targeted rank swap b=1,0,0,0,0,2,0,,False,insufficient_packets
alfworld,rank,deepseek,ID,2,136,11001101,8,2025,/Users/local/AgentMarkBeta/实验数据/remote_data/extracted/output-0510/alfworld/rank/deepseek/run_2/ID/task_136/evaluation_report.json,rank,AsymAgentMark-TK top-10 rank,15,15,0,10,2,0,00100001,False,payload_mismatch
alfworld,rank,deepseek,ID,2,136,11001101,8,2025,/Users/local/AgentMarkBeta/实验数据/remote_data/extracted/output-0510/alfworld/rank/deepseek/run_2/ID/task_136/evaluation_report.json,rank_targeted_swap,AsymAgentMark-TK targeted rank swap b=1,2,2,0,2,10,0,,False,insufficient_packets
alfworld,rank,deepseek,ID,2,137,11001101,8,2025,/Users/local/AgentMarkBeta/实验数据/remote_data/extracted/output-0510/alfworld/rank/deepseek/run_2/ID/task_137/evaluation_report.json,rank,AsymAgentMark-TK top-10 rank,4,4,0,2,0,0,,False,insufficient_packets
alfworld,rank,deepseek,ID,2,137,11001101,8,2025,/Users/local/AgentMarkBeta/实验数据/remote_data/extracted/output-0510/alfworld/rank/deepseek/run_2/ID/task_137/evaluation_report.json,rank_targeted_swap,AsymAgentMark-TK targeted rank swap b=1,0,0,0,0,2,0,,False,insufficient_packets
alfworld,rank,deepseek,ID,2,138,11001101,8,2025,/Users/local/AgentMarkBeta/实验数据/remote_data/extracted/output-0510/alfworld/rank/deepseek/run_2/ID/task_138/evaluation_report.json,rank,AsymAgentMark-TK top-10 rank,0,0,0,0,1,0,,False,insufficient_packets
alfworld,rank,deepseek,ID,2,138,11001101,8,2025,/Users/local/AgentMarkBeta/实验数据/remote_data/extracted/output-0510/alfworld/rank/deepseek/run_2/ID/task_138/evaluation_report.json,rank_targeted_swap,AsymAgentMark-TK targeted rank swap b=1,0,0,0,0,1,0,,False,insufficient_packets
alfworld,rank,deepseek,ID,2,139,11001101,8,2025,/Users/local/AgentMarkBeta/实验数据/remote_data/extracted/output-0510/alfworld/rank/deepseek/run_2/ID/task_139/evaluation_report.json,rank,AsymAgentMark-TK top-10 rank,20,20,0,15,1,0,11001101,True,
alfworld,rank,deepseek,ID,2,139,11001101,8,2025,/Users/local/AgentMarkBeta/实验数据/remote_data/extracted/output-0510/alfworld/rank/deepseek/run_2/ID/task_139/evaluation_report.json,rank_targeted_swap,AsymAgentMark-TK targeted rank swap b=1,4,4,0,4,12,0,,False,insufficient_packets
alfworld,rank,deepseek,ID,3,000,11001101,8,2025,/Users/local/AgentMarkBeta/实验数据/remote_data/extracted/output-0510/alfworld/rank/deepseek/run_3/ID/task_000/evaluation_report.json,rank,AsymAgentMark-TK top-10 rank,1,1,0,1,0,0,,False,insufficient_packets
alfworld,rank,deepseek,ID,3,000,11001101,8,2025,/Users/local/AgentMarkBeta/实验数据/remote_data/extracted/output-0510/alfworld/rank/deepseek/run_3/ID/task_000/evaluation_report.json,rank_targeted_swap,AsymAgentMark-TK targeted rank swap b=1,0,0,0,0,1,0,,False,insufficient_packets
alfworld,rank,deepseek,ID,3,001,11001101,8,2025,/Users/local/AgentMarkBeta/实验数据/remote_data/extracted/output-0510/alfworld/rank/deepseek/run_3/ID/task_001/evaluation_report.json,rank,AsymAgentMark-TK top-10 rank,5,5,0,3,4,0,,False,insufficient_packets
alfworld,rank,deepseek,ID,3,001,11001101,8,2025,/Users/local/AgentMarkBeta/实验数据/remote_data/extracted/output-0510/alfworld/rank/deepseek/run_3/ID/task_001/evaluation_report.json,rank_targeted_swap,AsymAgentMark-TK targeted rank swap b=1,6,6,0,5,2,0,,False,insufficient_packets
alfworld,rank,deepseek,ID,3,002,11001101,8,2025,/Users/local/AgentMarkBeta/实验数据/remote_data/extracted/output-0510/alfworld/rank/deepseek/run_3/ID/task_002/evaluation_report.json,rank,AsymAgentMark-TK top-10 rank,2,2,0,2,0,0,,False,insufficient_packets
alfworld,rank,deepseek,ID,3,002,11001101,8,2025,/Users/local/AgentMarkBeta/实验数据/remote_data/extracted/output-0510/alfworld/rank/deepseek/run_3/ID/task_002/evaluation_report.json,rank_targeted_swap,AsymAgentMark-TK targeted rank swap b=1,2,2,0,2,0,0,,False,insufficient_packets
alfworld,rank,deepseek,ID,3,003,11001101,8,2025,/Users/local/AgentMarkBeta/实验数据/remote_data/extracted/output-0510/alfworld/rank/deepseek/run_3/ID/task_003/evaluation_report.json,rank,AsymAgentMark-TK top-10 rank,11,11,0,7,0,0,11001101,True,
alfworld,rank,deepseek,ID,3,003,11001101,8,2025,/Users/local/AgentMarkBeta/实验数据/remote_data/extracted/output-0510/alfworld/rank/deepseek/run_3/ID/task_003/evaluation_report.json,rank_targeted_swap,AsymAgentMark-TK targeted rank swap b=1,1,1,0,1,6,0,,False,insufficient_packets
alfworld,rank,deepseek,ID,3,004,11001101,8,2025,/Users/local/AgentMarkBeta/实验数据/remote_data/extracted/output-0510/alfworld/rank/deepseek/run_3/ID/task_004/evaluation_report.json,rank,AsymAgentMark-TK top-10 rank,14,14,0,10,0,0,11001101,True,
alfworld,rank,deepseek,ID,3,004,11001101,8,2025,/Users/local/AgentMarkBeta/实验数据/remote_data/extracted/output-0510/alfworld/rank/deepseek/run_3/ID/task_004/evaluation_report.json,rank_targeted_swap,AsymAgentMark-TK targeted rank swap b=1,3,3,0,2,8,0,,False,insufficient_packets
alfworld,rank,deepseek,ID,3,005,11001101,8,2025,/Users/local/AgentMarkBeta/实验数据/remote_data/extracted/output-0510/alfworld/rank/deepseek/run_3/ID/task_005/evaluation_report.json,rank,AsymAgentMark-TK top-10 rank,13,13,0,10,0,0,11001101,True,
alfworld,rank,deepseek,ID,3,005,11001101,8,2025,/Users/local/AgentMarkBeta/实验数据/remote_data/extracted/output-0510/alfworld/rank/deepseek/run_3/ID/task_005/evaluation_report.json,rank_targeted_swap,AsymAgentMark-TK targeted rank swap b=1,2,2,0,2,8,0,,False,insufficient_packets
alfworld,rank,deepseek,ID,3,006,11001101,8,2025,/Users/local/AgentMarkBeta/实验数据/remote_data/extracted/output-0510/alfworld/rank/deepseek/run_3/ID/task_006/evaluation_report.json,rank,AsymAgentMark-TK top-10 rank,5,5,0,5,0,0,,False,insufficient_packets
alfworld,rank,deepseek,ID,3,006,11001101,8,2025,/Users/local/AgentMarkBeta/实验数据/remote_data/extracted/output-0510/alfworld/rank/deepseek/run_3/ID/task_006/evaluation_report.json,rank_targeted_swap,AsymAgentMark-TK targeted rank swap b=1,1,1,0,1,4,0,,False,insufficient_packets
alfworld,rank,deepseek,ID,3,007,11001101,8,2025,/Users/local/AgentMarkBeta/实验数据/remote_data/extracted/output-0510/alfworld/rank/deepseek/run_3/ID/task_007/evaluation_report.json,rank,AsymAgentMark-TK top-10 rank,4,4,0,3,1,0,,False,insufficient_packets
alfworld,rank,deepseek,ID,3,007,11001101,8,2025,/Users/local/AgentMarkBeta/实验数据/remote_data/extracted/output-0510/alfworld/rank/deepseek/run_3/ID/task_007/evaluation_report.json,rank_targeted_swap,AsymAgentMark-TK targeted rank swap b=1,0,0,0,0,4,0,,False,insufficient_packets
alfworld,rank,deepseek,ID,3,008,11001101,8,2025,/Users/local/AgentMarkBeta/实验数据/remote_data/extracted/output-0510/alfworld/rank/deepseek/run_3/ID/task_008/evaluation_report.json,rank,AsymAgentMark-TK top-10 rank,0,0,0,0,0,0,,False,insufficient_packets
alfworld,rank,deepseek,ID,3,008,11001101,8,2025,/Users/local/AgentMarkBeta/实验数据/remote_data/extracted/output-0510/alfworld/rank/deepseek/run_3/ID/task_008/evaluation_report.json,rank_targeted_swap,AsymAgentMark-TK targeted rank swap b=1,0,0,0,0,0,0,,False,insufficient_packets
alfworld,rank,deepseek,ID,3,009,11001101,8,2025,/Users/local/AgentMarkBeta/实验数据/remote_data/extracted/output-0510/alfworld/rank/deepseek/run_3/ID/task_009/evaluation_report.json,rank,AsymAgentMark-TK top-10 rank,8,8,0,5,0,0,,False,rank_deficient
alfworld,rank,deepseek,ID,3,009,11001101,8,2025,/Users/local/AgentMarkBeta/实验数据/remote_data/extracted/output-0510/alfworld/rank/deepseek/run_3/ID/task_009/evaluation_report.json,rank_targeted_swap,AsymAgentMark-TK targeted rank swap b=1,1,1,0,1,4,0,,False,insufficient_packets
alfworld,rank,deepseek,ID,3,010,11001101,8,2025,/Users/local/AgentMarkBeta/实验数据/remote_data/extracted/output-0510/alfworld/rank/deepseek/run_3/ID/task_010/evaluation_report.json,rank,AsymAgentMark-TK top-10 rank,7,7,0,4,3,0,,False,insufficient_packets
alfworld,rank,deepseek,ID,3,010,11001101,8,2025,/Users/local/AgentMarkBeta/实验数据/remote_data/extracted/output-0510/alfworld/rank/deepseek/run_3/ID/task_010/evaluation_report.json,rank_targeted_swap,AsymAgentMark-TK targeted rank swap b=1,2,2,0,1,6,0,,False,insufficient_packets
alfworld,rank,deepseek,ID,3,011,11001101,8,2025,/Users/local/AgentMarkBeta/实验数据/remote_data/extracted/output-0510/alfworld/rank/deepseek/run_3/ID/task_011/evaluation_report.json,rank,AsymAgentMark-TK top-10 rank,5,5,0,4,0,0,,False,insufficient_packets
alfworld,rank,deepseek,ID,3,011,11001101,8,2025,/Users/local/AgentMarkBeta/实验数据/remote_data/extracted/output-0510/alfworld/rank/deepseek/run_3/ID/task_011/evaluation_report.json,rank_targeted_swap,AsymAgentMark-TK targeted rank swap b=1,1,1,0,1,3,0,,False,insufficient_packets
alfworld,rank,deepseek,ID,3,012,11001101,8,2025,/Users/local/AgentMarkBeta/实验数据/remote_data/extracted/output-0510/alfworld/rank/deepseek/run_3/ID/task_012/evaluation_report.json,rank,AsymAgentMark-TK top-10 rank,0,0,0,0,0,0,,False,insufficient_packets
alfworld,rank,deepseek,ID,3,012,11001101,8,2025,/Users/local/AgentMarkBeta/实验数据/remote_data/extracted/output-0510/alfworld/rank/deepseek/run_3/ID/task_012/evaluation_report.json,rank_targeted_swap,AsymAgentMark-TK targeted rank swap b=1,0,0,0,0,0,0,,False,insufficient_packets
alfworld,rank,deepseek,ID,3,013,11001101,8,2025,/Users/local/AgentMarkBeta/实验数据/remote_data/extracted/output-0510/alfworld/rank/deepseek/run_3/ID/task_013/evaluation_report.json,rank,AsymAgentMark-TK top-10 rank,1,1,0,1,0,0,,False,insufficient_packets
alfworld,rank,deepseek,ID,3,013,11001101,8,2025,/Users/local/AgentMarkBeta/实验数据/remote_data/extracted/output-0510/alfworld/rank/deepseek/run_3/ID/task_013/evaluation_report.json,rank_targeted_swap,AsymAgentMark-TK targeted rank swap b=1,0,0,0,0,1,0,,False,insufficient_packets
alfworld,rank,deepseek,ID,3,014,11001101,8,2025,/Users/local/AgentMarkBeta/实验数据/remote_data/extracted/output-0510/alfworld/rank/deepseek/run_3/ID/task_014/evaluation_report.json,rank,AsymAgentMark-TK top-10 rank,21,21,0,15,1,0,11001101,True,
alfworld,rank,deepseek,ID,3,014,11001101,8,2025,/Users/local/AgentMarkBeta/实验数据/remote_data/extracted/output-0510/alfworld/rank/deepseek/run_3/ID/task_014/evaluation_report.json,rank_targeted_swap,AsymAgentMark-TK targeted rank swap b=1,3,3,0,3,13,0,,False,insufficient_packets
alfworld,rank,deepseek,ID,3,015,11001101,8,2025,/Users/local/AgentMarkBeta/实验数据/remote_data/extracted/output-0510/alfworld/rank/deepseek/run_3/ID/task_015/evaluation_report.json,rank,AsymAgentMark-TK top-10 rank,12,12,0,10,2,0,11001101,True,
alfworld,rank,deepseek,ID,3,015,11001101,8,2025,/Users/local/AgentMarkBeta/实验数据/remote_data/extracted/output-0510/alfworld/rank/deepseek/run_3/ID/task_015/evaluation_report.json,rank_targeted_swap,AsymAgentMark-TK targeted rank swap b=1,0,0,0,0,12,0,,False,insufficient_packets
alfworld,rank,deepseek,ID,3,016,11001101,8,2025,/Users/local/AgentMarkBeta/实验数据/remote_data/extracted/output-0510/alfworld/rank/deepseek/run_3/ID/task_016/evaluation_report.json,rank,AsymAgentMark-TK top-10 rank,8,8,0,6,0,0,,False,rank_deficient
alfworld,rank,deepseek,ID,3,016,11001101,8,2025,/Users/local/AgentMarkBeta/实验数据/remote_data/extracted/output-0510/alfworld/rank/deepseek/run_3/ID/task_016/evaluation_report.json,rank_targeted_swap,AsymAgentMark-TK targeted rank swap b=1,1,1,0,1,5,0,,False,insufficient_packets
alfworld,rank,deepseek,ID,3,017,11001101,8,2025,/Users/local/AgentMarkBeta/实验数据/remote_data/extracted/output-0510/alfworld/rank/deepseek/run_3/ID/task_017/evaluation_report.json,rank,AsymAgentMark-TK top-10 rank,16,16,0,12,0,0,11001101,True,
alfworld,rank,deepseek,ID,3,017,11001101,8,2025,/Users/local/AgentMarkBeta/实验数据/remote_data/extracted/output-0510/alfworld/rank/deepseek/run_3/ID/task_017/evaluation_report.json,rank_targeted_swap,AsymAgentMark-TK targeted rank swap b=1,3,3,0,3,9,0,,False,insufficient_packets
alfworld,rank,deepseek,ID,3,018,11001101,8,2025,/Users/local/AgentMarkBeta/实验数据/remote_data/extracted/output-0510/alfworld/rank/deepseek/run_3/ID/task_018/evaluation_report.json,rank,AsymAgentMark-TK top-10 rank,1,1,0,1,1,0,,False,insufficient_packets
alfworld,rank,deepseek,ID,3,018,11001101,8,2025,/Users/local/AgentMarkBeta/实验数据/remote_data/extracted/output-0510/alfworld/rank/deepseek/run_3/ID/task_018/evaluation_report.json,rank_targeted_swap,AsymAgentMark-TK targeted rank swap b=1,0,0,0,0,2,0,,False,insufficient_packets
alfworld,rank,deepseek,ID,3,019,11001101,8,2025,/Users/local/AgentMarkBeta/实验数据/remote_data/extracted/output-0510/alfworld/rank/deepseek/run_3/ID/task_019/evaluation_report.json,rank,AsymAgentMark-TK top-10 rank,0,0,0,0,0,0,,False,insufficient_packets
alfworld,rank,deepseek,ID,3,019,11001101,8,2025,/Users/local/AgentMarkBeta/实验数据/remote_data/extracted/output-0510/alfworld/rank/deepseek/run_3/ID/task_019/evaluation_report.json,rank_targeted_swap,AsymAgentMark-TK targeted rank swap b=1,0,0,0,0,0,0,,False,insufficient_packets
alfworld,rank,deepseek,ID,3,020,11001101,8,2025,/Users/local/AgentMarkBeta/实验数据/remote_data/extracted/output-0510/alfworld/rank/deepseek/run_3/ID/task_020/evaluation_report.json,rank,AsymAgentMark-TK top-10 rank,2,2,0,1,0,0,,False,insufficient_packets
alfworld,rank,deepseek,ID,3,020,11001101,8,2025,/Users/local/AgentMarkBeta/实验数据/remote_data/extracted/output-0510/alfworld/rank/deepseek/run_3/ID/task_020/evaluation_report.json,rank_targeted_swap,AsymAgentMark-TK targeted rank swap b=1,0,0,0,0,1,0,,False,insufficient_packets
alfworld,rank,deepseek,ID,3,021,11001101,8,2025,/Users/local/AgentMarkBeta/实验数据/remote_data/extracted/output-0510/alfworld/rank/deepseek/run_3/ID/task_021/evaluation_report.json,rank,AsymAgentMark-TK top-10 rank,15,15,0,9,5,0,11001101,True,
alfworld,rank,deepseek,ID,3,021,11001101,8,2025,/Users/local/AgentMarkBeta/实验数据/remote_data/extracted/output-0510/alfworld/rank/deepseek/run_3/ID/task_021/evaluation_report.json,rank_targeted_swap,AsymAgentMark-TK targeted rank swap b=1,6,6,0,4,10,0,,False,insufficient_packets
alfworld,rank,deepseek,ID,3,022,11001101,8,2025,/Users/local/AgentMarkBeta/实验数据/remote_data/extracted/output-0510/alfworld/rank/deepseek/run_3/ID/task_022/evaluation_report.json,rank,AsymAgentMark-TK top-10 rank,0,0,0,0,0,0,,False,insufficient_packets
alfworld,rank,deepseek,ID,3,022,11001101,8,2025,/Users/local/AgentMarkBeta/实验数据/remote_data/extracted/output-0510/alfworld/rank/deepseek/run_3/ID/task_022/evaluation_report.json,rank_targeted_swap,AsymAgentMark-TK targeted rank swap b=1,0,0,0,0,0,0,,False,insufficient_packets
alfworld,rank,deepseek,ID,3,023,11001101,8,2025,/Users/local/AgentMarkBeta/实验数据/remote_data/extracted/output-0510/alfworld/rank/deepseek/run_3/ID/task_023/evaluation_report.json,rank,AsymAgentMark-TK top-10 rank,17,17,0,10,9,0,11001101,True,
alfworld,rank,deepseek,ID,3,023,11001101,8,2025,/Users/local/AgentMarkBeta/实验数据/remote_data/extracted/output-0510/alfworld/rank/deepseek/run_3/ID/task_023/evaluation_report.json,rank_targeted_swap,AsymAgentMark-TK targeted rank swap b=1,5,5,0,5,14,0,,False,insufficient_packets
alfworld,rank,deepseek,ID,3,024,11001101,8,2025,/Users/local/AgentMarkBeta/实验数据/remote_data/extracted/output-0510/alfworld/rank/deepseek/run_3/ID/task_024/evaluation_report.json,rank,AsymAgentMark-TK top-10 rank,3,3,0,2,0,0,,False,insufficient_packets
alfworld,rank,deepseek,ID,3,024,11001101,8,2025,/Users/local/AgentMarkBeta/实验数据/remote_data/extracted/output-0510/alfworld/rank/deepseek/run_3/ID/task_024/evaluation_report.json,rank_targeted_swap,AsymAgentMark-TK targeted rank swap b=1,0,0,0,0,2,0,,False,insufficient_packets
alfworld,rank,deepseek,ID,3,025,11001101,8,2025,/Users/local/AgentMarkBeta/实验数据/remote_data/extracted/output-0510/alfworld/rank/deepseek/run_3/ID/task_025/evaluation_report.json,rank,AsymAgentMark-TK top-10 rank,3,3,0,2,0,0,,False,insufficient_packets
alfworld,rank,deepseek,ID,3,025,11001101,8,2025,/Users/local/AgentMarkBeta/实验数据/remote_data/extracted/output-0510/alfworld/rank/deepseek/run_3/ID/task_025/evaluation_report.json,rank_targeted_swap,AsymAgentMark-TK targeted rank swap b=1,0,0,0,0,2,0,,False,insufficient_packets
alfworld,rank,deepseek,ID,3,026,11001101,8,2025,/Users/local/AgentMarkBeta/实验数据/remote_data/extracted/output-0510/alfworld/rank/deepseek/run_3/ID/task_026/evaluation_report.json,rank,AsymAgentMark-TK top-10 rank,3,3,0,3,0,0,,False,insufficient_packets
alfworld,rank,deepseek,ID,3,026,11001101,8,2025,/Users/local/AgentMarkBeta/实验数据/remote_data/extracted/output-0510/alfworld/rank/deepseek/run_3/ID/task_026/evaluation_report.json,rank_targeted_swap,AsymAgentMark-TK targeted rank swap b=1,3,3,0,3,0,0,,False,insufficient_packets
alfworld,rank,deepseek,ID,3,027,11001101,8,2025,/Users/local/AgentMarkBeta/实验数据/remote_data/extracted/output-0510/alfworld/rank/deepseek/run_3/ID/task_027/evaluation_report.json,rank,AsymAgentMark-TK top-10 rank,5,5,0,4,0,0,,False,insufficient_packets
alfworld,rank,deepseek,ID,3,027,11001101,8,2025,/Users/local/AgentMarkBeta/实验数据/remote_data/extracted/output-0510/alfworld/rank/deepseek/run_3/ID/task_027/evaluation_report.json,rank_targeted_swap,AsymAgentMark-TK targeted rank swap b=1,0,0,0,0,4,0,,False,insufficient_packets
alfworld,rank,deepseek,ID,3,028,11001101,8,2025,/Users/local/AgentMarkBeta/实验数据/remote_data/extracted/output-0510/alfworld/rank/deepseek/run_3/ID/task_028/evaluation_report.json,rank,AsymAgentMark-TK top-10 rank,5,5,0,4,0,0,,False,insufficient_packets
alfworld,rank,deepseek,ID,3,028,11001101,8,2025,/Users/local/AgentMarkBeta/实验数据/remote_data/extracted/output-0510/alfworld/rank/deepseek/run_3/ID/task_028/evaluation_report.json,rank_targeted_swap,AsymAgentMark-TK targeted rank swap b=1,1,1,0,1,3,0,,False,insufficient_packets
alfworld,rank,deepseek,ID,3,029,11001101,8,2025,/Users/local/AgentMarkBeta/实验数据/remote_data/extracted/output-0510/alfworld/rank/deepseek/run_3/ID/task_029/evaluation_report.json,rank,AsymAgentMark-TK top-10 rank,12,12,0,8,5,0,10110111,False,payload_mismatch
alfworld,rank,deepseek,ID,3,029,11001101,8,2025,/Users/local/AgentMarkBeta/实验数据/remote_data/extracted/output-0510/alfworld/rank/deepseek/run_3/ID/task_029/evaluation_report.json,rank_targeted_swap,AsymAgentMark-TK targeted rank swap b=1,8,8,0,4,9,0,,False,rank_deficient
alfworld,rank,deepseek,ID,3,030,11001101,8,2025,/Users/local/AgentMarkBeta/实验数据/remote_data/extracted/output-0510/alfworld/rank/deepseek/run_3/ID/task_030/evaluation_report.json,rank,AsymAgentMark-TK top-10 rank,0,0,0,0,0,0,,False,insufficient_packets
alfworld,rank,deepseek,ID,3,030,11001101,8,2025,/Users/local/AgentMarkBeta/实验数据/remote_data/extracted/output-0510/alfworld/rank/deepseek/run_3/ID/task_030/evaluation_report.json,rank_targeted_swap,AsymAgentMark-TK targeted rank swap b=1,0,0,0,0,0,0,,False,insufficient_packets
alfworld,rank,deepseek,ID,3,031,11001101,8,2025,/Users/local/AgentMarkBeta/实验数据/remote_data/extracted/output-0510/alfworld/rank/deepseek/run_3/ID/task_031/evaluation_report.json,rank,AsymAgentMark-TK top-10 rank,15,15,0,9,8,0,11001101,True,
alfworld,rank,deepseek,ID,3,031,11001101,8,2025,/Users/local/AgentMarkBeta/实验数据/remote_data/extracted/output-0510/alfworld/rank/deepseek/run_3/ID/task_031/evaluation_report.json,rank_targeted_swap,AsymAgentMark-TK targeted rank swap b=1,9,9,0,5,12,0,,False,rank_deficient
alfworld,rank,deepseek,ID,3,032,11001101,8,2025,/Users/local/AgentMarkBeta/实验数据/remote_data/extracted/output-0510/alfworld/rank/deepseek/run_3/ID/task_032/evaluation_report.json,rank,AsymAgentMark-TK top-10 rank,6,6,0,4,0,0,,False,insufficient_packets
alfworld,rank,deepseek,ID,3,032,11001101,8,2025,/Users/local/AgentMarkBeta/实验数据/remote_data/extracted/output-0510/alfworld/rank/deepseek/run_3/ID/task_032/evaluation_report.json,rank_targeted_swap,AsymAgentMark-TK targeted rank swap b=1,2,2,0,2,2,0,,False,insufficient_packets
alfworld,rank,deepseek,ID,3,033,11001101,8,2025,/Users/local/AgentMarkBeta/实验数据/remote_data/extracted/output-0510/alfworld/rank/deepseek/run_3/ID/task_033/evaluation_report.json,rank,AsymAgentMark-TK top-10 rank,3,3,0,2,0,0,,False,insufficient_packets
alfworld,rank,deepseek,ID,3,033,11001101,8,2025,/Users/local/AgentMarkBeta/实验数据/remote_data/extracted/output-0510/alfworld/rank/deepseek/run_3/ID/task_033/evaluation_report.json,rank_targeted_swap,AsymAgentMark-TK targeted rank swap b=1,0,0,0,0,2,0,,False,insufficient_packets
alfworld,rank,deepseek,ID,3,034,11001101,8,2025,/Users/local/AgentMarkBeta/实验数据/remote_data/extracted/output-0510/alfworld/rank/deepseek/run_3/ID/task_034/evaluation_report.json,rank,AsymAgentMark-TK top-10 rank,2,2,0,2,0,0,,False,insufficient_packets
alfworld,rank,deepseek,ID,3,034,11001101,8,2025,/Users/local/AgentMarkBeta/实验数据/remote_data/extracted/output-0510/alfworld/rank/deepseek/run_3/ID/task_034/evaluation_report.json,rank_targeted_swap,AsymAgentMark-TK targeted rank swap b=1,2,2,0,2,0,0,,False,insufficient_packets
alfworld,rank,deepseek,ID,3,035,11001101,8,2025,/Users/local/AgentMarkBeta/实验数据/remote_data/extracted/output-0510/alfworld/rank/deepseek/run_3/ID/task_035/evaluation_report.json,rank,AsymAgentMark-TK top-10 rank,28,28,0,19,1,0,01111100,False,payload_mismatch
alfworld,rank,deepseek,ID,3,035,11001101,8,2025,/Users/local/AgentMarkBeta/实验数据/remote_data/extracted/output-0510/alfworld/rank/deepseek/run_3/ID/task_035/evaluation_report.json,rank_targeted_swap,AsymAgentMark-TK targeted rank swap b=1,4,4,0,4,16,0,,False,insufficient_packets
alfworld,rank,deepseek,ID,3,036,11001101,8,2025,/Users/local/AgentMarkBeta/实验数据/remote_data/extracted/output-0510/alfworld/rank/deepseek/run_3/ID/task_036/evaluation_report.json,rank,AsymAgentMark-TK top-10 rank,4,4,0,3,1,0,,False,insufficient_packets
alfworld,rank,deepseek,ID,3,036,11001101,8,2025,/Users/local/AgentMarkBeta/实验数据/remote_data/extracted/output-0510/alfworld/rank/deepseek/run_3/ID/task_036/evaluation_report.json,rank_targeted_swap,AsymAgentMark-TK targeted rank swap b=1,1,1,0,1,3,0,,False,insufficient_packets
alfworld,rank,deepseek,ID,3,037,11001101,8,2025,/Users/local/AgentMarkBeta/实验数据/remote_data/extracted/output-0510/alfworld/rank/deepseek/run_3/ID/task_037/evaluation_report.json,rank,AsymAgentMark-TK top-10 rank,6,6,0,5,1,0,,False,insufficient_packets
alfworld,rank,deepseek,ID,3,037,11001101,8,2025,/Users/local/AgentMarkBeta/实验数据/remote_data/extracted/output-0510/alfworld/rank/deepseek/run_3/ID/task_037/evaluation_report.json,rank_targeted_swap,AsymAgentMark-TK targeted rank swap b=1,3,3,0,2,4,0,,False,insufficient_packets
alfworld,rank,deepseek,ID,3,038,11001101,8,2025,/Users/local/AgentMarkBeta/实验数据/remote_data/extracted/output-0510/alfworld/rank/deepseek/run_3/ID/task_038/evaluation_report.json,rank,AsymAgentMark-TK top-10 rank,6,6,0,4,0,0,,False,insufficient_packets
alfworld,rank,deepseek,ID,3,038,11001101,8,2025,/Users/local/AgentMarkBeta/实验数据/remote_data/extracted/output-0510/alfworld/rank/deepseek/run_3/ID/task_038/evaluation_report.json,rank_targeted_swap,AsymAgentMark-TK targeted rank swap b=1,0,0,0,0,4,0,,False,insufficient_packets
alfworld,rank,deepseek,ID,3,039,11001101,8,2025,/Users/local/AgentMarkBeta/实验数据/remote_data/extracted/output-0510/alfworld/rank/deepseek/run_3/ID/task_039/evaluation_report.json,rank,AsymAgentMark-TK top-10 rank,5,5,0,4,2,0,,False,insufficient_packets
alfworld,rank,deepseek,ID,3,039,11001101,8,2025,/Users/local/AgentMarkBeta/实验数据/remote_data/extracted/output-0510/alfworld/rank/deepseek/run_3/ID/task_039/evaluation_report.json,rank_targeted_swap,AsymAgentMark-TK targeted rank swap b=1,4,4,0,2,4,0,,False,insufficient_packets
alfworld,rank,deepseek,ID,3,040,11001101,8,2025,/Users/local/AgentMarkBeta/实验数据/remote_data/extracted/output-0510/alfworld/rank/deepseek/run_3/ID/task_040/evaluation_report.json,rank,AsymAgentMark-TK top-10 rank,0,0,0,0,0,0,,False,insufficient_packets
alfworld,rank,deepseek,ID,3,040,11001101,8,2025,/Users/local/AgentMarkBeta/实验数据/remote_data/extracted/output-0510/alfworld/rank/deepseek/run_3/ID/task_040/evaluation_report.json,rank_targeted_swap,AsymAgentMark-TK targeted rank swap b=1,0,0,0,0,0,0,,False,insufficient_packets
alfworld,rank,deepseek,ID,3,041,11001101,8,2025,/Users/local/AgentMarkBeta/实验数据/remote_data/extracted/output-0510/alfworld/rank/deepseek/run_3/ID/task_041/evaluation_report.json,rank,AsymAgentMark-TK top-10 rank,6,6,0,4,0,0,,False,insufficient_packets
alfworld,rank,deepseek,ID,3,041,11001101,8,2025,/Users/local/AgentMarkBeta/实验数据/remote_data/extracted/output-0510/alfworld/rank/deepseek/run_3/ID/task_041/evaluation_report.json,rank_targeted_swap,AsymAgentMark-TK targeted rank swap b=1,2,2,0,2,2,0,,False,insufficient_packets
alfworld,rank,deepseek,ID,3,042,11001101,8,2025,/Users/local/AgentMarkBeta/实验数据/remote_data/extracted/output-0510/alfworld/rank/deepseek/run_3/ID/task_042/evaluation_report.json,rank,AsymAgentMark-TK top-10 rank,0,0,0,0,0,0,,False,insufficient_packets
alfworld,rank,deepseek,ID,3,042,11001101,8,2025,/Users/local/AgentMarkBeta/实验数据/remote_data/extracted/output-0510/alfworld/rank/deepseek/run_3/ID/task_042/evaluation_report.json,rank_targeted_swap,AsymAgentMark-TK targeted rank swap b=1,0,0,0,0,0,0,,False,insufficient_packets
alfworld,rank,deepseek,ID,3,043,11001101,8,2025,/Users/local/AgentMarkBeta/实验数据/remote_data/extracted/output-0510/alfworld/rank/deepseek/run_3/ID/task_043/evaluation_report.json,rank,AsymAgentMark-TK top-10 rank,1,1,0,1,0,0,,False,insufficient_packets
alfworld,rank,deepseek,ID,3,043,11001101,8,2025,/Users/local/AgentMarkBeta/实验数据/remote_data/extracted/output-0510/alfworld/rank/deepseek/run_3/ID/task_043/evaluation_report.json,rank_targeted_swap,AsymAgentMark-TK targeted rank swap b=1,0,0,0,0,1,0,,False,insufficient_packets
alfworld,rank,deepseek,ID,3,044,11001101,8,2025,/Users/local/AgentMarkBeta/实验数据/remote_data/extracted/output-0510/alfworld/rank/deepseek/run_3/ID/task_044/evaluation_report.json,rank,AsymAgentMark-TK top-10 rank,0,0,0,0,0,0,,False,insufficient_packets
alfworld,rank,deepseek,ID,3,044,11001101,8,2025,/Users/local/AgentMarkBeta/实验数据/remote_data/extracted/output-0510/alfworld/rank/deepseek/run_3/ID/task_044/evaluation_report.json,rank_targeted_swap,AsymAgentMark-TK targeted rank swap b=1,0,0,0,0,0,0,,False,insufficient_packets
alfworld,rank,deepseek,ID,3,045,11001101,8,2025,/Users/local/AgentMarkBeta/实验数据/remote_data/extracted/output-0510/alfworld/rank/deepseek/run_3/ID/task_045/evaluation_report.json,rank,AsymAgentMark-TK top-10 rank,5,5,0,3,0,0,,False,insufficient_packets
alfworld,rank,deepseek,ID,3,045,11001101,8,2025,/Users/local/AgentMarkBeta/实验数据/remote_data/extracted/output-0510/alfworld/rank/deepseek/run_3/ID/task_045/evaluation_report.json,rank_targeted_swap,AsymAgentMark-TK targeted rank swap b=1,0,0,0,0,3,0,,False,insufficient_packets
alfworld,rank,deepseek,ID,3,046,11001101,8,2025,/Users/local/AgentMarkBeta/实验数据/remote_data/extracted/output-0510/alfworld/rank/deepseek/run_3/ID/task_046/evaluation_report.json,rank,AsymAgentMark-TK top-10 rank,13,13,0,10,1,0,11001101,True,
alfworld,rank,deepseek,ID,3,046,11001101,8,2025,/Users/local/AgentMarkBeta/实验数据/remote_data/extracted/output-0510/alfworld/rank/deepseek/run_3/ID/task_046/evaluation_report.json,rank_targeted_swap,AsymAgentMark-TK targeted rank swap b=1,5,5,0,3,8,0,,False,insufficient_packets
alfworld,rank,deepseek,ID,3,047,11001101,8,2025,/Users/local/AgentMarkBeta/实验数据/remote_data/extracted/output-0510/alfworld/rank/deepseek/run_3/ID/task_047/evaluation_report.json,rank,AsymAgentMark-TK top-10 rank,12,12,0,9,3,0,11001101,True,
alfworld,rank,deepseek,ID,3,047,11001101,8,2025,/Users/local/AgentMarkBeta/实验数据/remote_data/extracted/output-0510/alfworld/rank/deepseek/run_3/ID/task_047/evaluation_report.json,rank_targeted_swap,AsymAgentMark-TK targeted rank swap b=1,13,13,0,8,4,0,01111000,False,payload_mismatch
alfworld,rank,deepseek,ID,3,048,11001101,8,2025,/Users/local/AgentMarkBeta/实验数据/remote_data/extracted/output-0510/alfworld/rank/deepseek/run_3/ID/task_048/evaluation_report.json,rank,AsymAgentMark-TK top-10 rank,15,15,0,12,5,0,11111101,False,payload_mismatch
alfworld,rank,deepseek,ID,3,048,11001101,8,2025,/Users/local/AgentMarkBeta/实验数据/remote_data/extracted/output-0510/alfworld/rank/deepseek/run_3/ID/task_048/evaluation_report.json,rank_targeted_swap,AsymAgentMark-TK targeted rank swap b=1,4,4,0,4,13,0,,False,insufficient_packets
alfworld,rank,deepseek,ID,3,049,11001101,8,2025,/Users/local/AgentMarkBeta/实验数据/remote_data/extracted/output-0510/alfworld/rank/deepseek/run_3/ID/task_049/evaluation_report.json,rank,AsymAgentMark-TK top-10 rank,1,1,0,1,0,0,,False,insufficient_packets
alfworld,rank,deepseek,ID,3,049,11001101,8,2025,/Users/local/AgentMarkBeta/实验数据/remote_data/extracted/output-0510/alfworld/rank/deepseek/run_3/ID/task_049/evaluation_report.json,rank_targeted_swap,AsymAgentMark-TK targeted rank swap b=1,0,0,0,0,1,0,,False,insufficient_packets
alfworld,rank,deepseek,ID,3,050,11001101,8,2025,/Users/local/AgentMarkBeta/实验数据/remote_data/extracted/output-0510/alfworld/rank/deepseek/run_3/ID/task_050/evaluation_report.json,rank,AsymAgentMark-TK top-10 rank,5,5,0,4,1,0,,False,insufficient_packets
alfworld,rank,deepseek,ID,3,050,11001101,8,2025,/Users/local/AgentMarkBeta/实验数据/remote_data/extracted/output-0510/alfworld/rank/deepseek/run_3/ID/task_050/evaluation_report.json,rank_targeted_swap,AsymAgentMark-TK targeted rank swap b=1,2,2,0,2,3,0,,False,insufficient_packets
alfworld,rank,deepseek,ID,3,051,11001101,8,2025,/Users/local/AgentMarkBeta/实验数据/remote_data/extracted/output-0510/alfworld/rank/deepseek/run_3/ID/task_051/evaluation_report.json,rank,AsymAgentMark-TK top-10 rank,7,7,0,5,3,0,,False,insufficient_packets
alfworld,rank,deepseek,ID,3,051,11001101,8,2025,/Users/local/AgentMarkBeta/实验数据/remote_data/extracted/output-0510/alfworld/rank/deepseek/run_3/ID/task_051/evaluation_report.json,rank_targeted_swap,AsymAgentMark-TK targeted rank swap b=1,2,2,0,1,7,0,,False,insufficient_packets
alfworld,rank,deepseek,ID,3,052,11001101,8,2025,/Users/local/AgentMarkBeta/实验数据/remote_data/extracted/output-0510/alfworld/rank/deepseek/run_3/ID/task_052/evaluation_report.json,rank,AsymAgentMark-TK top-10 rank,2,2,0,2,0,0,,False,insufficient_packets
alfworld,rank,deepseek,ID,3,052,11001101,8,2025,/Users/local/AgentMarkBeta/实验数据/remote_data/extracted/output-0510/alfworld/rank/deepseek/run_3/ID/task_052/evaluation_report.json,rank_targeted_swap,AsymAgentMark-TK targeted rank swap b=1,2,2,0,2,0,0,,False,insufficient_packets
alfworld,rank,deepseek,ID,3,053,11001101,8,2025,/Users/local/AgentMarkBeta/实验数据/remote_data/extracted/output-0510/alfworld/rank/deepseek/run_3/ID/task_053/evaluation_report.json,rank,AsymAgentMark-TK top-10 rank,15,15,0,11,1,0,11001101,True,
alfworld,rank,deepseek,ID,3,053,11001101,8,2025,/Users/local/AgentMarkBeta/实验数据/remote_data/extracted/output-0510/alfworld/rank/deepseek/run_3/ID/task_053/evaluation_report.json,rank_targeted_swap,AsymAgentMark-TK targeted rank swap b=1,3,3,0,3,9,0,,False,insufficient_packets
alfworld,rank,deepseek,ID,3,054,11001101,8,2025,/Users/local/AgentMarkBeta/实验数据/remote_data/extracted/output-0510/alfworld/rank/deepseek/run_3/ID/task_054/evaluation_report.json,rank,AsymAgentMark-TK top-10 rank,14,14,0,12,3,0,11001101,True,
alfworld,rank,deepseek,ID,3,054,11001101,8,2025,/Users/local/AgentMarkBeta/实验数据/remote_data/extracted/output-0510/alfworld/rank/deepseek/run_3/ID/task_054/evaluation_report.json,rank_targeted_swap,AsymAgentMark-TK targeted rank swap b=1,3,3,0,3,12,0,,False,insufficient_packets
alfworld,rank,deepseek,ID,3,055,11001101,8,2025,/Users/local/AgentMarkBeta/实验数据/remote_data/extracted/output-0510/alfworld/rank/deepseek/run_3/ID/task_055/evaluation_report.json,rank,AsymAgentMark-TK top-10 rank,5,5,0,3,0,0,,False,insufficient_packets
alfworld,rank,deepseek,ID,3,055,11001101,8,2025,/Users/local/AgentMarkBeta/实验数据/remote_data/extracted/output-0510/alfworld/rank/deepseek/run_3/ID/task_055/evaluation_report.json,rank_targeted_swap,AsymAgentMark-TK targeted rank swap b=1,1,1,0,1,2,0,,False,insufficient_packets
alfworld,rank,deepseek,ID,3,056,11001101,8,2025,/Users/local/AgentMarkBeta/实验数据/remote_data/extracted/output-0510/alfworld/rank/deepseek/run_3/ID/task_056/evaluation_report.json,rank,AsymAgentMark-TK top-10 rank,13,13,0,9,1,0,11001101,True,
alfworld,rank,deepseek,ID,3,056,11001101,8,2025,/Users/local/AgentMarkBeta/实验数据/remote_data/extracted/output-0510/alfworld/rank/deepseek/run_3/ID/task_056/evaluation_report.json,rank_targeted_swap,AsymAgentMark-TK targeted rank swap b=1,2,2,0,2,8,0,,False,insufficient_packets
alfworld,rank,deepseek,ID,3,057,11001101,8,2025,/Users/local/AgentMarkBeta/实验数据/remote_data/extracted/output-0510/alfworld/rank/deepseek/run_3/ID/task_057/evaluation_report.json,rank,AsymAgentMark-TK top-10 rank,2,2,0,2,0,0,,False,insufficient_packets
alfworld,rank,deepseek,ID,3,057,11001101,8,2025,/Users/local/AgentMarkBeta/实验数据/remote_data/extracted/output-0510/alfworld/rank/deepseek/run_3/ID/task_057/evaluation_report.json,rank_targeted_swap,AsymAgentMark-TK targeted rank swap b=1,2,2,0,2,0,0,,False,insufficient_packets
alfworld,rank,deepseek,ID,3,058,11001101,8,2025,/Users/local/AgentMarkBeta/实验数据/remote_data/extracted/output-0510/alfworld/rank/deepseek/run_3/ID/task_058/evaluation_report.json,rank,AsymAgentMark-TK top-10 rank,1,1,0,1,0,0,,False,insufficient_packets
alfworld,rank,deepseek,ID,3,058,11001101,8,2025,/Users/local/AgentMarkBeta/实验数据/remote_data/extracted/output-0510/alfworld/rank/deepseek/run_3/ID/task_058/evaluation_report.json,rank_targeted_swap,AsymAgentMark-TK targeted rank swap b=1,0,0,0,0,1,0,,False,insufficient_packets
alfworld,rank,deepseek,ID,3,059,11001101,8,2025,/Users/local/AgentMarkBeta/实验数据/remote_data/extracted/output-0510/alfworld/rank/deepseek/run_3/ID/task_059/evaluation_report.json,rank,AsymAgentMark-TK top-10 rank,10,10,0,9,2,0,11001101,True,
alfworld,rank,deepseek,ID,3,059,11001101,8,2025,/Users/local/AgentMarkBeta/实验数据/remote_data/extracted/output-0510/alfworld/rank/deepseek/run_3/ID/task_059/evaluation_report.json,rank_targeted_swap,AsymAgentMark-TK targeted rank swap b=1,3,3,0,2,9,0,,False,insufficient_packets
alfworld,rank,deepseek,ID,3,060,11001101,8,2025,/Users/local/AgentMarkBeta/实验数据/remote_data/extracted/output-0510/alfworld/rank/deepseek/run_3/ID/task_060/evaluation_report.json,rank,AsymAgentMark-TK top-10 rank,11,11,0,8,2,0,11110010,False,payload_mismatch
alfworld,rank,deepseek,ID,3,060,11001101,8,2025,/Users/local/AgentMarkBeta/实验数据/remote_data/extracted/output-0510/alfworld/rank/deepseek/run_3/ID/task_060/evaluation_report.json,rank_targeted_swap,AsymAgentMark-TK targeted rank swap b=1,0,0,0,0,10,0,,False,insufficient_packets
alfworld,rank,deepseek,ID,3,061,11001101,8,2025,/Users/local/AgentMarkBeta/实验数据/remote_data/extracted/output-0510/alfworld/rank/deepseek/run_3/ID/task_061/evaluation_report.json,rank,AsymAgentMark-TK top-10 rank,4,4,0,3,0,0,,False,insufficient_packets
alfworld,rank,deepseek,ID,3,061,11001101,8,2025,/Users/local/AgentMarkBeta/实验数据/remote_data/extracted/output-0510/alfworld/rank/deepseek/run_3/ID/task_061/evaluation_report.json,rank_targeted_swap,AsymAgentMark-TK targeted rank swap b=1,2,2,0,2,1,0,,False,insufficient_packets
alfworld,rank,deepseek,ID,3,062,11001101,8,2025,/Users/local/AgentMarkBeta/实验数据/remote_data/extracted/output-0510/alfworld/rank/deepseek/run_3/ID/task_062/evaluation_report.json,rank,AsymAgentMark-TK top-10 rank,1,1,0,1,4,0,,False,insufficient_packets
alfworld,rank,deepseek,ID,3,062,11001101,8,2025,/Users/local/AgentMarkBeta/实验数据/remote_data/extracted/output-0510/alfworld/rank/deepseek/run_3/ID/task_062/evaluation_report.json,rank_targeted_swap,AsymAgentMark-TK targeted rank swap b=1,2,2,0,2,3,0,,False,insufficient_packets
alfworld,rank,deepseek,ID,3,063,11001101,8,2025,/Users/local/AgentMarkBeta/实验数据/remote_data/extracted/output-0510/alfworld/rank/deepseek/run_3/ID/task_063/evaluation_report.json,rank,AsymAgentMark-TK top-10 rank,7,7,0,5,0,0,,False,insufficient_packets
alfworld,rank,deepseek,ID,3,063,11001101,8,2025,/Users/local/AgentMarkBeta/实验数据/remote_data/extracted/output-0510/alfworld/rank/deepseek/run_3/ID/task_063/evaluation_report.json,rank_targeted_swap,AsymAgentMark-TK targeted rank swap b=1,2,2,0,2,3,0,,False,insufficient_packets
alfworld,rank,deepseek,ID,3,064,11001101,8,2025,/Users/local/AgentMarkBeta/实验数据/remote_data/extracted/output-0510/alfworld/rank/deepseek/run_3/ID/task_064/evaluation_report.json,rank,AsymAgentMark-TK top-10 rank,4,4,0,2,3,0,,False,insufficient_packets
alfworld,rank,deepseek,ID,3,064,11001101,8,2025,/Users/local/AgentMarkBeta/实验数据/remote_data/extracted/output-0510/alfworld/rank/deepseek/run_3/ID/task_064/evaluation_report.json,rank_targeted_swap,AsymAgentMark-TK targeted rank swap b=1,1,1,0,1,4,0,,False,insufficient_packets
alfworld,rank,deepseek,ID,3,065,11001101,8,2025,/Users/local/AgentMarkBeta/实验数据/remote_data/extracted/output-0510/alfworld/rank/deepseek/run_3/ID/task_065/evaluation_report.json,rank,AsymAgentMark-TK top-10 rank,12,12,0,10,6,0,00100110,False,payload_mismatch
alfworld,rank,deepseek,ID,3,065,11001101,8,2025,/Users/local/AgentMarkBeta/实验数据/remote_data/extracted/output-0510/alfworld/rank/deepseek/run_3/ID/task_065/evaluation_report.json,rank_targeted_swap,AsymAgentMark-TK targeted rank swap b=1,5,5,0,4,12,0,,False,insufficient_packets
alfworld,rank,deepseek,ID,3,066,11001101,8,2025,/Users/local/AgentMarkBeta/实验数据/remote_data/extracted/output-0510/alfworld/rank/deepseek/run_3/ID/task_066/evaluation_report.json,rank,AsymAgentMark-TK top-10 rank,17,17,0,13,3,0,01111010,False,payload_mismatch
alfworld,rank,deepseek,ID,3,066,11001101,8,2025,/Users/local/AgentMarkBeta/实验数据/remote_data/extracted/output-0510/alfworld/rank/deepseek/run_3/ID/task_066/evaluation_report.json,rank_targeted_swap,AsymAgentMark-TK targeted rank swap b=1,6,6,0,3,13,0,,False,insufficient_packets
alfworld,rank,deepseek,ID,3,067,11001101,8,2025,/Users/local/AgentMarkBeta/实验数据/remote_data/extracted/output-0510/alfworld/rank/deepseek/run_3/ID/task_067/evaluation_report.json,rank,AsymAgentMark-TK top-10 rank,9,9,0,6,2,0,,False,rank_deficient
alfworld,rank,deepseek,ID,3,067,11001101,8,2025,/Users/local/AgentMarkBeta/实验数据/remote_data/extracted/output-0510/alfworld/rank/deepseek/run_3/ID/task_067/evaluation_report.json,rank_targeted_swap,AsymAgentMark-TK targeted rank swap b=1,1,1,0,1,7,0,,False,insufficient_packets
alfworld,rank,deepseek,ID,3,068,11001101,8,2025,/Users/local/AgentMarkBeta/实验数据/remote_data/extracted/output-0510/alfworld/rank/deepseek/run_3/ID/task_068/evaluation_report.json,rank,AsymAgentMark-TK top-10 rank,2,2,0,1,2,0,,False,insufficient_packets
alfworld,rank,deepseek,ID,3,068,11001101,8,2025,/Users/local/AgentMarkBeta/实验数据/remote_data/extracted/output-0510/alfworld/rank/deepseek/run_3/ID/task_068/evaluation_report.json,rank_targeted_swap,AsymAgentMark-TK targeted rank swap b=1,0,0,0,0,3,0,,False,insufficient_packets
alfworld,rank,deepseek,ID,3,069,11001101,8,2025,/Users/local/AgentMarkBeta/实验数据/remote_data/extracted/output-0510/alfworld/rank/deepseek/run_3/ID/task_069/evaluation_report.json,rank,AsymAgentMark-TK top-10 rank,19,19,0,12,2,0,11001101,True,
alfworld,rank,deepseek,ID,3,069,11001101,8,2025,/Users/local/AgentMarkBeta/实验数据/remote_data/extracted/output-0510/alfworld/rank/deepseek/run_3/ID/task_069/evaluation_report.json,rank_targeted_swap,AsymAgentMark-TK targeted rank swap b=1,5,5,0,4,10,0,,False,insufficient_packets
alfworld,rank,deepseek,ID,3,070,11001101,8,2025,/Users/local/AgentMarkBeta/实验数据/remote_data/extracted/output-0510/alfworld/rank/deepseek/run_3/ID/task_070/evaluation_report.json,rank,AsymAgentMark-TK top-10 rank,1,1,0,1,1,0,,False,insufficient_packets
alfworld,rank,deepseek,ID,3,070,11001101,8,2025,/Users/local/AgentMarkBeta/实验数据/remote_data/extracted/output-0510/alfworld/rank/deepseek/run_3/ID/task_070/evaluation_report.json,rank_targeted_swap,AsymAgentMark-TK targeted rank swap b=1,0,0,0,0,2,0,,False,insufficient_packets
alfworld,rank,deepseek,ID,3,071,11001101,8,2025,/Users/local/AgentMarkBeta/实验数据/remote_data/extracted/output-0510/alfworld/rank/deepseek/run_3/ID/task_071/evaluation_report.json,rank,AsymAgentMark-TK top-10 rank,6,6,0,4,0,0,,False,insufficient_packets
alfworld,rank,deepseek,ID,3,071,11001101,8,2025,/Users/local/AgentMarkBeta/实验数据/remote_data/extracted/output-0510/alfworld/rank/deepseek/run_3/ID/task_071/evaluation_report.json,rank_targeted_swap,AsymAgentMark-TK targeted rank swap b=1,3,3,0,2,2,0,,False,insufficient_packets
alfworld,rank,deepseek,ID,3,072,11001101,8,2025,/Users/local/AgentMarkBeta/实验数据/remote_data/extracted/output-0510/alfworld/rank/deepseek/run_3/ID/task_072/evaluation_report.json,rank,AsymAgentMark-TK top-10 rank,13,13,0,7,0,0,11001101,True,
alfworld,rank,deepseek,ID,3,072,11001101,8,2025,/Users/local/AgentMarkBeta/实验数据/remote_data/extracted/output-0510/alfworld/rank/deepseek/run_3/ID/task_072/evaluation_report.json,rank_targeted_swap,AsymAgentMark-TK targeted rank swap b=1,0,0,0,0,7,0,,False,insufficient_packets
alfworld,rank,deepseek,ID,3,073,11001101,8,2025,/Users/local/AgentMarkBeta/实验数据/remote_data/extracted/output-0510/alfworld/rank/deepseek/run_3/ID/task_073/evaluation_report.json,rank,AsymAgentMark-TK top-10 rank,3,3,0,2,0,0,,False,insufficient_packets
alfworld,rank,deepseek,ID,3,073,11001101,8,2025,/Users/local/AgentMarkBeta/实验数据/remote_data/extracted/output-0510/alfworld/rank/deepseek/run_3/ID/task_073/evaluation_report.json,rank_targeted_swap,AsymAgentMark-TK targeted rank swap b=1,1,1,0,1,1,0,,False,insufficient_packets
alfworld,rank,deepseek,ID,3,074,11001101,8,2025,/Users/local/AgentMarkBeta/实验数据/remote_data/extracted/output-0510/alfworld/rank/deepseek/run_3/ID/task_074/evaluation_report.json,rank,AsymAgentMark-TK top-10 rank,1,1,0,1,0,0,,False,insufficient_packets
alfworld,rank,deepseek,ID,3,074,11001101,8,2025,/Users/local/AgentMarkBeta/实验数据/remote_data/extracted/output-0510/alfworld/rank/deepseek/run_3/ID/task_074/evaluation_report.json,rank_targeted_swap,AsymAgentMark-TK targeted rank swap b=1,0,0,0,0,1,0,,False,insufficient_packets
alfworld,rank,deepseek,ID,3,075,11001101,8,2025,/Users/local/AgentMarkBeta/实验数据/remote_data/extracted/output-0510/alfworld/rank/deepseek/run_3/ID/task_075/evaluation_report.json,rank,AsymAgentMark-TK top-10 rank,20,20,0,14,5,0,11001010,False,payload_mismatch
alfworld,rank,deepseek,ID,3,075,11001101,8,2025,/Users/local/AgentMarkBeta/实验数据/remote_data/extracted/output-0510/alfworld/rank/deepseek/run_3/ID/task_075/evaluation_report.json,rank_targeted_swap,AsymAgentMark-TK targeted rank swap b=1,5,5,0,4,15,0,,False,insufficient_packets
alfworld,rank,deepseek,ID,3,076,11001101,8,2025,/Users/local/AgentMarkBeta/实验数据/remote_data/extracted/output-0510/alfworld/rank/deepseek/run_3/ID/task_076/evaluation_report.json,rank,AsymAgentMark-TK top-10 rank,0,0,0,0,0,0,,False,insufficient_packets
alfworld,rank,deepseek,ID,3,076,11001101,8,2025,/Users/local/AgentMarkBeta/实验数据/remote_data/extracted/output-0510/alfworld/rank/deepseek/run_3/ID/task_076/evaluation_report.json,rank_targeted_swap,AsymAgentMark-TK targeted rank swap b=1,0,0,0,0,0,0,,False,insufficient_packets
alfworld,rank,deepseek,ID,3,077,11001101,8,2025,/Users/local/AgentMarkBeta/实验数据/remote_data/extracted/output-0510/alfworld/rank/deepseek/run_3/ID/task_077/evaluation_report.json,rank,AsymAgentMark-TK top-10 rank,2,2,0,2,0,0,,False,insufficient_packets
alfworld,rank,deepseek,ID,3,077,11001101,8,2025,/Users/local/AgentMarkBeta/实验数据/remote_data/extracted/output-0510/alfworld/rank/deepseek/run_3/ID/task_077/evaluation_report.json,rank_targeted_swap,AsymAgentMark-TK targeted rank swap b=1,0,0,0,0,2,0,,False,insufficient_packets
alfworld,rank,deepseek,ID,3,078,11001101,8,2025,/Users/local/AgentMarkBeta/实验数据/remote_data/extracted/output-0510/alfworld/rank/deepseek/run_3/ID/task_078/evaluation_report.json,rank,AsymAgentMark-TK top-10 rank,1,1,0,1,0,0,,False,insufficient_packets
alfworld,rank,deepseek,ID,3,078,11001101,8,2025,/Users/local/AgentMarkBeta/实验数据/remote_data/extracted/output-0510/alfworld/rank/deepseek/run_3/ID/task_078/evaluation_report.json,rank_targeted_swap,AsymAgentMark-TK targeted rank swap b=1,0,0,0,0,1,0,,False,insufficient_packets
alfworld,rank,deepseek,ID,3,079,11001101,8,2025,/Users/local/AgentMarkBeta/实验数据/remote_data/extracted/output-0510/alfworld/rank/deepseek/run_3/ID/task_079/evaluation_report.json,rank,AsymAgentMark-TK top-10 rank,3,3,0,3,1,0,,False,insufficient_packets
alfworld,rank,deepseek,ID,3,079,11001101,8,2025,/Users/local/AgentMarkBeta/实验数据/remote_data/extracted/output-0510/alfworld/rank/deepseek/run_3/ID/task_079/evaluation_report.json,rank_targeted_swap,AsymAgentMark-TK targeted rank swap b=1,1,1,0,1,3,0,,False,insufficient_packets
alfworld,rank,deepseek,ID,3,080,11001101,8,2025,/Users/local/AgentMarkBeta/实验数据/remote_data/extracted/output-0510/alfworld/rank/deepseek/run_3/ID/task_080/evaluation_report.json,rank,AsymAgentMark-TK top-10 rank,19,19,0,12,5,0,11001101,True,
alfworld,rank,deepseek,ID,3,080,11001101,8,2025,/Users/local/AgentMarkBeta/实验数据/remote_data/extracted/output-0510/alfworld/rank/deepseek/run_3/ID/task_080/evaluation_report.json,rank_targeted_swap,AsymAgentMark-TK targeted rank swap b=1,3,3,0,2,15,0,,False,insufficient_packets
alfworld,rank,deepseek,ID,3,081,11001101,8,2025,/Users/local/AgentMarkBeta/实验数据/remote_data/extracted/output-0510/alfworld/rank/deepseek/run_3/ID/task_081/evaluation_report.json,rank,AsymAgentMark-TK top-10 rank,9,9,0,7,4,0,11001010,False,payload_mismatch
alfworld,rank,deepseek,ID,3,081,11001101,8,2025,/Users/local/AgentMarkBeta/实验数据/remote_data/extracted/output-0510/alfworld/rank/deepseek/run_3/ID/task_081/evaluation_report.json,rank_targeted_swap,AsymAgentMark-TK targeted rank swap b=1,5,5,0,4,7,0,,False,insufficient_packets
alfworld,rank,deepseek,ID,3,082,11001101,8,2025,/Users/local/AgentMarkBeta/实验数据/remote_data/extracted/output-0510/alfworld/rank/deepseek/run_3/ID/task_082/evaluation_report.json,rank,AsymAgentMark-TK top-10 rank,0,0,0,0,0,0,,False,insufficient_packets
alfworld,rank,deepseek,ID,3,082,11001101,8,2025,/Users/local/AgentMarkBeta/实验数据/remote_data/extracted/output-0510/alfworld/rank/deepseek/run_3/ID/task_082/evaluation_report.json,rank_targeted_swap,AsymAgentMark-TK targeted rank swap b=1,0,0,0,0,0,0,,False,insufficient_packets
alfworld,rank,deepseek,ID,3,083,11001101,8,2025,/Users/local/AgentMarkBeta/实验数据/remote_data/extracted/output-0510/alfworld/rank/deepseek/run_3/ID/task_083/evaluation_report.json,rank,AsymAgentMark-TK top-10 rank,6,6,0,3,1,0,,False,insufficient_packets
alfworld,rank,deepseek,ID,3,083,11001101,8,2025,/Users/local/AgentMarkBeta/实验数据/remote_data/extracted/output-0510/alfworld/rank/deepseek/run_3/ID/task_083/evaluation_report.json,rank_targeted_swap,AsymAgentMark-TK targeted rank swap b=1,1,1,0,1,3,0,,False,insufficient_packets
alfworld,rank,deepseek,ID,3,084,11001101,8,2025,/Users/local/AgentMarkBeta/实验数据/remote_data/extracted/output-0510/alfworld/rank/deepseek/run_3/ID/task_084/evaluation_report.json,rank,AsymAgentMark-TK top-10 rank,1,1,0,1,2,0,,False,insufficient_packets
alfworld,rank,deepseek,ID,3,084,11001101,8,2025,/Users/local/AgentMarkBeta/实验数据/remote_data/extracted/output-0510/alfworld/rank/deepseek/run_3/ID/task_084/evaluation_report.json,rank_targeted_swap,AsymAgentMark-TK targeted rank swap b=1,2,2,0,1,2,0,,False,insufficient_packets
alfworld,rank,deepseek,ID,3,085,11001101,8,2025,/Users/local/AgentMarkBeta/实验数据/remote_data/extracted/output-0510/alfworld/rank/deepseek/run_3/ID/task_085/evaluation_report.json,rank,AsymAgentMark-TK top-10 rank,4,4,0,3,1,0,,False,insufficient_packets
alfworld,rank,deepseek,ID,3,085,11001101,8,2025,/Users/local/AgentMarkBeta/实验数据/remote_data/extracted/output-0510/alfworld/rank/deepseek/run_3/ID/task_085/evaluation_report.json,rank_targeted_swap,AsymAgentMark-TK targeted rank swap b=1,3,3,0,2,2,0,,False,insufficient_packets
alfworld,rank,deepseek,ID,3,086,11001101,8,2025,/Users/local/AgentMarkBeta/实验数据/remote_data/extracted/output-0510/alfworld/rank/deepseek/run_3/ID/task_086/evaluation_report.json,rank,AsymAgentMark-TK top-10 rank,10,10,0,7,7,0,01111001,False,payload_mismatch
alfworld,rank,deepseek,ID,3,086,11001101,8,2025,/Users/local/AgentMarkBeta/实验数据/remote_data/extracted/output-0510/alfworld/rank/deepseek/run_3/ID/task_086/evaluation_report.json,rank_targeted_swap,AsymAgentMark-TK targeted rank swap b=1,6,6,0,4,10,0,,False,insufficient_packets
alfworld,rank,deepseek,ID,3,087,11001101,8,2025,/Users/local/AgentMarkBeta/实验数据/remote_data/extracted/output-0510/alfworld/rank/deepseek/run_3/ID/task_087/evaluation_report.json,rank,AsymAgentMark-TK top-10 rank,9,9,0,6,5,0,11001101,True,
alfworld,rank,deepseek,ID,3,087,11001101,8,2025,/Users/local/AgentMarkBeta/实验数据/remote_data/extracted/output-0510/alfworld/rank/deepseek/run_3/ID/task_087/evaluation_report.json,rank_targeted_swap,AsymAgentMark-TK targeted rank swap b=1,4,4,0,3,8,0,,False,insufficient_packets
alfworld,rank,deepseek,ID,3,088,11001101,8,2025,/Users/local/AgentMarkBeta/实验数据/remote_data/extracted/output-0510/alfworld/rank/deepseek/run_3/ID/task_088/evaluation_report.json,rank,AsymAgentMark-TK top-10 rank,0,0,0,0,1,0,,False,insufficient_packets
alfworld,rank,deepseek,ID,3,088,11001101,8,2025,/Users/local/AgentMarkBeta/实验数据/remote_data/extracted/output-0510/alfworld/rank/deepseek/run_3/ID/task_088/evaluation_report.json,rank_targeted_swap,AsymAgentMark-TK targeted rank swap b=1,0,0,0,0,1,0,,False,insufficient_packets
alfworld,rank,deepseek,ID,3,089,11001101,8,2025,/Users/local/AgentMarkBeta/实验数据/remote_data/extracted/output-0510/alfworld/rank/deepseek/run_3/ID/task_089/evaluation_report.json,rank,AsymAgentMark-TK top-10 rank,2,2,0,1,0,0,,False,insufficient_packets
alfworld,rank,deepseek,ID,3,089,11001101,8,2025,/Users/local/AgentMarkBeta/实验数据/remote_data/extracted/output-0510/alfworld/rank/deepseek/run_3/ID/task_089/evaluation_report.json,rank_targeted_swap,AsymAgentMark-TK targeted rank swap b=1,0,0,0,0,1,0,,False,insufficient_packets
alfworld,rank,deepseek,ID,3,090,11001101,8,2025,/Users/local/AgentMarkBeta/实验数据/remote_data/extracted/output-0510/alfworld/rank/deepseek/run_3/ID/task_090/evaluation_report.json,rank,AsymAgentMark-TK top-10 rank,1,1,0,1,0,0,,False,insufficient_packets
alfworld,rank,deepseek,ID,3,090,11001101,8,2025,/Users/local/AgentMarkBeta/实验数据/remote_data/extracted/output-0510/alfworld/rank/deepseek/run_3/ID/task_090/evaluation_report.json,rank_targeted_swap,AsymAgentMark-TK targeted rank swap b=1,0,0,0,0,1,0,,False,insufficient_packets
alfworld,rank,deepseek,ID,3,091,11001101,8,2025,/Users/local/AgentMarkBeta/实验数据/remote_data/extracted/output-0510/alfworld/rank/deepseek/run_3/ID/task_091/evaluation_report.json,rank,AsymAgentMark-TK top-10 rank,3,3,0,3,0,0,,False,insufficient_packets
alfworld,rank,deepseek,ID,3,091,11001101,8,2025,/Users/local/AgentMarkBeta/实验数据/remote_data/extracted/output-0510/alfworld/rank/deepseek/run_3/ID/task_091/evaluation_report.json,rank_targeted_swap,AsymAgentMark-TK targeted rank swap b=1,2,2,0,2,1,0,,False,insufficient_packets
alfworld,rank,deepseek,ID,3,092,11001101,8,2025,/Users/local/AgentMarkBeta/实验数据/remote_data/extracted/output-0510/alfworld/rank/deepseek/run_3/ID/task_092/evaluation_report.json,rank,AsymAgentMark-TK top-10 rank,3,3,0,3,1,0,,False,insufficient_packets
alfworld,rank,deepseek,ID,3,092,11001101,8,2025,/Users/local/AgentMarkBeta/实验数据/remote_data/extracted/output-0510/alfworld/rank/deepseek/run_3/ID/task_092/evaluation_report.json,rank_targeted_swap,AsymAgentMark-TK targeted rank swap b=1,3,3,0,3,1,0,,False,insufficient_packets
alfworld,rank,deepseek,ID,3,093,11001101,8,2025,/Users/local/AgentMarkBeta/实验数据/remote_data/extracted/output-0510/alfworld/rank/deepseek/run_3/ID/task_093/evaluation_report.json,rank,AsymAgentMark-TK top-10 rank,8,8,0,8,4,0,,False,rank_deficient
alfworld,rank,deepseek,ID,3,093,11001101,8,2025,/Users/local/AgentMarkBeta/实验数据/remote_data/extracted/output-0510/alfworld/rank/deepseek/run_3/ID/task_093/evaluation_report.json,rank_targeted_swap,AsymAgentMark-TK targeted rank swap b=1,6,6,0,3,9,0,,False,insufficient_packets
alfworld,rank,deepseek,ID,3,094,11001101,8,2025,/Users/local/AgentMarkBeta/实验数据/remote_data/extracted/output-0510/alfworld/rank/deepseek/run_3/ID/task_094/evaluation_report.json,rank,AsymAgentMark-TK top-10 rank,12,12,0,10,7,0,11001101,True,
alfworld,rank,deepseek,ID,3,094,11001101,8,2025,/Users/local/AgentMarkBeta/实验数据/remote_data/extracted/output-0510/alfworld/rank/deepseek/run_3/ID/task_094/evaluation_report.json,rank_targeted_swap,AsymAgentMark-TK targeted rank swap b=1,13,13,0,9,8,0,11011100,False,payload_mismatch
alfworld,rank,deepseek,ID,3,095,11001101,8,2025,/Users/local/AgentMarkBeta/实验数据/remote_data/extracted/output-0510/alfworld/rank/deepseek/run_3/ID/task_095/evaluation_report.json,rank,AsymAgentMark-TK top-10 rank,1,1,0,1,0,0,,False,insufficient_packets
alfworld,rank,deepseek,ID,3,095,11001101,8,2025,/Users/local/AgentMarkBeta/实验数据/remote_data/extracted/output-0510/alfworld/rank/deepseek/run_3/ID/task_095/evaluation_report.json,rank_targeted_swap,AsymAgentMark-TK targeted rank swap b=1,0,0,0,0,1,0,,False,insufficient_packets
alfworld,rank,deepseek,ID,3,096,11001101,8,2025,/Users/local/AgentMarkBeta/实验数据/remote_data/extracted/output-0510/alfworld/rank/deepseek/run_3/ID/task_096/evaluation_report.json,rank,AsymAgentMark-TK top-10 rank,10,10,0,7,2,0,11001101,True,
alfworld,rank,deepseek,ID,3,096,11001101,8,2025,/Users/local/AgentMarkBeta/实验数据/remote_data/extracted/output-0510/alfworld/rank/deepseek/run_3/ID/task_096/evaluation_report.json,rank_targeted_swap,AsymAgentMark-TK targeted rank swap b=1,1,1,0,1,8,0,,False,insufficient_packets
alfworld,rank,deepseek,ID,3,097,11001101,8,2025,/Users/local/AgentMarkBeta/实验数据/remote_data/extracted/output-0510/alfworld/rank/deepseek/run_3/ID/task_097/evaluation_report.json,rank,AsymAgentMark-TK top-10 rank,1,1,0,1,0,0,,False,insufficient_packets
alfworld,rank,deepseek,ID,3,097,11001101,8,2025,/Users/local/AgentMarkBeta/实验数据/remote_data/extracted/output-0510/alfworld/rank/deepseek/run_3/ID/task_097/evaluation_report.json,rank_targeted_swap,AsymAgentMark-TK targeted rank swap b=1,1,1,0,1,0,0,,False,insufficient_packets
alfworld,rank,deepseek,ID,3,098,11001101,8,2025,/Users/local/AgentMarkBeta/实验数据/remote_data/extracted/output-0510/alfworld/rank/deepseek/run_3/ID/task_098/evaluation_report.json,rank,AsymAgentMark-TK top-10 rank,4,4,0,4,1,0,,False,insufficient_packets
alfworld,rank,deepseek,ID,3,098,11001101,8,2025,/Users/local/AgentMarkBeta/实验数据/remote_data/extracted/output-0510/alfworld/rank/deepseek/run_3/ID/task_098/evaluation_report.json,rank_targeted_swap,AsymAgentMark-TK targeted rank swap b=1,1,1,0,1,4,0,,False,insufficient_packets
alfworld,rank,deepseek,ID,3,099,11001101,8,2025,/Users/local/AgentMarkBeta/实验数据/remote_data/extracted/output-0510/alfworld/rank/deepseek/run_3/ID/task_099/evaluation_report.json,rank,AsymAgentMark-TK top-10 rank,8,8,0,7,0,0,,False,rank_deficient
alfworld,rank,deepseek,ID,3,099,11001101,8,2025,/Users/local/AgentMarkBeta/实验数据/remote_data/extracted/output-0510/alfworld/rank/deepseek/run_3/ID/task_099/evaluation_report.json,rank_targeted_swap,AsymAgentMark-TK targeted rank swap b=1,3,3,0,3,4,0,,False,insufficient_packets
alfworld,rank,deepseek,ID,3,100,11001101,8,2025,/Users/local/AgentMarkBeta/实验数据/remote_data/extracted/output-0510/alfworld/rank/deepseek/run_3/ID/task_100/evaluation_report.json,rank,AsymAgentMark-TK top-10 rank,1,1,0,1,0,0,,False,insufficient_packets
alfworld,rank,deepseek,ID,3,100,11001101,8,2025,/Users/local/AgentMarkBeta/实验数据/remote_data/extracted/output-0510/alfworld/rank/deepseek/run_3/ID/task_100/evaluation_report.json,rank_targeted_swap,AsymAgentMark-TK targeted rank swap b=1,1,1,0,1,0,0,,False,insufficient_packets
alfworld,rank,deepseek,ID,3,101,11001101,8,2025,/Users/local/AgentMarkBeta/实验数据/remote_data/extracted/output-0510/alfworld/rank/deepseek/run_3/ID/task_101/evaluation_report.json,rank,AsymAgentMark-TK top-10 rank,5,5,0,3,2,0,,False,insufficient_packets
alfworld,rank,deepseek,ID,3,101,11001101,8,2025,/Users/local/AgentMarkBeta/实验数据/remote_data/extracted/output-0510/alfworld/rank/deepseek/run_3/ID/task_101/evaluation_report.json,rank_targeted_swap,AsymAgentMark-TK targeted rank swap b=1,1,1,0,1,4,0,,False,insufficient_packets
alfworld,rank,deepseek,ID,3,102,11001101,8,2025,/Users/local/AgentMarkBeta/实验数据/remote_data/extracted/output-0510/alfworld/rank/deepseek/run_3/ID/task_102/evaluation_report.json,rank,AsymAgentMark-TK top-10 rank,3,3,0,3,0,0,,False,insufficient_packets
alfworld,rank,deepseek,ID,3,102,11001101,8,2025,/Users/local/AgentMarkBeta/实验数据/remote_data/extracted/output-0510/alfworld/rank/deepseek/run_3/ID/task_102/evaluation_report.json,rank_targeted_swap,AsymAgentMark-TK targeted rank swap b=1,2,2,0,2,1,0,,False,insufficient_packets
alfworld,rank,deepseek,ID,3,103,11001101,8,2025,/Users/local/AgentMarkBeta/实验数据/remote_data/extracted/output-0510/alfworld/rank/deepseek/run_3/ID/task_103/evaluation_report.json,rank,AsymAgentMark-TK top-10 rank,2,2,0,1,4,0,,False,insufficient_packets
alfworld,rank,deepseek,ID,3,103,11001101,8,2025,/Users/local/AgentMarkBeta/实验数据/remote_data/extracted/output-0510/alfworld/rank/deepseek/run_3/ID/task_103/evaluation_report.json,rank_targeted_swap,AsymAgentMark-TK targeted rank swap b=1,1,1,0,1,4,0,,False,insufficient_packets
alfworld,rank,deepseek,ID,3,104,11001101,8,2025,/Users/local/AgentMarkBeta/实验数据/remote_data/extracted/output-0510/alfworld/rank/deepseek/run_3/ID/task_104/evaluation_report.json,rank,AsymAgentMark-TK top-10 rank,1,1,0,1,0,0,,False,insufficient_packets
alfworld,rank,deepseek,ID,3,104,11001101,8,2025,/Users/local/AgentMarkBeta/实验数据/remote_data/extracted/output-0510/alfworld/rank/deepseek/run_3/ID/task_104/evaluation_report.json,rank_targeted_swap,AsymAgentMark-TK targeted rank swap b=1,0,0,0,0,1,0,,False,insufficient_packets
alfworld,rank,deepseek,ID,3,105,11001101,8,2025,/Users/local/AgentMarkBeta/实验数据/remote_data/extracted/output-0510/alfworld/rank/deepseek/run_3/ID/task_105/evaluation_report.json,rank,AsymAgentMark-TK top-10 rank,1,1,0,1,0,0,,False,insufficient_packets
alfworld,rank,deepseek,ID,3,105,11001101,8,2025,/Users/local/AgentMarkBeta/实验数据/remote_data/extracted/output-0510/alfworld/rank/deepseek/run_3/ID/task_105/evaluation_report.json,rank_targeted_swap,AsymAgentMark-TK targeted rank swap b=1,1,1,0,1,0,0,,False,insufficient_packets
alfworld,rank,deepseek,ID,3,106,11001101,8,2025,/Users/local/AgentMarkBeta/实验数据/remote_data/extracted/output-0510/alfworld/rank/deepseek/run_3/ID/task_106/evaluation_report.json,rank,AsymAgentMark-TK top-10 rank,4,4,0,3,1,0,,False,insufficient_packets
alfworld,rank,deepseek,ID,3,106,11001101,8,2025,/Users/local/AgentMarkBeta/实验数据/remote_data/extracted/output-0510/alfworld/rank/deepseek/run_3/ID/task_106/evaluation_report.json,rank_targeted_swap,AsymAgentMark-TK targeted rank swap b=1,2,2,0,1,3,0,,False,insufficient_packets
alfworld,rank,deepseek,ID,3,107,11001101,8,2025,/Users/local/AgentMarkBeta/实验数据/remote_data/extracted/output-0510/alfworld/rank/deepseek/run_3/ID/task_107/evaluation_report.json,rank,AsymAgentMark-TK top-10 rank,21,21,0,14,6,0,10010110,False,payload_mismatch
alfworld,rank,deepseek,ID,3,107,11001101,8,2025,/Users/local/AgentMarkBeta/实验数据/remote_data/extracted/output-0510/alfworld/rank/deepseek/run_3/ID/task_107/evaluation_report.json,rank_targeted_swap,AsymAgentMark-TK targeted rank swap b=1,9,9,0,7,13,0,,False,rank_deficient
alfworld,rank,deepseek,ID,3,108,11001101,8,2025,/Users/local/AgentMarkBeta/实验数据/remote_data/extracted/output-0510/alfworld/rank/deepseek/run_3/ID/task_108/evaluation_report.json,rank,AsymAgentMark-TK top-10 rank,2,2,0,1,2,0,,False,insufficient_packets
alfworld,rank,deepseek,ID,3,108,11001101,8,2025,/Users/local/AgentMarkBeta/实验数据/remote_data/extracted/output-0510/alfworld/rank/deepseek/run_3/ID/task_108/evaluation_report.json,rank_targeted_swap,AsymAgentMark-TK targeted rank swap b=1,0,0,0,0,3,0,,False,insufficient_packets
alfworld,rank,deepseek,ID,3,109,11001101,8,2025,/Users/local/AgentMarkBeta/实验数据/remote_data/extracted/output-0510/alfworld/rank/deepseek/run_3/ID/task_109/evaluation_report.json,rank,AsymAgentMark-TK top-10 rank,0,0,0,0,1,0,,False,insufficient_packets
alfworld,rank,deepseek,ID,3,109,11001101,8,2025,/Users/local/AgentMarkBeta/实验数据/remote_data/extracted/output-0510/alfworld/rank/deepseek/run_3/ID/task_109/evaluation_report.json,rank_targeted_swap,AsymAgentMark-TK targeted rank swap b=1,2,2,0,1,0,0,,False,insufficient_packets
alfworld,rank,deepseek,ID,3,110,11001101,8,2025,/Users/local/AgentMarkBeta/实验数据/remote_data/extracted/output-0510/alfworld/rank/deepseek/run_3/ID/task_110/evaluation_report.json,rank,AsymAgentMark-TK top-10 rank,3,3,0,2,1,0,,False,insufficient_packets
alfworld,rank,deepseek,ID,3,110,11001101,8,2025,/Users/local/AgentMarkBeta/实验数据/remote_data/extracted/output-0510/alfworld/rank/deepseek/run_3/ID/task_110/evaluation_report.json,rank_targeted_swap,AsymAgentMark-TK targeted rank swap b=1,0,0,0,0,3,0,,False,insufficient_packets
alfworld,rank,deepseek,ID,3,111,11001101,8,2025,/Users/local/AgentMarkBeta/实验数据/remote_data/extracted/output-0510/alfworld/rank/deepseek/run_3/ID/task_111/evaluation_report.json,rank,AsymAgentMark-TK top-10 rank,5,5,0,3,3,0,,False,insufficient_packets
alfworld,rank,deepseek,ID,3,111,11001101,8,2025,/Users/local/AgentMarkBeta/实验数据/remote_data/extracted/output-0510/alfworld/rank/deepseek/run_3/ID/task_111/evaluation_report.json,rank_targeted_swap,AsymAgentMark-TK targeted rank swap b=1,5,5,0,2,4,0,,False,insufficient_packets
alfworld,rank,deepseek,ID,3,112,11001101,8,2025,/Users/local/AgentMarkBeta/实验数据/remote_data/extracted/output-0510/alfworld/rank/deepseek/run_3/ID/task_112/evaluation_report.json,rank,AsymAgentMark-TK top-10 rank,0,0,0,0,0,0,,False,insufficient_packets
alfworld,rank,deepseek,ID,3,112,11001101,8,2025,/Users/local/AgentMarkBeta/实验数据/remote_data/extracted/output-0510/alfworld/rank/deepseek/run_3/ID/task_112/evaluation_report.json,rank_targeted_swap,AsymAgentMark-TK targeted rank swap b=1,0,0,0,0,0,0,,False,insufficient_packets
alfworld,rank,deepseek,ID,3,113,11001101,8,2025,/Users/local/AgentMarkBeta/实验数据/remote_data/extracted/output-0510/alfworld/rank/deepseek/run_3/ID/task_113/evaluation_report.json,rank,AsymAgentMark-TK top-10 rank,0,0,0,0,0,0,,False,insufficient_packets
alfworld,rank,deepseek,ID,3,113,11001101,8,2025,/Users/local/AgentMarkBeta/实验数据/remote_data/extracted/output-0510/alfworld/rank/deepseek/run_3/ID/task_113/evaluation_report.json,rank_targeted_swap,AsymAgentMark-TK targeted rank swap b=1,0,0,0,0,0,0,,False,insufficient_packets
alfworld,rank,deepseek,ID,3,114,11001101,8,2025,/Users/local/AgentMarkBeta/实验数据/remote_data/extracted/output-0510/alfworld/rank/deepseek/run_3/ID/task_114/evaluation_report.json,rank,AsymAgentMark-TK top-10 rank,0,0,0,0,0,0,,False,insufficient_packets
alfworld,rank,deepseek,ID,3,114,11001101,8,2025,/Users/local/AgentMarkBeta/实验数据/remote_data/extracted/output-0510/alfworld/rank/deepseek/run_3/ID/task_114/evaluation_report.json,rank_targeted_swap,AsymAgentMark-TK targeted rank swap b=1,0,0,0,0,0,0,,False,insufficient_packets
alfworld,rank,deepseek,ID,3,115,11001101,8,2025,/Users/local/AgentMarkBeta/实验数据/remote_data/extracted/output-0510/alfworld/rank/deepseek/run_3/ID/task_115/evaluation_report.json,rank,AsymAgentMark-TK top-10 rank,4,4,0,4,1,0,,False,insufficient_packets
alfworld,rank,deepseek,ID,3,115,11001101,8,2025,/Users/local/AgentMarkBeta/实验数据/remote_data/extracted/output-0510/alfworld/rank/deepseek/run_3/ID/task_115/evaluation_report.json,rank_targeted_swap,AsymAgentMark-TK targeted rank swap b=1,1,1,0,1,4,0,,False,insufficient_packets
alfworld,rank,deepseek,ID,3,116,11001101,8,2025,/Users/local/AgentMarkBeta/实验数据/remote_data/extracted/output-0510/alfworld/rank/deepseek/run_3/ID/task_116/evaluation_report.json,rank,AsymAgentMark-TK top-10 rank,0,0,0,0,1,0,,False,insufficient_packets
alfworld,rank,deepseek,ID,3,116,11001101,8,2025,/Users/local/AgentMarkBeta/实验数据/remote_data/extracted/output-0510/alfworld/rank/deepseek/run_3/ID/task_116/evaluation_report.json,rank_targeted_swap,AsymAgentMark-TK targeted rank swap b=1,0,0,0,0,1,0,,False,insufficient_packets
alfworld,rank,deepseek,ID,3,117,11001101,8,2025,/Users/local/AgentMarkBeta/实验数据/remote_data/extracted/output-0510/alfworld/rank/deepseek/run_3/ID/task_117/evaluation_report.json,rank,AsymAgentMark-TK top-10 rank,26,26,0,20,0,0,11001101,True,
alfworld,rank,deepseek,ID,3,117,11001101,8,2025,/Users/local/AgentMarkBeta/实验数据/remote_data/extracted/output-0510/alfworld/rank/deepseek/run_3/ID/task_117/evaluation_report.json,rank_targeted_swap,AsymAgentMark-TK targeted rank swap b=1,6,6,0,6,14,0,,False,insufficient_packets
alfworld,rank,deepseek,ID,3,118,11001101,8,2025,/Users/local/AgentMarkBeta/实验数据/remote_data/extracted/output-0510/alfworld/rank/deepseek/run_3/ID/task_118/evaluation_report.json,rank,AsymAgentMark-TK top-10 rank,10,10,0,8,0,0,11001101,True,
alfworld,rank,deepseek,ID,3,118,11001101,8,2025,/Users/local/AgentMarkBeta/实验数据/remote_data/extracted/output-0510/alfworld/rank/deepseek/run_3/ID/task_118/evaluation_report.json,rank_targeted_swap,AsymAgentMark-TK targeted rank swap b=1,1,1,0,1,7,0,,False,insufficient_packets
alfworld,rank,deepseek,ID,3,119,11001101,8,2025,/Users/local/AgentMarkBeta/实验数据/remote_data/extracted/output-0510/alfworld/rank/deepseek/run_3/ID/task_119/evaluation_report.json,rank,AsymAgentMark-TK top-10 rank,1,1,0,1,0,0,,False,insufficient_packets
alfworld,rank,deepseek,ID,3,119,11001101,8,2025,/Users/local/AgentMarkBeta/实验数据/remote_data/extracted/output-0510/alfworld/rank/deepseek/run_3/ID/task_119/evaluation_report.json,rank_targeted_swap,AsymAgentMark-TK targeted rank swap b=1,0,0,0,0,1,0,,False,insufficient_packets
alfworld,rank,deepseek,ID,3,120,11001101,8,2025,/Users/local/AgentMarkBeta/实验数据/remote_data/extracted/output-0510/alfworld/rank/deepseek/run_3/ID/task_120/evaluation_report.json,rank,AsymAgentMark-TK top-10 rank,0,0,0,0,0,0,,False,insufficient_packets
alfworld,rank,deepseek,ID,3,120,11001101,8,2025,/Users/local/AgentMarkBeta/实验数据/remote_data/extracted/output-0510/alfworld/rank/deepseek/run_3/ID/task_120/evaluation_report.json,rank_targeted_swap,AsymAgentMark-TK targeted rank swap b=1,0,0,0,0,0,0,,False,insufficient_packets
alfworld,rank,deepseek,ID,3,121,11001101,8,2025,/Users/local/AgentMarkBeta/实验数据/remote_data/extracted/output-0510/alfworld/rank/deepseek/run_3/ID/task_121/evaluation_report.json,rank,AsymAgentMark-TK top-10 rank,3,3,0,3,1,0,,False,insufficient_packets
alfworld,rank,deepseek,ID,3,121,11001101,8,2025,/Users/local/AgentMarkBeta/实验数据/remote_data/extracted/output-0510/alfworld/rank/deepseek/run_3/ID/task_121/evaluation_report.json,rank_targeted_swap,AsymAgentMark-TK targeted rank swap b=1,0,0,0,0,4,0,,False,insufficient_packets
alfworld,rank,deepseek,ID,3,122,11001101,8,2025,/Users/local/AgentMarkBeta/实验数据/remote_data/extracted/output-0510/alfworld/rank/deepseek/run_3/ID/task_122/evaluation_report.json,rank,AsymAgentMark-TK top-10 rank,12,12,0,7,3,0,00110110,False,payload_mismatch
alfworld,rank,deepseek,ID,3,122,11001101,8,2025,/Users/local/AgentMarkBeta/实验数据/remote_data/extracted/output-0510/alfworld/rank/deepseek/run_3/ID/task_122/evaluation_report.json,rank_targeted_swap,AsymAgentMark-TK targeted rank swap b=1,10,10,0,6,4,0,10011001,False,payload_mismatch
alfworld,rank,deepseek,ID,3,123,11001101,8,2025,/Users/local/AgentMarkBeta/实验数据/remote_data/extracted/output-0510/alfworld/rank/deepseek/run_3/ID/task_123/evaluation_report.json,rank,AsymAgentMark-TK top-10 rank,0,0,0,0,1,0,,False,insufficient_packets
alfworld,rank,deepseek,ID,3,123,11001101,8,2025,/Users/local/AgentMarkBeta/实验数据/remote_data/extracted/output-0510/alfworld/rank/deepseek/run_3/ID/task_123/evaluation_report.json,rank_targeted_swap,AsymAgentMark-TK targeted rank swap b=1,0,0,0,0,1,0,,False,insufficient_packets
alfworld,rank,deepseek,ID,3,124,11001101,8,2025,/Users/local/AgentMarkBeta/实验数据/remote_data/extracted/output-0510/alfworld/rank/deepseek/run_3/ID/task_124/evaluation_report.json,rank,AsymAgentMark-TK top-10 rank,9,9,0,7,4,0,,False,rank_deficient
alfworld,rank,deepseek,ID,3,124,11001101,8,2025,/Users/local/AgentMarkBeta/实验数据/remote_data/extracted/output-0510/alfworld/rank/deepseek/run_3/ID/task_124/evaluation_report.json,rank_targeted_swap,AsymAgentMark-TK targeted rank swap b=1,8,8,0,5,6,0,11001010,False,payload_mismatch
alfworld,rank,deepseek,ID,3,125,11001101,8,2025,/Users/local/AgentMarkBeta/实验数据/remote_data/extracted/output-0510/alfworld/rank/deepseek/run_3/ID/task_125/evaluation_report.json,rank,AsymAgentMark-TK top-10 rank,20,20,0,14,6,0,11001101,True,
alfworld,rank,deepseek,ID,3,125,11001101,8,2025,/Users/local/AgentMarkBeta/实验数据/remote_data/extracted/output-0510/alfworld/rank/deepseek/run_3/ID/task_125/evaluation_report.json,rank_targeted_swap,AsymAgentMark-TK targeted rank swap b=1,9,9,0,7,13,0,,False,rank_deficient
alfworld,rank,deepseek,ID,3,126,11001101,8,2025,/Users/local/AgentMarkBeta/实验数据/remote_data/extracted/output-0510/alfworld/rank/deepseek/run_3/ID/task_126/evaluation_report.json,rank,AsymAgentMark-TK top-10 rank,9,9,0,9,1,0,11001010,False,payload_mismatch
alfworld,rank,deepseek,ID,3,126,11001101,8,2025,/Users/local/AgentMarkBeta/实验数据/remote_data/extracted/output-0510/alfworld/rank/deepseek/run_3/ID/task_126/evaluation_report.json,rank_targeted_swap,AsymAgentMark-TK targeted rank swap b=1,6,6,0,5,5,0,,False,insufficient_packets
alfworld,rank,deepseek,ID,3,127,11001101,8,2025,/Users/local/AgentMarkBeta/实验数据/remote_data/extracted/output-0510/alfworld/rank/deepseek/run_3/ID/task_127/evaluation_report.json,rank,AsymAgentMark-TK top-10 rank,23,23,0,17,1,0,11001101,True,
alfworld,rank,deepseek,ID,3,127,11001101,8,2025,/Users/local/AgentMarkBeta/实验数据/remote_data/extracted/output-0510/alfworld/rank/deepseek/run_3/ID/task_127/evaluation_report.json,rank_targeted_swap,AsymAgentMark-TK targeted rank swap b=1,3,3,0,3,15,0,,False,insufficient_packets
alfworld,rank,deepseek,ID,3,128,11001101,8,2025,/Users/local/AgentMarkBeta/实验数据/remote_data/extracted/output-0510/alfworld/rank/deepseek/run_3/ID/task_128/evaluation_report.json,rank,AsymAgentMark-TK top-10 rank,4,4,0,4,0,0,,False,insufficient_packets
alfworld,rank,deepseek,ID,3,128,11001101,8,2025,/Users/local/AgentMarkBeta/实验数据/remote_data/extracted/output-0510/alfworld/rank/deepseek/run_3/ID/task_128/evaluation_report.json,rank_targeted_swap,AsymAgentMark-TK targeted rank swap b=1,1,1,0,1,3,0,,False,insufficient_packets
alfworld,rank,deepseek,ID,3,129,11001101,8,2025,/Users/local/AgentMarkBeta/实验数据/remote_data/extracted/output-0510/alfworld/rank/deepseek/run_3/ID/task_129/evaluation_report.json,rank,AsymAgentMark-TK top-10 rank,6,6,0,5,1,0,,False,insufficient_packets
alfworld,rank,deepseek,ID,3,129,11001101,8,2025,/Users/local/AgentMarkBeta/实验数据/remote_data/extracted/output-0510/alfworld/rank/deepseek/run_3/ID/task_129/evaluation_report.json,rank_targeted_swap,AsymAgentMark-TK targeted rank swap b=1,1,1,0,1,5,0,,False,insufficient_packets
alfworld,rank,deepseek,ID,3,130,11001101,8,2025,/Users/local/AgentMarkBeta/实验数据/remote_data/extracted/output-0510/alfworld/rank/deepseek/run_3/ID/task_130/evaluation_report.json,rank,AsymAgentMark-TK top-10 rank,3,3,0,2,1,0,,False,insufficient_packets
alfworld,rank,deepseek,ID,3,130,11001101,8,2025,/Users/local/AgentMarkBeta/实验数据/remote_data/extracted/output-0510/alfworld/rank/deepseek/run_3/ID/task_130/evaluation_report.json,rank_targeted_swap,AsymAgentMark-TK targeted rank swap b=1,2,2,0,1,2,0,,False,insufficient_packets
alfworld,rank,deepseek,ID,3,131,11001101,8,2025,/Users/local/AgentMarkBeta/实验数据/remote_data/extracted/output-0510/alfworld/rank/deepseek/run_3/ID/task_131/evaluation_report.json,rank,AsymAgentMark-TK top-10 rank,13,13,0,12,0,0,11001101,True,
alfworld,rank,deepseek,ID,3,131,11001101,8,2025,/Users/local/AgentMarkBeta/实验数据/remote_data/extracted/output-0510/alfworld/rank/deepseek/run_3/ID/task_131/evaluation_report.json,rank_targeted_swap,AsymAgentMark-TK targeted rank swap b=1,2,2,0,2,10,0,,False,insufficient_packets
alfworld,rank,deepseek,ID,3,132,11001101,8,2025,/Users/local/AgentMarkBeta/实验数据/remote_data/extracted/output-0510/alfworld/rank/deepseek/run_3/ID/task_132/evaluation_report.json,rank,AsymAgentMark-TK top-10 rank,2,2,0,2,0,0,,False,insufficient_packets
alfworld,rank,deepseek,ID,3,132,11001101,8,2025,/Users/local/AgentMarkBeta/实验数据/remote_data/extracted/output-0510/alfworld/rank/deepseek/run_3/ID/task_132/evaluation_report.json,rank_targeted_swap,AsymAgentMark-TK targeted rank swap b=1,0,0,0,0,2,0,,False,insufficient_packets
alfworld,rank,deepseek,ID,3,133,11001101,8,2025,/Users/local/AgentMarkBeta/实验数据/remote_data/extracted/output-0510/alfworld/rank/deepseek/run_3/ID/task_133/evaluation_report.json,rank,AsymAgentMark-TK top-10 rank,12,12,0,9,0,0,11001101,True,
alfworld,rank,deepseek,ID,3,133,11001101,8,2025,/Users/local/AgentMarkBeta/实验数据/remote_data/extracted/output-0510/alfworld/rank/deepseek/run_3/ID/task_133/evaluation_report.json,rank_targeted_swap,AsymAgentMark-TK targeted rank swap b=1,2,2,0,2,7,0,,False,insufficient_packets
alfworld,rank,deepseek,ID,3,134,11001101,8,2025,/Users/local/AgentMarkBeta/实验数据/remote_data/extracted/output-0510/alfworld/rank/deepseek/run_3/ID/task_134/evaluation_report.json,rank,AsymAgentMark-TK top-10 rank,4,4,0,4,0,0,,False,insufficient_packets
alfworld,rank,deepseek,ID,3,134,11001101,8,2025,/Users/local/AgentMarkBeta/实验数据/remote_data/extracted/output-0510/alfworld/rank/deepseek/run_3/ID/task_134/evaluation_report.json,rank_targeted_swap,AsymAgentMark-TK targeted rank swap b=1,1,1,0,1,3,0,,False,insufficient_packets
alfworld,rank,deepseek,ID,3,135,11001101,8,2025,/Users/local/AgentMarkBeta/实验数据/remote_data/extracted/output-0510/alfworld/rank/deepseek/run_3/ID/task_135/evaluation_report.json,rank,AsymAgentMark-TK top-10 rank,11,11,0,7,1,0,11001101,True,
alfworld,rank,deepseek,ID,3,135,11001101,8,2025,/Users/local/AgentMarkBeta/实验数据/remote_data/extracted/output-0510/alfworld/rank/deepseek/run_3/ID/task_135/evaluation_report.json,rank_targeted_swap,AsymAgentMark-TK targeted rank swap b=1,2,2,0,1,7,0,,False,insufficient_packets
alfworld,rank,deepseek,ID,3,136,11001101,8,2025,/Users/local/AgentMarkBeta/实验数据/remote_data/extracted/output-0510/alfworld/rank/deepseek/run_3/ID/task_136/evaluation_report.json,rank,AsymAgentMark-TK top-10 rank,19,19,0,14,2,0,11001101,True,
alfworld,rank,deepseek,ID,3,136,11001101,8,2025,/Users/local/AgentMarkBeta/实验数据/remote_data/extracted/output-0510/alfworld/rank/deepseek/run_3/ID/task_136/evaluation_report.json,rank_targeted_swap,AsymAgentMark-TK targeted rank swap b=1,6,6,0,5,11,0,,False,insufficient_packets
alfworld,rank,deepseek,ID,3,137,11001101,8,2025,/Users/local/AgentMarkBeta/实验数据/remote_data/extracted/output-0510/alfworld/rank/deepseek/run_3/ID/task_137/evaluation_report.json,rank,AsymAgentMark-TK top-10 rank,4,4,0,2,0,0,,False,insufficient_packets
alfworld,rank,deepseek,ID,3,137,11001101,8,2025,/Users/local/AgentMarkBeta/实验数据/remote_data/extracted/output-0510/alfworld/rank/deepseek/run_3/ID/task_137/evaluation_report.json,rank_targeted_swap,AsymAgentMark-TK targeted rank swap b=1,0,0,0,0,2,0,,False,insufficient_packets
alfworld,rank,deepseek,ID,3,138,11001101,8,2025,/Users/local/AgentMarkBeta/实验数据/remote_data/extracted/output-0510/alfworld/rank/deepseek/run_3/ID/task_138/evaluation_report.json,rank,AsymAgentMark-TK top-10 rank,0,0,0,0,2,0,,False,insufficient_packets
alfworld,rank,deepseek,ID,3,138,11001101,8,2025,/Users/local/AgentMarkBeta/实验数据/remote_data/extracted/output-0510/alfworld/rank/deepseek/run_3/ID/task_138/evaluation_report.json,rank_targeted_swap,AsymAgentMark-TK targeted rank swap b=1,0,0,0,0,2,0,,False,insufficient_packets
alfworld,rank,deepseek,ID,3,139,11001101,8,2025,/Users/local/AgentMarkBeta/实验数据/remote_data/extracted/output-0510/alfworld/rank/deepseek/run_3/ID/task_139/evaluation_report.json,rank,AsymAgentMark-TK top-10 rank,32,32,0,23,0,0,11001101,True,
alfworld,rank,deepseek,ID,3,139,11001101,8,2025,/Users/local/AgentMarkBeta/实验数据/remote_data/extracted/output-0510/alfworld/rank/deepseek/run_3/ID/task_139/evaluation_report.json,rank_targeted_swap,AsymAgentMark-TK targeted rank swap b=1,5,5,0,5,18,0,,False,insufficient_packets
