view,view_label,model,split,run,pool_size,repeat,available_trajectories,pooled_decode_success,pooled_dedup_packets,pooled_conflicts,pooled_recovered_payload
agentmark,AgentMark-F exact probabilities,deepseek,ID,1,1,0,140,True,55,0,11001101
agentmark,AgentMark-F exact probabilities,deepseek,ID,1,1,1,140,False,5,0,
agentmark,AgentMark-F exact probabilities,deepseek,ID,1,1,2,140,False,7,0,
agentmark,AgentMark-F exact probabilities,deepseek,ID,1,1,3,140,True,35,0,11001101
agentmark,AgentMark-F exact probabilities,deepseek,ID,1,1,4,140,True,26,0,11001101
agentmark,AgentMark-F exact probabilities,deepseek,ID,1,1,5,140,False,2,0,
agentmark,AgentMark-F exact probabilities,deepseek,ID,1,1,6,140,True,55,0,11001101
agentmark,AgentMark-F exact probabilities,deepseek,ID,1,1,7,140,True,18,0,11001101
agentmark,AgentMark-F exact probabilities,deepseek,ID,1,1,8,140,True,20,0,11001101
agentmark,AgentMark-F exact probabilities,deepseek,ID,1,1,9,140,True,21,0,11001101
agentmark,AgentMark-F exact probabilities,deepseek,ID,1,1,10,140,True,17,0,11001101
agentmark,AgentMark-F exact probabilities,deepseek,ID,1,1,11,140,False,5,0,
agentmark,AgentMark-F exact probabilities,deepseek,ID,1,1,12,140,False,5,0,
agentmark,AgentMark-F exact probabilities,deepseek,ID,1,1,13,140,False,7,0,
agentmark,AgentMark-F exact probabilities,deepseek,ID,1,1,14,140,True,24,0,11001101
agentmark,AgentMark-F exact probabilities,deepseek,ID,1,1,15,140,False,5,0,
agentmark,AgentMark-F exact probabilities,deepseek,ID,1,1,16,140,False,2,0,
agentmark,AgentMark-F exact probabilities,deepseek,ID,1,1,17,140,False,4,0,
agentmark,AgentMark-F exact probabilities,deepseek,ID,1,1,18,140,True,41,0,11001101
agentmark,AgentMark-F exact probabilities,deepseek,ID,1,1,19,140,True,12,0,11001101
agentmark,AgentMark-F exact probabilities,deepseek,ID,1,1,20,140,True,55,0,11001101
agentmark,AgentMark-F exact probabilities,deepseek,ID,1,1,21,140,True,22,0,11001101
agentmark,AgentMark-F exact probabilities,deepseek,ID,1,1,22,140,False,3,0,
agentmark,AgentMark-F exact probabilities,deepseek,ID,1,1,23,140,False,6,0,
agentmark,AgentMark-F exact probabilities,deepseek,ID,1,1,24,140,True,34,0,11001101
agentmark,AgentMark-F exact probabilities,deepseek,ID,1,1,25,140,True,30,0,11001101
agentmark,AgentMark-F exact probabilities,deepseek,ID,1,1,26,140,True,9,0,11001101
agentmark,AgentMark-F exact probabilities,deepseek,ID,1,1,27,140,True,13,0,11001101
agentmark,AgentMark-F exact probabilities,deepseek,ID,1,1,28,140,True,13,0,11001101
agentmark,AgentMark-F exact probabilities,deepseek,ID,1,1,29,140,True,18,0,11001101
agentmark,AgentMark-F exact probabilities,deepseek,ID,1,1,30,140,False,6,0,
agentmark,AgentMark-F exact probabilities,deepseek,ID,1,1,31,140,True,17,0,11001101
agentmark,AgentMark-F exact probabilities,deepseek,ID,1,1,32,140,True,9,0,11001101
agentmark,AgentMark-F exact probabilities,deepseek,ID,1,1,33,140,True,9,0,11001101
agentmark,AgentMark-F exact probabilities,deepseek,ID,1,1,34,140,False,6,0,
agentmark,AgentMark-F exact probabilities,deepseek,ID,1,1,35,140,True,55,0,11001101
agentmark,AgentMark-F exact probabilities,deepseek,ID,1,1,36,140,True,60,0,11001101
agentmark,AgentMark-F exact probabilities,deepseek,ID,1,1,37,140,False,7,0,
agentmark,AgentMark-F exact probabilities,deepseek,ID,1,1,38,140,True,29,0,11001101
agentmark,AgentMark-F exact probabilities,deepseek,ID,1,1,39,140,False,5,0,
agentmark,AgentMark-F exact probabilities,deepseek,ID,1,1,40,140,False,6,0,
agentmark,AgentMark-F exact probabilities,deepseek,ID,1,1,41,140,True,40,0,11001101
agentmark,AgentMark-F exact probabilities,deepseek,ID,1,1,42,140,False,6,0,
agentmark,AgentMark-F exact probabilities,deepseek,ID,1,1,43,140,True,16,0,11001101
agentmark,AgentMark-F exact probabilities,deepseek,ID,1,1,44,140,True,50,0,11001101
agentmark,AgentMark-F exact probabilities,deepseek,ID,1,1,45,140,False,1,0,
agentmark,AgentMark-F exact probabilities,deepseek,ID,1,1,46,140,False,7,0,
agentmark,AgentMark-F exact probabilities,deepseek,ID,1,1,47,140,False,6,0,
agentmark,AgentMark-F exact probabilities,deepseek,ID,1,1,48,140,True,28,0,11001101
agentmark,AgentMark-F exact probabilities,deepseek,ID,1,1,49,140,True,9,0,11001101
agentmark,AgentMark-F exact probabilities,deepseek,ID,1,2,0,140,True,38,0,11001101
agentmark,AgentMark-F exact probabilities,deepseek,ID,1,2,1,140,True,52,0,11001101
agentmark,AgentMark-F exact probabilities,deepseek,ID,1,2,2,140,True,29,0,11001101
agentmark,AgentMark-F exact probabilities,deepseek,ID,1,2,3,140,True,47,0,11001101
agentmark,AgentMark-F exact probabilities,deepseek,ID,1,2,4,140,True,23,0,11001101
agentmark,AgentMark-F exact probabilities,deepseek,ID,1,2,5,140,True,17,0,11001101
agentmark,AgentMark-F exact probabilities,deepseek,ID,1,2,6,140,True,18,0,11001101
agentmark,AgentMark-F exact probabilities,deepseek,ID,1,2,7,140,True,68,0,11001101
agentmark,AgentMark-F exact probabilities,deepseek,ID,1,2,8,140,True,43,0,11001101
agentmark,AgentMark-F exact probabilities,deepseek,ID,1,2,9,140,True,55,0,11001101
agentmark,AgentMark-F exact probabilities,deepseek,ID,1,2,10,140,True,17,0,11001101
agentmark,AgentMark-F exact probabilities,deepseek,ID,1,2,11,140,True,12,0,11001101
agentmark,AgentMark-F exact probabilities,deepseek,ID,1,2,12,140,True,27,0,11001101
agentmark,AgentMark-F exact probabilities,deepseek,ID,1,2,13,140,True,18,0,11001101
agentmark,AgentMark-F exact probabilities,deepseek,ID,1,2,14,140,True,16,0,11001101
agentmark,AgentMark-F exact probabilities,deepseek,ID,1,2,15,140,True,38,0,11001101
agentmark,AgentMark-F exact probabilities,deepseek,ID,1,2,16,140,True,34,0,11001101
agentmark,AgentMark-F exact probabilities,deepseek,ID,1,2,17,140,True,63,0,11001101
agentmark,AgentMark-F exact probabilities,deepseek,ID,1,2,18,140,True,28,0,11001101
agentmark,AgentMark-F exact probabilities,deepseek,ID,1,2,19,140,True,23,0,11001101
agentmark,AgentMark-F exact probabilities,deepseek,ID,1,2,20,140,True,55,0,11001101
agentmark,AgentMark-F exact probabilities,deepseek,ID,1,2,21,140,True,12,0,11001101
agentmark,AgentMark-F exact probabilities,deepseek,ID,1,2,22,140,True,14,0,11001101
agentmark,AgentMark-F exact probabilities,deepseek,ID,1,2,23,140,True,35,0,11001101
agentmark,AgentMark-F exact probabilities,deepseek,ID,1,2,24,140,True,39,0,11001101
agentmark,AgentMark-F exact probabilities,deepseek,ID,1,2,25,140,True,43,0,11001101
agentmark,AgentMark-F exact probabilities,deepseek,ID,1,2,26,140,True,20,0,11001101
agentmark,AgentMark-F exact probabilities,deepseek,ID,1,2,27,140,True,26,0,11001101
agentmark,AgentMark-F exact probabilities,deepseek,ID,1,2,28,140,True,18,0,11001101
agentmark,AgentMark-F exact probabilities,deepseek,ID,1,2,29,140,False,7,0,
agentmark,AgentMark-F exact probabilities,deepseek,ID,1,2,30,140,True,28,0,11001101
agentmark,AgentMark-F exact probabilities,deepseek,ID,1,2,31,140,True,17,0,11001101
agentmark,AgentMark-F exact probabilities,deepseek,ID,1,2,32,140,True,21,0,11001101
agentmark,AgentMark-F exact probabilities,deepseek,ID,1,2,33,140,True,25,0,11001101
agentmark,AgentMark-F exact probabilities,deepseek,ID,1,2,34,140,True,26,0,11001101
agentmark,AgentMark-F exact probabilities,deepseek,ID,1,2,35,140,False,7,0,
agentmark,AgentMark-F exact probabilities,deepseek,ID,1,2,36,140,True,37,0,11001101
agentmark,AgentMark-F exact probabilities,deepseek,ID,1,2,37,140,True,41,0,11001101
agentmark,AgentMark-F exact probabilities,deepseek,ID,1,2,38,140,True,13,0,11001101
agentmark,AgentMark-F exact probabilities,deepseek,ID,1,2,39,140,True,18,0,11001101
agentmark,AgentMark-F exact probabilities,deepseek,ID,1,2,40,140,True,35,0,11001101
agentmark,AgentMark-F exact probabilities,deepseek,ID,1,2,41,140,True,22,0,11001101
agentmark,AgentMark-F exact probabilities,deepseek,ID,1,2,42,140,True,39,0,11001101
agentmark,AgentMark-F exact probabilities,deepseek,ID,1,2,43,140,True,38,0,11001101
agentmark,AgentMark-F exact probabilities,deepseek,ID,1,2,44,140,True,42,0,11001101
agentmark,AgentMark-F exact probabilities,deepseek,ID,1,2,45,140,True,39,0,11001101
agentmark,AgentMark-F exact probabilities,deepseek,ID,1,2,46,140,True,23,0,11001101
agentmark,AgentMark-F exact probabilities,deepseek,ID,1,2,47,140,True,19,0,11001101
agentmark,AgentMark-F exact probabilities,deepseek,ID,1,2,48,140,False,6,0,
agentmark,AgentMark-F exact probabilities,deepseek,ID,1,2,49,140,True,12,0,11001101
agentmark,AgentMark-F exact probabilities,deepseek,ID,1,3,0,140,False,4,0,
agentmark,AgentMark-F exact probabilities,deepseek,ID,1,3,1,140,True,12,0,11001101
agentmark,AgentMark-F exact probabilities,deepseek,ID,1,3,2,140,True,39,0,11001101
agentmark,AgentMark-F exact probabilities,deepseek,ID,1,3,3,140,True,26,0,11001101
agentmark,AgentMark-F exact probabilities,deepseek,ID,1,3,4,140,True,19,0,11001101
agentmark,AgentMark-F exact probabilities,deepseek,ID,1,3,5,140,True,12,0,11001101
agentmark,AgentMark-F exact probabilities,deepseek,ID,1,3,6,140,True,37,0,11001101
agentmark,AgentMark-F exact probabilities,deepseek,ID,1,3,7,140,True,30,0,11001101
agentmark,AgentMark-F exact probabilities,deepseek,ID,1,3,8,140,True,24,0,11001101
agentmark,AgentMark-F exact probabilities,deepseek,ID,1,3,9,140,True,49,0,11001101
agentmark,AgentMark-F exact probabilities,deepseek,ID,1,3,10,140,True,45,0,11001101
agentmark,AgentMark-F exact probabilities,deepseek,ID,1,3,11,140,True,43,0,11001101
agentmark,AgentMark-F exact probabilities,deepseek,ID,1,3,12,140,True,52,0,11001101
agentmark,AgentMark-F exact probabilities,deepseek,ID,1,3,13,140,True,13,0,11001101
agentmark,AgentMark-F exact probabilities,deepseek,ID,1,3,14,140,True,40,0,11001101
agentmark,AgentMark-F exact probabilities,deepseek,ID,1,3,15,140,True,48,0,11001101
agentmark,AgentMark-F exact probabilities,deepseek,ID,1,3,16,140,True,68,0,11001101
agentmark,AgentMark-F exact probabilities,deepseek,ID,1,3,17,140,True,38,0,11001101
agentmark,AgentMark-F exact probabilities,deepseek,ID,1,3,18,140,True,18,0,11001101
agentmark,AgentMark-F exact probabilities,deepseek,ID,1,3,19,140,True,44,0,11001101
agentmark,AgentMark-F exact probabilities,deepseek,ID,1,3,20,140,True,38,0,11001101
agentmark,AgentMark-F exact probabilities,deepseek,ID,1,3,21,140,True,26,0,11001101
agentmark,AgentMark-F exact probabilities,deepseek,ID,1,3,22,140,True,55,0,11001101
agentmark,AgentMark-F exact probabilities,deepseek,ID,1,3,23,140,True,60,0,11001101
agentmark,AgentMark-F exact probabilities,deepseek,ID,1,3,24,140,True,37,0,11001101
agentmark,AgentMark-F exact probabilities,deepseek,ID,1,3,25,140,True,13,0,11001101
agentmark,AgentMark-F exact probabilities,deepseek,ID,1,3,26,140,True,27,0,11001101
agentmark,AgentMark-F exact probabilities,deepseek,ID,1,3,27,140,True,44,0,11001101
agentmark,AgentMark-F exact probabilities,deepseek,ID,1,3,28,140,True,12,0,11001101
agentmark,AgentMark-F exact probabilities,deepseek,ID,1,3,29,140,True,37,0,11001101
agentmark,AgentMark-F exact probabilities,deepseek,ID,1,3,30,140,True,42,0,11001101
agentmark,AgentMark-F exact probabilities,deepseek,ID,1,3,31,140,True,27,0,11001101
agentmark,AgentMark-F exact probabilities,deepseek,ID,1,3,32,140,True,34,0,11001101
agentmark,AgentMark-F exact probabilities,deepseek,ID,1,3,33,140,True,68,0,11001101
agentmark,AgentMark-F exact probabilities,deepseek,ID,1,3,34,140,True,22,0,11001101
agentmark,AgentMark-F exact probabilities,deepseek,ID,1,3,35,140,True,23,0,11001101
agentmark,AgentMark-F exact probabilities,deepseek,ID,1,3,36,140,True,18,0,11001101
agentmark,AgentMark-F exact probabilities,deepseek,ID,1,3,37,140,True,29,0,11001101
agentmark,AgentMark-F exact probabilities,deepseek,ID,1,3,38,140,True,13,0,11001101
agentmark,AgentMark-F exact probabilities,deepseek,ID,1,3,39,140,True,45,0,11001101
agentmark,AgentMark-F exact probabilities,deepseek,ID,1,3,40,140,True,11,0,11001101
agentmark,AgentMark-F exact probabilities,deepseek,ID,1,3,41,140,True,20,0,11001101
agentmark,AgentMark-F exact probabilities,deepseek,ID,1,3,42,140,True,16,0,11001101
agentmark,AgentMark-F exact probabilities,deepseek,ID,1,3,43,140,True,48,0,11001101
agentmark,AgentMark-F exact probabilities,deepseek,ID,1,3,44,140,True,15,0,11001101
agentmark,AgentMark-F exact probabilities,deepseek,ID,1,3,45,140,False,8,0,
agentmark,AgentMark-F exact probabilities,deepseek,ID,1,3,46,140,True,37,0,11001101
agentmark,AgentMark-F exact probabilities,deepseek,ID,1,3,47,140,True,27,0,11001101
agentmark,AgentMark-F exact probabilities,deepseek,ID,1,3,48,140,True,55,0,11001101
agentmark,AgentMark-F exact probabilities,deepseek,ID,1,3,49,140,True,20,0,11001101
agentmark,AgentMark-F exact probabilities,deepseek,ID,1,5,0,140,True,43,0,11001101
agentmark,AgentMark-F exact probabilities,deepseek,ID,1,5,1,140,True,30,0,11001101
agentmark,AgentMark-F exact probabilities,deepseek,ID,1,5,2,140,True,63,0,11001101
agentmark,AgentMark-F exact probabilities,deepseek,ID,1,5,3,140,True,50,0,11001101
agentmark,AgentMark-F exact probabilities,deepseek,ID,1,5,4,140,True,37,0,11001101
agentmark,AgentMark-F exact probabilities,deepseek,ID,1,5,5,140,True,41,0,11001101
agentmark,AgentMark-F exact probabilities,deepseek,ID,1,5,6,140,True,55,0,11001101
agentmark,AgentMark-F exact probabilities,deepseek,ID,1,5,7,140,True,34,0,11001101
agentmark,AgentMark-F exact probabilities,deepseek,ID,1,5,8,140,True,45,0,11001101
agentmark,AgentMark-F exact probabilities,deepseek,ID,1,5,9,140,True,16,0,11001101
agentmark,AgentMark-F exact probabilities,deepseek,ID,1,5,10,140,True,23,0,11001101
agentmark,AgentMark-F exact probabilities,deepseek,ID,1,5,11,140,True,24,0,11001101
agentmark,AgentMark-F exact probabilities,deepseek,ID,1,5,12,140,True,60,0,11001101
agentmark,AgentMark-F exact probabilities,deepseek,ID,1,5,13,140,True,21,0,11001101
agentmark,AgentMark-F exact probabilities,deepseek,ID,1,5,14,140,True,47,0,11001101
agentmark,AgentMark-F exact probabilities,deepseek,ID,1,5,15,140,True,17,0,11001101
agentmark,AgentMark-F exact probabilities,deepseek,ID,1,5,16,140,True,30,0,11001101
agentmark,AgentMark-F exact probabilities,deepseek,ID,1,5,17,140,True,25,0,11001101
agentmark,AgentMark-F exact probabilities,deepseek,ID,1,5,18,140,True,18,0,11001101
agentmark,AgentMark-F exact probabilities,deepseek,ID,1,5,19,140,True,29,0,11001101
agentmark,AgentMark-F exact probabilities,deepseek,ID,1,5,20,140,True,20,0,11001101
agentmark,AgentMark-F exact probabilities,deepseek,ID,1,5,21,140,True,25,0,11001101
agentmark,AgentMark-F exact probabilities,deepseek,ID,1,5,22,140,True,42,0,11001101
agentmark,AgentMark-F exact probabilities,deepseek,ID,1,5,23,140,True,12,0,11001101
agentmark,AgentMark-F exact probabilities,deepseek,ID,1,5,24,140,True,23,0,11001101
agentmark,AgentMark-F exact probabilities,deepseek,ID,1,5,25,140,True,23,0,11001101
agentmark,AgentMark-F exact probabilities,deepseek,ID,1,5,26,140,True,24,0,11001101
agentmark,AgentMark-F exact probabilities,deepseek,ID,1,5,27,140,True,42,0,11001101
agentmark,AgentMark-F exact probabilities,deepseek,ID,1,5,28,140,True,44,0,11001101
agentmark,AgentMark-F exact probabilities,deepseek,ID,1,5,29,140,True,26,0,11001101
agentmark,AgentMark-F exact probabilities,deepseek,ID,1,5,30,140,True,21,0,11001101
agentmark,AgentMark-F exact probabilities,deepseek,ID,1,5,31,140,True,30,0,11001101
agentmark,AgentMark-F exact probabilities,deepseek,ID,1,5,32,140,True,30,0,11001101
agentmark,AgentMark-F exact probabilities,deepseek,ID,1,5,33,140,True,40,0,11001101
agentmark,AgentMark-F exact probabilities,deepseek,ID,1,5,34,140,True,38,0,11001101
agentmark,AgentMark-F exact probabilities,deepseek,ID,1,5,35,140,True,37,0,11001101
agentmark,AgentMark-F exact probabilities,deepseek,ID,1,5,36,140,True,44,0,11001101
agentmark,AgentMark-F exact probabilities,deepseek,ID,1,5,37,140,True,39,0,11001101
agentmark,AgentMark-F exact probabilities,deepseek,ID,1,5,38,140,True,38,0,11001101
agentmark,AgentMark-F exact probabilities,deepseek,ID,1,5,39,140,True,68,0,11001101
agentmark,AgentMark-F exact probabilities,deepseek,ID,1,5,40,140,True,18,0,11001101
agentmark,AgentMark-F exact probabilities,deepseek,ID,1,5,41,140,True,42,0,11001101
agentmark,AgentMark-F exact probabilities,deepseek,ID,1,5,42,140,True,20,0,11001101
agentmark,AgentMark-F exact probabilities,deepseek,ID,1,5,43,140,True,15,0,11001101
agentmark,AgentMark-F exact probabilities,deepseek,ID,1,5,44,140,True,23,0,11001101
agentmark,AgentMark-F exact probabilities,deepseek,ID,1,5,45,140,True,28,0,11001101
agentmark,AgentMark-F exact probabilities,deepseek,ID,1,5,46,140,True,68,0,11001101
agentmark,AgentMark-F exact probabilities,deepseek,ID,1,5,47,140,True,11,0,11001101
agentmark,AgentMark-F exact probabilities,deepseek,ID,1,5,48,140,True,48,0,11001101
agentmark,AgentMark-F exact probabilities,deepseek,ID,1,5,49,140,True,22,0,11001101
agentmark,AgentMark-F exact probabilities,deepseek,ID,1,8,0,140,True,63,0,11001101
agentmark,AgentMark-F exact probabilities,deepseek,ID,1,8,1,140,True,35,0,11001101
agentmark,AgentMark-F exact probabilities,deepseek,ID,1,8,2,140,True,13,0,11001101
agentmark,AgentMark-F exact probabilities,deepseek,ID,1,8,3,140,True,26,0,11001101
agentmark,AgentMark-F exact probabilities,deepseek,ID,1,8,4,140,True,50,0,11001101
agentmark,AgentMark-F exact probabilities,deepseek,ID,1,8,5,140,True,44,0,11001101
agentmark,AgentMark-F exact probabilities,deepseek,ID,1,8,6,140,True,63,0,11001101
agentmark,AgentMark-F exact probabilities,deepseek,ID,1,8,7,140,True,63,0,11001101
agentmark,AgentMark-F exact probabilities,deepseek,ID,1,8,8,140,True,68,0,11001101
agentmark,AgentMark-F exact probabilities,deepseek,ID,1,8,9,140,True,63,0,11001101
agentmark,AgentMark-F exact probabilities,deepseek,ID,1,8,10,140,True,42,0,11001101
agentmark,AgentMark-F exact probabilities,deepseek,ID,1,8,11,140,True,50,0,11001101
agentmark,AgentMark-F exact probabilities,deepseek,ID,1,8,12,140,True,60,0,11001101
agentmark,AgentMark-F exact probabilities,deepseek,ID,1,8,13,140,True,26,0,11001101
agentmark,AgentMark-F exact probabilities,deepseek,ID,1,8,14,140,True,30,0,11001101
agentmark,AgentMark-F exact probabilities,deepseek,ID,1,8,15,140,True,68,0,11001101
agentmark,AgentMark-F exact probabilities,deepseek,ID,1,8,16,140,True,42,0,11001101
agentmark,AgentMark-F exact probabilities,deepseek,ID,1,8,17,140,True,52,0,11001101
agentmark,AgentMark-F exact probabilities,deepseek,ID,1,8,18,140,True,25,0,11001101
agentmark,AgentMark-F exact probabilities,deepseek,ID,1,8,19,140,True,39,0,11001101
agentmark,AgentMark-F exact probabilities,deepseek,ID,1,8,20,140,True,30,0,11001101
agentmark,AgentMark-F exact probabilities,deepseek,ID,1,8,21,140,True,55,0,11001101
agentmark,AgentMark-F exact probabilities,deepseek,ID,1,8,22,140,True,48,0,11001101
agentmark,AgentMark-F exact probabilities,deepseek,ID,1,8,23,140,True,43,0,11001101
agentmark,AgentMark-F exact probabilities,deepseek,ID,1,8,24,140,True,55,0,11001101
agentmark,AgentMark-F exact probabilities,deepseek,ID,1,8,25,140,True,52,0,11001101
agentmark,AgentMark-F exact probabilities,deepseek,ID,1,8,26,140,True,40,0,11001101
agentmark,AgentMark-F exact probabilities,deepseek,ID,1,8,27,140,True,42,0,11001101
agentmark,AgentMark-F exact probabilities,deepseek,ID,1,8,28,140,True,41,0,11001101
agentmark,AgentMark-F exact probabilities,deepseek,ID,1,8,29,140,True,47,0,11001101
agentmark,AgentMark-F exact probabilities,deepseek,ID,1,8,30,140,True,60,0,11001101
agentmark,AgentMark-F exact probabilities,deepseek,ID,1,8,31,140,True,63,0,11001101
agentmark,AgentMark-F exact probabilities,deepseek,ID,1,8,32,140,True,68,0,11001101
agentmark,AgentMark-F exact probabilities,deepseek,ID,1,8,33,140,True,47,0,11001101
agentmark,AgentMark-F exact probabilities,deepseek,ID,1,8,34,140,True,49,0,11001101
agentmark,AgentMark-F exact probabilities,deepseek,ID,1,8,35,140,True,15,0,11001101
agentmark,AgentMark-F exact probabilities,deepseek,ID,1,8,36,140,True,50,0,11001101
agentmark,AgentMark-F exact probabilities,deepseek,ID,1,8,37,140,True,28,0,11001101
agentmark,AgentMark-F exact probabilities,deepseek,ID,1,8,38,140,True,55,0,11001101
agentmark,AgentMark-F exact probabilities,deepseek,ID,1,8,39,140,True,43,0,11001101
agentmark,AgentMark-F exact probabilities,deepseek,ID,1,8,40,140,True,50,0,11001101
agentmark,AgentMark-F exact probabilities,deepseek,ID,1,8,41,140,True,55,0,11001101
agentmark,AgentMark-F exact probabilities,deepseek,ID,1,8,42,140,True,30,0,11001101
agentmark,AgentMark-F exact probabilities,deepseek,ID,1,8,43,140,True,55,0,11001101
agentmark,AgentMark-F exact probabilities,deepseek,ID,1,8,44,140,True,47,0,11001101
agentmark,AgentMark-F exact probabilities,deepseek,ID,1,8,45,140,True,68,0,11001101
agentmark,AgentMark-F exact probabilities,deepseek,ID,1,8,46,140,True,13,0,11001101
agentmark,AgentMark-F exact probabilities,deepseek,ID,1,8,47,140,True,63,0,11001101
agentmark,AgentMark-F exact probabilities,deepseek,ID,1,8,48,140,True,27,0,11001101
agentmark,AgentMark-F exact probabilities,deepseek,ID,1,8,49,140,True,50,0,11001101
agentmark,AgentMark-F exact probabilities,deepseek,ID,1,10,0,140,True,55,0,11001101
agentmark,AgentMark-F exact probabilities,deepseek,ID,1,10,1,140,True,52,0,11001101
agentmark,AgentMark-F exact probabilities,deepseek,ID,1,10,2,140,True,68,0,11001101
agentmark,AgentMark-F exact probabilities,deepseek,ID,1,10,3,140,True,50,0,11001101
agentmark,AgentMark-F exact probabilities,deepseek,ID,1,10,4,140,True,48,0,11001101
agentmark,AgentMark-F exact probabilities,deepseek,ID,1,10,5,140,True,52,0,11001101
agentmark,AgentMark-F exact probabilities,deepseek,ID,1,10,6,140,True,44,0,11001101
agentmark,AgentMark-F exact probabilities,deepseek,ID,1,10,7,140,True,35,0,11001101
agentmark,AgentMark-F exact probabilities,deepseek,ID,1,10,8,140,True,55,0,11001101
agentmark,AgentMark-F exact probabilities,deepseek,ID,1,10,9,140,True,60,0,11001101
agentmark,AgentMark-F exact probabilities,deepseek,ID,1,10,10,140,True,47,0,11001101
agentmark,AgentMark-F exact probabilities,deepseek,ID,1,10,11,140,True,50,0,11001101
agentmark,AgentMark-F exact probabilities,deepseek,ID,1,10,12,140,True,45,0,11001101
agentmark,AgentMark-F exact probabilities,deepseek,ID,1,10,13,140,True,39,0,11001101
agentmark,AgentMark-F exact probabilities,deepseek,ID,1,10,14,140,True,68,0,11001101
agentmark,AgentMark-F exact probabilities,deepseek,ID,1,10,15,140,True,49,0,11001101
agentmark,AgentMark-F exact probabilities,deepseek,ID,1,10,16,140,True,52,0,11001101
agentmark,AgentMark-F exact probabilities,deepseek,ID,1,10,17,140,True,45,0,11001101
agentmark,AgentMark-F exact probabilities,deepseek,ID,1,10,18,140,True,68,0,11001101
agentmark,AgentMark-F exact probabilities,deepseek,ID,1,10,19,140,True,63,0,11001101
agentmark,AgentMark-F exact probabilities,deepseek,ID,1,10,20,140,True,41,0,11001101
agentmark,AgentMark-F exact probabilities,deepseek,ID,1,10,21,140,True,23,0,11001101
agentmark,AgentMark-F exact probabilities,deepseek,ID,1,10,22,140,True,55,0,11001101
agentmark,AgentMark-F exact probabilities,deepseek,ID,1,10,23,140,True,55,0,11001101
agentmark,AgentMark-F exact probabilities,deepseek,ID,1,10,24,140,True,44,0,11001101
agentmark,AgentMark-F exact probabilities,deepseek,ID,1,10,25,140,True,60,0,11001101
agentmark,AgentMark-F exact probabilities,deepseek,ID,1,10,26,140,True,44,0,11001101
agentmark,AgentMark-F exact probabilities,deepseek,ID,1,10,27,140,True,43,0,11001101
agentmark,AgentMark-F exact probabilities,deepseek,ID,1,10,28,140,True,49,0,11001101
agentmark,AgentMark-F exact probabilities,deepseek,ID,1,10,29,140,True,45,0,11001101
agentmark,AgentMark-F exact probabilities,deepseek,ID,1,10,30,140,True,48,0,11001101
agentmark,AgentMark-F exact probabilities,deepseek,ID,1,10,31,140,True,60,0,11001101
agentmark,AgentMark-F exact probabilities,deepseek,ID,1,10,32,140,True,63,0,11001101
agentmark,AgentMark-F exact probabilities,deepseek,ID,1,10,33,140,True,40,0,11001101
agentmark,AgentMark-F exact probabilities,deepseek,ID,1,10,34,140,True,63,0,11001101
agentmark,AgentMark-F exact probabilities,deepseek,ID,1,10,35,140,True,25,0,11001101
agentmark,AgentMark-F exact probabilities,deepseek,ID,1,10,36,140,True,63,0,11001101
agentmark,AgentMark-F exact probabilities,deepseek,ID,1,10,37,140,True,18,0,11001101
agentmark,AgentMark-F exact probabilities,deepseek,ID,1,10,38,140,True,60,0,11001101
agentmark,AgentMark-F exact probabilities,deepseek,ID,1,10,39,140,True,60,0,11001101
agentmark,AgentMark-F exact probabilities,deepseek,ID,1,10,40,140,True,42,0,11001101
agentmark,AgentMark-F exact probabilities,deepseek,ID,1,10,41,140,True,40,0,11001101
agentmark,AgentMark-F exact probabilities,deepseek,ID,1,10,42,140,True,52,0,11001101
agentmark,AgentMark-F exact probabilities,deepseek,ID,1,10,43,140,True,60,0,11001101
agentmark,AgentMark-F exact probabilities,deepseek,ID,1,10,44,140,True,68,0,11001101
agentmark,AgentMark-F exact probabilities,deepseek,ID,1,10,45,140,True,35,0,11001101
agentmark,AgentMark-F exact probabilities,deepseek,ID,1,10,46,140,True,23,0,11001101
agentmark,AgentMark-F exact probabilities,deepseek,ID,1,10,47,140,True,55,0,11001101
agentmark,AgentMark-F exact probabilities,deepseek,ID,1,10,48,140,True,47,0,11001101
agentmark,AgentMark-F exact probabilities,deepseek,ID,1,10,49,140,True,40,0,11001101
agentmark,AgentMark-F exact probabilities,deepseek,ID,1,15,0,140,True,31,0,11001101
agentmark,AgentMark-F exact probabilities,deepseek,ID,1,15,1,140,True,55,0,11001101
agentmark,AgentMark-F exact probabilities,deepseek,ID,1,15,2,140,True,60,0,11001101
agentmark,AgentMark-F exact probabilities,deepseek,ID,1,15,3,140,True,63,0,11001101
agentmark,AgentMark-F exact probabilities,deepseek,ID,1,15,4,140,True,63,0,11001101
agentmark,AgentMark-F exact probabilities,deepseek,ID,1,15,5,140,True,48,0,11001101
agentmark,AgentMark-F exact probabilities,deepseek,ID,1,15,6,140,True,55,0,11001101
agentmark,AgentMark-F exact probabilities,deepseek,ID,1,15,7,140,True,42,0,11001101
agentmark,AgentMark-F exact probabilities,deepseek,ID,1,15,8,140,True,28,0,11001101
agentmark,AgentMark-F exact probabilities,deepseek,ID,1,15,9,140,True,47,0,11001101
agentmark,AgentMark-F exact probabilities,deepseek,ID,1,15,10,140,True,39,0,11001101
agentmark,AgentMark-F exact probabilities,deepseek,ID,1,15,11,140,True,44,0,11001101
agentmark,AgentMark-F exact probabilities,deepseek,ID,1,15,12,140,True,68,0,11001101
agentmark,AgentMark-F exact probabilities,deepseek,ID,1,15,13,140,True,63,0,11001101
agentmark,AgentMark-F exact probabilities,deepseek,ID,1,15,14,140,True,55,0,11001101
agentmark,AgentMark-F exact probabilities,deepseek,ID,1,15,15,140,True,60,0,11001101
agentmark,AgentMark-F exact probabilities,deepseek,ID,1,15,16,140,True,52,0,11001101
agentmark,AgentMark-F exact probabilities,deepseek,ID,1,15,17,140,True,63,0,11001101
agentmark,AgentMark-F exact probabilities,deepseek,ID,1,15,18,140,True,40,0,11001101
agentmark,AgentMark-F exact probabilities,deepseek,ID,1,15,19,140,True,68,0,11001101
agentmark,AgentMark-F exact probabilities,deepseek,ID,1,15,20,140,True,35,0,11001101
agentmark,AgentMark-F exact probabilities,deepseek,ID,1,15,21,140,True,50,0,11001101
agentmark,AgentMark-F exact probabilities,deepseek,ID,1,15,22,140,True,55,0,11001101
agentmark,AgentMark-F exact probabilities,deepseek,ID,1,15,23,140,True,26,0,11001101
agentmark,AgentMark-F exact probabilities,deepseek,ID,1,15,24,140,True,55,0,11001101
agentmark,AgentMark-F exact probabilities,deepseek,ID,1,15,25,140,True,34,0,11001101
agentmark,AgentMark-F exact probabilities,deepseek,ID,1,15,26,140,True,55,0,11001101
agentmark,AgentMark-F exact probabilities,deepseek,ID,1,15,27,140,True,68,0,11001101
agentmark,AgentMark-F exact probabilities,deepseek,ID,1,15,28,140,True,50,0,11001101
agentmark,AgentMark-F exact probabilities,deepseek,ID,1,15,29,140,True,63,0,11001101
agentmark,AgentMark-F exact probabilities,deepseek,ID,1,15,30,140,True,41,0,11001101
agentmark,AgentMark-F exact probabilities,deepseek,ID,1,15,31,140,True,41,0,11001101
agentmark,AgentMark-F exact probabilities,deepseek,ID,1,15,32,140,True,48,0,11001101
agentmark,AgentMark-F exact probabilities,deepseek,ID,1,15,33,140,True,68,0,11001101
agentmark,AgentMark-F exact probabilities,deepseek,ID,1,15,34,140,True,45,0,11001101
agentmark,AgentMark-F exact probabilities,deepseek,ID,1,15,35,140,True,47,0,11001101
agentmark,AgentMark-F exact probabilities,deepseek,ID,1,15,36,140,True,28,0,11001101
agentmark,AgentMark-F exact probabilities,deepseek,ID,1,15,37,140,True,49,0,11001101
agentmark,AgentMark-F exact probabilities,deepseek,ID,1,15,38,140,True,63,0,11001101
agentmark,AgentMark-F exact probabilities,deepseek,ID,1,15,39,140,True,42,0,11001101
agentmark,AgentMark-F exact probabilities,deepseek,ID,1,15,40,140,True,47,0,11001101
agentmark,AgentMark-F exact probabilities,deepseek,ID,1,15,41,140,True,55,0,11001101
agentmark,AgentMark-F exact probabilities,deepseek,ID,1,15,42,140,True,35,0,11001101
agentmark,AgentMark-F exact probabilities,deepseek,ID,1,15,43,140,True,45,0,11001101
agentmark,AgentMark-F exact probabilities,deepseek,ID,1,15,44,140,True,52,0,11001101
agentmark,AgentMark-F exact probabilities,deepseek,ID,1,15,45,140,True,48,0,11001101
agentmark,AgentMark-F exact probabilities,deepseek,ID,1,15,46,140,True,47,0,11001101
agentmark,AgentMark-F exact probabilities,deepseek,ID,1,15,47,140,True,60,0,11001101
agentmark,AgentMark-F exact probabilities,deepseek,ID,1,15,48,140,True,52,0,11001101
agentmark,AgentMark-F exact probabilities,deepseek,ID,1,15,49,140,True,42,0,11001101
agentmark,AgentMark-F exact probabilities,deepseek,ID,1,20,0,140,True,68,0,11001101
agentmark,AgentMark-F exact probabilities,deepseek,ID,1,20,1,140,True,49,0,11001101
agentmark,AgentMark-F exact probabilities,deepseek,ID,1,20,2,140,True,48,0,11001101
agentmark,AgentMark-F exact probabilities,deepseek,ID,1,20,3,140,True,63,0,11001101
agentmark,AgentMark-F exact probabilities,deepseek,ID,1,20,4,140,True,63,0,11001101
agentmark,AgentMark-F exact probabilities,deepseek,ID,1,20,5,140,True,52,0,11001101
agentmark,AgentMark-F exact probabilities,deepseek,ID,1,20,6,140,True,55,0,11001101
agentmark,AgentMark-F exact probabilities,deepseek,ID,1,20,7,140,True,63,0,11001101
agentmark,AgentMark-F exact probabilities,deepseek,ID,1,20,8,140,True,60,0,11001101
agentmark,AgentMark-F exact probabilities,deepseek,ID,1,20,9,140,True,48,0,11001101
agentmark,AgentMark-F exact probabilities,deepseek,ID,1,20,10,140,True,63,0,11001101
agentmark,AgentMark-F exact probabilities,deepseek,ID,1,20,11,140,True,68,0,11001101
agentmark,AgentMark-F exact probabilities,deepseek,ID,1,20,12,140,True,50,0,11001101
agentmark,AgentMark-F exact probabilities,deepseek,ID,1,20,13,140,True,44,0,11001101
agentmark,AgentMark-F exact probabilities,deepseek,ID,1,20,14,140,True,44,0,11001101
agentmark,AgentMark-F exact probabilities,deepseek,ID,1,20,15,140,True,63,0,11001101
agentmark,AgentMark-F exact probabilities,deepseek,ID,1,20,16,140,True,47,0,11001101
agentmark,AgentMark-F exact probabilities,deepseek,ID,1,20,17,140,True,60,0,11001101
agentmark,AgentMark-F exact probabilities,deepseek,ID,1,20,18,140,True,63,0,11001101
agentmark,AgentMark-F exact probabilities,deepseek,ID,1,20,19,140,True,60,0,11001101
agentmark,AgentMark-F exact probabilities,deepseek,ID,1,20,20,140,True,68,0,11001101
agentmark,AgentMark-F exact probabilities,deepseek,ID,1,20,21,140,True,68,0,11001101
agentmark,AgentMark-F exact probabilities,deepseek,ID,1,20,22,140,True,55,0,11001101
agentmark,AgentMark-F exact probabilities,deepseek,ID,1,20,23,140,True,63,0,11001101
agentmark,AgentMark-F exact probabilities,deepseek,ID,1,20,24,140,True,63,0,11001101
agentmark,AgentMark-F exact probabilities,deepseek,ID,1,20,25,140,True,42,0,11001101
agentmark,AgentMark-F exact probabilities,deepseek,ID,1,20,26,140,True,63,0,11001101
agentmark,AgentMark-F exact probabilities,deepseek,ID,1,20,27,140,True,63,0,11001101
agentmark,AgentMark-F exact probabilities,deepseek,ID,1,20,28,140,True,63,0,11001101
agentmark,AgentMark-F exact probabilities,deepseek,ID,1,20,29,140,True,52,0,11001101
agentmark,AgentMark-F exact probabilities,deepseek,ID,1,20,30,140,True,60,0,11001101
agentmark,AgentMark-F exact probabilities,deepseek,ID,1,20,31,140,True,63,0,11001101
agentmark,AgentMark-F exact probabilities,deepseek,ID,1,20,32,140,True,68,0,11001101
agentmark,AgentMark-F exact probabilities,deepseek,ID,1,20,33,140,True,52,0,11001101
agentmark,AgentMark-F exact probabilities,deepseek,ID,1,20,34,140,True,68,0,11001101
agentmark,AgentMark-F exact probabilities,deepseek,ID,1,20,35,140,True,43,0,11001101
agentmark,AgentMark-F exact probabilities,deepseek,ID,1,20,36,140,True,52,0,11001101
agentmark,AgentMark-F exact probabilities,deepseek,ID,1,20,37,140,True,55,0,11001101
agentmark,AgentMark-F exact probabilities,deepseek,ID,1,20,38,140,True,44,0,11001101
agentmark,AgentMark-F exact probabilities,deepseek,ID,1,20,39,140,True,50,0,11001101
agentmark,AgentMark-F exact probabilities,deepseek,ID,1,20,40,140,True,50,0,11001101
agentmark,AgentMark-F exact probabilities,deepseek,ID,1,20,41,140,True,68,0,11001101
agentmark,AgentMark-F exact probabilities,deepseek,ID,1,20,42,140,True,50,0,11001101
agentmark,AgentMark-F exact probabilities,deepseek,ID,1,20,43,140,True,63,0,11001101
agentmark,AgentMark-F exact probabilities,deepseek,ID,1,20,44,140,True,68,0,11001101
agentmark,AgentMark-F exact probabilities,deepseek,ID,1,20,45,140,True,68,0,11001101
agentmark,AgentMark-F exact probabilities,deepseek,ID,1,20,46,140,True,40,0,11001101
agentmark,AgentMark-F exact probabilities,deepseek,ID,1,20,47,140,True,55,0,11001101
agentmark,AgentMark-F exact probabilities,deepseek,ID,1,20,48,140,True,42,0,11001101
agentmark,AgentMark-F exact probabilities,deepseek,ID,1,20,49,140,True,63,0,11001101
agentmark,AgentMark-F exact probabilities,deepseek,ID,1,30,0,140,True,63,0,11001101
agentmark,AgentMark-F exact probabilities,deepseek,ID,1,30,1,140,True,52,0,11001101
agentmark,AgentMark-F exact probabilities,deepseek,ID,1,30,2,140,True,68,0,11001101
agentmark,AgentMark-F exact probabilities,deepseek,ID,1,30,3,140,True,52,0,11001101
agentmark,AgentMark-F exact probabilities,deepseek,ID,1,30,4,140,True,63,0,11001101
agentmark,AgentMark-F exact probabilities,deepseek,ID,1,30,5,140,True,63,0,11001101
agentmark,AgentMark-F exact probabilities,deepseek,ID,1,30,6,140,True,68,0,11001101
agentmark,AgentMark-F exact probabilities,deepseek,ID,1,30,7,140,True,60,0,11001101
agentmark,AgentMark-F exact probabilities,deepseek,ID,1,30,8,140,True,55,0,11001101
agentmark,AgentMark-F exact probabilities,deepseek,ID,1,30,9,140,True,48,0,11001101
agentmark,AgentMark-F exact probabilities,deepseek,ID,1,30,10,140,True,63,0,11001101
agentmark,AgentMark-F exact probabilities,deepseek,ID,1,30,11,140,True,68,0,11001101
agentmark,AgentMark-F exact probabilities,deepseek,ID,1,30,12,140,True,63,0,11001101
agentmark,AgentMark-F exact probabilities,deepseek,ID,1,30,13,140,True,50,0,11001101
agentmark,AgentMark-F exact probabilities,deepseek,ID,1,30,14,140,True,68,0,11001101
agentmark,AgentMark-F exact probabilities,deepseek,ID,1,30,15,140,True,63,0,11001101
agentmark,AgentMark-F exact probabilities,deepseek,ID,1,30,16,140,True,55,0,11001101
agentmark,AgentMark-F exact probabilities,deepseek,ID,1,30,17,140,True,55,0,11001101
agentmark,AgentMark-F exact probabilities,deepseek,ID,1,30,18,140,True,55,0,11001101
agentmark,AgentMark-F exact probabilities,deepseek,ID,1,30,19,140,True,63,0,11001101
agentmark,AgentMark-F exact probabilities,deepseek,ID,1,30,20,140,True,55,0,11001101
agentmark,AgentMark-F exact probabilities,deepseek,ID,1,30,21,140,True,55,0,11001101
agentmark,AgentMark-F exact probabilities,deepseek,ID,1,30,22,140,True,48,0,11001101
agentmark,AgentMark-F exact probabilities,deepseek,ID,1,30,23,140,True,63,0,11001101
agentmark,AgentMark-F exact probabilities,deepseek,ID,1,30,24,140,True,48,0,11001101
agentmark,AgentMark-F exact probabilities,deepseek,ID,1,30,25,140,True,68,0,11001101
agentmark,AgentMark-F exact probabilities,deepseek,ID,1,30,26,140,True,52,0,11001101
agentmark,AgentMark-F exact probabilities,deepseek,ID,1,30,27,140,True,52,0,11001101
agentmark,AgentMark-F exact probabilities,deepseek,ID,1,30,28,140,True,55,0,11001101
agentmark,AgentMark-F exact probabilities,deepseek,ID,1,30,29,140,True,63,0,11001101
agentmark,AgentMark-F exact probabilities,deepseek,ID,1,30,30,140,True,68,0,11001101
agentmark,AgentMark-F exact probabilities,deepseek,ID,1,30,31,140,True,68,0,11001101
agentmark,AgentMark-F exact probabilities,deepseek,ID,1,30,32,140,True,50,0,11001101
agentmark,AgentMark-F exact probabilities,deepseek,ID,1,30,33,140,True,63,0,11001101
agentmark,AgentMark-F exact probabilities,deepseek,ID,1,30,34,140,True,55,0,11001101
agentmark,AgentMark-F exact probabilities,deepseek,ID,1,30,35,140,True,68,0,11001101
agentmark,AgentMark-F exact probabilities,deepseek,ID,1,30,36,140,True,68,0,11001101
agentmark,AgentMark-F exact probabilities,deepseek,ID,1,30,37,140,True,63,0,11001101
agentmark,AgentMark-F exact probabilities,deepseek,ID,1,30,38,140,True,63,0,11001101
agentmark,AgentMark-F exact probabilities,deepseek,ID,1,30,39,140,True,68,0,11001101
agentmark,AgentMark-F exact probabilities,deepseek,ID,1,30,40,140,True,52,0,11001101
agentmark,AgentMark-F exact probabilities,deepseek,ID,1,30,41,140,True,68,0,11001101
agentmark,AgentMark-F exact probabilities,deepseek,ID,1,30,42,140,True,60,0,11001101
agentmark,AgentMark-F exact probabilities,deepseek,ID,1,30,43,140,True,63,0,11001101
agentmark,AgentMark-F exact probabilities,deepseek,ID,1,30,44,140,True,68,0,11001101
agentmark,AgentMark-F exact probabilities,deepseek,ID,1,30,45,140,True,68,0,11001101
agentmark,AgentMark-F exact probabilities,deepseek,ID,1,30,46,140,True,68,0,11001101
agentmark,AgentMark-F exact probabilities,deepseek,ID,1,30,47,140,True,63,0,11001101
agentmark,AgentMark-F exact probabilities,deepseek,ID,1,30,48,140,True,68,0,11001101
agentmark,AgentMark-F exact probabilities,deepseek,ID,1,30,49,140,True,60,0,11001101
agentmark,AgentMark-F exact probabilities,deepseek,ID,1,50,0,140,True,68,0,11001101
agentmark,AgentMark-F exact probabilities,deepseek,ID,1,50,1,140,True,63,0,11001101
agentmark,AgentMark-F exact probabilities,deepseek,ID,1,50,2,140,True,63,0,11001101
agentmark,AgentMark-F exact probabilities,deepseek,ID,1,50,3,140,True,55,0,11001101
agentmark,AgentMark-F exact probabilities,deepseek,ID,1,50,4,140,True,55,0,11001101
agentmark,AgentMark-F exact probabilities,deepseek,ID,1,50,5,140,True,60,0,11001101
agentmark,AgentMark-F exact probabilities,deepseek,ID,1,50,6,140,True,63,0,11001101
agentmark,AgentMark-F exact probabilities,deepseek,ID,1,50,7,140,True,63,0,11001101
agentmark,AgentMark-F exact probabilities,deepseek,ID,1,50,8,140,True,55,0,11001101
agentmark,AgentMark-F exact probabilities,deepseek,ID,1,50,9,140,True,55,0,11001101
agentmark,AgentMark-F exact probabilities,deepseek,ID,1,50,10,140,True,63,0,11001101
agentmark,AgentMark-F exact probabilities,deepseek,ID,1,50,11,140,True,63,0,11001101
agentmark,AgentMark-F exact probabilities,deepseek,ID,1,50,12,140,True,68,0,11001101
agentmark,AgentMark-F exact probabilities,deepseek,ID,1,50,13,140,True,68,0,11001101
agentmark,AgentMark-F exact probabilities,deepseek,ID,1,50,14,140,True,60,0,11001101
agentmark,AgentMark-F exact probabilities,deepseek,ID,1,50,15,140,True,60,0,11001101
agentmark,AgentMark-F exact probabilities,deepseek,ID,1,50,16,140,True,68,0,11001101
agentmark,AgentMark-F exact probabilities,deepseek,ID,1,50,17,140,True,68,0,11001101
agentmark,AgentMark-F exact probabilities,deepseek,ID,1,50,18,140,True,60,0,11001101
agentmark,AgentMark-F exact probabilities,deepseek,ID,1,50,19,140,True,68,0,11001101
agentmark,AgentMark-F exact probabilities,deepseek,ID,1,50,20,140,True,68,0,11001101
agentmark,AgentMark-F exact probabilities,deepseek,ID,1,50,21,140,True,68,0,11001101
agentmark,AgentMark-F exact probabilities,deepseek,ID,1,50,22,140,True,63,0,11001101
agentmark,AgentMark-F exact probabilities,deepseek,ID,1,50,23,140,True,63,0,11001101
agentmark,AgentMark-F exact probabilities,deepseek,ID,1,50,24,140,True,48,0,11001101
agentmark,AgentMark-F exact probabilities,deepseek,ID,1,50,25,140,True,63,0,11001101
agentmark,AgentMark-F exact probabilities,deepseek,ID,1,50,26,140,True,63,0,11001101
agentmark,AgentMark-F exact probabilities,deepseek,ID,1,50,27,140,True,63,0,11001101
agentmark,AgentMark-F exact probabilities,deepseek,ID,1,50,28,140,True,63,0,11001101
agentmark,AgentMark-F exact probabilities,deepseek,ID,1,50,29,140,True,68,0,11001101
agentmark,AgentMark-F exact probabilities,deepseek,ID,1,50,30,140,True,68,0,11001101
agentmark,AgentMark-F exact probabilities,deepseek,ID,1,50,31,140,True,45,0,11001101
agentmark,AgentMark-F exact probabilities,deepseek,ID,1,50,32,140,True,60,0,11001101
agentmark,AgentMark-F exact probabilities,deepseek,ID,1,50,33,140,True,63,0,11001101
agentmark,AgentMark-F exact probabilities,deepseek,ID,1,50,34,140,True,60,0,11001101
agentmark,AgentMark-F exact probabilities,deepseek,ID,1,50,35,140,True,68,0,11001101
agentmark,AgentMark-F exact probabilities,deepseek,ID,1,50,36,140,True,68,0,11001101
agentmark,AgentMark-F exact probabilities,deepseek,ID,1,50,37,140,True,47,0,11001101
agentmark,AgentMark-F exact probabilities,deepseek,ID,1,50,38,140,True,63,0,11001101
agentmark,AgentMark-F exact probabilities,deepseek,ID,1,50,39,140,True,63,0,11001101
agentmark,AgentMark-F exact probabilities,deepseek,ID,1,50,40,140,True,63,0,11001101
agentmark,AgentMark-F exact probabilities,deepseek,ID,1,50,41,140,True,55,0,11001101
agentmark,AgentMark-F exact probabilities,deepseek,ID,1,50,42,140,True,63,0,11001101
agentmark,AgentMark-F exact probabilities,deepseek,ID,1,50,43,140,True,68,0,11001101
agentmark,AgentMark-F exact probabilities,deepseek,ID,1,50,44,140,True,68,0,11001101
agentmark,AgentMark-F exact probabilities,deepseek,ID,1,50,45,140,True,68,0,11001101
agentmark,AgentMark-F exact probabilities,deepseek,ID,1,50,46,140,True,68,0,11001101
agentmark,AgentMark-F exact probabilities,deepseek,ID,1,50,47,140,True,63,0,11001101
agentmark,AgentMark-F exact probabilities,deepseek,ID,1,50,48,140,True,63,0,11001101
agentmark,AgentMark-F exact probabilities,deepseek,ID,1,50,49,140,True,68,0,11001101
agentmark,AgentMark-F exact probabilities,deepseek,ID,1,80,0,140,True,68,0,11001101
agentmark,AgentMark-F exact probabilities,deepseek,ID,1,80,1,140,True,63,0,11001101
agentmark,AgentMark-F exact probabilities,deepseek,ID,1,80,2,140,True,63,0,11001101
agentmark,AgentMark-F exact probabilities,deepseek,ID,1,80,3,140,True,68,0,11001101
agentmark,AgentMark-F exact probabilities,deepseek,ID,1,80,4,140,True,63,0,11001101
agentmark,AgentMark-F exact probabilities,deepseek,ID,1,80,5,140,True,63,0,11001101
agentmark,AgentMark-F exact probabilities,deepseek,ID,1,80,6,140,True,68,0,11001101
agentmark,AgentMark-F exact probabilities,deepseek,ID,1,80,7,140,True,63,0,11001101
agentmark,AgentMark-F exact probabilities,deepseek,ID,1,80,8,140,True,68,0,11001101
agentmark,AgentMark-F exact probabilities,deepseek,ID,1,80,9,140,True,63,0,11001101
agentmark,AgentMark-F exact probabilities,deepseek,ID,1,80,10,140,True,68,0,11001101
agentmark,AgentMark-F exact probabilities,deepseek,ID,1,80,11,140,True,68,0,11001101
agentmark,AgentMark-F exact probabilities,deepseek,ID,1,80,12,140,True,68,0,11001101
agentmark,AgentMark-F exact probabilities,deepseek,ID,1,80,13,140,True,63,0,11001101
agentmark,AgentMark-F exact probabilities,deepseek,ID,1,80,14,140,True,63,0,11001101
agentmark,AgentMark-F exact probabilities,deepseek,ID,1,80,15,140,True,63,0,11001101
agentmark,AgentMark-F exact probabilities,deepseek,ID,1,80,16,140,True,63,0,11001101
agentmark,AgentMark-F exact probabilities,deepseek,ID,1,80,17,140,True,63,0,11001101
agentmark,AgentMark-F exact probabilities,deepseek,ID,1,80,18,140,True,68,0,11001101
agentmark,AgentMark-F exact probabilities,deepseek,ID,1,80,19,140,True,63,0,11001101
agentmark,AgentMark-F exact probabilities,deepseek,ID,1,80,20,140,True,68,0,11001101
agentmark,AgentMark-F exact probabilities,deepseek,ID,1,80,21,140,True,68,0,11001101
agentmark,AgentMark-F exact probabilities,deepseek,ID,1,80,22,140,True,63,0,11001101
agentmark,AgentMark-F exact probabilities,deepseek,ID,1,80,23,140,True,68,0,11001101
agentmark,AgentMark-F exact probabilities,deepseek,ID,1,80,24,140,True,63,0,11001101
agentmark,AgentMark-F exact probabilities,deepseek,ID,1,80,25,140,True,68,0,11001101
agentmark,AgentMark-F exact probabilities,deepseek,ID,1,80,26,140,True,55,0,11001101
agentmark,AgentMark-F exact probabilities,deepseek,ID,1,80,27,140,True,68,0,11001101
agentmark,AgentMark-F exact probabilities,deepseek,ID,1,80,28,140,True,68,0,11001101
agentmark,AgentMark-F exact probabilities,deepseek,ID,1,80,29,140,True,68,0,11001101
agentmark,AgentMark-F exact probabilities,deepseek,ID,1,80,30,140,True,68,0,11001101
agentmark,AgentMark-F exact probabilities,deepseek,ID,1,80,31,140,True,68,0,11001101
agentmark,AgentMark-F exact probabilities,deepseek,ID,1,80,32,140,True,68,0,11001101
agentmark,AgentMark-F exact probabilities,deepseek,ID,1,80,33,140,True,68,0,11001101
agentmark,AgentMark-F exact probabilities,deepseek,ID,1,80,34,140,True,68,0,11001101
agentmark,AgentMark-F exact probabilities,deepseek,ID,1,80,35,140,True,68,0,11001101
agentmark,AgentMark-F exact probabilities,deepseek,ID,1,80,36,140,True,68,0,11001101
agentmark,AgentMark-F exact probabilities,deepseek,ID,1,80,37,140,True,68,0,11001101
agentmark,AgentMark-F exact probabilities,deepseek,ID,1,80,38,140,True,68,0,11001101
agentmark,AgentMark-F exact probabilities,deepseek,ID,1,80,39,140,True,68,0,11001101
agentmark,AgentMark-F exact probabilities,deepseek,ID,1,80,40,140,True,68,0,11001101
agentmark,AgentMark-F exact probabilities,deepseek,ID,1,80,41,140,True,63,0,11001101
agentmark,AgentMark-F exact probabilities,deepseek,ID,1,80,42,140,True,68,0,11001101
agentmark,AgentMark-F exact probabilities,deepseek,ID,1,80,43,140,True,60,0,11001101
agentmark,AgentMark-F exact probabilities,deepseek,ID,1,80,44,140,True,68,0,11001101
agentmark,AgentMark-F exact probabilities,deepseek,ID,1,80,45,140,True,60,0,11001101
agentmark,AgentMark-F exact probabilities,deepseek,ID,1,80,46,140,True,63,0,11001101
agentmark,AgentMark-F exact probabilities,deepseek,ID,1,80,47,140,True,68,0,11001101
agentmark,AgentMark-F exact probabilities,deepseek,ID,1,80,48,140,True,68,0,11001101
agentmark,AgentMark-F exact probabilities,deepseek,ID,1,80,49,140,True,63,0,11001101
agentmark,AgentMark-F exact probabilities,deepseek,ID,1,100,0,140,True,68,0,11001101
agentmark,AgentMark-F exact probabilities,deepseek,ID,1,100,1,140,True,68,0,11001101
agentmark,AgentMark-F exact probabilities,deepseek,ID,1,100,2,140,True,68,0,11001101
agentmark,AgentMark-F exact probabilities,deepseek,ID,1,100,3,140,True,68,0,11001101
agentmark,AgentMark-F exact probabilities,deepseek,ID,1,100,4,140,True,68,0,11001101
agentmark,AgentMark-F exact probabilities,deepseek,ID,1,100,5,140,True,63,0,11001101
agentmark,AgentMark-F exact probabilities,deepseek,ID,1,100,6,140,True,68,0,11001101
agentmark,AgentMark-F exact probabilities,deepseek,ID,1,100,7,140,True,68,0,11001101
agentmark,AgentMark-F exact probabilities,deepseek,ID,1,100,8,140,True,68,0,11001101
agentmark,AgentMark-F exact probabilities,deepseek,ID,1,100,9,140,True,68,0,11001101
agentmark,AgentMark-F exact probabilities,deepseek,ID,1,100,10,140,True,68,0,11001101
agentmark,AgentMark-F exact probabilities,deepseek,ID,1,100,11,140,True,63,0,11001101
agentmark,AgentMark-F exact probabilities,deepseek,ID,1,100,12,140,True,63,0,11001101
agentmark,AgentMark-F exact probabilities,deepseek,ID,1,100,13,140,True,68,0,11001101
agentmark,AgentMark-F exact probabilities,deepseek,ID,1,100,14,140,True,68,0,11001101
agentmark,AgentMark-F exact probabilities,deepseek,ID,1,100,15,140,True,63,0,11001101
agentmark,AgentMark-F exact probabilities,deepseek,ID,1,100,16,140,True,68,0,11001101
agentmark,AgentMark-F exact probabilities,deepseek,ID,1,100,17,140,True,68,0,11001101
agentmark,AgentMark-F exact probabilities,deepseek,ID,1,100,18,140,True,63,0,11001101
agentmark,AgentMark-F exact probabilities,deepseek,ID,1,100,19,140,True,68,0,11001101
agentmark,AgentMark-F exact probabilities,deepseek,ID,1,100,20,140,True,63,0,11001101
agentmark,AgentMark-F exact probabilities,deepseek,ID,1,100,21,140,True,68,0,11001101
agentmark,AgentMark-F exact probabilities,deepseek,ID,1,100,22,140,True,60,0,11001101
agentmark,AgentMark-F exact probabilities,deepseek,ID,1,100,23,140,True,63,0,11001101
agentmark,AgentMark-F exact probabilities,deepseek,ID,1,100,24,140,True,68,0,11001101
agentmark,AgentMark-F exact probabilities,deepseek,ID,1,100,25,140,True,68,0,11001101
agentmark,AgentMark-F exact probabilities,deepseek,ID,1,100,26,140,True,68,0,11001101
agentmark,AgentMark-F exact probabilities,deepseek,ID,1,100,27,140,True,63,0,11001101
agentmark,AgentMark-F exact probabilities,deepseek,ID,1,100,28,140,True,68,0,11001101
agentmark,AgentMark-F exact probabilities,deepseek,ID,1,100,29,140,True,63,0,11001101
agentmark,AgentMark-F exact probabilities,deepseek,ID,1,100,30,140,True,68,0,11001101
agentmark,AgentMark-F exact probabilities,deepseek,ID,1,100,31,140,True,68,0,11001101
agentmark,AgentMark-F exact probabilities,deepseek,ID,1,100,32,140,True,68,0,11001101
agentmark,AgentMark-F exact probabilities,deepseek,ID,1,100,33,140,True,63,0,11001101
agentmark,AgentMark-F exact probabilities,deepseek,ID,1,100,34,140,True,68,0,11001101
agentmark,AgentMark-F exact probabilities,deepseek,ID,1,100,35,140,True,68,0,11001101
agentmark,AgentMark-F exact probabilities,deepseek,ID,1,100,36,140,True,63,0,11001101
agentmark,AgentMark-F exact probabilities,deepseek,ID,1,100,37,140,True,68,0,11001101
agentmark,AgentMark-F exact probabilities,deepseek,ID,1,100,38,140,True,68,0,11001101
agentmark,AgentMark-F exact probabilities,deepseek,ID,1,100,39,140,True,68,0,11001101
agentmark,AgentMark-F exact probabilities,deepseek,ID,1,100,40,140,True,68,0,11001101
agentmark,AgentMark-F exact probabilities,deepseek,ID,1,100,41,140,True,68,0,11001101
agentmark,AgentMark-F exact probabilities,deepseek,ID,1,100,42,140,True,68,0,11001101
agentmark,AgentMark-F exact probabilities,deepseek,ID,1,100,43,140,True,68,0,11001101
agentmark,AgentMark-F exact probabilities,deepseek,ID,1,100,44,140,True,63,0,11001101
agentmark,AgentMark-F exact probabilities,deepseek,ID,1,100,45,140,True,68,0,11001101
agentmark,AgentMark-F exact probabilities,deepseek,ID,1,100,46,140,True,63,0,11001101
agentmark,AgentMark-F exact probabilities,deepseek,ID,1,100,47,140,True,63,0,11001101
agentmark,AgentMark-F exact probabilities,deepseek,ID,1,100,48,140,True,63,0,11001101
agentmark,AgentMark-F exact probabilities,deepseek,ID,1,100,49,140,True,68,0,11001101
agentmark,AgentMark-F exact probabilities,deepseek,ID,2,1,0,140,False,6,0,
agentmark,AgentMark-F exact probabilities,deepseek,ID,2,1,1,140,False,2,0,
agentmark,AgentMark-F exact probabilities,deepseek,ID,2,1,2,140,True,17,0,11001101
agentmark,AgentMark-F exact probabilities,deepseek,ID,2,1,3,140,True,49,0,11001101
agentmark,AgentMark-F exact probabilities,deepseek,ID,2,1,4,140,False,2,0,
agentmark,AgentMark-F exact probabilities,deepseek,ID,2,1,5,140,True,44,0,11001101
agentmark,AgentMark-F exact probabilities,deepseek,ID,2,1,6,140,False,6,0,
agentmark,AgentMark-F exact probabilities,deepseek,ID,2,1,7,140,True,69,0,11001101
agentmark,AgentMark-F exact probabilities,deepseek,ID,2,1,8,140,True,16,0,11001101
agentmark,AgentMark-F exact probabilities,deepseek,ID,2,1,9,140,True,11,0,11001101
agentmark,AgentMark-F exact probabilities,deepseek,ID,2,1,10,140,True,27,0,11001101
agentmark,AgentMark-F exact probabilities,deepseek,ID,2,1,11,140,True,11,0,11001101
agentmark,AgentMark-F exact probabilities,deepseek,ID,2,1,12,140,True,40,0,11001101
agentmark,AgentMark-F exact probabilities,deepseek,ID,2,1,13,140,True,36,0,11001101
agentmark,AgentMark-F exact probabilities,deepseek,ID,2,1,14,140,True,29,0,11001101
agentmark,AgentMark-F exact probabilities,deepseek,ID,2,1,15,140,False,2,0,
agentmark,AgentMark-F exact probabilities,deepseek,ID,2,1,16,140,False,8,0,
agentmark,AgentMark-F exact probabilities,deepseek,ID,2,1,17,140,True,13,0,11001101
agentmark,AgentMark-F exact probabilities,deepseek,ID,2,1,18,140,False,1,0,
agentmark,AgentMark-F exact probabilities,deepseek,ID,2,1,19,140,True,9,0,11001101
agentmark,AgentMark-F exact probabilities,deepseek,ID,2,1,20,140,True,42,0,11001101
agentmark,AgentMark-F exact probabilities,deepseek,ID,2,1,21,140,True,53,0,11001101
agentmark,AgentMark-F exact probabilities,deepseek,ID,2,1,22,140,False,8,0,
agentmark,AgentMark-F exact probabilities,deepseek,ID,2,1,23,140,True,14,0,11001101
agentmark,AgentMark-F exact probabilities,deepseek,ID,2,1,24,140,True,46,0,11001101
agentmark,AgentMark-F exact probabilities,deepseek,ID,2,1,25,140,True,14,0,11001101
agentmark,AgentMark-F exact probabilities,deepseek,ID,2,1,26,140,False,3,0,
agentmark,AgentMark-F exact probabilities,deepseek,ID,2,1,27,140,True,46,0,11001101
agentmark,AgentMark-F exact probabilities,deepseek,ID,2,1,28,140,False,7,0,
agentmark,AgentMark-F exact probabilities,deepseek,ID,2,1,29,140,True,12,0,11001101
agentmark,AgentMark-F exact probabilities,deepseek,ID,2,1,30,140,True,46,0,11001101
agentmark,AgentMark-F exact probabilities,deepseek,ID,2,1,31,140,True,23,0,11001101
agentmark,AgentMark-F exact probabilities,deepseek,ID,2,1,32,140,False,1,0,
agentmark,AgentMark-F exact probabilities,deepseek,ID,2,1,33,140,True,29,0,11001101
agentmark,AgentMark-F exact probabilities,deepseek,ID,2,1,34,140,True,48,0,11001101
agentmark,AgentMark-F exact probabilities,deepseek,ID,2,1,35,140,False,0,0,
agentmark,AgentMark-F exact probabilities,deepseek,ID,2,1,36,140,True,37,0,11001101
agentmark,AgentMark-F exact probabilities,deepseek,ID,2,1,37,140,False,7,0,
agentmark,AgentMark-F exact probabilities,deepseek,ID,2,1,38,140,True,22,0,11001101
agentmark,AgentMark-F exact probabilities,deepseek,ID,2,1,39,140,True,10,0,11001101
agentmark,AgentMark-F exact probabilities,deepseek,ID,2,1,40,140,True,35,0,11001101
agentmark,AgentMark-F exact probabilities,deepseek,ID,2,1,41,140,True,14,0,11001101
agentmark,AgentMark-F exact probabilities,deepseek,ID,2,1,42,140,True,18,0,11001101
agentmark,AgentMark-F exact probabilities,deepseek,ID,2,1,43,140,True,45,0,11001101
agentmark,AgentMark-F exact probabilities,deepseek,ID,2,1,44,140,False,7,0,
agentmark,AgentMark-F exact probabilities,deepseek,ID,2,1,45,140,True,9,0,11001101
agentmark,AgentMark-F exact probabilities,deepseek,ID,2,1,46,140,True,9,0,11001101
agentmark,AgentMark-F exact probabilities,deepseek,ID,2,1,47,140,False,7,0,
agentmark,AgentMark-F exact probabilities,deepseek,ID,2,1,48,140,True,10,0,11001101
agentmark,AgentMark-F exact probabilities,deepseek,ID,2,1,49,140,True,11,0,11001101
agentmark,AgentMark-F exact probabilities,deepseek,ID,2,2,0,140,True,27,0,11001101
agentmark,AgentMark-F exact probabilities,deepseek,ID,2,2,1,140,True,40,0,11001101
agentmark,AgentMark-F exact probabilities,deepseek,ID,2,2,2,140,True,29,0,11001101
agentmark,AgentMark-F exact probabilities,deepseek,ID,2,2,3,140,True,35,0,11001101
agentmark,AgentMark-F exact probabilities,deepseek,ID,2,2,4,140,False,4,0,
agentmark,AgentMark-F exact probabilities,deepseek,ID,2,2,5,140,True,33,0,11001101
agentmark,AgentMark-F exact probabilities,deepseek,ID,2,2,6,140,True,40,0,11001101
agentmark,AgentMark-F exact probabilities,deepseek,ID,2,2,7,140,True,16,0,11001101
agentmark,AgentMark-F exact probabilities,deepseek,ID,2,2,8,140,True,25,0,11001101
agentmark,AgentMark-F exact probabilities,deepseek,ID,2,2,9,140,True,40,0,11001101
agentmark,AgentMark-F exact probabilities,deepseek,ID,2,2,10,140,True,18,0,11001101
agentmark,AgentMark-F exact probabilities,deepseek,ID,2,2,11,140,True,25,0,11001101
agentmark,AgentMark-F exact probabilities,deepseek,ID,2,2,12,140,True,53,0,11001101
agentmark,AgentMark-F exact probabilities,deepseek,ID,2,2,13,140,True,44,0,11001101
agentmark,AgentMark-F exact probabilities,deepseek,ID,2,2,14,140,True,53,0,11001101
agentmark,AgentMark-F exact probabilities,deepseek,ID,2,2,15,140,True,36,0,11001101
agentmark,AgentMark-F exact probabilities,deepseek,ID,2,2,16,140,True,38,0,11001101
agentmark,AgentMark-F exact probabilities,deepseek,ID,2,2,17,140,True,10,0,11001101
agentmark,AgentMark-F exact probabilities,deepseek,ID,2,2,18,140,True,9,0,11001101
agentmark,AgentMark-F exact probabilities,deepseek,ID,2,2,19,140,False,7,0,
agentmark,AgentMark-F exact probabilities,deepseek,ID,2,2,20,140,True,42,0,11001101
agentmark,AgentMark-F exact probabilities,deepseek,ID,2,2,21,140,True,14,0,11001101
agentmark,AgentMark-F exact probabilities,deepseek,ID,2,2,22,140,True,10,0,11001101
agentmark,AgentMark-F exact probabilities,deepseek,ID,2,2,23,140,False,8,0,
agentmark,AgentMark-F exact probabilities,deepseek,ID,2,2,24,140,True,38,0,11001101
agentmark,AgentMark-F exact probabilities,deepseek,ID,2,2,25,140,True,49,0,11001101
agentmark,AgentMark-F exact probabilities,deepseek,ID,2,2,26,140,True,54,0,11001101
agentmark,AgentMark-F exact probabilities,deepseek,ID,2,2,27,140,True,10,0,11001101
agentmark,AgentMark-F exact probabilities,deepseek,ID,2,2,28,140,True,69,0,11001101
agentmark,AgentMark-F exact probabilities,deepseek,ID,2,2,29,140,True,13,0,11001101
agentmark,AgentMark-F exact probabilities,deepseek,ID,2,2,30,140,False,7,0,
agentmark,AgentMark-F exact probabilities,deepseek,ID,2,2,31,140,True,9,0,11001101
agentmark,AgentMark-F exact probabilities,deepseek,ID,2,2,32,140,True,44,0,11001101
agentmark,AgentMark-F exact probabilities,deepseek,ID,2,2,33,140,True,54,0,11001101
agentmark,AgentMark-F exact probabilities,deepseek,ID,2,2,34,140,True,54,0,11001101
agentmark,AgentMark-F exact probabilities,deepseek,ID,2,2,35,140,True,44,0,11001101
agentmark,AgentMark-F exact probabilities,deepseek,ID,2,2,36,140,True,10,0,11001101
agentmark,AgentMark-F exact probabilities,deepseek,ID,2,2,37,140,True,16,0,11001101
agentmark,AgentMark-F exact probabilities,deepseek,ID,2,2,38,140,True,49,0,11001101
agentmark,AgentMark-F exact probabilities,deepseek,ID,2,2,39,140,True,26,0,11001101
agentmark,AgentMark-F exact probabilities,deepseek,ID,2,2,40,140,True,69,0,11001101
agentmark,AgentMark-F exact probabilities,deepseek,ID,2,2,41,140,False,7,0,
agentmark,AgentMark-F exact probabilities,deepseek,ID,2,2,42,140,True,37,0,11001101
agentmark,AgentMark-F exact probabilities,deepseek,ID,2,2,43,140,False,7,0,
agentmark,AgentMark-F exact probabilities,deepseek,ID,2,2,44,140,True,35,0,11001101
agentmark,AgentMark-F exact probabilities,deepseek,ID,2,2,45,140,True,54,0,11001101
agentmark,AgentMark-F exact probabilities,deepseek,ID,2,2,46,140,True,69,0,11001101
agentmark,AgentMark-F exact probabilities,deepseek,ID,2,2,47,140,True,49,0,11001101
agentmark,AgentMark-F exact probabilities,deepseek,ID,2,2,48,140,True,71,0,11001101
agentmark,AgentMark-F exact probabilities,deepseek,ID,2,2,49,140,True,33,0,11001101
agentmark,AgentMark-F exact probabilities,deepseek,ID,2,3,0,140,True,32,0,11001101
agentmark,AgentMark-F exact probabilities,deepseek,ID,2,3,1,140,True,48,0,11001101
agentmark,AgentMark-F exact probabilities,deepseek,ID,2,3,2,140,True,15,0,11001101
agentmark,AgentMark-F exact probabilities,deepseek,ID,2,3,3,140,True,46,0,11001101
agentmark,AgentMark-F exact probabilities,deepseek,ID,2,3,4,140,True,48,0,11001101
agentmark,AgentMark-F exact probabilities,deepseek,ID,2,3,5,140,True,25,0,11001101
agentmark,AgentMark-F exact probabilities,deepseek,ID,2,3,6,140,True,44,0,11001101
agentmark,AgentMark-F exact probabilities,deepseek,ID,2,3,7,140,True,15,0,11001101
agentmark,AgentMark-F exact probabilities,deepseek,ID,2,3,8,140,True,13,0,11001101
agentmark,AgentMark-F exact probabilities,deepseek,ID,2,3,9,140,False,7,0,
agentmark,AgentMark-F exact probabilities,deepseek,ID,2,3,10,140,True,36,0,11001101
agentmark,AgentMark-F exact probabilities,deepseek,ID,2,3,11,140,True,83,0,11001101
agentmark,AgentMark-F exact probabilities,deepseek,ID,2,3,12,140,True,20,0,11001101
agentmark,AgentMark-F exact probabilities,deepseek,ID,2,3,13,140,True,46,0,11001101
agentmark,AgentMark-F exact probabilities,deepseek,ID,2,3,14,140,True,48,0,11001101
agentmark,AgentMark-F exact probabilities,deepseek,ID,2,3,15,140,True,49,0,11001101
agentmark,AgentMark-F exact probabilities,deepseek,ID,2,3,16,140,True,51,0,11001101
agentmark,AgentMark-F exact probabilities,deepseek,ID,2,3,17,140,True,27,0,11001101
agentmark,AgentMark-F exact probabilities,deepseek,ID,2,3,18,140,True,16,0,11001101
agentmark,AgentMark-F exact probabilities,deepseek,ID,2,3,19,140,True,49,0,11001101
agentmark,AgentMark-F exact probabilities,deepseek,ID,2,3,20,140,True,36,0,11001101
agentmark,AgentMark-F exact probabilities,deepseek,ID,2,3,21,140,True,33,0,11001101
agentmark,AgentMark-F exact probabilities,deepseek,ID,2,3,22,140,True,29,0,11001101
agentmark,AgentMark-F exact probabilities,deepseek,ID,2,3,23,140,True,54,0,11001101
agentmark,AgentMark-F exact probabilities,deepseek,ID,2,3,24,140,True,26,0,11001101
agentmark,AgentMark-F exact probabilities,deepseek,ID,2,3,25,140,True,53,0,11001101
agentmark,AgentMark-F exact probabilities,deepseek,ID,2,3,26,140,True,25,0,11001101
agentmark,AgentMark-F exact probabilities,deepseek,ID,2,3,27,140,True,40,0,11001101
agentmark,AgentMark-F exact probabilities,deepseek,ID,2,3,28,140,True,33,0,11001101
agentmark,AgentMark-F exact probabilities,deepseek,ID,2,3,29,140,True,54,0,11001101
agentmark,AgentMark-F exact probabilities,deepseek,ID,2,3,30,140,True,11,0,11001101
agentmark,AgentMark-F exact probabilities,deepseek,ID,2,3,31,140,True,27,0,11001101
agentmark,AgentMark-F exact probabilities,deepseek,ID,2,3,32,140,True,49,0,11001101
agentmark,AgentMark-F exact probabilities,deepseek,ID,2,3,33,140,True,54,0,11001101
agentmark,AgentMark-F exact probabilities,deepseek,ID,2,3,34,140,True,36,0,11001101
agentmark,AgentMark-F exact probabilities,deepseek,ID,2,3,35,140,True,60,0,11001101
agentmark,AgentMark-F exact probabilities,deepseek,ID,2,3,36,140,True,48,0,11001101
agentmark,AgentMark-F exact probabilities,deepseek,ID,2,3,37,140,True,53,0,11001101
agentmark,AgentMark-F exact probabilities,deepseek,ID,2,3,38,140,True,36,0,11001101
agentmark,AgentMark-F exact probabilities,deepseek,ID,2,3,39,140,True,53,0,11001101
agentmark,AgentMark-F exact probabilities,deepseek,ID,2,3,40,140,True,46,0,11001101
agentmark,AgentMark-F exact probabilities,deepseek,ID,2,3,41,140,True,16,0,11001101
agentmark,AgentMark-F exact probabilities,deepseek,ID,2,3,42,140,True,36,0,11001101
agentmark,AgentMark-F exact probabilities,deepseek,ID,2,3,43,140,True,46,0,11001101
agentmark,AgentMark-F exact probabilities,deepseek,ID,2,3,44,140,True,83,0,11001101
agentmark,AgentMark-F exact probabilities,deepseek,ID,2,3,45,140,True,15,0,11001101
agentmark,AgentMark-F exact probabilities,deepseek,ID,2,3,46,140,True,42,0,11001101
agentmark,AgentMark-F exact probabilities,deepseek,ID,2,3,47,140,True,49,0,11001101
agentmark,AgentMark-F exact probabilities,deepseek,ID,2,3,48,140,True,54,0,11001101
agentmark,AgentMark-F exact probabilities,deepseek,ID,2,3,49,140,True,19,0,11001101
agentmark,AgentMark-F exact probabilities,deepseek,ID,2,5,0,140,True,49,0,11001101
agentmark,AgentMark-F exact probabilities,deepseek,ID,2,5,1,140,True,16,0,11001101
agentmark,AgentMark-F exact probabilities,deepseek,ID,2,5,2,140,True,44,0,11001101
agentmark,AgentMark-F exact probabilities,deepseek,ID,2,5,3,140,True,33,0,11001101
agentmark,AgentMark-F exact probabilities,deepseek,ID,2,5,4,140,True,49,0,11001101
agentmark,AgentMark-F exact probabilities,deepseek,ID,2,5,5,140,True,68,0,11001101
agentmark,AgentMark-F exact probabilities,deepseek,ID,2,5,6,140,True,18,0,11001101
agentmark,AgentMark-F exact probabilities,deepseek,ID,2,5,7,140,True,49,0,11001101
agentmark,AgentMark-F exact probabilities,deepseek,ID,2,5,8,140,True,14,0,11001101
agentmark,AgentMark-F exact probabilities,deepseek,ID,2,5,9,140,True,83,0,11001101
agentmark,AgentMark-F exact probabilities,deepseek,ID,2,5,10,140,True,49,0,11001101
agentmark,AgentMark-F exact probabilities,deepseek,ID,2,5,11,140,True,60,0,11001101
agentmark,AgentMark-F exact probabilities,deepseek,ID,2,5,12,140,True,54,0,11001101
agentmark,AgentMark-F exact probabilities,deepseek,ID,2,5,13,140,True,46,0,11001101
agentmark,AgentMark-F exact probabilities,deepseek,ID,2,5,14,140,True,51,0,11001101
agentmark,AgentMark-F exact probabilities,deepseek,ID,2,5,15,140,True,54,0,11001101
agentmark,AgentMark-F exact probabilities,deepseek,ID,2,5,16,140,True,18,0,11001101
agentmark,AgentMark-F exact probabilities,deepseek,ID,2,5,17,140,True,23,0,11001101
agentmark,AgentMark-F exact probabilities,deepseek,ID,2,5,18,140,True,45,0,11001101
agentmark,AgentMark-F exact probabilities,deepseek,ID,2,5,19,140,True,25,0,11001101
agentmark,AgentMark-F exact probabilities,deepseek,ID,2,5,20,140,True,29,0,11001101
agentmark,AgentMark-F exact probabilities,deepseek,ID,2,5,21,140,True,46,0,11001101
agentmark,AgentMark-F exact probabilities,deepseek,ID,2,5,22,140,True,68,0,11001101
agentmark,AgentMark-F exact probabilities,deepseek,ID,2,5,23,140,True,44,0,11001101
agentmark,AgentMark-F exact probabilities,deepseek,ID,2,5,24,140,True,44,0,11001101
agentmark,AgentMark-F exact probabilities,deepseek,ID,2,5,25,140,True,83,0,11001101
agentmark,AgentMark-F exact probabilities,deepseek,ID,2,5,26,140,True,33,0,11001101
agentmark,AgentMark-F exact probabilities,deepseek,ID,2,5,27,140,True,27,0,11001101
agentmark,AgentMark-F exact probabilities,deepseek,ID,2,5,28,140,True,22,0,11001101
agentmark,AgentMark-F exact probabilities,deepseek,ID,2,5,29,140,True,68,0,11001101
agentmark,AgentMark-F exact probabilities,deepseek,ID,2,5,30,140,True,54,0,11001101
agentmark,AgentMark-F exact probabilities,deepseek,ID,2,5,31,140,True,49,0,11001101
agentmark,AgentMark-F exact probabilities,deepseek,ID,2,5,32,140,True,54,0,11001101
agentmark,AgentMark-F exact probabilities,deepseek,ID,2,5,33,140,True,42,0,11001101
agentmark,AgentMark-F exact probabilities,deepseek,ID,2,5,34,140,True,60,0,11001101
agentmark,AgentMark-F exact probabilities,deepseek,ID,2,5,35,140,True,60,0,11001101
agentmark,AgentMark-F exact probabilities,deepseek,ID,2,5,36,140,True,36,0,11001101
agentmark,AgentMark-F exact probabilities,deepseek,ID,2,5,37,140,True,23,0,11001101
agentmark,AgentMark-F exact probabilities,deepseek,ID,2,5,38,140,True,54,0,11001101
agentmark,AgentMark-F exact probabilities,deepseek,ID,2,5,39,140,True,32,0,11001101
agentmark,AgentMark-F exact probabilities,deepseek,ID,2,5,40,140,True,46,0,11001101
agentmark,AgentMark-F exact probabilities,deepseek,ID,2,5,41,140,True,46,0,11001101
agentmark,AgentMark-F exact probabilities,deepseek,ID,2,5,42,140,True,60,0,11001101
agentmark,AgentMark-F exact probabilities,deepseek,ID,2,5,43,140,True,43,0,11001101
agentmark,AgentMark-F exact probabilities,deepseek,ID,2,5,44,140,True,60,0,11001101
agentmark,AgentMark-F exact probabilities,deepseek,ID,2,5,45,140,True,23,0,11001101
agentmark,AgentMark-F exact probabilities,deepseek,ID,2,5,46,140,True,48,0,11001101
agentmark,AgentMark-F exact probabilities,deepseek,ID,2,5,47,140,True,25,0,11001101
agentmark,AgentMark-F exact probabilities,deepseek,ID,2,5,48,140,True,46,0,11001101
agentmark,AgentMark-F exact probabilities,deepseek,ID,2,5,49,140,True,69,0,11001101
agentmark,AgentMark-F exact probabilities,deepseek,ID,2,8,0,140,True,69,0,11001101
agentmark,AgentMark-F exact probabilities,deepseek,ID,2,8,1,140,True,49,0,11001101
agentmark,AgentMark-F exact probabilities,deepseek,ID,2,8,2,140,True,69,0,11001101
agentmark,AgentMark-F exact probabilities,deepseek,ID,2,8,3,140,True,69,0,11001101
agentmark,AgentMark-F exact probabilities,deepseek,ID,2,8,4,140,True,36,0,11001101
agentmark,AgentMark-F exact probabilities,deepseek,ID,2,8,5,140,True,49,0,11001101
agentmark,AgentMark-F exact probabilities,deepseek,ID,2,8,6,140,True,54,0,11001101
agentmark,AgentMark-F exact probabilities,deepseek,ID,2,8,7,140,True,60,0,11001101
agentmark,AgentMark-F exact probabilities,deepseek,ID,2,8,8,140,True,54,0,11001101
agentmark,AgentMark-F exact probabilities,deepseek,ID,2,8,9,140,True,54,0,11001101
agentmark,AgentMark-F exact probabilities,deepseek,ID,2,8,10,140,True,54,0,11001101
agentmark,AgentMark-F exact probabilities,deepseek,ID,2,8,11,140,True,54,0,11001101
agentmark,AgentMark-F exact probabilities,deepseek,ID,2,8,12,140,True,48,0,11001101
agentmark,AgentMark-F exact probabilities,deepseek,ID,2,8,13,140,True,48,0,11001101
agentmark,AgentMark-F exact probabilities,deepseek,ID,2,8,14,140,True,83,0,11001101
agentmark,AgentMark-F exact probabilities,deepseek,ID,2,8,15,140,True,68,0,11001101
agentmark,AgentMark-F exact probabilities,deepseek,ID,2,8,16,140,True,49,0,11001101
agentmark,AgentMark-F exact probabilities,deepseek,ID,2,8,17,140,True,54,0,11001101
agentmark,AgentMark-F exact probabilities,deepseek,ID,2,8,18,140,True,54,0,11001101
agentmark,AgentMark-F exact probabilities,deepseek,ID,2,8,19,140,True,69,0,11001101
agentmark,AgentMark-F exact probabilities,deepseek,ID,2,8,20,140,True,71,0,11001101
agentmark,AgentMark-F exact probabilities,deepseek,ID,2,8,21,140,True,49,0,11001101
agentmark,AgentMark-F exact probabilities,deepseek,ID,2,8,22,140,True,44,0,11001101
agentmark,AgentMark-F exact probabilities,deepseek,ID,2,8,23,140,True,46,0,11001101
agentmark,AgentMark-F exact probabilities,deepseek,ID,2,8,24,140,True,46,0,11001101
agentmark,AgentMark-F exact probabilities,deepseek,ID,2,8,25,140,True,49,0,11001101
agentmark,AgentMark-F exact probabilities,deepseek,ID,2,8,26,140,True,49,0,11001101
agentmark,AgentMark-F exact probabilities,deepseek,ID,2,8,27,140,True,83,0,11001101
agentmark,AgentMark-F exact probabilities,deepseek,ID,2,8,28,140,True,54,0,11001101
agentmark,AgentMark-F exact probabilities,deepseek,ID,2,8,29,140,True,45,0,11001101
agentmark,AgentMark-F exact probabilities,deepseek,ID,2,8,30,140,True,53,0,11001101
agentmark,AgentMark-F exact probabilities,deepseek,ID,2,8,31,140,True,54,0,11001101
agentmark,AgentMark-F exact probabilities,deepseek,ID,2,8,32,140,True,53,0,11001101
agentmark,AgentMark-F exact probabilities,deepseek,ID,2,8,33,140,True,54,0,11001101
agentmark,AgentMark-F exact probabilities,deepseek,ID,2,8,34,140,True,49,0,11001101
agentmark,AgentMark-F exact probabilities,deepseek,ID,2,8,35,140,True,68,0,11001101
agentmark,AgentMark-F exact probabilities,deepseek,ID,2,8,36,140,True,48,0,11001101
agentmark,AgentMark-F exact probabilities,deepseek,ID,2,8,37,140,True,48,0,11001101
agentmark,AgentMark-F exact probabilities,deepseek,ID,2,8,38,140,True,54,0,11001101
agentmark,AgentMark-F exact probabilities,deepseek,ID,2,8,39,140,True,54,0,11001101
agentmark,AgentMark-F exact probabilities,deepseek,ID,2,8,40,140,True,44,0,11001101
agentmark,AgentMark-F exact probabilities,deepseek,ID,2,8,41,140,True,60,0,11001101
agentmark,AgentMark-F exact probabilities,deepseek,ID,2,8,42,140,True,43,0,11001101
agentmark,AgentMark-F exact probabilities,deepseek,ID,2,8,43,140,True,69,0,11001101
agentmark,AgentMark-F exact probabilities,deepseek,ID,2,8,44,140,True,49,0,11001101
agentmark,AgentMark-F exact probabilities,deepseek,ID,2,8,45,140,True,33,0,11001101
agentmark,AgentMark-F exact probabilities,deepseek,ID,2,8,46,140,True,35,0,11001101
agentmark,AgentMark-F exact probabilities,deepseek,ID,2,8,47,140,True,45,0,11001101
agentmark,AgentMark-F exact probabilities,deepseek,ID,2,8,48,140,True,60,0,11001101
agentmark,AgentMark-F exact probabilities,deepseek,ID,2,8,49,140,True,49,0,11001101
agentmark,AgentMark-F exact probabilities,deepseek,ID,2,10,0,140,True,68,0,11001101
agentmark,AgentMark-F exact probabilities,deepseek,ID,2,10,1,140,True,54,0,11001101
agentmark,AgentMark-F exact probabilities,deepseek,ID,2,10,2,140,True,49,0,11001101
agentmark,AgentMark-F exact probabilities,deepseek,ID,2,10,3,140,True,49,0,11001101
agentmark,AgentMark-F exact probabilities,deepseek,ID,2,10,4,140,True,44,0,11001101
agentmark,AgentMark-F exact probabilities,deepseek,ID,2,10,5,140,True,54,0,11001101
agentmark,AgentMark-F exact probabilities,deepseek,ID,2,10,6,140,True,69,0,11001101
agentmark,AgentMark-F exact probabilities,deepseek,ID,2,10,7,140,True,38,0,11001101
agentmark,AgentMark-F exact probabilities,deepseek,ID,2,10,8,140,True,51,0,11001101
agentmark,AgentMark-F exact probabilities,deepseek,ID,2,10,9,140,True,68,0,11001101
agentmark,AgentMark-F exact probabilities,deepseek,ID,2,10,10,140,True,46,0,11001101
agentmark,AgentMark-F exact probabilities,deepseek,ID,2,10,11,140,True,69,0,11001101
agentmark,AgentMark-F exact probabilities,deepseek,ID,2,10,12,140,True,54,0,11001101
agentmark,AgentMark-F exact probabilities,deepseek,ID,2,10,13,140,True,69,0,11001101
agentmark,AgentMark-F exact probabilities,deepseek,ID,2,10,14,140,True,49,0,11001101
agentmark,AgentMark-F exact probabilities,deepseek,ID,2,10,15,140,True,49,0,11001101
agentmark,AgentMark-F exact probabilities,deepseek,ID,2,10,16,140,True,71,0,11001101
agentmark,AgentMark-F exact probabilities,deepseek,ID,2,10,17,140,True,53,0,11001101
agentmark,AgentMark-F exact probabilities,deepseek,ID,2,10,18,140,True,69,0,11001101
agentmark,AgentMark-F exact probabilities,deepseek,ID,2,10,19,140,True,46,0,11001101
agentmark,AgentMark-F exact probabilities,deepseek,ID,2,10,20,140,True,49,0,11001101
agentmark,AgentMark-F exact probabilities,deepseek,ID,2,10,21,140,True,35,0,11001101
agentmark,AgentMark-F exact probabilities,deepseek,ID,2,10,22,140,True,68,0,11001101
agentmark,AgentMark-F exact probabilities,deepseek,ID,2,10,23,140,True,48,0,11001101
agentmark,AgentMark-F exact probabilities,deepseek,ID,2,10,24,140,True,54,0,11001101
agentmark,AgentMark-F exact probabilities,deepseek,ID,2,10,25,140,True,69,0,11001101
agentmark,AgentMark-F exact probabilities,deepseek,ID,2,10,26,140,True,51,0,11001101
agentmark,AgentMark-F exact probabilities,deepseek,ID,2,10,27,140,True,37,0,11001101
agentmark,AgentMark-F exact probabilities,deepseek,ID,2,10,28,140,True,44,0,11001101
agentmark,AgentMark-F exact probabilities,deepseek,ID,2,10,29,140,True,54,0,11001101
agentmark,AgentMark-F exact probabilities,deepseek,ID,2,10,30,140,True,54,0,11001101
agentmark,AgentMark-F exact probabilities,deepseek,ID,2,10,31,140,True,68,0,11001101
agentmark,AgentMark-F exact probabilities,deepseek,ID,2,10,32,140,True,71,0,11001101
agentmark,AgentMark-F exact probabilities,deepseek,ID,2,10,33,140,True,48,0,11001101
agentmark,AgentMark-F exact probabilities,deepseek,ID,2,10,34,140,True,69,0,11001101
agentmark,AgentMark-F exact probabilities,deepseek,ID,2,10,35,140,True,54,0,11001101
agentmark,AgentMark-F exact probabilities,deepseek,ID,2,10,36,140,True,69,0,11001101
agentmark,AgentMark-F exact probabilities,deepseek,ID,2,10,37,140,True,69,0,11001101
agentmark,AgentMark-F exact probabilities,deepseek,ID,2,10,38,140,True,48,0,11001101
agentmark,AgentMark-F exact probabilities,deepseek,ID,2,10,39,140,True,43,0,11001101
agentmark,AgentMark-F exact probabilities,deepseek,ID,2,10,40,140,True,69,0,11001101
agentmark,AgentMark-F exact probabilities,deepseek,ID,2,10,41,140,True,38,0,11001101
agentmark,AgentMark-F exact probabilities,deepseek,ID,2,10,42,140,True,54,0,11001101
agentmark,AgentMark-F exact probabilities,deepseek,ID,2,10,43,140,True,69,0,11001101
agentmark,AgentMark-F exact probabilities,deepseek,ID,2,10,44,140,True,60,0,11001101
agentmark,AgentMark-F exact probabilities,deepseek,ID,2,10,45,140,True,69,0,11001101
agentmark,AgentMark-F exact probabilities,deepseek,ID,2,10,46,140,True,54,0,11001101
agentmark,AgentMark-F exact probabilities,deepseek,ID,2,10,47,140,True,48,0,11001101
agentmark,AgentMark-F exact probabilities,deepseek,ID,2,10,48,140,True,40,0,11001101
agentmark,AgentMark-F exact probabilities,deepseek,ID,2,10,49,140,True,49,0,11001101
agentmark,AgentMark-F exact probabilities,deepseek,ID,2,15,0,140,True,83,0,11001101
agentmark,AgentMark-F exact probabilities,deepseek,ID,2,15,1,140,True,43,0,11001101
agentmark,AgentMark-F exact probabilities,deepseek,ID,2,15,2,140,True,83,0,11001101
agentmark,AgentMark-F exact probabilities,deepseek,ID,2,15,3,140,True,69,0,11001101
agentmark,AgentMark-F exact probabilities,deepseek,ID,2,15,4,140,True,43,0,11001101
agentmark,AgentMark-F exact probabilities,deepseek,ID,2,15,5,140,True,49,0,11001101
agentmark,AgentMark-F exact probabilities,deepseek,ID,2,15,6,140,True,68,0,11001101
agentmark,AgentMark-F exact probabilities,deepseek,ID,2,15,7,140,True,54,0,11001101
agentmark,AgentMark-F exact probabilities,deepseek,ID,2,15,8,140,True,54,0,11001101
agentmark,AgentMark-F exact probabilities,deepseek,ID,2,15,9,140,True,48,0,11001101
agentmark,AgentMark-F exact probabilities,deepseek,ID,2,15,10,140,True,83,0,11001101
agentmark,AgentMark-F exact probabilities,deepseek,ID,2,15,11,140,True,48,0,11001101
agentmark,AgentMark-F exact probabilities,deepseek,ID,2,15,12,140,True,69,0,11001101
agentmark,AgentMark-F exact probabilities,deepseek,ID,2,15,13,140,True,71,0,11001101
agentmark,AgentMark-F exact probabilities,deepseek,ID,2,15,14,140,True,49,0,11001101
agentmark,AgentMark-F exact probabilities,deepseek,ID,2,15,15,140,True,51,0,11001101
agentmark,AgentMark-F exact probabilities,deepseek,ID,2,15,16,140,True,54,0,11001101
agentmark,AgentMark-F exact probabilities,deepseek,ID,2,15,17,140,True,46,0,11001101
agentmark,AgentMark-F exact probabilities,deepseek,ID,2,15,18,140,True,48,0,11001101
agentmark,AgentMark-F exact probabilities,deepseek,ID,2,15,19,140,True,69,0,11001101
agentmark,AgentMark-F exact probabilities,deepseek,ID,2,15,20,140,True,71,0,11001101
agentmark,AgentMark-F exact probabilities,deepseek,ID,2,15,21,140,True,69,0,11001101
agentmark,AgentMark-F exact probabilities,deepseek,ID,2,15,22,140,True,83,0,11001101
agentmark,AgentMark-F exact probabilities,deepseek,ID,2,15,23,140,True,48,0,11001101
agentmark,AgentMark-F exact probabilities,deepseek,ID,2,15,24,140,True,49,0,11001101
agentmark,AgentMark-F exact probabilities,deepseek,ID,2,15,25,140,True,49,0,11001101
agentmark,AgentMark-F exact probabilities,deepseek,ID,2,15,26,140,True,71,0,11001101
agentmark,AgentMark-F exact probabilities,deepseek,ID,2,15,27,140,True,49,0,11001101
agentmark,AgentMark-F exact probabilities,deepseek,ID,2,15,28,140,True,71,0,11001101
agentmark,AgentMark-F exact probabilities,deepseek,ID,2,15,29,140,True,83,0,11001101
agentmark,AgentMark-F exact probabilities,deepseek,ID,2,15,30,140,True,69,0,11001101
agentmark,AgentMark-F exact probabilities,deepseek,ID,2,15,31,140,True,54,0,11001101
agentmark,AgentMark-F exact probabilities,deepseek,ID,2,15,32,140,True,38,0,11001101
agentmark,AgentMark-F exact probabilities,deepseek,ID,2,15,33,140,True,54,0,11001101
agentmark,AgentMark-F exact probabilities,deepseek,ID,2,15,34,140,True,71,0,11001101
agentmark,AgentMark-F exact probabilities,deepseek,ID,2,15,35,140,True,83,0,11001101
agentmark,AgentMark-F exact probabilities,deepseek,ID,2,15,36,140,True,83,0,11001101
agentmark,AgentMark-F exact probabilities,deepseek,ID,2,15,37,140,True,54,0,11001101
agentmark,AgentMark-F exact probabilities,deepseek,ID,2,15,38,140,True,69,0,11001101
agentmark,AgentMark-F exact probabilities,deepseek,ID,2,15,39,140,True,43,0,11001101
agentmark,AgentMark-F exact probabilities,deepseek,ID,2,15,40,140,True,36,0,11001101
agentmark,AgentMark-F exact probabilities,deepseek,ID,2,15,41,140,True,69,0,11001101
agentmark,AgentMark-F exact probabilities,deepseek,ID,2,15,42,140,True,51,0,11001101
agentmark,AgentMark-F exact probabilities,deepseek,ID,2,15,43,140,True,69,0,11001101
agentmark,AgentMark-F exact probabilities,deepseek,ID,2,15,44,140,True,68,0,11001101
agentmark,AgentMark-F exact probabilities,deepseek,ID,2,15,45,140,True,60,0,11001101
agentmark,AgentMark-F exact probabilities,deepseek,ID,2,15,46,140,True,54,0,11001101
agentmark,AgentMark-F exact probabilities,deepseek,ID,2,15,47,140,True,69,0,11001101
agentmark,AgentMark-F exact probabilities,deepseek,ID,2,15,48,140,True,71,0,11001101
agentmark,AgentMark-F exact probabilities,deepseek,ID,2,15,49,140,True,54,0,11001101
agentmark,AgentMark-F exact probabilities,deepseek,ID,2,20,0,140,True,69,0,11001101
agentmark,AgentMark-F exact probabilities,deepseek,ID,2,20,1,140,True,54,0,11001101
agentmark,AgentMark-F exact probabilities,deepseek,ID,2,20,2,140,True,69,0,11001101
agentmark,AgentMark-F exact probabilities,deepseek,ID,2,20,3,140,True,46,0,11001101
agentmark,AgentMark-F exact probabilities,deepseek,ID,2,20,4,140,True,83,0,11001101
agentmark,AgentMark-F exact probabilities,deepseek,ID,2,20,5,140,True,69,0,11001101
agentmark,AgentMark-F exact probabilities,deepseek,ID,2,20,6,140,True,53,0,11001101
agentmark,AgentMark-F exact probabilities,deepseek,ID,2,20,7,140,True,83,0,11001101
agentmark,AgentMark-F exact probabilities,deepseek,ID,2,20,8,140,True,51,0,11001101
agentmark,AgentMark-F exact probabilities,deepseek,ID,2,20,9,140,True,54,0,11001101
agentmark,AgentMark-F exact probabilities,deepseek,ID,2,20,10,140,True,83,0,11001101
agentmark,AgentMark-F exact probabilities,deepseek,ID,2,20,11,140,True,71,0,11001101
agentmark,AgentMark-F exact probabilities,deepseek,ID,2,20,12,140,True,71,0,11001101
agentmark,AgentMark-F exact probabilities,deepseek,ID,2,20,13,140,True,69,0,11001101
agentmark,AgentMark-F exact probabilities,deepseek,ID,2,20,14,140,True,83,0,11001101
agentmark,AgentMark-F exact probabilities,deepseek,ID,2,20,15,140,True,54,0,11001101
agentmark,AgentMark-F exact probabilities,deepseek,ID,2,20,16,140,True,54,0,11001101
agentmark,AgentMark-F exact probabilities,deepseek,ID,2,20,17,140,True,45,0,11001101
agentmark,AgentMark-F exact probabilities,deepseek,ID,2,20,18,140,True,83,0,11001101
agentmark,AgentMark-F exact probabilities,deepseek,ID,2,20,19,140,True,69,0,11001101
agentmark,AgentMark-F exact probabilities,deepseek,ID,2,20,20,140,True,83,0,11001101
agentmark,AgentMark-F exact probabilities,deepseek,ID,2,20,21,140,True,49,0,11001101
agentmark,AgentMark-F exact probabilities,deepseek,ID,2,20,22,140,True,69,0,11001101
agentmark,AgentMark-F exact probabilities,deepseek,ID,2,20,23,140,True,71,0,11001101
agentmark,AgentMark-F exact probabilities,deepseek,ID,2,20,24,140,True,46,0,11001101
agentmark,AgentMark-F exact probabilities,deepseek,ID,2,20,25,140,True,83,0,11001101
agentmark,AgentMark-F exact probabilities,deepseek,ID,2,20,26,140,True,83,0,11001101
agentmark,AgentMark-F exact probabilities,deepseek,ID,2,20,27,140,True,71,0,11001101
agentmark,AgentMark-F exact probabilities,deepseek,ID,2,20,28,140,True,69,0,11001101
agentmark,AgentMark-F exact probabilities,deepseek,ID,2,20,29,140,True,83,0,11001101
agentmark,AgentMark-F exact probabilities,deepseek,ID,2,20,30,140,True,71,0,11001101
agentmark,AgentMark-F exact probabilities,deepseek,ID,2,20,31,140,True,68,0,11001101
agentmark,AgentMark-F exact probabilities,deepseek,ID,2,20,32,140,True,71,0,11001101
agentmark,AgentMark-F exact probabilities,deepseek,ID,2,20,33,140,True,83,0,11001101
agentmark,AgentMark-F exact probabilities,deepseek,ID,2,20,34,140,True,71,0,11001101
agentmark,AgentMark-F exact probabilities,deepseek,ID,2,20,35,140,True,53,0,11001101
agentmark,AgentMark-F exact probabilities,deepseek,ID,2,20,36,140,True,60,0,11001101
agentmark,AgentMark-F exact probabilities,deepseek,ID,2,20,37,140,True,69,0,11001101
agentmark,AgentMark-F exact probabilities,deepseek,ID,2,20,38,140,True,71,0,11001101
agentmark,AgentMark-F exact probabilities,deepseek,ID,2,20,39,140,True,68,0,11001101
agentmark,AgentMark-F exact probabilities,deepseek,ID,2,20,40,140,True,40,0,11001101
agentmark,AgentMark-F exact probabilities,deepseek,ID,2,20,41,140,True,54,0,11001101
agentmark,AgentMark-F exact probabilities,deepseek,ID,2,20,42,140,True,83,0,11001101
agentmark,AgentMark-F exact probabilities,deepseek,ID,2,20,43,140,True,69,0,11001101
agentmark,AgentMark-F exact probabilities,deepseek,ID,2,20,44,140,True,54,0,11001101
agentmark,AgentMark-F exact probabilities,deepseek,ID,2,20,45,140,True,53,0,11001101
agentmark,AgentMark-F exact probabilities,deepseek,ID,2,20,46,140,True,71,0,11001101
agentmark,AgentMark-F exact probabilities,deepseek,ID,2,20,47,140,True,68,0,11001101
agentmark,AgentMark-F exact probabilities,deepseek,ID,2,20,48,140,True,60,0,11001101
agentmark,AgentMark-F exact probabilities,deepseek,ID,2,20,49,140,True,53,0,11001101
agentmark,AgentMark-F exact probabilities,deepseek,ID,2,30,0,140,True,83,0,11001101
agentmark,AgentMark-F exact probabilities,deepseek,ID,2,30,1,140,True,54,0,11001101
agentmark,AgentMark-F exact probabilities,deepseek,ID,2,30,2,140,True,71,0,11001101
agentmark,AgentMark-F exact probabilities,deepseek,ID,2,30,3,140,True,54,0,11001101
agentmark,AgentMark-F exact probabilities,deepseek,ID,2,30,4,140,True,69,0,11001101
agentmark,AgentMark-F exact probabilities,deepseek,ID,2,30,5,140,True,83,0,11001101
agentmark,AgentMark-F exact probabilities,deepseek,ID,2,30,6,140,True,69,0,11001101
agentmark,AgentMark-F exact probabilities,deepseek,ID,2,30,7,140,True,53,0,11001101
agentmark,AgentMark-F exact probabilities,deepseek,ID,2,30,8,140,True,69,0,11001101
agentmark,AgentMark-F exact probabilities,deepseek,ID,2,30,9,140,True,68,0,11001101
agentmark,AgentMark-F exact probabilities,deepseek,ID,2,30,10,140,True,83,0,11001101
agentmark,AgentMark-F exact probabilities,deepseek,ID,2,30,11,140,True,71,0,11001101
agentmark,AgentMark-F exact probabilities,deepseek,ID,2,30,12,140,True,83,0,11001101
agentmark,AgentMark-F exact probabilities,deepseek,ID,2,30,13,140,True,83,0,11001101
agentmark,AgentMark-F exact probabilities,deepseek,ID,2,30,14,140,True,53,0,11001101
agentmark,AgentMark-F exact probabilities,deepseek,ID,2,30,15,140,True,71,0,11001101
agentmark,AgentMark-F exact probabilities,deepseek,ID,2,30,16,140,True,83,0,11001101
agentmark,AgentMark-F exact probabilities,deepseek,ID,2,30,17,140,True,69,0,11001101
agentmark,AgentMark-F exact probabilities,deepseek,ID,2,30,18,140,True,83,0,11001101
agentmark,AgentMark-F exact probabilities,deepseek,ID,2,30,19,140,True,54,0,11001101
agentmark,AgentMark-F exact probabilities,deepseek,ID,2,30,20,140,True,53,0,11001101
agentmark,AgentMark-F exact probabilities,deepseek,ID,2,30,21,140,True,69,0,11001101
agentmark,AgentMark-F exact probabilities,deepseek,ID,2,30,22,140,True,71,0,11001101
agentmark,AgentMark-F exact probabilities,deepseek,ID,2,30,23,140,True,83,0,11001101
agentmark,AgentMark-F exact probabilities,deepseek,ID,2,30,24,140,True,83,0,11001101
agentmark,AgentMark-F exact probabilities,deepseek,ID,2,30,25,140,True,71,0,11001101
agentmark,AgentMark-F exact probabilities,deepseek,ID,2,30,26,140,True,83,0,11001101
agentmark,AgentMark-F exact probabilities,deepseek,ID,2,30,27,140,True,68,0,11001101
agentmark,AgentMark-F exact probabilities,deepseek,ID,2,30,28,140,True,83,0,11001101
agentmark,AgentMark-F exact probabilities,deepseek,ID,2,30,29,140,True,54,0,11001101
agentmark,AgentMark-F exact probabilities,deepseek,ID,2,30,30,140,True,54,0,11001101
agentmark,AgentMark-F exact probabilities,deepseek,ID,2,30,31,140,True,69,0,11001101
agentmark,AgentMark-F exact probabilities,deepseek,ID,2,30,32,140,True,69,0,11001101
agentmark,AgentMark-F exact probabilities,deepseek,ID,2,30,33,140,True,54,0,11001101
agentmark,AgentMark-F exact probabilities,deepseek,ID,2,30,34,140,True,83,0,11001101
agentmark,AgentMark-F exact probabilities,deepseek,ID,2,30,35,140,True,68,0,11001101
agentmark,AgentMark-F exact probabilities,deepseek,ID,2,30,36,140,True,54,0,11001101
agentmark,AgentMark-F exact probabilities,deepseek,ID,2,30,37,140,True,83,0,11001101
agentmark,AgentMark-F exact probabilities,deepseek,ID,2,30,38,140,True,69,0,11001101
agentmark,AgentMark-F exact probabilities,deepseek,ID,2,30,39,140,True,71,0,11001101
agentmark,AgentMark-F exact probabilities,deepseek,ID,2,30,40,140,True,68,0,11001101
agentmark,AgentMark-F exact probabilities,deepseek,ID,2,30,41,140,True,51,0,11001101
agentmark,AgentMark-F exact probabilities,deepseek,ID,2,30,42,140,True,83,0,11001101
agentmark,AgentMark-F exact probabilities,deepseek,ID,2,30,43,140,True,71,0,11001101
agentmark,AgentMark-F exact probabilities,deepseek,ID,2,30,44,140,True,71,0,11001101
agentmark,AgentMark-F exact probabilities,deepseek,ID,2,30,45,140,True,54,0,11001101
agentmark,AgentMark-F exact probabilities,deepseek,ID,2,30,46,140,True,69,0,11001101
agentmark,AgentMark-F exact probabilities,deepseek,ID,2,30,47,140,True,54,0,11001101
agentmark,AgentMark-F exact probabilities,deepseek,ID,2,30,48,140,True,68,0,11001101
agentmark,AgentMark-F exact probabilities,deepseek,ID,2,30,49,140,True,68,0,11001101
agentmark,AgentMark-F exact probabilities,deepseek,ID,2,50,0,140,True,83,0,11001101
agentmark,AgentMark-F exact probabilities,deepseek,ID,2,50,1,140,True,83,0,11001101
agentmark,AgentMark-F exact probabilities,deepseek,ID,2,50,2,140,True,69,0,11001101
agentmark,AgentMark-F exact probabilities,deepseek,ID,2,50,3,140,True,71,0,11001101
agentmark,AgentMark-F exact probabilities,deepseek,ID,2,50,4,140,True,68,0,11001101
agentmark,AgentMark-F exact probabilities,deepseek,ID,2,50,5,140,True,54,0,11001101
agentmark,AgentMark-F exact probabilities,deepseek,ID,2,50,6,140,True,69,0,11001101
agentmark,AgentMark-F exact probabilities,deepseek,ID,2,50,7,140,True,83,0,11001101
agentmark,AgentMark-F exact probabilities,deepseek,ID,2,50,8,140,True,83,0,11001101
agentmark,AgentMark-F exact probabilities,deepseek,ID,2,50,9,140,True,71,0,11001101
agentmark,AgentMark-F exact probabilities,deepseek,ID,2,50,10,140,True,69,0,11001101
agentmark,AgentMark-F exact probabilities,deepseek,ID,2,50,11,140,True,69,0,11001101
agentmark,AgentMark-F exact probabilities,deepseek,ID,2,50,12,140,True,71,0,11001101
agentmark,AgentMark-F exact probabilities,deepseek,ID,2,50,13,140,True,69,0,11001101
agentmark,AgentMark-F exact probabilities,deepseek,ID,2,50,14,140,True,83,0,11001101
agentmark,AgentMark-F exact probabilities,deepseek,ID,2,50,15,140,True,60,0,11001101
agentmark,AgentMark-F exact probabilities,deepseek,ID,2,50,16,140,True,69,0,11001101
agentmark,AgentMark-F exact probabilities,deepseek,ID,2,50,17,140,True,83,0,11001101
agentmark,AgentMark-F exact probabilities,deepseek,ID,2,50,18,140,True,69,0,11001101
agentmark,AgentMark-F exact probabilities,deepseek,ID,2,50,19,140,True,69,0,11001101
agentmark,AgentMark-F exact probabilities,deepseek,ID,2,50,20,140,True,69,0,11001101
agentmark,AgentMark-F exact probabilities,deepseek,ID,2,50,21,140,True,71,0,11001101
agentmark,AgentMark-F exact probabilities,deepseek,ID,2,50,22,140,True,83,0,11001101
agentmark,AgentMark-F exact probabilities,deepseek,ID,2,50,23,140,True,83,0,11001101
agentmark,AgentMark-F exact probabilities,deepseek,ID,2,50,24,140,True,71,0,11001101
agentmark,AgentMark-F exact probabilities,deepseek,ID,2,50,25,140,True,83,0,11001101
agentmark,AgentMark-F exact probabilities,deepseek,ID,2,50,26,140,True,71,0,11001101
agentmark,AgentMark-F exact probabilities,deepseek,ID,2,50,27,140,True,69,0,11001101
agentmark,AgentMark-F exact probabilities,deepseek,ID,2,50,28,140,True,83,0,11001101
agentmark,AgentMark-F exact probabilities,deepseek,ID,2,50,29,140,True,83,0,11001101
agentmark,AgentMark-F exact probabilities,deepseek,ID,2,50,30,140,True,69,0,11001101
agentmark,AgentMark-F exact probabilities,deepseek,ID,2,50,31,140,True,68,0,11001101
agentmark,AgentMark-F exact probabilities,deepseek,ID,2,50,32,140,True,60,0,11001101
agentmark,AgentMark-F exact probabilities,deepseek,ID,2,50,33,140,True,69,0,11001101
agentmark,AgentMark-F exact probabilities,deepseek,ID,2,50,34,140,True,71,0,11001101
agentmark,AgentMark-F exact probabilities,deepseek,ID,2,50,35,140,True,60,0,11001101
agentmark,AgentMark-F exact probabilities,deepseek,ID,2,50,36,140,True,83,0,11001101
agentmark,AgentMark-F exact probabilities,deepseek,ID,2,50,37,140,True,83,0,11001101
agentmark,AgentMark-F exact probabilities,deepseek,ID,2,50,38,140,True,71,0,11001101
agentmark,AgentMark-F exact probabilities,deepseek,ID,2,50,39,140,True,83,0,11001101
agentmark,AgentMark-F exact probabilities,deepseek,ID,2,50,40,140,True,83,0,11001101
agentmark,AgentMark-F exact probabilities,deepseek,ID,2,50,41,140,True,71,0,11001101
agentmark,AgentMark-F exact probabilities,deepseek,ID,2,50,42,140,True,83,0,11001101
agentmark,AgentMark-F exact probabilities,deepseek,ID,2,50,43,140,True,83,0,11001101
agentmark,AgentMark-F exact probabilities,deepseek,ID,2,50,44,140,True,69,0,11001101
agentmark,AgentMark-F exact probabilities,deepseek,ID,2,50,45,140,True,69,0,11001101
agentmark,AgentMark-F exact probabilities,deepseek,ID,2,50,46,140,True,71,0,11001101
agentmark,AgentMark-F exact probabilities,deepseek,ID,2,50,47,140,True,83,0,11001101
agentmark,AgentMark-F exact probabilities,deepseek,ID,2,50,48,140,True,68,0,11001101
agentmark,AgentMark-F exact probabilities,deepseek,ID,2,50,49,140,True,69,0,11001101
agentmark,AgentMark-F exact probabilities,deepseek,ID,2,80,0,140,True,83,0,11001101
agentmark,AgentMark-F exact probabilities,deepseek,ID,2,80,1,140,True,83,0,11001101
agentmark,AgentMark-F exact probabilities,deepseek,ID,2,80,2,140,True,54,0,11001101
agentmark,AgentMark-F exact probabilities,deepseek,ID,2,80,3,140,True,83,0,11001101
agentmark,AgentMark-F exact probabilities,deepseek,ID,2,80,4,140,True,69,0,11001101
agentmark,AgentMark-F exact probabilities,deepseek,ID,2,80,5,140,True,83,0,11001101
agentmark,AgentMark-F exact probabilities,deepseek,ID,2,80,6,140,True,83,0,11001101
agentmark,AgentMark-F exact probabilities,deepseek,ID,2,80,7,140,True,71,0,11001101
agentmark,AgentMark-F exact probabilities,deepseek,ID,2,80,8,140,True,83,0,11001101
agentmark,AgentMark-F exact probabilities,deepseek,ID,2,80,9,140,True,83,0,11001101
agentmark,AgentMark-F exact probabilities,deepseek,ID,2,80,10,140,True,69,0,11001101
agentmark,AgentMark-F exact probabilities,deepseek,ID,2,80,11,140,True,83,0,11001101
agentmark,AgentMark-F exact probabilities,deepseek,ID,2,80,12,140,True,69,0,11001101
agentmark,AgentMark-F exact probabilities,deepseek,ID,2,80,13,140,True,83,0,11001101
agentmark,AgentMark-F exact probabilities,deepseek,ID,2,80,14,140,True,83,0,11001101
agentmark,AgentMark-F exact probabilities,deepseek,ID,2,80,15,140,True,69,0,11001101
agentmark,AgentMark-F exact probabilities,deepseek,ID,2,80,16,140,True,71,0,11001101
agentmark,AgentMark-F exact probabilities,deepseek,ID,2,80,17,140,True,83,0,11001101
agentmark,AgentMark-F exact probabilities,deepseek,ID,2,80,18,140,True,71,0,11001101
agentmark,AgentMark-F exact probabilities,deepseek,ID,2,80,19,140,True,71,0,11001101
agentmark,AgentMark-F exact probabilities,deepseek,ID,2,80,20,140,True,83,0,11001101
agentmark,AgentMark-F exact probabilities,deepseek,ID,2,80,21,140,True,83,0,11001101
agentmark,AgentMark-F exact probabilities,deepseek,ID,2,80,22,140,True,83,0,11001101
agentmark,AgentMark-F exact probabilities,deepseek,ID,2,80,23,140,True,83,0,11001101
agentmark,AgentMark-F exact probabilities,deepseek,ID,2,80,24,140,True,71,0,11001101
agentmark,AgentMark-F exact probabilities,deepseek,ID,2,80,25,140,True,69,0,11001101
agentmark,AgentMark-F exact probabilities,deepseek,ID,2,80,26,140,True,83,0,11001101
agentmark,AgentMark-F exact probabilities,deepseek,ID,2,80,27,140,True,83,0,11001101
agentmark,AgentMark-F exact probabilities,deepseek,ID,2,80,28,140,True,71,0,11001101
agentmark,AgentMark-F exact probabilities,deepseek,ID,2,80,29,140,True,83,0,11001101
agentmark,AgentMark-F exact probabilities,deepseek,ID,2,80,30,140,True,71,0,11001101
agentmark,AgentMark-F exact probabilities,deepseek,ID,2,80,31,140,True,69,0,11001101
agentmark,AgentMark-F exact probabilities,deepseek,ID,2,80,32,140,True,83,0,11001101
agentmark,AgentMark-F exact probabilities,deepseek,ID,2,80,33,140,True,83,0,11001101
agentmark,AgentMark-F exact probabilities,deepseek,ID,2,80,34,140,True,68,0,11001101
agentmark,AgentMark-F exact probabilities,deepseek,ID,2,80,35,140,True,83,0,11001101
agentmark,AgentMark-F exact probabilities,deepseek,ID,2,80,36,140,True,83,0,11001101
agentmark,AgentMark-F exact probabilities,deepseek,ID,2,80,37,140,True,83,0,11001101
agentmark,AgentMark-F exact probabilities,deepseek,ID,2,80,38,140,True,83,0,11001101
agentmark,AgentMark-F exact probabilities,deepseek,ID,2,80,39,140,True,83,0,11001101
agentmark,AgentMark-F exact probabilities,deepseek,ID,2,80,40,140,True,71,0,11001101
agentmark,AgentMark-F exact probabilities,deepseek,ID,2,80,41,140,True,69,0,11001101
agentmark,AgentMark-F exact probabilities,deepseek,ID,2,80,42,140,True,83,0,11001101
agentmark,AgentMark-F exact probabilities,deepseek,ID,2,80,43,140,True,71,0,11001101
agentmark,AgentMark-F exact probabilities,deepseek,ID,2,80,44,140,True,69,0,11001101
agentmark,AgentMark-F exact probabilities,deepseek,ID,2,80,45,140,True,69,0,11001101
agentmark,AgentMark-F exact probabilities,deepseek,ID,2,80,46,140,True,83,0,11001101
agentmark,AgentMark-F exact probabilities,deepseek,ID,2,80,47,140,True,83,0,11001101
agentmark,AgentMark-F exact probabilities,deepseek,ID,2,80,48,140,True,68,0,11001101
agentmark,AgentMark-F exact probabilities,deepseek,ID,2,80,49,140,True,69,0,11001101
agentmark,AgentMark-F exact probabilities,deepseek,ID,2,100,0,140,True,69,0,11001101
agentmark,AgentMark-F exact probabilities,deepseek,ID,2,100,1,140,True,71,0,11001101
agentmark,AgentMark-F exact probabilities,deepseek,ID,2,100,2,140,True,71,0,11001101
agentmark,AgentMark-F exact probabilities,deepseek,ID,2,100,3,140,True,83,0,11001101
agentmark,AgentMark-F exact probabilities,deepseek,ID,2,100,4,140,True,83,0,11001101
agentmark,AgentMark-F exact probabilities,deepseek,ID,2,100,5,140,True,83,0,11001101
agentmark,AgentMark-F exact probabilities,deepseek,ID,2,100,6,140,True,83,0,11001101
agentmark,AgentMark-F exact probabilities,deepseek,ID,2,100,7,140,True,83,0,11001101
agentmark,AgentMark-F exact probabilities,deepseek,ID,2,100,8,140,True,83,0,11001101
agentmark,AgentMark-F exact probabilities,deepseek,ID,2,100,9,140,True,83,0,11001101
agentmark,AgentMark-F exact probabilities,deepseek,ID,2,100,10,140,True,83,0,11001101
agentmark,AgentMark-F exact probabilities,deepseek,ID,2,100,11,140,True,71,0,11001101
agentmark,AgentMark-F exact probabilities,deepseek,ID,2,100,12,140,True,83,0,11001101
agentmark,AgentMark-F exact probabilities,deepseek,ID,2,100,13,140,True,83,0,11001101
agentmark,AgentMark-F exact probabilities,deepseek,ID,2,100,14,140,True,83,0,11001101
agentmark,AgentMark-F exact probabilities,deepseek,ID,2,100,15,140,True,83,0,11001101
agentmark,AgentMark-F exact probabilities,deepseek,ID,2,100,16,140,True,83,0,11001101
agentmark,AgentMark-F exact probabilities,deepseek,ID,2,100,17,140,True,71,0,11001101
agentmark,AgentMark-F exact probabilities,deepseek,ID,2,100,18,140,True,83,0,11001101
agentmark,AgentMark-F exact probabilities,deepseek,ID,2,100,19,140,True,83,0,11001101
agentmark,AgentMark-F exact probabilities,deepseek,ID,2,100,20,140,True,83,0,11001101
agentmark,AgentMark-F exact probabilities,deepseek,ID,2,100,21,140,True,83,0,11001101
agentmark,AgentMark-F exact probabilities,deepseek,ID,2,100,22,140,True,71,0,11001101
agentmark,AgentMark-F exact probabilities,deepseek,ID,2,100,23,140,True,69,0,11001101
agentmark,AgentMark-F exact probabilities,deepseek,ID,2,100,24,140,True,83,0,11001101
agentmark,AgentMark-F exact probabilities,deepseek,ID,2,100,25,140,True,83,0,11001101
agentmark,AgentMark-F exact probabilities,deepseek,ID,2,100,26,140,True,71,0,11001101
agentmark,AgentMark-F exact probabilities,deepseek,ID,2,100,27,140,True,83,0,11001101
agentmark,AgentMark-F exact probabilities,deepseek,ID,2,100,28,140,True,71,0,11001101
agentmark,AgentMark-F exact probabilities,deepseek,ID,2,100,29,140,True,71,0,11001101
agentmark,AgentMark-F exact probabilities,deepseek,ID,2,100,30,140,True,83,0,11001101
agentmark,AgentMark-F exact probabilities,deepseek,ID,2,100,31,140,True,83,0,11001101
agentmark,AgentMark-F exact probabilities,deepseek,ID,2,100,32,140,True,83,0,11001101
agentmark,AgentMark-F exact probabilities,deepseek,ID,2,100,33,140,True,83,0,11001101
agentmark,AgentMark-F exact probabilities,deepseek,ID,2,100,34,140,True,83,0,11001101
agentmark,AgentMark-F exact probabilities,deepseek,ID,2,100,35,140,True,83,0,11001101
agentmark,AgentMark-F exact probabilities,deepseek,ID,2,100,36,140,True,71,0,11001101
agentmark,AgentMark-F exact probabilities,deepseek,ID,2,100,37,140,True,71,0,11001101
agentmark,AgentMark-F exact probabilities,deepseek,ID,2,100,38,140,True,83,0,11001101
agentmark,AgentMark-F exact probabilities,deepseek,ID,2,100,39,140,True,71,0,11001101
agentmark,AgentMark-F exact probabilities,deepseek,ID,2,100,40,140,True,83,0,11001101
agentmark,AgentMark-F exact probabilities,deepseek,ID,2,100,41,140,True,83,0,11001101
agentmark,AgentMark-F exact probabilities,deepseek,ID,2,100,42,140,True,69,0,11001101
agentmark,AgentMark-F exact probabilities,deepseek,ID,2,100,43,140,True,71,0,11001101
agentmark,AgentMark-F exact probabilities,deepseek,ID,2,100,44,140,True,83,0,11001101
agentmark,AgentMark-F exact probabilities,deepseek,ID,2,100,45,140,True,83,0,11001101
agentmark,AgentMark-F exact probabilities,deepseek,ID,2,100,46,140,True,69,0,11001101
agentmark,AgentMark-F exact probabilities,deepseek,ID,2,100,47,140,True,71,0,11001101
agentmark,AgentMark-F exact probabilities,deepseek,ID,2,100,48,140,True,83,0,11001101
agentmark,AgentMark-F exact probabilities,deepseek,ID,2,100,49,140,True,83,0,11001101
agentmark,AgentMark-F exact probabilities,deepseek,ID,3,1,0,140,True,63,0,11001101
agentmark,AgentMark-F exact probabilities,deepseek,ID,3,1,1,140,True,16,0,11001101
agentmark,AgentMark-F exact probabilities,deepseek,ID,3,1,2,140,True,12,0,11001101
agentmark,AgentMark-F exact probabilities,deepseek,ID,3,1,3,140,False,4,0,
agentmark,AgentMark-F exact probabilities,deepseek,ID,3,1,4,140,True,42,0,11001101
agentmark,AgentMark-F exact probabilities,deepseek,ID,3,1,5,140,True,24,0,11001101
agentmark,AgentMark-F exact probabilities,deepseek,ID,3,1,6,140,True,13,0,11001101
agentmark,AgentMark-F exact probabilities,deepseek,ID,3,1,7,140,True,55,0,11001101
agentmark,AgentMark-F exact probabilities,deepseek,ID,3,1,8,140,True,69,0,11001101
agentmark,AgentMark-F exact probabilities,deepseek,ID,3,1,9,140,False,2,0,
agentmark,AgentMark-F exact probabilities,deepseek,ID,3,1,10,140,True,12,0,11001101
agentmark,AgentMark-F exact probabilities,deepseek,ID,3,1,11,140,True,55,0,11001101
agentmark,AgentMark-F exact probabilities,deepseek,ID,3,1,12,140,False,3,0,
agentmark,AgentMark-F exact probabilities,deepseek,ID,3,1,13,140,True,11,0,11001101
agentmark,AgentMark-F exact probabilities,deepseek,ID,3,1,14,140,True,34,0,11001101
agentmark,AgentMark-F exact probabilities,deepseek,ID,3,1,15,140,True,21,0,11001101
agentmark,AgentMark-F exact probabilities,deepseek,ID,3,1,16,140,True,13,0,11001101
agentmark,AgentMark-F exact probabilities,deepseek,ID,3,1,17,140,True,30,0,11001101
agentmark,AgentMark-F exact probabilities,deepseek,ID,3,1,18,140,True,12,0,11001101
agentmark,AgentMark-F exact probabilities,deepseek,ID,3,1,19,140,True,14,0,11001101
agentmark,AgentMark-F exact probabilities,deepseek,ID,3,1,20,140,True,19,0,11001101
agentmark,AgentMark-F exact probabilities,deepseek,ID,3,1,21,140,True,24,0,11001101
agentmark,AgentMark-F exact probabilities,deepseek,ID,3,1,22,140,False,2,0,
agentmark,AgentMark-F exact probabilities,deepseek,ID,3,1,23,140,True,33,0,11001101
agentmark,AgentMark-F exact probabilities,deepseek,ID,3,1,24,140,False,2,0,
agentmark,AgentMark-F exact probabilities,deepseek,ID,3,1,25,140,True,32,0,11001101
agentmark,AgentMark-F exact probabilities,deepseek,ID,3,1,26,140,True,14,0,11001101
agentmark,AgentMark-F exact probabilities,deepseek,ID,3,1,27,140,True,11,0,11001101
agentmark,AgentMark-F exact probabilities,deepseek,ID,3,1,28,140,True,66,0,11001101
agentmark,AgentMark-F exact probabilities,deepseek,ID,3,1,29,140,False,5,0,
agentmark,AgentMark-F exact probabilities,deepseek,ID,3,1,30,140,True,20,0,11001101
agentmark,AgentMark-F exact probabilities,deepseek,ID,3,1,31,140,True,18,0,11001101
agentmark,AgentMark-F exact probabilities,deepseek,ID,3,1,32,140,True,17,0,11001101
agentmark,AgentMark-F exact probabilities,deepseek,ID,3,1,33,140,True,34,0,11001101
agentmark,AgentMark-F exact probabilities,deepseek,ID,3,1,34,140,True,29,0,11001101
agentmark,AgentMark-F exact probabilities,deepseek,ID,3,1,35,140,True,19,0,11001101
agentmark,AgentMark-F exact probabilities,deepseek,ID,3,1,36,140,True,15,0,11001101
agentmark,AgentMark-F exact probabilities,deepseek,ID,3,1,37,140,True,24,0,11001101
agentmark,AgentMark-F exact probabilities,deepseek,ID,3,1,38,140,True,43,0,11001101
agentmark,AgentMark-F exact probabilities,deepseek,ID,3,1,39,140,False,2,0,
agentmark,AgentMark-F exact probabilities,deepseek,ID,3,1,40,140,True,12,0,11001101
agentmark,AgentMark-F exact probabilities,deepseek,ID,3,1,41,140,False,3,0,
agentmark,AgentMark-F exact probabilities,deepseek,ID,3,1,42,140,False,1,0,
agentmark,AgentMark-F exact probabilities,deepseek,ID,3,1,43,140,True,54,0,11001101
agentmark,AgentMark-F exact probabilities,deepseek,ID,3,1,44,140,True,23,0,11001101
agentmark,AgentMark-F exact probabilities,deepseek,ID,3,1,45,140,True,24,0,11001101
agentmark,AgentMark-F exact probabilities,deepseek,ID,3,1,46,140,False,2,0,
agentmark,AgentMark-F exact probabilities,deepseek,ID,3,1,47,140,True,14,0,11001101
agentmark,AgentMark-F exact probabilities,deepseek,ID,3,1,48,140,True,53,0,11001101
agentmark,AgentMark-F exact probabilities,deepseek,ID,3,1,49,140,False,3,0,
agentmark,AgentMark-F exact probabilities,deepseek,ID,3,2,0,140,True,11,0,11001101
agentmark,AgentMark-F exact probabilities,deepseek,ID,3,2,1,140,True,69,0,11001101
agentmark,AgentMark-F exact probabilities,deepseek,ID,3,2,2,140,True,11,0,11001101
agentmark,AgentMark-F exact probabilities,deepseek,ID,3,2,3,140,True,47,0,11001101
agentmark,AgentMark-F exact probabilities,deepseek,ID,3,2,4,140,True,60,0,11001101
agentmark,AgentMark-F exact probabilities,deepseek,ID,3,2,5,140,True,23,0,11001101
agentmark,AgentMark-F exact probabilities,deepseek,ID,3,2,6,140,True,20,0,11001101
agentmark,AgentMark-F exact probabilities,deepseek,ID,3,2,7,140,False,6,0,
agentmark,AgentMark-F exact probabilities,deepseek,ID,3,2,8,140,True,69,0,11001101
agentmark,AgentMark-F exact probabilities,deepseek,ID,3,2,9,140,True,17,0,11001101
agentmark,AgentMark-F exact probabilities,deepseek,ID,3,2,10,140,True,33,0,11001101
agentmark,AgentMark-F exact probabilities,deepseek,ID,3,2,11,140,True,53,0,11001101
agentmark,AgentMark-F exact probabilities,deepseek,ID,3,2,12,140,True,33,0,11001101
agentmark,AgentMark-F exact probabilities,deepseek,ID,3,2,13,140,False,1,0,
agentmark,AgentMark-F exact probabilities,deepseek,ID,3,2,14,140,True,13,0,11001101
agentmark,AgentMark-F exact probabilities,deepseek,ID,3,2,15,140,True,13,0,11001101
agentmark,AgentMark-F exact probabilities,deepseek,ID,3,2,16,140,True,69,0,11001101
agentmark,AgentMark-F exact probabilities,deepseek,ID,3,2,17,140,False,5,0,
agentmark,AgentMark-F exact probabilities,deepseek,ID,3,2,18,140,True,20,0,11001101
agentmark,AgentMark-F exact probabilities,deepseek,ID,3,2,19,140,True,43,0,11001101
agentmark,AgentMark-F exact probabilities,deepseek,ID,3,2,20,140,True,35,0,11001101
agentmark,AgentMark-F exact probabilities,deepseek,ID,3,2,21,140,True,63,0,11001101
agentmark,AgentMark-F exact probabilities,deepseek,ID,3,2,22,140,False,8,0,
agentmark,AgentMark-F exact probabilities,deepseek,ID,3,2,23,140,True,40,0,11001101
agentmark,AgentMark-F exact probabilities,deepseek,ID,3,2,24,140,True,53,0,11001101
agentmark,AgentMark-F exact probabilities,deepseek,ID,3,2,25,140,True,47,0,11001101
agentmark,AgentMark-F exact probabilities,deepseek,ID,3,2,26,140,True,53,0,11001101
agentmark,AgentMark-F exact probabilities,deepseek,ID,3,2,27,140,True,48,0,11001101
agentmark,AgentMark-F exact probabilities,deepseek,ID,3,2,28,140,True,33,0,11001101
agentmark,AgentMark-F exact probabilities,deepseek,ID,3,2,29,140,True,13,0,11001101
agentmark,AgentMark-F exact probabilities,deepseek,ID,3,2,30,140,False,6,0,
agentmark,AgentMark-F exact probabilities,deepseek,ID,3,2,31,140,True,12,0,11001101
agentmark,AgentMark-F exact probabilities,deepseek,ID,3,2,32,140,True,11,0,11001101
agentmark,AgentMark-F exact probabilities,deepseek,ID,3,2,33,140,False,6,0,
agentmark,AgentMark-F exact probabilities,deepseek,ID,3,2,34,140,True,16,0,11001101
agentmark,AgentMark-F exact probabilities,deepseek,ID,3,2,35,140,True,12,0,11001101
agentmark,AgentMark-F exact probabilities,deepseek,ID,3,2,36,140,True,44,0,11001101
agentmark,AgentMark-F exact probabilities,deepseek,ID,3,2,37,140,False,2,0,
agentmark,AgentMark-F exact probabilities,deepseek,ID,3,2,38,140,True,69,0,11001101
agentmark,AgentMark-F exact probabilities,deepseek,ID,3,2,39,140,True,42,0,11001101
agentmark,AgentMark-F exact probabilities,deepseek,ID,3,2,40,140,True,63,0,11001101
agentmark,AgentMark-F exact probabilities,deepseek,ID,3,2,41,140,True,14,0,11001101
agentmark,AgentMark-F exact probabilities,deepseek,ID,3,2,42,140,True,64,0,11001101
agentmark,AgentMark-F exact probabilities,deepseek,ID,3,2,43,140,True,23,0,11001101
agentmark,AgentMark-F exact probabilities,deepseek,ID,3,2,44,140,True,44,0,11001101
agentmark,AgentMark-F exact probabilities,deepseek,ID,3,2,45,140,True,11,0,11001101
agentmark,AgentMark-F exact probabilities,deepseek,ID,3,2,46,140,True,29,0,11001101
agentmark,AgentMark-F exact probabilities,deepseek,ID,3,2,47,140,True,39,0,11001101
agentmark,AgentMark-F exact probabilities,deepseek,ID,3,2,48,140,True,30,0,11001101
agentmark,AgentMark-F exact probabilities,deepseek,ID,3,2,49,140,True,14,0,11001101
agentmark,AgentMark-F exact probabilities,deepseek,ID,3,3,0,140,True,23,0,11001101
agentmark,AgentMark-F exact probabilities,deepseek,ID,3,3,1,140,True,10,0,11001101
agentmark,AgentMark-F exact probabilities,deepseek,ID,3,3,2,140,True,51,0,11001101
agentmark,AgentMark-F exact probabilities,deepseek,ID,3,3,3,140,True,16,0,11001101
agentmark,AgentMark-F exact probabilities,deepseek,ID,3,3,4,140,False,5,0,
agentmark,AgentMark-F exact probabilities,deepseek,ID,3,3,5,140,True,74,0,11001101
agentmark,AgentMark-F exact probabilities,deepseek,ID,3,3,6,140,False,6,0,
agentmark,AgentMark-F exact probabilities,deepseek,ID,3,3,7,140,True,29,0,11001101
agentmark,AgentMark-F exact probabilities,deepseek,ID,3,3,8,140,True,39,0,11001101
agentmark,AgentMark-F exact probabilities,deepseek,ID,3,3,9,140,True,39,0,11001101
agentmark,AgentMark-F exact probabilities,deepseek,ID,3,3,10,140,True,54,0,11001101
agentmark,AgentMark-F exact probabilities,deepseek,ID,3,3,11,140,True,54,0,11001101
agentmark,AgentMark-F exact probabilities,deepseek,ID,3,3,12,140,True,23,0,11001101
agentmark,AgentMark-F exact probabilities,deepseek,ID,3,3,13,140,True,53,0,11001101
agentmark,AgentMark-F exact probabilities,deepseek,ID,3,3,14,140,True,30,0,11001101
agentmark,AgentMark-F exact probabilities,deepseek,ID,3,3,15,140,True,22,0,11001101
agentmark,AgentMark-F exact probabilities,deepseek,ID,3,3,16,140,True,39,0,11001101
agentmark,AgentMark-F exact probabilities,deepseek,ID,3,3,17,140,True,41,0,11001101
agentmark,AgentMark-F exact probabilities,deepseek,ID,3,3,18,140,True,39,0,11001101
agentmark,AgentMark-F exact probabilities,deepseek,ID,3,3,19,140,True,12,0,11001101
agentmark,AgentMark-F exact probabilities,deepseek,ID,3,3,20,140,True,12,0,11001101
agentmark,AgentMark-F exact probabilities,deepseek,ID,3,3,21,140,True,17,0,11001101
agentmark,AgentMark-F exact probabilities,deepseek,ID,3,3,22,140,True,12,0,11001101
agentmark,AgentMark-F exact probabilities,deepseek,ID,3,3,23,140,True,19,0,11001101
agentmark,AgentMark-F exact probabilities,deepseek,ID,3,3,24,140,False,8,0,
agentmark,AgentMark-F exact probabilities,deepseek,ID,3,3,25,140,True,16,0,11001101
agentmark,AgentMark-F exact probabilities,deepseek,ID,3,3,26,140,True,43,0,11001101
agentmark,AgentMark-F exact probabilities,deepseek,ID,3,3,27,140,True,43,0,11001101
agentmark,AgentMark-F exact probabilities,deepseek,ID,3,3,28,140,True,55,0,11001101
agentmark,AgentMark-F exact probabilities,deepseek,ID,3,3,29,140,True,39,0,11001101
agentmark,AgentMark-F exact probabilities,deepseek,ID,3,3,30,140,True,20,0,11001101
agentmark,AgentMark-F exact probabilities,deepseek,ID,3,3,31,140,True,14,0,11001101
agentmark,AgentMark-F exact probabilities,deepseek,ID,3,3,32,140,True,23,0,11001101
agentmark,AgentMark-F exact probabilities,deepseek,ID,3,3,33,140,True,21,0,11001101
agentmark,AgentMark-F exact probabilities,deepseek,ID,3,3,34,140,True,10,0,11001101
agentmark,AgentMark-F exact probabilities,deepseek,ID,3,3,35,140,True,43,0,11001101
agentmark,AgentMark-F exact probabilities,deepseek,ID,3,3,36,140,True,47,0,11001101
agentmark,AgentMark-F exact probabilities,deepseek,ID,3,3,37,140,True,21,0,11001101
agentmark,AgentMark-F exact probabilities,deepseek,ID,3,3,38,140,True,60,0,11001101
agentmark,AgentMark-F exact probabilities,deepseek,ID,3,3,39,140,True,69,0,11001101
agentmark,AgentMark-F exact probabilities,deepseek,ID,3,3,40,140,True,18,0,11001101
agentmark,AgentMark-F exact probabilities,deepseek,ID,3,3,41,140,True,33,0,11001101
agentmark,AgentMark-F exact probabilities,deepseek,ID,3,3,42,140,True,42,0,11001101
agentmark,AgentMark-F exact probabilities,deepseek,ID,3,3,43,140,False,3,0,
agentmark,AgentMark-F exact probabilities,deepseek,ID,3,3,44,140,True,53,0,11001101
agentmark,AgentMark-F exact probabilities,deepseek,ID,3,3,45,140,True,29,0,11001101
agentmark,AgentMark-F exact probabilities,deepseek,ID,3,3,46,140,False,7,0,
agentmark,AgentMark-F exact probabilities,deepseek,ID,3,3,47,140,True,40,0,11001101
agentmark,AgentMark-F exact probabilities,deepseek,ID,3,3,48,140,True,19,0,11001101
agentmark,AgentMark-F exact probabilities,deepseek,ID,3,3,49,140,True,9,0,11001101
agentmark,AgentMark-F exact probabilities,deepseek,ID,3,5,0,140,True,48,0,11001101
agentmark,AgentMark-F exact probabilities,deepseek,ID,3,5,1,140,True,63,0,11001101
agentmark,AgentMark-F exact probabilities,deepseek,ID,3,5,2,140,True,20,0,11001101
agentmark,AgentMark-F exact probabilities,deepseek,ID,3,5,3,140,True,55,0,11001101
agentmark,AgentMark-F exact probabilities,deepseek,ID,3,5,4,140,True,29,0,11001101
agentmark,AgentMark-F exact probabilities,deepseek,ID,3,5,5,140,True,11,0,11001101
agentmark,AgentMark-F exact probabilities,deepseek,ID,3,5,6,140,True,43,0,11001101
agentmark,AgentMark-F exact probabilities,deepseek,ID,3,5,7,140,True,51,0,11001101
agentmark,AgentMark-F exact probabilities,deepseek,ID,3,5,8,140,True,48,0,11001101
agentmark,AgentMark-F exact probabilities,deepseek,ID,3,5,9,140,True,74,0,11001101
agentmark,AgentMark-F exact probabilities,deepseek,ID,3,5,10,140,True,47,0,11001101
agentmark,AgentMark-F exact probabilities,deepseek,ID,3,5,11,140,True,39,0,11001101
agentmark,AgentMark-F exact probabilities,deepseek,ID,3,5,12,140,True,53,0,11001101
agentmark,AgentMark-F exact probabilities,deepseek,ID,3,5,13,140,True,14,0,11001101
agentmark,AgentMark-F exact probabilities,deepseek,ID,3,5,14,140,True,18,0,11001101
agentmark,AgentMark-F exact probabilities,deepseek,ID,3,5,15,140,True,24,0,11001101
agentmark,AgentMark-F exact probabilities,deepseek,ID,3,5,16,140,True,64,0,11001101
agentmark,AgentMark-F exact probabilities,deepseek,ID,3,5,17,140,True,28,0,11001101
agentmark,AgentMark-F exact probabilities,deepseek,ID,3,5,18,140,True,48,0,11001101
agentmark,AgentMark-F exact probabilities,deepseek,ID,3,5,19,140,True,55,0,11001101
agentmark,AgentMark-F exact probabilities,deepseek,ID,3,5,20,140,True,16,0,11001101
agentmark,AgentMark-F exact probabilities,deepseek,ID,3,5,21,140,True,41,0,11001101
agentmark,AgentMark-F exact probabilities,deepseek,ID,3,5,22,140,True,61,0,11001101
agentmark,AgentMark-F exact probabilities,deepseek,ID,3,5,23,140,True,64,0,11001101
agentmark,AgentMark-F exact probabilities,deepseek,ID,3,5,24,140,True,63,0,11001101
agentmark,AgentMark-F exact probabilities,deepseek,ID,3,5,25,140,True,21,0,11001101
agentmark,AgentMark-F exact probabilities,deepseek,ID,3,5,26,140,True,14,0,11001101
agentmark,AgentMark-F exact probabilities,deepseek,ID,3,5,27,140,True,42,0,11001101
agentmark,AgentMark-F exact probabilities,deepseek,ID,3,5,28,140,True,28,0,11001101
agentmark,AgentMark-F exact probabilities,deepseek,ID,3,5,29,140,True,64,0,11001101
agentmark,AgentMark-F exact probabilities,deepseek,ID,3,5,30,140,True,30,0,11001101
agentmark,AgentMark-F exact probabilities,deepseek,ID,3,5,31,140,True,60,0,11001101
agentmark,AgentMark-F exact probabilities,deepseek,ID,3,5,32,140,True,16,0,11001101
agentmark,AgentMark-F exact probabilities,deepseek,ID,3,5,33,140,True,69,0,11001101
agentmark,AgentMark-F exact probabilities,deepseek,ID,3,5,34,140,True,43,0,11001101
agentmark,AgentMark-F exact probabilities,deepseek,ID,3,5,35,140,True,63,0,11001101
agentmark,AgentMark-F exact probabilities,deepseek,ID,3,5,36,140,True,34,0,11001101
agentmark,AgentMark-F exact probabilities,deepseek,ID,3,5,37,140,True,22,0,11001101
agentmark,AgentMark-F exact probabilities,deepseek,ID,3,5,38,140,True,48,0,11001101
agentmark,AgentMark-F exact probabilities,deepseek,ID,3,5,39,140,True,11,0,11001101
agentmark,AgentMark-F exact probabilities,deepseek,ID,3,5,40,140,True,19,0,11001101
agentmark,AgentMark-F exact probabilities,deepseek,ID,3,5,41,140,True,53,0,11001101
agentmark,AgentMark-F exact probabilities,deepseek,ID,3,5,42,140,True,21,0,11001101
agentmark,AgentMark-F exact probabilities,deepseek,ID,3,5,43,140,True,51,0,11001101
agentmark,AgentMark-F exact probabilities,deepseek,ID,3,5,44,140,True,18,0,11001101
agentmark,AgentMark-F exact probabilities,deepseek,ID,3,5,45,140,True,53,0,11001101
agentmark,AgentMark-F exact probabilities,deepseek,ID,3,5,46,140,True,55,0,11001101
agentmark,AgentMark-F exact probabilities,deepseek,ID,3,5,47,140,True,74,0,11001101
agentmark,AgentMark-F exact probabilities,deepseek,ID,3,5,48,140,True,54,0,11001101
agentmark,AgentMark-F exact probabilities,deepseek,ID,3,5,49,140,True,35,0,11001101
agentmark,AgentMark-F exact probabilities,deepseek,ID,3,8,0,140,True,39,0,11001101
agentmark,AgentMark-F exact probabilities,deepseek,ID,3,8,1,140,True,29,0,11001101
agentmark,AgentMark-F exact probabilities,deepseek,ID,3,8,2,140,True,61,0,11001101
agentmark,AgentMark-F exact probabilities,deepseek,ID,3,8,3,140,True,74,0,11001101
agentmark,AgentMark-F exact probabilities,deepseek,ID,3,8,4,140,True,29,0,11001101
agentmark,AgentMark-F exact probabilities,deepseek,ID,3,8,5,140,True,53,0,11001101
agentmark,AgentMark-F exact probabilities,deepseek,ID,3,8,6,140,True,53,0,11001101
agentmark,AgentMark-F exact probabilities,deepseek,ID,3,8,7,140,True,64,0,11001101
agentmark,AgentMark-F exact probabilities,deepseek,ID,3,8,8,140,True,61,0,11001101
agentmark,AgentMark-F exact probabilities,deepseek,ID,3,8,9,140,True,74,0,11001101
agentmark,AgentMark-F exact probabilities,deepseek,ID,3,8,10,140,True,63,0,11001101
agentmark,AgentMark-F exact probabilities,deepseek,ID,3,8,11,140,True,55,0,11001101
agentmark,AgentMark-F exact probabilities,deepseek,ID,3,8,12,140,True,44,0,11001101
agentmark,AgentMark-F exact probabilities,deepseek,ID,3,8,13,140,True,63,0,11001101
agentmark,AgentMark-F exact probabilities,deepseek,ID,3,8,14,140,True,55,0,11001101
agentmark,AgentMark-F exact probabilities,deepseek,ID,3,8,15,140,True,66,0,11001101
agentmark,AgentMark-F exact probabilities,deepseek,ID,3,8,16,140,True,53,0,11001101
agentmark,AgentMark-F exact probabilities,deepseek,ID,3,8,17,140,True,74,0,11001101
agentmark,AgentMark-F exact probabilities,deepseek,ID,3,8,18,140,True,22,0,11001101
agentmark,AgentMark-F exact probabilities,deepseek,ID,3,8,19,140,True,48,0,11001101
agentmark,AgentMark-F exact probabilities,deepseek,ID,3,8,20,140,True,51,0,11001101
agentmark,AgentMark-F exact probabilities,deepseek,ID,3,8,21,140,True,69,0,11001101
agentmark,AgentMark-F exact probabilities,deepseek,ID,3,8,22,140,True,47,0,11001101
agentmark,AgentMark-F exact probabilities,deepseek,ID,3,8,23,140,True,66,0,11001101
agentmark,AgentMark-F exact probabilities,deepseek,ID,3,8,24,140,True,55,0,11001101
agentmark,AgentMark-F exact probabilities,deepseek,ID,3,8,25,140,True,21,0,11001101
agentmark,AgentMark-F exact probabilities,deepseek,ID,3,8,26,140,True,41,0,11001101
agentmark,AgentMark-F exact probabilities,deepseek,ID,3,8,27,140,True,48,0,11001101
agentmark,AgentMark-F exact probabilities,deepseek,ID,3,8,28,140,True,53,0,11001101
agentmark,AgentMark-F exact probabilities,deepseek,ID,3,8,29,140,True,40,0,11001101
agentmark,AgentMark-F exact probabilities,deepseek,ID,3,8,30,140,True,63,0,11001101
agentmark,AgentMark-F exact probabilities,deepseek,ID,3,8,31,140,True,54,0,11001101
agentmark,AgentMark-F exact probabilities,deepseek,ID,3,8,32,140,True,54,0,11001101
agentmark,AgentMark-F exact probabilities,deepseek,ID,3,8,33,140,True,74,0,11001101
agentmark,AgentMark-F exact probabilities,deepseek,ID,3,8,34,140,True,60,0,11001101
agentmark,AgentMark-F exact probabilities,deepseek,ID,3,8,35,140,True,51,0,11001101
agentmark,AgentMark-F exact probabilities,deepseek,ID,3,8,36,140,True,55,0,11001101
agentmark,AgentMark-F exact probabilities,deepseek,ID,3,8,37,140,True,53,0,11001101
agentmark,AgentMark-F exact probabilities,deepseek,ID,3,8,38,140,True,69,0,11001101
agentmark,AgentMark-F exact probabilities,deepseek,ID,3,8,39,140,True,55,0,11001101
agentmark,AgentMark-F exact probabilities,deepseek,ID,3,8,40,140,True,66,0,11001101
agentmark,AgentMark-F exact probabilities,deepseek,ID,3,8,41,140,True,39,0,11001101
agentmark,AgentMark-F exact probabilities,deepseek,ID,3,8,42,140,True,43,0,11001101
agentmark,AgentMark-F exact probabilities,deepseek,ID,3,8,43,140,True,51,0,11001101
agentmark,AgentMark-F exact probabilities,deepseek,ID,3,8,44,140,True,51,0,11001101
agentmark,AgentMark-F exact probabilities,deepseek,ID,3,8,45,140,True,63,0,11001101
agentmark,AgentMark-F exact probabilities,deepseek,ID,3,8,46,140,True,18,0,11001101
agentmark,AgentMark-F exact probabilities,deepseek,ID,3,8,47,140,True,43,0,11001101
agentmark,AgentMark-F exact probabilities,deepseek,ID,3,8,48,140,True,24,0,11001101
agentmark,AgentMark-F exact probabilities,deepseek,ID,3,8,49,140,True,20,0,11001101
agentmark,AgentMark-F exact probabilities,deepseek,ID,3,10,0,140,True,53,0,11001101
agentmark,AgentMark-F exact probabilities,deepseek,ID,3,10,1,140,True,43,0,11001101
agentmark,AgentMark-F exact probabilities,deepseek,ID,3,10,2,140,True,51,0,11001101
agentmark,AgentMark-F exact probabilities,deepseek,ID,3,10,3,140,True,74,0,11001101
agentmark,AgentMark-F exact probabilities,deepseek,ID,3,10,4,140,True,48,0,11001101
agentmark,AgentMark-F exact probabilities,deepseek,ID,3,10,5,140,True,63,0,11001101
agentmark,AgentMark-F exact probabilities,deepseek,ID,3,10,6,140,True,61,0,11001101
agentmark,AgentMark-F exact probabilities,deepseek,ID,3,10,7,140,True,64,0,11001101
agentmark,AgentMark-F exact probabilities,deepseek,ID,3,10,8,140,True,63,0,11001101
agentmark,AgentMark-F exact probabilities,deepseek,ID,3,10,9,140,True,48,0,11001101
agentmark,AgentMark-F exact probabilities,deepseek,ID,3,10,10,140,True,24,0,11001101
agentmark,AgentMark-F exact probabilities,deepseek,ID,3,10,11,140,True,43,0,11001101
agentmark,AgentMark-F exact probabilities,deepseek,ID,3,10,12,140,True,35,0,11001101
agentmark,AgentMark-F exact probabilities,deepseek,ID,3,10,13,140,True,53,0,11001101
agentmark,AgentMark-F exact probabilities,deepseek,ID,3,10,14,140,True,74,0,11001101
agentmark,AgentMark-F exact probabilities,deepseek,ID,3,10,15,140,True,60,0,11001101
agentmark,AgentMark-F exact probabilities,deepseek,ID,3,10,16,140,True,74,0,11001101
agentmark,AgentMark-F exact probabilities,deepseek,ID,3,10,17,140,True,30,0,11001101
agentmark,AgentMark-F exact probabilities,deepseek,ID,3,10,18,140,True,61,0,11001101
agentmark,AgentMark-F exact probabilities,deepseek,ID,3,10,19,140,True,53,0,11001101
agentmark,AgentMark-F exact probabilities,deepseek,ID,3,10,20,140,True,63,0,11001101
agentmark,AgentMark-F exact probabilities,deepseek,ID,3,10,21,140,True,74,0,11001101
agentmark,AgentMark-F exact probabilities,deepseek,ID,3,10,22,140,True,41,0,11001101
agentmark,AgentMark-F exact probabilities,deepseek,ID,3,10,23,140,True,19,0,11001101
agentmark,AgentMark-F exact probabilities,deepseek,ID,3,10,24,140,True,53,0,11001101
agentmark,AgentMark-F exact probabilities,deepseek,ID,3,10,25,140,True,60,0,11001101
agentmark,AgentMark-F exact probabilities,deepseek,ID,3,10,26,140,True,61,0,11001101
agentmark,AgentMark-F exact probabilities,deepseek,ID,3,10,27,140,True,44,0,11001101
agentmark,AgentMark-F exact probabilities,deepseek,ID,3,10,28,140,True,69,0,11001101
agentmark,AgentMark-F exact probabilities,deepseek,ID,3,10,29,140,True,74,0,11001101
agentmark,AgentMark-F exact probabilities,deepseek,ID,3,10,30,140,True,51,0,11001101
agentmark,AgentMark-F exact probabilities,deepseek,ID,3,10,31,140,True,14,0,11001101
agentmark,AgentMark-F exact probabilities,deepseek,ID,3,10,32,140,True,64,0,11001101
agentmark,AgentMark-F exact probabilities,deepseek,ID,3,10,33,140,True,64,0,11001101
agentmark,AgentMark-F exact probabilities,deepseek,ID,3,10,34,140,True,53,0,11001101
agentmark,AgentMark-F exact probabilities,deepseek,ID,3,10,35,140,True,51,0,11001101
agentmark,AgentMark-F exact probabilities,deepseek,ID,3,10,36,140,True,29,0,11001101
agentmark,AgentMark-F exact probabilities,deepseek,ID,3,10,37,140,True,61,0,11001101
agentmark,AgentMark-F exact probabilities,deepseek,ID,3,10,38,140,True,60,0,11001101
agentmark,AgentMark-F exact probabilities,deepseek,ID,3,10,39,140,True,43,0,11001101
agentmark,AgentMark-F exact probabilities,deepseek,ID,3,10,40,140,True,39,0,11001101
agentmark,AgentMark-F exact probabilities,deepseek,ID,3,10,41,140,True,66,0,11001101
agentmark,AgentMark-F exact probabilities,deepseek,ID,3,10,42,140,True,24,0,11001101
agentmark,AgentMark-F exact probabilities,deepseek,ID,3,10,43,140,True,64,0,11001101
agentmark,AgentMark-F exact probabilities,deepseek,ID,3,10,44,140,True,28,0,11001101
agentmark,AgentMark-F exact probabilities,deepseek,ID,3,10,45,140,True,69,0,11001101
agentmark,AgentMark-F exact probabilities,deepseek,ID,3,10,46,140,True,55,0,11001101
agentmark,AgentMark-F exact probabilities,deepseek,ID,3,10,47,140,True,32,0,11001101
agentmark,AgentMark-F exact probabilities,deepseek,ID,3,10,48,140,True,60,0,11001101
agentmark,AgentMark-F exact probabilities,deepseek,ID,3,10,49,140,True,53,0,11001101
agentmark,AgentMark-F exact probabilities,deepseek,ID,3,15,0,140,True,41,0,11001101
agentmark,AgentMark-F exact probabilities,deepseek,ID,3,15,1,140,True,69,0,11001101
agentmark,AgentMark-F exact probabilities,deepseek,ID,3,15,2,140,True,48,0,11001101
agentmark,AgentMark-F exact probabilities,deepseek,ID,3,15,3,140,True,64,0,11001101
agentmark,AgentMark-F exact probabilities,deepseek,ID,3,15,4,140,True,53,0,11001101
agentmark,AgentMark-F exact probabilities,deepseek,ID,3,15,5,140,True,53,0,11001101
agentmark,AgentMark-F exact probabilities,deepseek,ID,3,15,6,140,True,60,0,11001101
agentmark,AgentMark-F exact probabilities,deepseek,ID,3,15,7,140,True,43,0,11001101
agentmark,AgentMark-F exact probabilities,deepseek,ID,3,15,8,140,True,61,0,11001101
agentmark,AgentMark-F exact probabilities,deepseek,ID,3,15,9,140,True,74,0,11001101
agentmark,AgentMark-F exact probabilities,deepseek,ID,3,15,10,140,True,55,0,11001101
agentmark,AgentMark-F exact probabilities,deepseek,ID,3,15,11,140,True,69,0,11001101
agentmark,AgentMark-F exact probabilities,deepseek,ID,3,15,12,140,True,66,0,11001101
agentmark,AgentMark-F exact probabilities,deepseek,ID,3,15,13,140,True,69,0,11001101
agentmark,AgentMark-F exact probabilities,deepseek,ID,3,15,14,140,True,66,0,11001101
agentmark,AgentMark-F exact probabilities,deepseek,ID,3,15,15,140,True,64,0,11001101
agentmark,AgentMark-F exact probabilities,deepseek,ID,3,15,16,140,True,43,0,11001101
agentmark,AgentMark-F exact probabilities,deepseek,ID,3,15,17,140,True,55,0,11001101
agentmark,AgentMark-F exact probabilities,deepseek,ID,3,15,18,140,True,74,0,11001101
agentmark,AgentMark-F exact probabilities,deepseek,ID,3,15,19,140,True,74,0,11001101
agentmark,AgentMark-F exact probabilities,deepseek,ID,3,15,20,140,True,74,0,11001101
agentmark,AgentMark-F exact probabilities,deepseek,ID,3,15,21,140,True,51,0,11001101
agentmark,AgentMark-F exact probabilities,deepseek,ID,3,15,22,140,True,44,0,11001101
agentmark,AgentMark-F exact probabilities,deepseek,ID,3,15,23,140,True,69,0,11001101
agentmark,AgentMark-F exact probabilities,deepseek,ID,3,15,24,140,True,66,0,11001101
agentmark,AgentMark-F exact probabilities,deepseek,ID,3,15,25,140,True,55,0,11001101
agentmark,AgentMark-F exact probabilities,deepseek,ID,3,15,26,140,True,74,0,11001101
agentmark,AgentMark-F exact probabilities,deepseek,ID,3,15,27,140,True,69,0,11001101
agentmark,AgentMark-F exact probabilities,deepseek,ID,3,15,28,140,True,43,0,11001101
agentmark,AgentMark-F exact probabilities,deepseek,ID,3,15,29,140,True,64,0,11001101
agentmark,AgentMark-F exact probabilities,deepseek,ID,3,15,30,140,True,55,0,11001101
agentmark,AgentMark-F exact probabilities,deepseek,ID,3,15,31,140,True,53,0,11001101
agentmark,AgentMark-F exact probabilities,deepseek,ID,3,15,32,140,True,74,0,11001101
agentmark,AgentMark-F exact probabilities,deepseek,ID,3,15,33,140,True,66,0,11001101
agentmark,AgentMark-F exact probabilities,deepseek,ID,3,15,34,140,True,74,0,11001101
agentmark,AgentMark-F exact probabilities,deepseek,ID,3,15,35,140,True,66,0,11001101
agentmark,AgentMark-F exact probabilities,deepseek,ID,3,15,36,140,True,33,0,11001101
agentmark,AgentMark-F exact probabilities,deepseek,ID,3,15,37,140,True,54,0,11001101
agentmark,AgentMark-F exact probabilities,deepseek,ID,3,15,38,140,True,55,0,11001101
agentmark,AgentMark-F exact probabilities,deepseek,ID,3,15,39,140,True,63,0,11001101
agentmark,AgentMark-F exact probabilities,deepseek,ID,3,15,40,140,True,66,0,11001101
agentmark,AgentMark-F exact probabilities,deepseek,ID,3,15,41,140,True,51,0,11001101
agentmark,AgentMark-F exact probabilities,deepseek,ID,3,15,42,140,True,60,0,11001101
agentmark,AgentMark-F exact probabilities,deepseek,ID,3,15,43,140,True,42,0,11001101
agentmark,AgentMark-F exact probabilities,deepseek,ID,3,15,44,140,True,42,0,11001101
agentmark,AgentMark-F exact probabilities,deepseek,ID,3,15,45,140,True,66,0,11001101
agentmark,AgentMark-F exact probabilities,deepseek,ID,3,15,46,140,True,64,0,11001101
agentmark,AgentMark-F exact probabilities,deepseek,ID,3,15,47,140,True,55,0,11001101
agentmark,AgentMark-F exact probabilities,deepseek,ID,3,15,48,140,True,69,0,11001101
agentmark,AgentMark-F exact probabilities,deepseek,ID,3,15,49,140,True,74,0,11001101
agentmark,AgentMark-F exact probabilities,deepseek,ID,3,20,0,140,True,51,0,11001101
agentmark,AgentMark-F exact probabilities,deepseek,ID,3,20,1,140,True,69,0,11001101
agentmark,AgentMark-F exact probabilities,deepseek,ID,3,20,2,140,True,63,0,11001101
agentmark,AgentMark-F exact probabilities,deepseek,ID,3,20,3,140,True,61,0,11001101
agentmark,AgentMark-F exact probabilities,deepseek,ID,3,20,4,140,True,51,0,11001101
agentmark,AgentMark-F exact probabilities,deepseek,ID,3,20,5,140,True,55,0,11001101
agentmark,AgentMark-F exact probabilities,deepseek,ID,3,20,6,140,True,60,0,11001101
agentmark,AgentMark-F exact probabilities,deepseek,ID,3,20,7,140,True,43,0,11001101
agentmark,AgentMark-F exact probabilities,deepseek,ID,3,20,8,140,True,69,0,11001101
agentmark,AgentMark-F exact probabilities,deepseek,ID,3,20,9,140,True,55,0,11001101
agentmark,AgentMark-F exact probabilities,deepseek,ID,3,20,10,140,True,53,0,11001101
agentmark,AgentMark-F exact probabilities,deepseek,ID,3,20,11,140,True,66,0,11001101
agentmark,AgentMark-F exact probabilities,deepseek,ID,3,20,12,140,True,74,0,11001101
agentmark,AgentMark-F exact probabilities,deepseek,ID,3,20,13,140,True,66,0,11001101
agentmark,AgentMark-F exact probabilities,deepseek,ID,3,20,14,140,True,69,0,11001101
agentmark,AgentMark-F exact probabilities,deepseek,ID,3,20,15,140,True,43,0,11001101
agentmark,AgentMark-F exact probabilities,deepseek,ID,3,20,16,140,True,54,0,11001101
agentmark,AgentMark-F exact probabilities,deepseek,ID,3,20,17,140,True,61,0,11001101
agentmark,AgentMark-F exact probabilities,deepseek,ID,3,20,18,140,True,63,0,11001101
agentmark,AgentMark-F exact probabilities,deepseek,ID,3,20,19,140,True,66,0,11001101
agentmark,AgentMark-F exact probabilities,deepseek,ID,3,20,20,140,True,61,0,11001101
agentmark,AgentMark-F exact probabilities,deepseek,ID,3,20,21,140,True,51,0,11001101
agentmark,AgentMark-F exact probabilities,deepseek,ID,3,20,22,140,True,74,0,11001101
agentmark,AgentMark-F exact probabilities,deepseek,ID,3,20,23,140,True,55,0,11001101
agentmark,AgentMark-F exact probabilities,deepseek,ID,3,20,24,140,True,53,0,11001101
agentmark,AgentMark-F exact probabilities,deepseek,ID,3,20,25,140,True,74,0,11001101
agentmark,AgentMark-F exact probabilities,deepseek,ID,3,20,26,140,True,44,0,11001101
agentmark,AgentMark-F exact probabilities,deepseek,ID,3,20,27,140,True,74,0,11001101
agentmark,AgentMark-F exact probabilities,deepseek,ID,3,20,28,140,True,69,0,11001101
agentmark,AgentMark-F exact probabilities,deepseek,ID,3,20,29,140,True,39,0,11001101
agentmark,AgentMark-F exact probabilities,deepseek,ID,3,20,30,140,True,74,0,11001101
agentmark,AgentMark-F exact probabilities,deepseek,ID,3,20,31,140,True,74,0,11001101
agentmark,AgentMark-F exact probabilities,deepseek,ID,3,20,32,140,True,69,0,11001101
agentmark,AgentMark-F exact probabilities,deepseek,ID,3,20,33,140,True,69,0,11001101
agentmark,AgentMark-F exact probabilities,deepseek,ID,3,20,34,140,True,64,0,11001101
agentmark,AgentMark-F exact probabilities,deepseek,ID,3,20,35,140,True,54,0,11001101
agentmark,AgentMark-F exact probabilities,deepseek,ID,3,20,36,140,True,61,0,11001101
agentmark,AgentMark-F exact probabilities,deepseek,ID,3,20,37,140,True,66,0,11001101
agentmark,AgentMark-F exact probabilities,deepseek,ID,3,20,38,140,True,53,0,11001101
agentmark,AgentMark-F exact probabilities,deepseek,ID,3,20,39,140,True,74,0,11001101
agentmark,AgentMark-F exact probabilities,deepseek,ID,3,20,40,140,True,55,0,11001101
agentmark,AgentMark-F exact probabilities,deepseek,ID,3,20,41,140,True,66,0,11001101
agentmark,AgentMark-F exact probabilities,deepseek,ID,3,20,42,140,True,74,0,11001101
agentmark,AgentMark-F exact probabilities,deepseek,ID,3,20,43,140,True,53,0,11001101
agentmark,AgentMark-F exact probabilities,deepseek,ID,3,20,44,140,True,55,0,11001101
agentmark,AgentMark-F exact probabilities,deepseek,ID,3,20,45,140,True,66,0,11001101
agentmark,AgentMark-F exact probabilities,deepseek,ID,3,20,46,140,True,69,0,11001101
agentmark,AgentMark-F exact probabilities,deepseek,ID,3,20,47,140,True,74,0,11001101
agentmark,AgentMark-F exact probabilities,deepseek,ID,3,20,48,140,True,74,0,11001101
agentmark,AgentMark-F exact probabilities,deepseek,ID,3,20,49,140,True,53,0,11001101
agentmark,AgentMark-F exact probabilities,deepseek,ID,3,30,0,140,True,69,0,11001101
agentmark,AgentMark-F exact probabilities,deepseek,ID,3,30,1,140,True,69,0,11001101
agentmark,AgentMark-F exact probabilities,deepseek,ID,3,30,2,140,True,64,0,11001101
agentmark,AgentMark-F exact probabilities,deepseek,ID,3,30,3,140,True,69,0,11001101
agentmark,AgentMark-F exact probabilities,deepseek,ID,3,30,4,140,True,61,0,11001101
agentmark,AgentMark-F exact probabilities,deepseek,ID,3,30,5,140,True,74,0,11001101
agentmark,AgentMark-F exact probabilities,deepseek,ID,3,30,6,140,True,64,0,11001101
agentmark,AgentMark-F exact probabilities,deepseek,ID,3,30,7,140,True,69,0,11001101
agentmark,AgentMark-F exact probabilities,deepseek,ID,3,30,8,140,True,69,0,11001101
agentmark,AgentMark-F exact probabilities,deepseek,ID,3,30,9,140,True,69,0,11001101
agentmark,AgentMark-F exact probabilities,deepseek,ID,3,30,10,140,True,69,0,11001101
agentmark,AgentMark-F exact probabilities,deepseek,ID,3,30,11,140,True,74,0,11001101
agentmark,AgentMark-F exact probabilities,deepseek,ID,3,30,12,140,True,64,0,11001101
agentmark,AgentMark-F exact probabilities,deepseek,ID,3,30,13,140,True,69,0,11001101
agentmark,AgentMark-F exact probabilities,deepseek,ID,3,30,14,140,True,74,0,11001101
agentmark,AgentMark-F exact probabilities,deepseek,ID,3,30,15,140,True,64,0,11001101
agentmark,AgentMark-F exact probabilities,deepseek,ID,3,30,16,140,True,53,0,11001101
agentmark,AgentMark-F exact probabilities,deepseek,ID,3,30,17,140,True,74,0,11001101
agentmark,AgentMark-F exact probabilities,deepseek,ID,3,30,18,140,True,63,0,11001101
agentmark,AgentMark-F exact probabilities,deepseek,ID,3,30,19,140,True,53,0,11001101
agentmark,AgentMark-F exact probabilities,deepseek,ID,3,30,20,140,True,54,0,11001101
agentmark,AgentMark-F exact probabilities,deepseek,ID,3,30,21,140,True,74,0,11001101
agentmark,AgentMark-F exact probabilities,deepseek,ID,3,30,22,140,True,66,0,11001101
agentmark,AgentMark-F exact probabilities,deepseek,ID,3,30,23,140,True,64,0,11001101
agentmark,AgentMark-F exact probabilities,deepseek,ID,3,30,24,140,True,53,0,11001101
agentmark,AgentMark-F exact probabilities,deepseek,ID,3,30,25,140,True,66,0,11001101
agentmark,AgentMark-F exact probabilities,deepseek,ID,3,30,26,140,True,74,0,11001101
agentmark,AgentMark-F exact probabilities,deepseek,ID,3,30,27,140,True,66,0,11001101
agentmark,AgentMark-F exact probabilities,deepseek,ID,3,30,28,140,True,74,0,11001101
agentmark,AgentMark-F exact probabilities,deepseek,ID,3,30,29,140,True,63,0,11001101
agentmark,AgentMark-F exact probabilities,deepseek,ID,3,30,30,140,True,74,0,11001101
agentmark,AgentMark-F exact probabilities,deepseek,ID,3,30,31,140,True,66,0,11001101
agentmark,AgentMark-F exact probabilities,deepseek,ID,3,30,32,140,True,74,0,11001101
agentmark,AgentMark-F exact probabilities,deepseek,ID,3,30,33,140,True,66,0,11001101
agentmark,AgentMark-F exact probabilities,deepseek,ID,3,30,34,140,True,61,0,11001101
agentmark,AgentMark-F exact probabilities,deepseek,ID,3,30,35,140,True,63,0,11001101
agentmark,AgentMark-F exact probabilities,deepseek,ID,3,30,36,140,True,66,0,11001101
agentmark,AgentMark-F exact probabilities,deepseek,ID,3,30,37,140,True,61,0,11001101
agentmark,AgentMark-F exact probabilities,deepseek,ID,3,30,38,140,True,54,0,11001101
agentmark,AgentMark-F exact probabilities,deepseek,ID,3,30,39,140,True,63,0,11001101
agentmark,AgentMark-F exact probabilities,deepseek,ID,3,30,40,140,True,66,0,11001101
agentmark,AgentMark-F exact probabilities,deepseek,ID,3,30,41,140,True,74,0,11001101
agentmark,AgentMark-F exact probabilities,deepseek,ID,3,30,42,140,True,51,0,11001101
agentmark,AgentMark-F exact probabilities,deepseek,ID,3,30,43,140,True,69,0,11001101
agentmark,AgentMark-F exact probabilities,deepseek,ID,3,30,44,140,True,74,0,11001101
agentmark,AgentMark-F exact probabilities,deepseek,ID,3,30,45,140,True,60,0,11001101
agentmark,AgentMark-F exact probabilities,deepseek,ID,3,30,46,140,True,55,0,11001101
agentmark,AgentMark-F exact probabilities,deepseek,ID,3,30,47,140,True,74,0,11001101
agentmark,AgentMark-F exact probabilities,deepseek,ID,3,30,48,140,True,64,0,11001101
agentmark,AgentMark-F exact probabilities,deepseek,ID,3,30,49,140,True,69,0,11001101
agentmark,AgentMark-F exact probabilities,deepseek,ID,3,50,0,140,True,69,0,11001101
agentmark,AgentMark-F exact probabilities,deepseek,ID,3,50,1,140,True,69,0,11001101
agentmark,AgentMark-F exact probabilities,deepseek,ID,3,50,2,140,True,64,0,11001101
agentmark,AgentMark-F exact probabilities,deepseek,ID,3,50,3,140,True,64,0,11001101
agentmark,AgentMark-F exact probabilities,deepseek,ID,3,50,4,140,True,64,0,11001101
agentmark,AgentMark-F exact probabilities,deepseek,ID,3,50,5,140,True,74,0,11001101
agentmark,AgentMark-F exact probabilities,deepseek,ID,3,50,6,140,True,55,0,11001101
agentmark,AgentMark-F exact probabilities,deepseek,ID,3,50,7,140,True,69,0,11001101
agentmark,AgentMark-F exact probabilities,deepseek,ID,3,50,8,140,True,74,0,11001101
agentmark,AgentMark-F exact probabilities,deepseek,ID,3,50,9,140,True,63,0,11001101
agentmark,AgentMark-F exact probabilities,deepseek,ID,3,50,10,140,True,74,0,11001101
agentmark,AgentMark-F exact probabilities,deepseek,ID,3,50,11,140,True,63,0,11001101
agentmark,AgentMark-F exact probabilities,deepseek,ID,3,50,12,140,True,64,0,11001101
agentmark,AgentMark-F exact probabilities,deepseek,ID,3,50,13,140,True,74,0,11001101
agentmark,AgentMark-F exact probabilities,deepseek,ID,3,50,14,140,True,74,0,11001101
agentmark,AgentMark-F exact probabilities,deepseek,ID,3,50,15,140,True,63,0,11001101
agentmark,AgentMark-F exact probabilities,deepseek,ID,3,50,16,140,True,66,0,11001101
agentmark,AgentMark-F exact probabilities,deepseek,ID,3,50,17,140,True,55,0,11001101
agentmark,AgentMark-F exact probabilities,deepseek,ID,3,50,18,140,True,69,0,11001101
agentmark,AgentMark-F exact probabilities,deepseek,ID,3,50,19,140,True,66,0,11001101
agentmark,AgentMark-F exact probabilities,deepseek,ID,3,50,20,140,True,63,0,11001101
agentmark,AgentMark-F exact probabilities,deepseek,ID,3,50,21,140,True,74,0,11001101
agentmark,AgentMark-F exact probabilities,deepseek,ID,3,50,22,140,True,61,0,11001101
agentmark,AgentMark-F exact probabilities,deepseek,ID,3,50,23,140,True,69,0,11001101
agentmark,AgentMark-F exact probabilities,deepseek,ID,3,50,24,140,True,66,0,11001101
agentmark,AgentMark-F exact probabilities,deepseek,ID,3,50,25,140,True,74,0,11001101
agentmark,AgentMark-F exact probabilities,deepseek,ID,3,50,26,140,True,51,0,11001101
agentmark,AgentMark-F exact probabilities,deepseek,ID,3,50,27,140,True,74,0,11001101
agentmark,AgentMark-F exact probabilities,deepseek,ID,3,50,28,140,True,74,0,11001101
agentmark,AgentMark-F exact probabilities,deepseek,ID,3,50,29,140,True,55,0,11001101
agentmark,AgentMark-F exact probabilities,deepseek,ID,3,50,30,140,True,64,0,11001101
agentmark,AgentMark-F exact probabilities,deepseek,ID,3,50,31,140,True,54,0,11001101
agentmark,AgentMark-F exact probabilities,deepseek,ID,3,50,32,140,True,63,0,11001101
agentmark,AgentMark-F exact probabilities,deepseek,ID,3,50,33,140,True,74,0,11001101
agentmark,AgentMark-F exact probabilities,deepseek,ID,3,50,34,140,True,66,0,11001101
agentmark,AgentMark-F exact probabilities,deepseek,ID,3,50,35,140,True,74,0,11001101
agentmark,AgentMark-F exact probabilities,deepseek,ID,3,50,36,140,True,61,0,11001101
agentmark,AgentMark-F exact probabilities,deepseek,ID,3,50,37,140,True,66,0,11001101
agentmark,AgentMark-F exact probabilities,deepseek,ID,3,50,38,140,True,69,0,11001101
agentmark,AgentMark-F exact probabilities,deepseek,ID,3,50,39,140,True,64,0,11001101
agentmark,AgentMark-F exact probabilities,deepseek,ID,3,50,40,140,True,74,0,11001101
agentmark,AgentMark-F exact probabilities,deepseek,ID,3,50,41,140,True,74,0,11001101
agentmark,AgentMark-F exact probabilities,deepseek,ID,3,50,42,140,True,69,0,11001101
agentmark,AgentMark-F exact probabilities,deepseek,ID,3,50,43,140,True,74,0,11001101
agentmark,AgentMark-F exact probabilities,deepseek,ID,3,50,44,140,True,74,0,11001101
agentmark,AgentMark-F exact probabilities,deepseek,ID,3,50,45,140,True,69,0,11001101
agentmark,AgentMark-F exact probabilities,deepseek,ID,3,50,46,140,True,55,0,11001101
agentmark,AgentMark-F exact probabilities,deepseek,ID,3,50,47,140,True,74,0,11001101
agentmark,AgentMark-F exact probabilities,deepseek,ID,3,50,48,140,True,66,0,11001101
agentmark,AgentMark-F exact probabilities,deepseek,ID,3,50,49,140,True,66,0,11001101
agentmark,AgentMark-F exact probabilities,deepseek,ID,3,80,0,140,True,66,0,11001101
agentmark,AgentMark-F exact probabilities,deepseek,ID,3,80,1,140,True,74,0,11001101
agentmark,AgentMark-F exact probabilities,deepseek,ID,3,80,2,140,True,66,0,11001101
agentmark,AgentMark-F exact probabilities,deepseek,ID,3,80,3,140,True,74,0,11001101
agentmark,AgentMark-F exact probabilities,deepseek,ID,3,80,4,140,True,66,0,11001101
agentmark,AgentMark-F exact probabilities,deepseek,ID,3,80,5,140,True,69,0,11001101
agentmark,AgentMark-F exact probabilities,deepseek,ID,3,80,6,140,True,74,0,11001101
agentmark,AgentMark-F exact probabilities,deepseek,ID,3,80,7,140,True,69,0,11001101
agentmark,AgentMark-F exact probabilities,deepseek,ID,3,80,8,140,True,74,0,11001101
agentmark,AgentMark-F exact probabilities,deepseek,ID,3,80,9,140,True,69,0,11001101
agentmark,AgentMark-F exact probabilities,deepseek,ID,3,80,10,140,True,74,0,11001101
agentmark,AgentMark-F exact probabilities,deepseek,ID,3,80,11,140,True,69,0,11001101
agentmark,AgentMark-F exact probabilities,deepseek,ID,3,80,12,140,True,74,0,11001101
agentmark,AgentMark-F exact probabilities,deepseek,ID,3,80,13,140,True,63,0,11001101
agentmark,AgentMark-F exact probabilities,deepseek,ID,3,80,14,140,True,69,0,11001101
agentmark,AgentMark-F exact probabilities,deepseek,ID,3,80,15,140,True,74,0,11001101
agentmark,AgentMark-F exact probabilities,deepseek,ID,3,80,16,140,True,64,0,11001101
agentmark,AgentMark-F exact probabilities,deepseek,ID,3,80,17,140,True,69,0,11001101
agentmark,AgentMark-F exact probabilities,deepseek,ID,3,80,18,140,True,74,0,11001101
agentmark,AgentMark-F exact probabilities,deepseek,ID,3,80,19,140,True,74,0,11001101
agentmark,AgentMark-F exact probabilities,deepseek,ID,3,80,20,140,True,74,0,11001101
agentmark,AgentMark-F exact probabilities,deepseek,ID,3,80,21,140,True,74,0,11001101
agentmark,AgentMark-F exact probabilities,deepseek,ID,3,80,22,140,True,74,0,11001101
agentmark,AgentMark-F exact probabilities,deepseek,ID,3,80,23,140,True,74,0,11001101
agentmark,AgentMark-F exact probabilities,deepseek,ID,3,80,24,140,True,66,0,11001101
agentmark,AgentMark-F exact probabilities,deepseek,ID,3,80,25,140,True,69,0,11001101
agentmark,AgentMark-F exact probabilities,deepseek,ID,3,80,26,140,True,74,0,11001101
agentmark,AgentMark-F exact probabilities,deepseek,ID,3,80,27,140,True,69,0,11001101
agentmark,AgentMark-F exact probabilities,deepseek,ID,3,80,28,140,True,74,0,11001101
agentmark,AgentMark-F exact probabilities,deepseek,ID,3,80,29,140,True,74,0,11001101
agentmark,AgentMark-F exact probabilities,deepseek,ID,3,80,30,140,True,69,0,11001101
agentmark,AgentMark-F exact probabilities,deepseek,ID,3,80,31,140,True,74,0,11001101
agentmark,AgentMark-F exact probabilities,deepseek,ID,3,80,32,140,True,74,0,11001101
agentmark,AgentMark-F exact probabilities,deepseek,ID,3,80,33,140,True,74,0,11001101
agentmark,AgentMark-F exact probabilities,deepseek,ID,3,80,34,140,True,74,0,11001101
agentmark,AgentMark-F exact probabilities,deepseek,ID,3,80,35,140,True,69,0,11001101
agentmark,AgentMark-F exact probabilities,deepseek,ID,3,80,36,140,True,74,0,11001101
agentmark,AgentMark-F exact probabilities,deepseek,ID,3,80,37,140,True,74,0,11001101
agentmark,AgentMark-F exact probabilities,deepseek,ID,3,80,38,140,True,69,0,11001101
agentmark,AgentMark-F exact probabilities,deepseek,ID,3,80,39,140,True,74,0,11001101
agentmark,AgentMark-F exact probabilities,deepseek,ID,3,80,40,140,True,64,0,11001101
agentmark,AgentMark-F exact probabilities,deepseek,ID,3,80,41,140,True,66,0,11001101
agentmark,AgentMark-F exact probabilities,deepseek,ID,3,80,42,140,True,74,0,11001101
agentmark,AgentMark-F exact probabilities,deepseek,ID,3,80,43,140,True,64,0,11001101
agentmark,AgentMark-F exact probabilities,deepseek,ID,3,80,44,140,True,74,0,11001101
agentmark,AgentMark-F exact probabilities,deepseek,ID,3,80,45,140,True,69,0,11001101
agentmark,AgentMark-F exact probabilities,deepseek,ID,3,80,46,140,True,74,0,11001101
agentmark,AgentMark-F exact probabilities,deepseek,ID,3,80,47,140,True,74,0,11001101
agentmark,AgentMark-F exact probabilities,deepseek,ID,3,80,48,140,True,69,0,11001101
agentmark,AgentMark-F exact probabilities,deepseek,ID,3,80,49,140,True,69,0,11001101
agentmark,AgentMark-F exact probabilities,deepseek,ID,3,100,0,140,True,74,0,11001101
agentmark,AgentMark-F exact probabilities,deepseek,ID,3,100,1,140,True,74,0,11001101
agentmark,AgentMark-F exact probabilities,deepseek,ID,3,100,2,140,True,69,0,11001101
agentmark,AgentMark-F exact probabilities,deepseek,ID,3,100,3,140,True,74,0,11001101
agentmark,AgentMark-F exact probabilities,deepseek,ID,3,100,4,140,True,69,0,11001101
agentmark,AgentMark-F exact probabilities,deepseek,ID,3,100,5,140,True,74,0,11001101
agentmark,AgentMark-F exact probabilities,deepseek,ID,3,100,6,140,True,69,0,11001101
agentmark,AgentMark-F exact probabilities,deepseek,ID,3,100,7,140,True,74,0,11001101
agentmark,AgentMark-F exact probabilities,deepseek,ID,3,100,8,140,True,74,0,11001101
agentmark,AgentMark-F exact probabilities,deepseek,ID,3,100,9,140,True,74,0,11001101
agentmark,AgentMark-F exact probabilities,deepseek,ID,3,100,10,140,True,74,0,11001101
agentmark,AgentMark-F exact probabilities,deepseek,ID,3,100,11,140,True,74,0,11001101
agentmark,AgentMark-F exact probabilities,deepseek,ID,3,100,12,140,True,74,0,11001101
agentmark,AgentMark-F exact probabilities,deepseek,ID,3,100,13,140,True,74,0,11001101
agentmark,AgentMark-F exact probabilities,deepseek,ID,3,100,14,140,True,74,0,11001101
agentmark,AgentMark-F exact probabilities,deepseek,ID,3,100,15,140,True,74,0,11001101
agentmark,AgentMark-F exact probabilities,deepseek,ID,3,100,16,140,True,74,0,11001101
agentmark,AgentMark-F exact probabilities,deepseek,ID,3,100,17,140,True,69,0,11001101
agentmark,AgentMark-F exact probabilities,deepseek,ID,3,100,18,140,True,74,0,11001101
agentmark,AgentMark-F exact probabilities,deepseek,ID,3,100,19,140,True,74,0,11001101
agentmark,AgentMark-F exact probabilities,deepseek,ID,3,100,20,140,True,74,0,11001101
agentmark,AgentMark-F exact probabilities,deepseek,ID,3,100,21,140,True,74,0,11001101
agentmark,AgentMark-F exact probabilities,deepseek,ID,3,100,22,140,True,74,0,11001101
agentmark,AgentMark-F exact probabilities,deepseek,ID,3,100,23,140,True,74,0,11001101
agentmark,AgentMark-F exact probabilities,deepseek,ID,3,100,24,140,True,74,0,11001101
agentmark,AgentMark-F exact probabilities,deepseek,ID,3,100,25,140,True,74,0,11001101
agentmark,AgentMark-F exact probabilities,deepseek,ID,3,100,26,140,True,69,0,11001101
agentmark,AgentMark-F exact probabilities,deepseek,ID,3,100,27,140,True,74,0,11001101
agentmark,AgentMark-F exact probabilities,deepseek,ID,3,100,28,140,True,74,0,11001101
agentmark,AgentMark-F exact probabilities,deepseek,ID,3,100,29,140,True,69,0,11001101
agentmark,AgentMark-F exact probabilities,deepseek,ID,3,100,30,140,True,74,0,11001101
agentmark,AgentMark-F exact probabilities,deepseek,ID,3,100,31,140,True,74,0,11001101
agentmark,AgentMark-F exact probabilities,deepseek,ID,3,100,32,140,True,74,0,11001101
agentmark,AgentMark-F exact probabilities,deepseek,ID,3,100,33,140,True,74,0,11001101
agentmark,AgentMark-F exact probabilities,deepseek,ID,3,100,34,140,True,69,0,11001101
agentmark,AgentMark-F exact probabilities,deepseek,ID,3,100,35,140,True,74,0,11001101
agentmark,AgentMark-F exact probabilities,deepseek,ID,3,100,36,140,True,74,0,11001101
agentmark,AgentMark-F exact probabilities,deepseek,ID,3,100,37,140,True,74,0,11001101
agentmark,AgentMark-F exact probabilities,deepseek,ID,3,100,38,140,True,74,0,11001101
agentmark,AgentMark-F exact probabilities,deepseek,ID,3,100,39,140,True,66,0,11001101
agentmark,AgentMark-F exact probabilities,deepseek,ID,3,100,40,140,True,74,0,11001101
agentmark,AgentMark-F exact probabilities,deepseek,ID,3,100,41,140,True,74,0,11001101
agentmark,AgentMark-F exact probabilities,deepseek,ID,3,100,42,140,True,74,0,11001101
agentmark,AgentMark-F exact probabilities,deepseek,ID,3,100,43,140,True,74,0,11001101
agentmark,AgentMark-F exact probabilities,deepseek,ID,3,100,44,140,True,66,0,11001101
agentmark,AgentMark-F exact probabilities,deepseek,ID,3,100,45,140,True,74,0,11001101
agentmark,AgentMark-F exact probabilities,deepseek,ID,3,100,46,140,True,74,0,11001101
agentmark,AgentMark-F exact probabilities,deepseek,ID,3,100,47,140,True,74,0,11001101
agentmark,AgentMark-F exact probabilities,deepseek,ID,3,100,48,140,True,74,0,11001101
agentmark,AgentMark-F exact probabilities,deepseek,ID,3,100,49,140,True,74,0,11001101
agentmark_rank_only,AgentMark-F rank-only linear top-10 surrogate,deepseek,ID,1,1,0,140,False,7,0,
agentmark_rank_only,AgentMark-F rank-only linear top-10 surrogate,deepseek,ID,1,1,1,140,False,2,0,
agentmark_rank_only,AgentMark-F rank-only linear top-10 surrogate,deepseek,ID,1,1,2,140,False,4,0,
agentmark_rank_only,AgentMark-F rank-only linear top-10 surrogate,deepseek,ID,1,1,3,140,False,0,0,
agentmark_rank_only,AgentMark-F rank-only linear top-10 surrogate,deepseek,ID,1,1,4,140,False,15,0,11100000
agentmark_rank_only,AgentMark-F rank-only linear top-10 surrogate,deepseek,ID,1,1,5,140,False,15,0,01110101
agentmark_rank_only,AgentMark-F rank-only linear top-10 surrogate,deepseek,ID,1,1,6,140,False,5,0,
agentmark_rank_only,AgentMark-F rank-only linear top-10 surrogate,deepseek,ID,1,1,7,140,False,10,0,10101111
agentmark_rank_only,AgentMark-F rank-only linear top-10 surrogate,deepseek,ID,1,1,8,140,False,34,0,01001111
agentmark_rank_only,AgentMark-F rank-only linear top-10 surrogate,deepseek,ID,1,1,9,140,False,2,0,
agentmark_rank_only,AgentMark-F rank-only linear top-10 surrogate,deepseek,ID,1,1,10,140,False,14,0,11110001
agentmark_rank_only,AgentMark-F rank-only linear top-10 surrogate,deepseek,ID,1,1,11,140,False,0,0,
agentmark_rank_only,AgentMark-F rank-only linear top-10 surrogate,deepseek,ID,1,1,12,140,False,30,0,11101110
agentmark_rank_only,AgentMark-F rank-only linear top-10 surrogate,deepseek,ID,1,1,13,140,False,2,0,
agentmark_rank_only,AgentMark-F rank-only linear top-10 surrogate,deepseek,ID,1,1,14,140,False,0,0,
agentmark_rank_only,AgentMark-F rank-only linear top-10 surrogate,deepseek,ID,1,1,15,140,False,40,0,00011001
agentmark_rank_only,AgentMark-F rank-only linear top-10 surrogate,deepseek,ID,1,1,16,140,False,30,0,11001011
agentmark_rank_only,AgentMark-F rank-only linear top-10 surrogate,deepseek,ID,1,1,17,140,False,5,0,
agentmark_rank_only,AgentMark-F rank-only linear top-10 surrogate,deepseek,ID,1,1,18,140,False,0,0,
agentmark_rank_only,AgentMark-F rank-only linear top-10 surrogate,deepseek,ID,1,1,19,140,False,7,0,
agentmark_rank_only,AgentMark-F rank-only linear top-10 surrogate,deepseek,ID,1,1,20,140,False,32,0,00100100
agentmark_rank_only,AgentMark-F rank-only linear top-10 surrogate,deepseek,ID,1,1,21,140,False,16,0,01111110
agentmark_rank_only,AgentMark-F rank-only linear top-10 surrogate,deepseek,ID,1,1,22,140,False,18,0,10000111
agentmark_rank_only,AgentMark-F rank-only linear top-10 surrogate,deepseek,ID,1,1,23,140,False,15,0,11011011
agentmark_rank_only,AgentMark-F rank-only linear top-10 surrogate,deepseek,ID,1,1,24,140,False,24,0,11100011
agentmark_rank_only,AgentMark-F rank-only linear top-10 surrogate,deepseek,ID,1,1,25,140,False,5,0,
agentmark_rank_only,AgentMark-F rank-only linear top-10 surrogate,deepseek,ID,1,1,26,140,False,30,0,11001011
agentmark_rank_only,AgentMark-F rank-only linear top-10 surrogate,deepseek,ID,1,1,27,140,False,9,0,
agentmark_rank_only,AgentMark-F rank-only linear top-10 surrogate,deepseek,ID,1,1,28,140,False,3,0,
agentmark_rank_only,AgentMark-F rank-only linear top-10 surrogate,deepseek,ID,1,1,29,140,False,2,0,
agentmark_rank_only,AgentMark-F rank-only linear top-10 surrogate,deepseek,ID,1,1,30,140,False,0,0,
agentmark_rank_only,AgentMark-F rank-only linear top-10 surrogate,deepseek,ID,1,1,31,140,False,2,0,
agentmark_rank_only,AgentMark-F rank-only linear top-10 surrogate,deepseek,ID,1,1,32,140,False,9,0,
agentmark_rank_only,AgentMark-F rank-only linear top-10 surrogate,deepseek,ID,1,1,33,140,False,25,0,11111011
agentmark_rank_only,AgentMark-F rank-only linear top-10 surrogate,deepseek,ID,1,1,34,140,False,9,0,01010010
agentmark_rank_only,AgentMark-F rank-only linear top-10 surrogate,deepseek,ID,1,1,35,140,False,6,0,
agentmark_rank_only,AgentMark-F rank-only linear top-10 surrogate,deepseek,ID,1,1,36,140,False,2,0,
agentmark_rank_only,AgentMark-F rank-only linear top-10 surrogate,deepseek,ID,1,1,37,140,False,0,0,
agentmark_rank_only,AgentMark-F rank-only linear top-10 surrogate,deepseek,ID,1,1,38,140,False,17,0,00011110
agentmark_rank_only,AgentMark-F rank-only linear top-10 surrogate,deepseek,ID,1,1,39,140,False,3,0,
agentmark_rank_only,AgentMark-F rank-only linear top-10 surrogate,deepseek,ID,1,1,40,140,False,7,0,
agentmark_rank_only,AgentMark-F rank-only linear top-10 surrogate,deepseek,ID,1,1,41,140,False,7,0,
agentmark_rank_only,AgentMark-F rank-only linear top-10 surrogate,deepseek,ID,1,1,42,140,False,7,0,
agentmark_rank_only,AgentMark-F rank-only linear top-10 surrogate,deepseek,ID,1,1,43,140,False,9,0,
agentmark_rank_only,AgentMark-F rank-only linear top-10 surrogate,deepseek,ID,1,1,44,140,False,14,0,10110000
agentmark_rank_only,AgentMark-F rank-only linear top-10 surrogate,deepseek,ID,1,1,45,140,False,18,0,00100001
agentmark_rank_only,AgentMark-F rank-only linear top-10 surrogate,deepseek,ID,1,1,46,140,False,4,0,
agentmark_rank_only,AgentMark-F rank-only linear top-10 surrogate,deepseek,ID,1,1,47,140,False,12,0,11101101
agentmark_rank_only,AgentMark-F rank-only linear top-10 surrogate,deepseek,ID,1,1,48,140,False,6,0,
agentmark_rank_only,AgentMark-F rank-only linear top-10 surrogate,deepseek,ID,1,1,49,140,False,3,0,
agentmark_rank_only,AgentMark-F rank-only linear top-10 surrogate,deepseek,ID,1,2,0,140,False,15,4,11010100
agentmark_rank_only,AgentMark-F rank-only linear top-10 surrogate,deepseek,ID,1,2,1,140,False,21,2,11000011
agentmark_rank_only,AgentMark-F rank-only linear top-10 surrogate,deepseek,ID,1,2,2,140,False,12,0,10010110
agentmark_rank_only,AgentMark-F rank-only linear top-10 surrogate,deepseek,ID,1,2,3,140,False,24,2,11000111
agentmark_rank_only,AgentMark-F rank-only linear top-10 surrogate,deepseek,ID,1,2,4,140,False,24,1,10110100
agentmark_rank_only,AgentMark-F rank-only linear top-10 surrogate,deepseek,ID,1,2,5,140,False,16,0,11011110
agentmark_rank_only,AgentMark-F rank-only linear top-10 surrogate,deepseek,ID,1,2,6,140,False,25,2,11001000
agentmark_rank_only,AgentMark-F rank-only linear top-10 surrogate,deepseek,ID,1,2,7,140,False,23,1,11001001
agentmark_rank_only,AgentMark-F rank-only linear top-10 surrogate,deepseek,ID,1,2,8,140,False,8,6,
agentmark_rank_only,AgentMark-F rank-only linear top-10 surrogate,deepseek,ID,1,2,9,140,False,20,0,01010100
agentmark_rank_only,AgentMark-F rank-only linear top-10 surrogate,deepseek,ID,1,2,10,140,False,9,2,
agentmark_rank_only,AgentMark-F rank-only linear top-10 surrogate,deepseek,ID,1,2,11,140,True,40,0,11001101
agentmark_rank_only,AgentMark-F rank-only linear top-10 surrogate,deepseek,ID,1,2,12,140,False,15,8,10001000
agentmark_rank_only,AgentMark-F rank-only linear top-10 surrogate,deepseek,ID,1,2,13,140,False,34,0,10110111
agentmark_rank_only,AgentMark-F rank-only linear top-10 surrogate,deepseek,ID,1,2,14,140,False,23,6,11000001
agentmark_rank_only,AgentMark-F rank-only linear top-10 surrogate,deepseek,ID,1,2,15,140,False,18,0,00100001
agentmark_rank_only,AgentMark-F rank-only linear top-10 surrogate,deepseek,ID,1,2,16,140,False,7,0,
agentmark_rank_only,AgentMark-F rank-only linear top-10 surrogate,deepseek,ID,1,2,17,140,False,43,1,01010100
agentmark_rank_only,AgentMark-F rank-only linear top-10 surrogate,deepseek,ID,1,2,18,140,False,18,0,00100001
agentmark_rank_only,AgentMark-F rank-only linear top-10 surrogate,deepseek,ID,1,2,19,140,False,17,0,10011100
agentmark_rank_only,AgentMark-F rank-only linear top-10 surrogate,deepseek,ID,1,2,20,140,False,5,2,
agentmark_rank_only,AgentMark-F rank-only linear top-10 surrogate,deepseek,ID,1,2,21,140,False,24,2,01001011
agentmark_rank_only,AgentMark-F rank-only linear top-10 surrogate,deepseek,ID,1,2,22,140,False,17,0,11000101
agentmark_rank_only,AgentMark-F rank-only linear top-10 surrogate,deepseek,ID,1,2,23,140,False,15,0,01110101
agentmark_rank_only,AgentMark-F rank-only linear top-10 surrogate,deepseek,ID,1,2,24,140,False,7,4,
agentmark_rank_only,AgentMark-F rank-only linear top-10 surrogate,deepseek,ID,1,2,25,140,False,16,0,01010010
agentmark_rank_only,AgentMark-F rank-only linear top-10 surrogate,deepseek,ID,1,2,26,140,False,6,0,
agentmark_rank_only,AgentMark-F rank-only linear top-10 surrogate,deepseek,ID,1,2,27,140,False,34,0,01001000
agentmark_rank_only,AgentMark-F rank-only linear top-10 surrogate,deepseek,ID,1,2,28,140,False,11,0,01101100
agentmark_rank_only,AgentMark-F rank-only linear top-10 surrogate,deepseek,ID,1,2,29,140,False,19,0,00111000
agentmark_rank_only,AgentMark-F rank-only linear top-10 surrogate,deepseek,ID,1,2,30,140,False,25,0,11111011
agentmark_rank_only,AgentMark-F rank-only linear top-10 surrogate,deepseek,ID,1,2,31,140,False,23,0,11001000
agentmark_rank_only,AgentMark-F rank-only linear top-10 surrogate,deepseek,ID,1,2,32,140,True,19,4,11001101
agentmark_rank_only,AgentMark-F rank-only linear top-10 surrogate,deepseek,ID,1,2,33,140,False,22,0,01010111
agentmark_rank_only,AgentMark-F rank-only linear top-10 surrogate,deepseek,ID,1,2,34,140,False,14,4,00010011
agentmark_rank_only,AgentMark-F rank-only linear top-10 surrogate,deepseek,ID,1,2,35,140,False,8,0,
agentmark_rank_only,AgentMark-F rank-only linear top-10 surrogate,deepseek,ID,1,2,36,140,False,25,1,01110001
agentmark_rank_only,AgentMark-F rank-only linear top-10 surrogate,deepseek,ID,1,2,37,140,False,7,0,
agentmark_rank_only,AgentMark-F rank-only linear top-10 surrogate,deepseek,ID,1,2,38,140,False,14,0,10110000
agentmark_rank_only,AgentMark-F rank-only linear top-10 surrogate,deepseek,ID,1,2,39,140,False,40,2,00011011
agentmark_rank_only,AgentMark-F rank-only linear top-10 surrogate,deepseek,ID,1,2,40,140,False,11,0,00001110
agentmark_rank_only,AgentMark-F rank-only linear top-10 surrogate,deepseek,ID,1,2,41,140,False,9,0,11000010
agentmark_rank_only,AgentMark-F rank-only linear top-10 surrogate,deepseek,ID,1,2,42,140,True,16,2,11001101
agentmark_rank_only,AgentMark-F rank-only linear top-10 surrogate,deepseek,ID,1,2,43,140,False,14,0,11000100
agentmark_rank_only,AgentMark-F rank-only linear top-10 surrogate,deepseek,ID,1,2,44,140,False,16,1,11010000
agentmark_rank_only,AgentMark-F rank-only linear top-10 surrogate,deepseek,ID,1,2,45,140,False,23,0,11111000
agentmark_rank_only,AgentMark-F rank-only linear top-10 surrogate,deepseek,ID,1,2,46,140,False,2,0,
agentmark_rank_only,AgentMark-F rank-only linear top-10 surrogate,deepseek,ID,1,2,47,140,False,16,0,01111101
agentmark_rank_only,AgentMark-F rank-only linear top-10 surrogate,deepseek,ID,1,2,48,140,False,5,0,
agentmark_rank_only,AgentMark-F rank-only linear top-10 surrogate,deepseek,ID,1,2,49,140,False,12,5,00100111
agentmark_rank_only,AgentMark-F rank-only linear top-10 surrogate,deepseek,ID,1,3,0,140,False,6,0,
agentmark_rank_only,AgentMark-F rank-only linear top-10 surrogate,deepseek,ID,1,3,1,140,False,38,8,10011010
agentmark_rank_only,AgentMark-F rank-only linear top-10 surrogate,deepseek,ID,1,3,2,140,False,16,2,00100110
agentmark_rank_only,AgentMark-F rank-only linear top-10 surrogate,deepseek,ID,1,3,3,140,False,12,4,01111111
agentmark_rank_only,AgentMark-F rank-only linear top-10 surrogate,deepseek,ID,1,3,4,140,False,32,7,11101011
agentmark_rank_only,AgentMark-F rank-only linear top-10 surrogate,deepseek,ID,1,3,5,140,False,32,3,01110101
agentmark_rank_only,AgentMark-F rank-only linear top-10 surrogate,deepseek,ID,1,3,6,140,False,13,0,00110110
agentmark_rank_only,AgentMark-F rank-only linear top-10 surrogate,deepseek,ID,1,3,7,140,False,25,0,10010000
agentmark_rank_only,AgentMark-F rank-only linear top-10 surrogate,deepseek,ID,1,3,8,140,False,23,1,11010111
agentmark_rank_only,AgentMark-F rank-only linear top-10 surrogate,deepseek,ID,1,3,9,140,False,31,7,01111010
agentmark_rank_only,AgentMark-F rank-only linear top-10 surrogate,deepseek,ID,1,3,10,140,False,8,4,10100010
agentmark_rank_only,AgentMark-F rank-only linear top-10 surrogate,deepseek,ID,1,3,11,140,False,32,1,10001110
agentmark_rank_only,AgentMark-F rank-only linear top-10 surrogate,deepseek,ID,1,3,12,140,False,15,2,11001000
agentmark_rank_only,AgentMark-F rank-only linear top-10 surrogate,deepseek,ID,1,3,13,140,False,25,6,00110001
agentmark_rank_only,AgentMark-F rank-only linear top-10 surrogate,deepseek,ID,1,3,14,140,False,24,1,10110110
agentmark_rank_only,AgentMark-F rank-only linear top-10 surrogate,deepseek,ID,1,3,15,140,False,11,0,01101010
agentmark_rank_only,AgentMark-F rank-only linear top-10 surrogate,deepseek,ID,1,3,16,140,False,13,1,00111011
agentmark_rank_only,AgentMark-F rank-only linear top-10 surrogate,deepseek,ID,1,3,17,140,False,15,6,10101100
agentmark_rank_only,AgentMark-F rank-only linear top-10 surrogate,deepseek,ID,1,3,18,140,False,37,4,00110001
agentmark_rank_only,AgentMark-F rank-only linear top-10 surrogate,deepseek,ID,1,3,19,140,False,26,0,11001000
agentmark_rank_only,AgentMark-F rank-only linear top-10 surrogate,deepseek,ID,1,3,20,140,False,12,1,10110010
agentmark_rank_only,AgentMark-F rank-only linear top-10 surrogate,deepseek,ID,1,3,21,140,False,6,3,
agentmark_rank_only,AgentMark-F rank-only linear top-10 surrogate,deepseek,ID,1,3,22,140,False,2,0,
agentmark_rank_only,AgentMark-F rank-only linear top-10 surrogate,deepseek,ID,1,3,23,140,False,17,6,01111101
agentmark_rank_only,AgentMark-F rank-only linear top-10 surrogate,deepseek,ID,1,3,24,140,False,15,6,01110010
agentmark_rank_only,AgentMark-F rank-only linear top-10 surrogate,deepseek,ID,1,3,25,140,False,21,5,01110001
agentmark_rank_only,AgentMark-F rank-only linear top-10 surrogate,deepseek,ID,1,3,26,140,False,15,6,00100000
agentmark_rank_only,AgentMark-F rank-only linear top-10 surrogate,deepseek,ID,1,3,27,140,False,18,4,01111011
agentmark_rank_only,AgentMark-F rank-only linear top-10 surrogate,deepseek,ID,1,3,28,140,False,15,4,00111101
agentmark_rank_only,AgentMark-F rank-only linear top-10 surrogate,deepseek,ID,1,3,29,140,False,17,2,01111100
agentmark_rank_only,AgentMark-F rank-only linear top-10 surrogate,deepseek,ID,1,3,30,140,False,28,3,01111101
agentmark_rank_only,AgentMark-F rank-only linear top-10 surrogate,deepseek,ID,1,3,31,140,False,13,1,00101011
agentmark_rank_only,AgentMark-F rank-only linear top-10 surrogate,deepseek,ID,1,3,32,140,False,16,1,10000000
agentmark_rank_only,AgentMark-F rank-only linear top-10 surrogate,deepseek,ID,1,3,33,140,False,17,1,01101100
agentmark_rank_only,AgentMark-F rank-only linear top-10 surrogate,deepseek,ID,1,3,34,140,False,10,2,00101111
agentmark_rank_only,AgentMark-F rank-only linear top-10 surrogate,deepseek,ID,1,3,35,140,False,24,7,11101011
agentmark_rank_only,AgentMark-F rank-only linear top-10 surrogate,deepseek,ID,1,3,36,140,False,21,2,00111100
agentmark_rank_only,AgentMark-F rank-only linear top-10 surrogate,deepseek,ID,1,3,37,140,False,6,0,
agentmark_rank_only,AgentMark-F rank-only linear top-10 surrogate,deepseek,ID,1,3,38,140,False,33,1,10010111
agentmark_rank_only,AgentMark-F rank-only linear top-10 surrogate,deepseek,ID,1,3,39,140,False,20,7,11011100
agentmark_rank_only,AgentMark-F rank-only linear top-10 surrogate,deepseek,ID,1,3,40,140,False,16,3,01010111
agentmark_rank_only,AgentMark-F rank-only linear top-10 surrogate,deepseek,ID,1,3,41,140,False,18,5,01111000
agentmark_rank_only,AgentMark-F rank-only linear top-10 surrogate,deepseek,ID,1,3,42,140,False,31,2,01111100
agentmark_rank_only,AgentMark-F rank-only linear top-10 surrogate,deepseek,ID,1,3,43,140,False,35,2,00111001
agentmark_rank_only,AgentMark-F rank-only linear top-10 surrogate,deepseek,ID,1,3,44,140,True,32,2,11001101
agentmark_rank_only,AgentMark-F rank-only linear top-10 surrogate,deepseek,ID,1,3,45,140,False,26,5,01111110
agentmark_rank_only,AgentMark-F rank-only linear top-10 surrogate,deepseek,ID,1,3,46,140,False,22,1,11000010
agentmark_rank_only,AgentMark-F rank-only linear top-10 surrogate,deepseek,ID,1,3,47,140,False,32,8,11001011
agentmark_rank_only,AgentMark-F rank-only linear top-10 surrogate,deepseek,ID,1,3,48,140,False,32,0,01111101
agentmark_rank_only,AgentMark-F rank-only linear top-10 surrogate,deepseek,ID,1,3,49,140,False,2,0,
agentmark_rank_only,AgentMark-F rank-only linear top-10 surrogate,deepseek,ID,1,5,0,140,False,11,6,00001000
agentmark_rank_only,AgentMark-F rank-only linear top-10 surrogate,deepseek,ID,1,5,1,140,False,42,13,00000010
agentmark_rank_only,AgentMark-F rank-only linear top-10 surrogate,deepseek,ID,1,5,2,140,True,29,8,11001101
agentmark_rank_only,AgentMark-F rank-only linear top-10 surrogate,deepseek,ID,1,5,3,140,True,11,6,11001101
agentmark_rank_only,AgentMark-F rank-only linear top-10 surrogate,deepseek,ID,1,5,4,140,False,28,12,10101000
agentmark_rank_only,AgentMark-F rank-only linear top-10 surrogate,deepseek,ID,1,5,5,140,True,36,15,11001101
agentmark_rank_only,AgentMark-F rank-only linear top-10 surrogate,deepseek,ID,1,5,6,140,False,15,8,00100110
agentmark_rank_only,AgentMark-F rank-only linear top-10 surrogate,deepseek,ID,1,5,7,140,False,13,5,10101100
agentmark_rank_only,AgentMark-F rank-only linear top-10 surrogate,deepseek,ID,1,5,8,140,False,32,4,00100100
agentmark_rank_only,AgentMark-F rank-only linear top-10 surrogate,deepseek,ID,1,5,9,140,False,14,10,10010110
agentmark_rank_only,AgentMark-F rank-only linear top-10 surrogate,deepseek,ID,1,5,10,140,False,14,7,00101000
agentmark_rank_only,AgentMark-F rank-only linear top-10 surrogate,deepseek,ID,1,5,11,140,False,8,2,
agentmark_rank_only,AgentMark-F rank-only linear top-10 surrogate,deepseek,ID,1,5,12,140,False,23,7,01110011
agentmark_rank_only,AgentMark-F rank-only linear top-10 surrogate,deepseek,ID,1,5,13,140,False,11,12,00101111
agentmark_rank_only,AgentMark-F rank-only linear top-10 surrogate,deepseek,ID,1,5,14,140,True,18,2,11001101
agentmark_rank_only,AgentMark-F rank-only linear top-10 surrogate,deepseek,ID,1,5,15,140,False,17,5,00010000
agentmark_rank_only,AgentMark-F rank-only linear top-10 surrogate,deepseek,ID,1,5,16,140,False,17,4,11001010
agentmark_rank_only,AgentMark-F rank-only linear top-10 surrogate,deepseek,ID,1,5,17,140,False,25,4,11001011
agentmark_rank_only,AgentMark-F rank-only linear top-10 surrogate,deepseek,ID,1,5,18,140,False,18,10,11101111
agentmark_rank_only,AgentMark-F rank-only linear top-10 surrogate,deepseek,ID,1,5,19,140,False,7,7,
agentmark_rank_only,AgentMark-F rank-only linear top-10 surrogate,deepseek,ID,1,5,20,140,False,22,8,11000000
agentmark_rank_only,AgentMark-F rank-only linear top-10 surrogate,deepseek,ID,1,5,21,140,False,32,9,01111010
agentmark_rank_only,AgentMark-F rank-only linear top-10 surrogate,deepseek,ID,1,5,22,140,True,34,6,11001101
agentmark_rank_only,AgentMark-F rank-only linear top-10 surrogate,deepseek,ID,1,5,23,140,False,15,7,11000001
agentmark_rank_only,AgentMark-F rank-only linear top-10 surrogate,deepseek,ID,1,5,24,140,False,6,3,
agentmark_rank_only,AgentMark-F rank-only linear top-10 surrogate,deepseek,ID,1,5,25,140,False,15,7,10110111
agentmark_rank_only,AgentMark-F rank-only linear top-10 surrogate,deepseek,ID,1,5,26,140,False,23,4,10110001
agentmark_rank_only,AgentMark-F rank-only linear top-10 surrogate,deepseek,ID,1,5,27,140,False,5,2,
agentmark_rank_only,AgentMark-F rank-only linear top-10 surrogate,deepseek,ID,1,5,28,140,False,18,1,00010000
agentmark_rank_only,AgentMark-F rank-only linear top-10 surrogate,deepseek,ID,1,5,29,140,False,33,20,10010000
agentmark_rank_only,AgentMark-F rank-only linear top-10 surrogate,deepseek,ID,1,5,30,140,False,17,10,11010000
agentmark_rank_only,AgentMark-F rank-only linear top-10 surrogate,deepseek,ID,1,5,31,140,False,23,3,10010000
agentmark_rank_only,AgentMark-F rank-only linear top-10 surrogate,deepseek,ID,1,5,32,140,False,22,6,01100110
agentmark_rank_only,AgentMark-F rank-only linear top-10 surrogate,deepseek,ID,1,5,33,140,False,29,10,10110010
agentmark_rank_only,AgentMark-F rank-only linear top-10 surrogate,deepseek,ID,1,5,34,140,False,27,12,01110110
agentmark_rank_only,AgentMark-F rank-only linear top-10 surrogate,deepseek,ID,1,5,35,140,True,33,1,11001101
agentmark_rank_only,AgentMark-F rank-only linear top-10 surrogate,deepseek,ID,1,5,36,140,True,30,10,11001101
agentmark_rank_only,AgentMark-F rank-only linear top-10 surrogate,deepseek,ID,1,5,37,140,False,47,10,00011110
agentmark_rank_only,AgentMark-F rank-only linear top-10 surrogate,deepseek,ID,1,5,38,140,False,13,8,11011011
agentmark_rank_only,AgentMark-F rank-only linear top-10 surrogate,deepseek,ID,1,5,39,140,False,22,6,10001111
agentmark_rank_only,AgentMark-F rank-only linear top-10 surrogate,deepseek,ID,1,5,40,140,False,14,6,10110111
agentmark_rank_only,AgentMark-F rank-only linear top-10 surrogate,deepseek,ID,1,5,41,140,False,11,6,01111101
agentmark_rank_only,AgentMark-F rank-only linear top-10 surrogate,deepseek,ID,1,5,42,140,False,37,18,00011100
agentmark_rank_only,AgentMark-F rank-only linear top-10 surrogate,deepseek,ID,1,5,43,140,False,11,3,11000101
agentmark_rank_only,AgentMark-F rank-only linear top-10 surrogate,deepseek,ID,1,5,44,140,False,19,9,00000111
agentmark_rank_only,AgentMark-F rank-only linear top-10 surrogate,deepseek,ID,1,5,45,140,False,21,3,11001100
agentmark_rank_only,AgentMark-F rank-only linear top-10 surrogate,deepseek,ID,1,5,46,140,False,24,5,01000110
agentmark_rank_only,AgentMark-F rank-only linear top-10 surrogate,deepseek,ID,1,5,47,140,False,17,7,10010110
agentmark_rank_only,AgentMark-F rank-only linear top-10 surrogate,deepseek,ID,1,5,48,140,False,22,8,00100001
agentmark_rank_only,AgentMark-F rank-only linear top-10 surrogate,deepseek,ID,1,5,49,140,False,15,5,01000011
agentmark_rank_only,AgentMark-F rank-only linear top-10 surrogate,deepseek,ID,1,8,0,140,False,27,12,10000010
agentmark_rank_only,AgentMark-F rank-only linear top-10 surrogate,deepseek,ID,1,8,1,140,False,17,8,01110100
agentmark_rank_only,AgentMark-F rank-only linear top-10 surrogate,deepseek,ID,1,8,2,140,False,39,7,01111101
agentmark_rank_only,AgentMark-F rank-only linear top-10 surrogate,deepseek,ID,1,8,3,140,False,19,6,10000111
agentmark_rank_only,AgentMark-F rank-only linear top-10 surrogate,deepseek,ID,1,8,4,140,False,44,14,01000111
agentmark_rank_only,AgentMark-F rank-only linear top-10 surrogate,deepseek,ID,1,8,5,140,False,27,10,01111101
agentmark_rank_only,AgentMark-F rank-only linear top-10 surrogate,deepseek,ID,1,8,6,140,False,44,15,00000001
agentmark_rank_only,AgentMark-F rank-only linear top-10 surrogate,deepseek,ID,1,8,7,140,False,24,18,10000000
agentmark_rank_only,AgentMark-F rank-only linear top-10 surrogate,deepseek,ID,1,8,8,140,True,26,13,11001101
agentmark_rank_only,AgentMark-F rank-only linear top-10 surrogate,deepseek,ID,1,8,9,140,False,32,16,01111101
agentmark_rank_only,AgentMark-F rank-only linear top-10 surrogate,deepseek,ID,1,8,10,140,False,22,13,00010000
agentmark_rank_only,AgentMark-F rank-only linear top-10 surrogate,deepseek,ID,1,8,11,140,True,32,23,11001101
agentmark_rank_only,AgentMark-F rank-only linear top-10 surrogate,deepseek,ID,1,8,12,140,False,15,7,11101101
agentmark_rank_only,AgentMark-F rank-only linear top-10 surrogate,deepseek,ID,1,8,13,140,False,17,1,01111011
agentmark_rank_only,AgentMark-F rank-only linear top-10 surrogate,deepseek,ID,1,8,14,140,False,13,12,00110001
agentmark_rank_only,AgentMark-F rank-only linear top-10 surrogate,deepseek,ID,1,8,15,140,False,4,14,
agentmark_rank_only,AgentMark-F rank-only linear top-10 surrogate,deepseek,ID,1,8,16,140,False,27,13,01011101
agentmark_rank_only,AgentMark-F rank-only linear top-10 surrogate,deepseek,ID,1,8,17,140,False,29,12,01111111
agentmark_rank_only,AgentMark-F rank-only linear top-10 surrogate,deepseek,ID,1,8,18,140,True,46,5,11001101
agentmark_rank_only,AgentMark-F rank-only linear top-10 surrogate,deepseek,ID,1,8,19,140,True,21,15,11001101
agentmark_rank_only,AgentMark-F rank-only linear top-10 surrogate,deepseek,ID,1,8,20,140,False,25,15,00110001
agentmark_rank_only,AgentMark-F rank-only linear top-10 surrogate,deepseek,ID,1,8,21,140,False,14,22,10010111
agentmark_rank_only,AgentMark-F rank-only linear top-10 surrogate,deepseek,ID,1,8,22,140,True,19,15,11001101
agentmark_rank_only,AgentMark-F rank-only linear top-10 surrogate,deepseek,ID,1,8,23,140,False,22,16,10011010
agentmark_rank_only,AgentMark-F rank-only linear top-10 surrogate,deepseek,ID,1,8,24,140,False,16,6,10000001
agentmark_rank_only,AgentMark-F rank-only linear top-10 surrogate,deepseek,ID,1,8,25,140,True,10,12,11001101
agentmark_rank_only,AgentMark-F rank-only linear top-10 surrogate,deepseek,ID,1,8,26,140,False,25,12,01000100
agentmark_rank_only,AgentMark-F rank-only linear top-10 surrogate,deepseek,ID,1,8,27,140,False,21,15,00011110
agentmark_rank_only,AgentMark-F rank-only linear top-10 surrogate,deepseek,ID,1,8,28,140,False,19,12,01000100
agentmark_rank_only,AgentMark-F rank-only linear top-10 surrogate,deepseek,ID,1,8,29,140,False,23,7,11001011
agentmark_rank_only,AgentMark-F rank-only linear top-10 surrogate,deepseek,ID,1,8,30,140,False,11,14,11110100
agentmark_rank_only,AgentMark-F rank-only linear top-10 surrogate,deepseek,ID,1,8,31,140,True,30,9,11001101
agentmark_rank_only,AgentMark-F rank-only linear top-10 surrogate,deepseek,ID,1,8,32,140,False,25,5,00100001
agentmark_rank_only,AgentMark-F rank-only linear top-10 surrogate,deepseek,ID,1,8,33,140,True,30,7,11001101
agentmark_rank_only,AgentMark-F rank-only linear top-10 surrogate,deepseek,ID,1,8,34,140,False,23,17,01111101
agentmark_rank_only,AgentMark-F rank-only linear top-10 surrogate,deepseek,ID,1,8,35,140,False,36,22,01000100
agentmark_rank_only,AgentMark-F rank-only linear top-10 surrogate,deepseek,ID,1,8,36,140,False,25,13,01011101
agentmark_rank_only,AgentMark-F rank-only linear top-10 surrogate,deepseek,ID,1,8,37,140,False,39,16,11011010
agentmark_rank_only,AgentMark-F rank-only linear top-10 surrogate,deepseek,ID,1,8,38,140,False,17,8,01100110
agentmark_rank_only,AgentMark-F rank-only linear top-10 surrogate,deepseek,ID,1,8,39,140,False,22,11,10001011
agentmark_rank_only,AgentMark-F rank-only linear top-10 surrogate,deepseek,ID,1,8,40,140,False,16,14,10110111
agentmark_rank_only,AgentMark-F rank-only linear top-10 surrogate,deepseek,ID,1,8,41,140,False,17,11,01100001
agentmark_rank_only,AgentMark-F rank-only linear top-10 surrogate,deepseek,ID,1,8,42,140,True,14,12,11001101
agentmark_rank_only,AgentMark-F rank-only linear top-10 surrogate,deepseek,ID,1,8,43,140,False,10,13,01110110
agentmark_rank_only,AgentMark-F rank-only linear top-10 surrogate,deepseek,ID,1,8,44,140,False,16,13,10010000
agentmark_rank_only,AgentMark-F rank-only linear top-10 surrogate,deepseek,ID,1,8,45,140,False,13,9,00100111
agentmark_rank_only,AgentMark-F rank-only linear top-10 surrogate,deepseek,ID,1,8,46,140,False,9,4,10010000
agentmark_rank_only,AgentMark-F rank-only linear top-10 surrogate,deepseek,ID,1,8,47,140,False,18,15,10101001
agentmark_rank_only,AgentMark-F rank-only linear top-10 surrogate,deepseek,ID,1,8,48,140,False,23,8,11110111
agentmark_rank_only,AgentMark-F rank-only linear top-10 surrogate,deepseek,ID,1,8,49,140,False,38,14,11110100
agentmark_rank_only,AgentMark-F rank-only linear top-10 surrogate,deepseek,ID,1,10,0,140,False,38,17,00111000
agentmark_rank_only,AgentMark-F rank-only linear top-10 surrogate,deepseek,ID,1,10,1,140,False,23,21,00010010
agentmark_rank_only,AgentMark-F rank-only linear top-10 surrogate,deepseek,ID,1,10,2,140,False,39,18,00101011
agentmark_rank_only,AgentMark-F rank-only linear top-10 surrogate,deepseek,ID,1,10,3,140,False,24,15,00100101
agentmark_rank_only,AgentMark-F rank-only linear top-10 surrogate,deepseek,ID,1,10,4,140,True,14,4,11001101
agentmark_rank_only,AgentMark-F rank-only linear top-10 surrogate,deepseek,ID,1,10,5,140,True,23,10,11001101
agentmark_rank_only,AgentMark-F rank-only linear top-10 surrogate,deepseek,ID,1,10,6,140,False,14,14,01001111
agentmark_rank_only,AgentMark-F rank-only linear top-10 surrogate,deepseek,ID,1,10,7,140,False,45,10,01111101
agentmark_rank_only,AgentMark-F rank-only linear top-10 surrogate,deepseek,ID,1,10,8,140,False,25,15,10001011
agentmark_rank_only,AgentMark-F rank-only linear top-10 surrogate,deepseek,ID,1,10,9,140,True,36,3,11001101
agentmark_rank_only,AgentMark-F rank-only linear top-10 surrogate,deepseek,ID,1,10,10,140,False,44,12,01000100
agentmark_rank_only,AgentMark-F rank-only linear top-10 surrogate,deepseek,ID,1,10,11,140,False,14,15,10000111
agentmark_rank_only,AgentMark-F rank-only linear top-10 surrogate,deepseek,ID,1,10,12,140,False,6,8,
agentmark_rank_only,AgentMark-F rank-only linear top-10 surrogate,deepseek,ID,1,10,13,140,False,13,17,00000111
agentmark_rank_only,AgentMark-F rank-only linear top-10 surrogate,deepseek,ID,1,10,14,140,False,13,21,01100000
agentmark_rank_only,AgentMark-F rank-only linear top-10 surrogate,deepseek,ID,1,10,15,140,False,12,12,01000001
agentmark_rank_only,AgentMark-F rank-only linear top-10 surrogate,deepseek,ID,1,10,16,140,False,29,12,10011100
agentmark_rank_only,AgentMark-F rank-only linear top-10 surrogate,deepseek,ID,1,10,17,140,False,20,25,10010000
agentmark_rank_only,AgentMark-F rank-only linear top-10 surrogate,deepseek,ID,1,10,18,140,False,26,25,01000111
agentmark_rank_only,AgentMark-F rank-only linear top-10 surrogate,deepseek,ID,1,10,19,140,False,35,21,11100000
agentmark_rank_only,AgentMark-F rank-only linear top-10 surrogate,deepseek,ID,1,10,20,140,False,39,23,00001011
agentmark_rank_only,AgentMark-F rank-only linear top-10 surrogate,deepseek,ID,1,10,21,140,False,33,8,10010110
agentmark_rank_only,AgentMark-F rank-only linear top-10 surrogate,deepseek,ID,1,10,22,140,False,23,12,00000111
agentmark_rank_only,AgentMark-F rank-only linear top-10 surrogate,deepseek,ID,1,10,23,140,False,31,15,01000100
agentmark_rank_only,AgentMark-F rank-only linear top-10 surrogate,deepseek,ID,1,10,24,140,True,40,21,11001101
agentmark_rank_only,AgentMark-F rank-only linear top-10 surrogate,deepseek,ID,1,10,25,140,True,14,10,11001101
agentmark_rank_only,AgentMark-F rank-only linear top-10 surrogate,deepseek,ID,1,10,26,140,False,38,11,11110100
agentmark_rank_only,AgentMark-F rank-only linear top-10 surrogate,deepseek,ID,1,10,27,140,False,22,10,00111110
agentmark_rank_only,AgentMark-F rank-only linear top-10 surrogate,deepseek,ID,1,10,28,140,True,31,5,11001101
agentmark_rank_only,AgentMark-F rank-only linear top-10 surrogate,deepseek,ID,1,10,29,140,False,22,17,10001011
agentmark_rank_only,AgentMark-F rank-only linear top-10 surrogate,deepseek,ID,1,10,30,140,False,22,12,10010100
agentmark_rank_only,AgentMark-F rank-only linear top-10 surrogate,deepseek,ID,1,10,31,140,False,32,12,01110100
agentmark_rank_only,AgentMark-F rank-only linear top-10 surrogate,deepseek,ID,1,10,32,140,False,26,16,11001100
agentmark_rank_only,AgentMark-F rank-only linear top-10 surrogate,deepseek,ID,1,10,33,140,False,16,7,11000010
agentmark_rank_only,AgentMark-F rank-only linear top-10 surrogate,deepseek,ID,1,10,34,140,False,15,8,11000010
agentmark_rank_only,AgentMark-F rank-only linear top-10 surrogate,deepseek,ID,1,10,35,140,False,43,15,01111101
agentmark_rank_only,AgentMark-F rank-only linear top-10 surrogate,deepseek,ID,1,10,36,140,False,42,14,10010111
agentmark_rank_only,AgentMark-F rank-only linear top-10 surrogate,deepseek,ID,1,10,37,140,False,20,11,11000010
agentmark_rank_only,AgentMark-F rank-only linear top-10 surrogate,deepseek,ID,1,10,38,140,False,13,16,01111010
agentmark_rank_only,AgentMark-F rank-only linear top-10 surrogate,deepseek,ID,1,10,39,140,False,10,8,
agentmark_rank_only,AgentMark-F rank-only linear top-10 surrogate,deepseek,ID,1,10,40,140,False,23,14,11111000
agentmark_rank_only,AgentMark-F rank-only linear top-10 surrogate,deepseek,ID,1,10,41,140,False,35,16,01111001
agentmark_rank_only,AgentMark-F rank-only linear top-10 surrogate,deepseek,ID,1,10,42,140,False,30,22,01000100
agentmark_rank_only,AgentMark-F rank-only linear top-10 surrogate,deepseek,ID,1,10,43,140,False,34,7,01001011
agentmark_rank_only,AgentMark-F rank-only linear top-10 surrogate,deepseek,ID,1,10,44,140,False,29,18,11110100
agentmark_rank_only,AgentMark-F rank-only linear top-10 surrogate,deepseek,ID,1,10,45,140,False,34,12,01001011
agentmark_rank_only,AgentMark-F rank-only linear top-10 surrogate,deepseek,ID,1,10,46,140,False,25,31,10111011
agentmark_rank_only,AgentMark-F rank-only linear top-10 surrogate,deepseek,ID,1,10,47,140,False,17,24,01100110
agentmark_rank_only,AgentMark-F rank-only linear top-10 surrogate,deepseek,ID,1,10,48,140,True,12,11,11001101
agentmark_rank_only,AgentMark-F rank-only linear top-10 surrogate,deepseek,ID,1,10,49,140,False,30,19,01000100
agentmark_rank_only,AgentMark-F rank-only linear top-10 surrogate,deepseek,ID,1,15,0,140,False,31,25,10110011
agentmark_rank_only,AgentMark-F rank-only linear top-10 surrogate,deepseek,ID,1,15,1,140,True,29,21,11001101
agentmark_rank_only,AgentMark-F rank-only linear top-10 surrogate,deepseek,ID,1,15,2,140,False,26,26,10011100
agentmark_rank_only,AgentMark-F rank-only linear top-10 surrogate,deepseek,ID,1,15,3,140,False,16,18,11000111
agentmark_rank_only,AgentMark-F rank-only linear top-10 surrogate,deepseek,ID,1,15,4,140,False,38,19,00101011
agentmark_rank_only,AgentMark-F rank-only linear top-10 surrogate,deepseek,ID,1,15,5,140,False,25,23,11111111
agentmark_rank_only,AgentMark-F rank-only linear top-10 surrogate,deepseek,ID,1,15,6,140,True,24,13,11001101
agentmark_rank_only,AgentMark-F rank-only linear top-10 surrogate,deepseek,ID,1,15,7,140,False,30,29,01110011
agentmark_rank_only,AgentMark-F rank-only linear top-10 surrogate,deepseek,ID,1,15,8,140,False,21,15,01001011
agentmark_rank_only,AgentMark-F rank-only linear top-10 surrogate,deepseek,ID,1,15,9,140,False,18,25,00011011
agentmark_rank_only,AgentMark-F rank-only linear top-10 surrogate,deepseek,ID,1,15,10,140,False,38,22,00000100
agentmark_rank_only,AgentMark-F rank-only linear top-10 surrogate,deepseek,ID,1,15,11,140,False,19,20,11000110
agentmark_rank_only,AgentMark-F rank-only linear top-10 surrogate,deepseek,ID,1,15,12,140,False,12,23,00111111
agentmark_rank_only,AgentMark-F rank-only linear top-10 surrogate,deepseek,ID,1,15,13,140,True,21,27,11001101
agentmark_rank_only,AgentMark-F rank-only linear top-10 surrogate,deepseek,ID,1,15,14,140,False,28,19,10111011
agentmark_rank_only,AgentMark-F rank-only linear top-10 surrogate,deepseek,ID,1,15,15,140,False,13,24,00101001
agentmark_rank_only,AgentMark-F rank-only linear top-10 surrogate,deepseek,ID,1,15,16,140,False,28,33,01001111
agentmark_rank_only,AgentMark-F rank-only linear top-10 surrogate,deepseek,ID,1,15,17,140,True,15,17,11001101
agentmark_rank_only,AgentMark-F rank-only linear top-10 surrogate,deepseek,ID,1,15,18,140,False,21,34,10100110
agentmark_rank_only,AgentMark-F rank-only linear top-10 surrogate,deepseek,ID,1,15,19,140,False,21,22,00000111
agentmark_rank_only,AgentMark-F rank-only linear top-10 surrogate,deepseek,ID,1,15,20,140,False,35,24,00101001
agentmark_rank_only,AgentMark-F rank-only linear top-10 surrogate,deepseek,ID,1,15,21,140,False,22,20,00111010
agentmark_rank_only,AgentMark-F rank-only linear top-10 surrogate,deepseek,ID,1,15,22,140,False,11,17,01100001
agentmark_rank_only,AgentMark-F rank-only linear top-10 surrogate,deepseek,ID,1,15,23,140,False,15,13,00010110
agentmark_rank_only,AgentMark-F rank-only linear top-10 surrogate,deepseek,ID,1,15,24,140,False,15,23,00001110
agentmark_rank_only,AgentMark-F rank-only linear top-10 surrogate,deepseek,ID,1,15,25,140,False,32,20,11111011
agentmark_rank_only,AgentMark-F rank-only linear top-10 surrogate,deepseek,ID,1,15,26,140,False,34,22,11101111
agentmark_rank_only,AgentMark-F rank-only linear top-10 surrogate,deepseek,ID,1,15,27,140,False,26,20,10001011
agentmark_rank_only,AgentMark-F rank-only linear top-10 surrogate,deepseek,ID,1,15,28,140,False,15,19,01111010
agentmark_rank_only,AgentMark-F rank-only linear top-10 surrogate,deepseek,ID,1,15,29,140,True,32,24,11001101
agentmark_rank_only,AgentMark-F rank-only linear top-10 surrogate,deepseek,ID,1,15,30,140,False,24,22,01101010
agentmark_rank_only,AgentMark-F rank-only linear top-10 surrogate,deepseek,ID,1,15,31,140,False,27,29,01110010
agentmark_rank_only,AgentMark-F rank-only linear top-10 surrogate,deepseek,ID,1,15,32,140,True,34,14,11001101
agentmark_rank_only,AgentMark-F rank-only linear top-10 surrogate,deepseek,ID,1,15,33,140,True,28,24,11001101
agentmark_rank_only,AgentMark-F rank-only linear top-10 surrogate,deepseek,ID,1,15,34,140,False,8,16,
agentmark_rank_only,AgentMark-F rank-only linear top-10 surrogate,deepseek,ID,1,15,35,140,False,24,22,11010001
agentmark_rank_only,AgentMark-F rank-only linear top-10 surrogate,deepseek,ID,1,15,36,140,False,17,18,10100110
agentmark_rank_only,AgentMark-F rank-only linear top-10 surrogate,deepseek,ID,1,15,37,140,False,21,27,00111100
agentmark_rank_only,AgentMark-F rank-only linear top-10 surrogate,deepseek,ID,1,15,38,140,False,12,14,10001011
agentmark_rank_only,AgentMark-F rank-only linear top-10 surrogate,deepseek,ID,1,15,39,140,False,14,16,10010001
agentmark_rank_only,AgentMark-F rank-only linear top-10 surrogate,deepseek,ID,1,15,40,140,False,25,17,10001110
agentmark_rank_only,AgentMark-F rank-only linear top-10 surrogate,deepseek,ID,1,15,41,140,False,25,12,11110100
agentmark_rank_only,AgentMark-F rank-only linear top-10 surrogate,deepseek,ID,1,15,42,140,False,16,18,10011100
agentmark_rank_only,AgentMark-F rank-only linear top-10 surrogate,deepseek,ID,1,15,43,140,False,21,27,00111111
agentmark_rank_only,AgentMark-F rank-only linear top-10 surrogate,deepseek,ID,1,15,44,140,False,19,24,00010010
agentmark_rank_only,AgentMark-F rank-only linear top-10 surrogate,deepseek,ID,1,15,45,140,False,24,14,11010111
agentmark_rank_only,AgentMark-F rank-only linear top-10 surrogate,deepseek,ID,1,15,46,140,False,33,17,01111000
agentmark_rank_only,AgentMark-F rank-only linear top-10 surrogate,deepseek,ID,1,15,47,140,True,22,30,11001101
agentmark_rank_only,AgentMark-F rank-only linear top-10 surrogate,deepseek,ID,1,15,48,140,True,17,23,11001101
agentmark_rank_only,AgentMark-F rank-only linear top-10 surrogate,deepseek,ID,1,15,49,140,False,22,20,10001110
agentmark_rank_only,AgentMark-F rank-only linear top-10 surrogate,deepseek,ID,1,20,0,140,False,37,24,01111010
agentmark_rank_only,AgentMark-F rank-only linear top-10 surrogate,deepseek,ID,1,20,1,140,False,23,29,00100011
agentmark_rank_only,AgentMark-F rank-only linear top-10 surrogate,deepseek,ID,1,20,2,140,False,13,33,10011011
agentmark_rank_only,AgentMark-F rank-only linear top-10 surrogate,deepseek,ID,1,20,3,140,False,22,28,01000100
agentmark_rank_only,AgentMark-F rank-only linear top-10 surrogate,deepseek,ID,1,20,4,140,False,37,17,11100011
agentmark_rank_only,AgentMark-F rank-only linear top-10 surrogate,deepseek,ID,1,20,5,140,False,25,34,11100011
agentmark_rank_only,AgentMark-F rank-only linear top-10 surrogate,deepseek,ID,1,20,6,140,True,17,25,11001101
agentmark_rank_only,AgentMark-F rank-only linear top-10 surrogate,deepseek,ID,1,20,7,140,False,29,29,00001000
agentmark_rank_only,AgentMark-F rank-only linear top-10 surrogate,deepseek,ID,1,20,8,140,False,23,31,11010100
agentmark_rank_only,AgentMark-F rank-only linear top-10 surrogate,deepseek,ID,1,20,9,140,False,13,21,11100011
agentmark_rank_only,AgentMark-F rank-only linear top-10 surrogate,deepseek,ID,1,20,10,140,False,40,20,01100110
agentmark_rank_only,AgentMark-F rank-only linear top-10 surrogate,deepseek,ID,1,20,11,140,False,35,26,11100000
agentmark_rank_only,AgentMark-F rank-only linear top-10 surrogate,deepseek,ID,1,20,12,140,False,9,26,11101001
agentmark_rank_only,AgentMark-F rank-only linear top-10 surrogate,deepseek,ID,1,20,13,140,True,22,22,11001101
agentmark_rank_only,AgentMark-F rank-only linear top-10 surrogate,deepseek,ID,1,20,14,140,False,19,24,10110110
agentmark_rank_only,AgentMark-F rank-only linear top-10 surrogate,deepseek,ID,1,20,15,140,False,23,37,01111000
agentmark_rank_only,AgentMark-F rank-only linear top-10 surrogate,deepseek,ID,1,20,16,140,True,34,20,11001101
agentmark_rank_only,AgentMark-F rank-only linear top-10 surrogate,deepseek,ID,1,20,17,140,False,11,38,10010111
agentmark_rank_only,AgentMark-F rank-only linear top-10 surrogate,deepseek,ID,1,20,18,140,False,30,34,01001000
agentmark_rank_only,AgentMark-F rank-only linear top-10 surrogate,deepseek,ID,1,20,19,140,False,21,20,01000100
agentmark_rank_only,AgentMark-F rank-only linear top-10 surrogate,deepseek,ID,1,20,20,140,True,34,25,11001101
agentmark_rank_only,AgentMark-F rank-only linear top-10 surrogate,deepseek,ID,1,20,21,140,False,23,27,00000100
agentmark_rank_only,AgentMark-F rank-only linear top-10 surrogate,deepseek,ID,1,20,22,140,False,31,22,11110101
agentmark_rank_only,AgentMark-F rank-only linear top-10 surrogate,deepseek,ID,1,20,23,140,False,27,32,11001110
agentmark_rank_only,AgentMark-F rank-only linear top-10 surrogate,deepseek,ID,1,20,24,140,True,40,25,11001101
agentmark_rank_only,AgentMark-F rank-only linear top-10 surrogate,deepseek,ID,1,20,25,140,False,25,35,11010101
agentmark_rank_only,AgentMark-F rank-only linear top-10 surrogate,deepseek,ID,1,20,26,140,False,23,19,10110000
agentmark_rank_only,AgentMark-F rank-only linear top-10 surrogate,deepseek,ID,1,20,27,140,True,25,29,11001101
agentmark_rank_only,AgentMark-F rank-only linear top-10 surrogate,deepseek,ID,1,20,28,140,False,24,41,01000100
agentmark_rank_only,AgentMark-F rank-only linear top-10 surrogate,deepseek,ID,1,20,29,140,False,27,35,11101010
agentmark_rank_only,AgentMark-F rank-only linear top-10 surrogate,deepseek,ID,1,20,30,140,False,40,17,00100101
agentmark_rank_only,AgentMark-F rank-only linear top-10 surrogate,deepseek,ID,1,20,31,140,True,28,20,11001101
agentmark_rank_only,AgentMark-F rank-only linear top-10 surrogate,deepseek,ID,1,20,32,140,False,22,27,11000111
agentmark_rank_only,AgentMark-F rank-only linear top-10 surrogate,deepseek,ID,1,20,33,140,False,11,37,11100011
agentmark_rank_only,AgentMark-F rank-only linear top-10 surrogate,deepseek,ID,1,20,34,140,False,21,26,10010000
agentmark_rank_only,AgentMark-F rank-only linear top-10 surrogate,deepseek,ID,1,20,35,140,False,35,17,10010000
agentmark_rank_only,AgentMark-F rank-only linear top-10 surrogate,deepseek,ID,1,20,36,140,False,22,24,01010011
agentmark_rank_only,AgentMark-F rank-only linear top-10 surrogate,deepseek,ID,1,20,37,140,False,29,29,00100011
agentmark_rank_only,AgentMark-F rank-only linear top-10 surrogate,deepseek,ID,1,20,38,140,False,30,34,11100011
agentmark_rank_only,AgentMark-F rank-only linear top-10 surrogate,deepseek,ID,1,20,39,140,False,17,34,00111100
agentmark_rank_only,AgentMark-F rank-only linear top-10 surrogate,deepseek,ID,1,20,40,140,False,19,36,11101001
agentmark_rank_only,AgentMark-F rank-only linear top-10 surrogate,deepseek,ID,1,20,41,140,False,17,25,10010000
agentmark_rank_only,AgentMark-F rank-only linear top-10 surrogate,deepseek,ID,1,20,42,140,False,18,21,10101001
agentmark_rank_only,AgentMark-F rank-only linear top-10 surrogate,deepseek,ID,1,20,43,140,True,23,30,11001101
agentmark_rank_only,AgentMark-F rank-only linear top-10 surrogate,deepseek,ID,1,20,44,140,False,30,31,01001111
agentmark_rank_only,AgentMark-F rank-only linear top-10 surrogate,deepseek,ID,1,20,45,140,False,17,31,01001111
agentmark_rank_only,AgentMark-F rank-only linear top-10 surrogate,deepseek,ID,1,20,46,140,False,18,21,00011011
agentmark_rank_only,AgentMark-F rank-only linear top-10 surrogate,deepseek,ID,1,20,47,140,False,34,31,11111111
agentmark_rank_only,AgentMark-F rank-only linear top-10 surrogate,deepseek,ID,1,20,48,140,False,18,40,00101100
agentmark_rank_only,AgentMark-F rank-only linear top-10 surrogate,deepseek,ID,1,20,49,140,False,26,25,00001001
agentmark_rank_only,AgentMark-F rank-only linear top-10 surrogate,deepseek,ID,1,30,0,140,False,8,28,
agentmark_rank_only,AgentMark-F rank-only linear top-10 surrogate,deepseek,ID,1,30,1,140,False,17,28,00011101
agentmark_rank_only,AgentMark-F rank-only linear top-10 surrogate,deepseek,ID,1,30,2,140,False,29,29,10111110
agentmark_rank_only,AgentMark-F rank-only linear top-10 surrogate,deepseek,ID,1,30,3,140,False,29,26,10001000
agentmark_rank_only,AgentMark-F rank-only linear top-10 surrogate,deepseek,ID,1,30,4,140,False,11,40,10100110
agentmark_rank_only,AgentMark-F rank-only linear top-10 surrogate,deepseek,ID,1,30,5,140,False,23,29,11100011
agentmark_rank_only,AgentMark-F rank-only linear top-10 surrogate,deepseek,ID,1,30,6,140,True,16,28,11001101
agentmark_rank_only,AgentMark-F rank-only linear top-10 surrogate,deepseek,ID,1,30,7,140,True,31,24,11001101
agentmark_rank_only,AgentMark-F rank-only linear top-10 surrogate,deepseek,ID,1,30,8,140,False,16,34,11000000
agentmark_rank_only,AgentMark-F rank-only linear top-10 surrogate,deepseek,ID,1,30,9,140,True,15,28,11001101
agentmark_rank_only,AgentMark-F rank-only linear top-10 surrogate,deepseek,ID,1,30,10,140,False,22,36,10000000
agentmark_rank_only,AgentMark-F rank-only linear top-10 surrogate,deepseek,ID,1,30,11,140,False,29,34,01001000
agentmark_rank_only,AgentMark-F rank-only linear top-10 surrogate,deepseek,ID,1,30,12,140,True,14,34,11001101
agentmark_rank_only,AgentMark-F rank-only linear top-10 surrogate,deepseek,ID,1,30,13,140,False,19,35,01111110
agentmark_rank_only,AgentMark-F rank-only linear top-10 surrogate,deepseek,ID,1,30,14,140,False,9,37,01011001
agentmark_rank_only,AgentMark-F rank-only linear top-10 surrogate,deepseek,ID,1,30,15,140,False,13,47,10100010
agentmark_rank_only,AgentMark-F rank-only linear top-10 surrogate,deepseek,ID,1,30,16,140,False,19,32,00011110
agentmark_rank_only,AgentMark-F rank-only linear top-10 surrogate,deepseek,ID,1,30,17,140,False,22,31,10111110
agentmark_rank_only,AgentMark-F rank-only linear top-10 surrogate,deepseek,ID,1,30,18,140,False,16,34,11011000
agentmark_rank_only,AgentMark-F rank-only linear top-10 surrogate,deepseek,ID,1,30,19,140,False,7,20,
agentmark_rank_only,AgentMark-F rank-only linear top-10 surrogate,deepseek,ID,1,30,20,140,False,26,27,00010001
agentmark_rank_only,AgentMark-F rank-only linear top-10 surrogate,deepseek,ID,1,30,21,140,False,21,24,10010111
agentmark_rank_only,AgentMark-F rank-only linear top-10 surrogate,deepseek,ID,1,30,22,140,True,20,34,11001101
agentmark_rank_only,AgentMark-F rank-only linear top-10 surrogate,deepseek,ID,1,30,23,140,False,13,34,10011110
agentmark_rank_only,AgentMark-F rank-only linear top-10 surrogate,deepseek,ID,1,30,24,140,False,24,31,11001110
agentmark_rank_only,AgentMark-F rank-only linear top-10 surrogate,deepseek,ID,1,30,25,140,True,29,27,11001101
agentmark_rank_only,AgentMark-F rank-only linear top-10 surrogate,deepseek,ID,1,30,26,140,False,26,39,01001111
agentmark_rank_only,AgentMark-F rank-only linear top-10 surrogate,deepseek,ID,1,30,27,140,False,29,27,10010000
agentmark_rank_only,AgentMark-F rank-only linear top-10 surrogate,deepseek,ID,1,30,28,140,False,20,38,11001110
agentmark_rank_only,AgentMark-F rank-only linear top-10 surrogate,deepseek,ID,1,30,29,140,True,20,44,11001101
agentmark_rank_only,AgentMark-F rank-only linear top-10 surrogate,deepseek,ID,1,30,30,140,False,13,38,00000011
agentmark_rank_only,AgentMark-F rank-only linear top-10 surrogate,deepseek,ID,1,30,31,140,False,20,29,10011010
agentmark_rank_only,AgentMark-F rank-only linear top-10 surrogate,deepseek,ID,1,30,32,140,False,18,41,11100110
agentmark_rank_only,AgentMark-F rank-only linear top-10 surrogate,deepseek,ID,1,30,33,140,False,19,31,11101001
agentmark_rank_only,AgentMark-F rank-only linear top-10 surrogate,deepseek,ID,1,30,34,140,False,23,42,11010001
agentmark_rank_only,AgentMark-F rank-only linear top-10 surrogate,deepseek,ID,1,30,35,140,False,27,33,10111110
agentmark_rank_only,AgentMark-F rank-only linear top-10 surrogate,deepseek,ID,1,30,36,140,False,19,29,01010000
agentmark_rank_only,AgentMark-F rank-only linear top-10 surrogate,deepseek,ID,1,30,37,140,False,18,40,01111100
agentmark_rank_only,AgentMark-F rank-only linear top-10 surrogate,deepseek,ID,1,30,38,140,False,13,37,00001010
agentmark_rank_only,AgentMark-F rank-only linear top-10 surrogate,deepseek,ID,1,30,39,140,False,22,29,01011000
agentmark_rank_only,AgentMark-F rank-only linear top-10 surrogate,deepseek,ID,1,30,40,140,False,33,29,00000111
agentmark_rank_only,AgentMark-F rank-only linear top-10 surrogate,deepseek,ID,1,30,41,140,False,30,27,01100001
agentmark_rank_only,AgentMark-F rank-only linear top-10 surrogate,deepseek,ID,1,30,42,140,False,21,44,01110010
agentmark_rank_only,AgentMark-F rank-only linear top-10 surrogate,deepseek,ID,1,30,43,140,False,19,34,00101101
agentmark_rank_only,AgentMark-F rank-only linear top-10 surrogate,deepseek,ID,1,30,44,140,False,32,33,11100011
agentmark_rank_only,AgentMark-F rank-only linear top-10 surrogate,deepseek,ID,1,30,45,140,False,23,33,11101001
agentmark_rank_only,AgentMark-F rank-only linear top-10 surrogate,deepseek,ID,1,30,46,140,False,20,43,00001011
agentmark_rank_only,AgentMark-F rank-only linear top-10 surrogate,deepseek,ID,1,30,47,140,True,22,36,11001101
agentmark_rank_only,AgentMark-F rank-only linear top-10 surrogate,deepseek,ID,1,30,48,140,False,19,34,10101001
agentmark_rank_only,AgentMark-F rank-only linear top-10 surrogate,deepseek,ID,1,30,49,140,False,28,34,11001110
agentmark_rank_only,AgentMark-F rank-only linear top-10 surrogate,deepseek,ID,1,50,0,140,False,19,44,01000101
agentmark_rank_only,AgentMark-F rank-only linear top-10 surrogate,deepseek,ID,1,50,1,140,False,17,48,11001100
agentmark_rank_only,AgentMark-F rank-only linear top-10 surrogate,deepseek,ID,1,50,2,140,False,20,43,11101000
agentmark_rank_only,AgentMark-F rank-only linear top-10 surrogate,deepseek,ID,1,50,3,140,False,18,40,10000000
agentmark_rank_only,AgentMark-F rank-only linear top-10 surrogate,deepseek,ID,1,50,4,140,False,17,49,10000010
agentmark_rank_only,AgentMark-F rank-only linear top-10 surrogate,deepseek,ID,1,50,5,140,False,13,42,10001110
agentmark_rank_only,AgentMark-F rank-only linear top-10 surrogate,deepseek,ID,1,50,6,140,False,20,45,11101000
agentmark_rank_only,AgentMark-F rank-only linear top-10 surrogate,deepseek,ID,1,50,7,140,False,20,39,01010001
agentmark_rank_only,AgentMark-F rank-only linear top-10 surrogate,deepseek,ID,1,50,8,140,False,16,46,11100001
agentmark_rank_only,AgentMark-F rank-only linear top-10 surrogate,deepseek,ID,1,50,9,140,False,17,38,11101001
agentmark_rank_only,AgentMark-F rank-only linear top-10 surrogate,deepseek,ID,1,50,10,140,False,25,40,11101001
agentmark_rank_only,AgentMark-F rank-only linear top-10 surrogate,deepseek,ID,1,50,11,140,False,21,42,00111011
agentmark_rank_only,AgentMark-F rank-only linear top-10 surrogate,deepseek,ID,1,50,12,140,False,27,35,01010011
agentmark_rank_only,AgentMark-F rank-only linear top-10 surrogate,deepseek,ID,1,50,13,140,False,6,32,
agentmark_rank_only,AgentMark-F rank-only linear top-10 surrogate,deepseek,ID,1,50,14,140,False,25,41,01000110
agentmark_rank_only,AgentMark-F rank-only linear top-10 surrogate,deepseek,ID,1,50,15,140,False,19,41,11001110
agentmark_rank_only,AgentMark-F rank-only linear top-10 surrogate,deepseek,ID,1,50,16,140,False,30,36,00110110
agentmark_rank_only,AgentMark-F rank-only linear top-10 surrogate,deepseek,ID,1,50,17,140,False,11,55,00101010
agentmark_rank_only,AgentMark-F rank-only linear top-10 surrogate,deepseek,ID,1,50,18,140,False,16,47,00111001
agentmark_rank_only,AgentMark-F rank-only linear top-10 surrogate,deepseek,ID,1,50,19,140,False,22,40,10010101
agentmark_rank_only,AgentMark-F rank-only linear top-10 surrogate,deepseek,ID,1,50,20,140,False,10,39,11011000
agentmark_rank_only,AgentMark-F rank-only linear top-10 surrogate,deepseek,ID,1,50,21,140,False,24,41,01011110
agentmark_rank_only,AgentMark-F rank-only linear top-10 surrogate,deepseek,ID,1,50,22,140,False,20,43,10101000
agentmark_rank_only,AgentMark-F rank-only linear top-10 surrogate,deepseek,ID,1,50,23,140,False,13,47,00111001
agentmark_rank_only,AgentMark-F rank-only linear top-10 surrogate,deepseek,ID,1,50,24,140,False,17,42,01100011
agentmark_rank_only,AgentMark-F rank-only linear top-10 surrogate,deepseek,ID,1,50,25,140,False,18,40,10111101
agentmark_rank_only,AgentMark-F rank-only linear top-10 surrogate,deepseek,ID,1,50,26,140,False,17,45,01000101
agentmark_rank_only,AgentMark-F rank-only linear top-10 surrogate,deepseek,ID,1,50,27,140,False,25,39,11011000
agentmark_rank_only,AgentMark-F rank-only linear top-10 surrogate,deepseek,ID,1,50,28,140,False,22,41,10100100
agentmark_rank_only,AgentMark-F rank-only linear top-10 surrogate,deepseek,ID,1,50,29,140,False,22,34,01000101
agentmark_rank_only,AgentMark-F rank-only linear top-10 surrogate,deepseek,ID,1,50,30,140,False,21,45,11001110
agentmark_rank_only,AgentMark-F rank-only linear top-10 surrogate,deepseek,ID,1,50,31,140,False,25,41,00001011
agentmark_rank_only,AgentMark-F rank-only linear top-10 surrogate,deepseek,ID,1,50,32,140,False,14,47,
agentmark_rank_only,AgentMark-F rank-only linear top-10 surrogate,deepseek,ID,1,50,33,140,False,17,48,10001110
agentmark_rank_only,AgentMark-F rank-only linear top-10 surrogate,deepseek,ID,1,50,34,140,False,15,43,00010000
agentmark_rank_only,AgentMark-F rank-only linear top-10 surrogate,deepseek,ID,1,50,35,140,False,24,40,01011101
agentmark_rank_only,AgentMark-F rank-only linear top-10 surrogate,deepseek,ID,1,50,36,140,False,16,47,01011110
agentmark_rank_only,AgentMark-F rank-only linear top-10 surrogate,deepseek,ID,1,50,37,140,False,11,52,00111001
agentmark_rank_only,AgentMark-F rank-only linear top-10 surrogate,deepseek,ID,1,50,38,140,False,22,37,10111101
agentmark_rank_only,AgentMark-F rank-only linear top-10 surrogate,deepseek,ID,1,50,39,140,False,15,50,00101111
agentmark_rank_only,AgentMark-F rank-only linear top-10 surrogate,deepseek,ID,1,50,40,140,False,22,38,01000101
agentmark_rank_only,AgentMark-F rank-only linear top-10 surrogate,deepseek,ID,1,50,41,140,False,24,38,11001110
agentmark_rank_only,AgentMark-F rank-only linear top-10 surrogate,deepseek,ID,1,50,42,140,False,15,41,10011001
agentmark_rank_only,AgentMark-F rank-only linear top-10 surrogate,deepseek,ID,1,50,43,140,False,20,45,01000101
agentmark_rank_only,AgentMark-F rank-only linear top-10 surrogate,deepseek,ID,1,50,44,140,False,9,34,
agentmark_rank_only,AgentMark-F rank-only linear top-10 surrogate,deepseek,ID,1,50,45,140,False,23,41,01010000
agentmark_rank_only,AgentMark-F rank-only linear top-10 surrogate,deepseek,ID,1,50,46,140,False,16,43,11010111
agentmark_rank_only,AgentMark-F rank-only linear top-10 surrogate,deepseek,ID,1,50,47,140,False,13,46,01010010
agentmark_rank_only,AgentMark-F rank-only linear top-10 surrogate,deepseek,ID,1,50,48,140,False,20,44,01110110
agentmark_rank_only,AgentMark-F rank-only linear top-10 surrogate,deepseek,ID,1,50,49,140,False,22,42,11001110
agentmark_rank_only,AgentMark-F rank-only linear top-10 surrogate,deepseek,ID,1,80,0,140,False,11,55,00111001
agentmark_rank_only,AgentMark-F rank-only linear top-10 surrogate,deepseek,ID,1,80,1,140,False,16,50,11100001
agentmark_rank_only,AgentMark-F rank-only linear top-10 surrogate,deepseek,ID,1,80,2,140,False,10,45,01111110
agentmark_rank_only,AgentMark-F rank-only linear top-10 surrogate,deepseek,ID,1,80,3,140,False,17,44,10011001
agentmark_rank_only,AgentMark-F rank-only linear top-10 surrogate,deepseek,ID,1,80,4,140,False,15,51,10011101
agentmark_rank_only,AgentMark-F rank-only linear top-10 surrogate,deepseek,ID,1,80,5,140,False,10,49,11100001
agentmark_rank_only,AgentMark-F rank-only linear top-10 surrogate,deepseek,ID,1,80,6,140,False,11,55,00111001
agentmark_rank_only,AgentMark-F rank-only linear top-10 surrogate,deepseek,ID,1,80,7,140,False,17,48,01000101
agentmark_rank_only,AgentMark-F rank-only linear top-10 surrogate,deepseek,ID,1,80,8,140,False,17,49,11001100
agentmark_rank_only,AgentMark-F rank-only linear top-10 surrogate,deepseek,ID,1,80,9,140,False,13,50,01000001
agentmark_rank_only,AgentMark-F rank-only linear top-10 surrogate,deepseek,ID,1,80,10,140,False,14,51,10011101
agentmark_rank_only,AgentMark-F rank-only linear top-10 surrogate,deepseek,ID,1,80,11,140,False,14,49,10010101
agentmark_rank_only,AgentMark-F rank-only linear top-10 surrogate,deepseek,ID,1,80,12,140,False,14,49,10110001
agentmark_rank_only,AgentMark-F rank-only linear top-10 surrogate,deepseek,ID,1,80,13,140,False,17,48,01000110
agentmark_rank_only,AgentMark-F rank-only linear top-10 surrogate,deepseek,ID,1,80,14,140,False,19,46,00111100
agentmark_rank_only,AgentMark-F rank-only linear top-10 surrogate,deepseek,ID,1,80,15,140,False,13,49,11011011
agentmark_rank_only,AgentMark-F rank-only linear top-10 surrogate,deepseek,ID,1,80,16,140,False,14,46,11110110
agentmark_rank_only,AgentMark-F rank-only linear top-10 surrogate,deepseek,ID,1,80,17,140,False,16,49,01011010
agentmark_rank_only,AgentMark-F rank-only linear top-10 surrogate,deepseek,ID,1,80,18,140,False,9,57,
agentmark_rank_only,AgentMark-F rank-only linear top-10 surrogate,deepseek,ID,1,80,19,140,False,8,55,
agentmark_rank_only,AgentMark-F rank-only linear top-10 surrogate,deepseek,ID,1,80,20,140,False,19,47,10100110
agentmark_rank_only,AgentMark-F rank-only linear top-10 surrogate,deepseek,ID,1,80,21,140,False,16,47,01000101
agentmark_rank_only,AgentMark-F rank-only linear top-10 surrogate,deepseek,ID,1,80,22,140,False,14,52,00111000
agentmark_rank_only,AgentMark-F rank-only linear top-10 surrogate,deepseek,ID,1,80,23,140,False,16,47,01000101
agentmark_rank_only,AgentMark-F rank-only linear top-10 surrogate,deepseek,ID,1,80,24,140,False,13,50,01010010
agentmark_rank_only,AgentMark-F rank-only linear top-10 surrogate,deepseek,ID,1,80,25,140,False,10,53,10001110
agentmark_rank_only,AgentMark-F rank-only linear top-10 surrogate,deepseek,ID,1,80,26,140,False,19,47,00101110
agentmark_rank_only,AgentMark-F rank-only linear top-10 surrogate,deepseek,ID,1,80,27,140,False,23,40,00000111
agentmark_rank_only,AgentMark-F rank-only linear top-10 surrogate,deepseek,ID,1,80,28,140,False,12,47,10011101
agentmark_rank_only,AgentMark-F rank-only linear top-10 surrogate,deepseek,ID,1,80,29,140,False,15,50,01000001
agentmark_rank_only,AgentMark-F rank-only linear top-10 surrogate,deepseek,ID,1,80,30,140,False,9,57,
agentmark_rank_only,AgentMark-F rank-only linear top-10 surrogate,deepseek,ID,1,80,31,140,False,15,51,10001110
agentmark_rank_only,AgentMark-F rank-only linear top-10 surrogate,deepseek,ID,1,80,32,140,False,19,41,11010010
agentmark_rank_only,AgentMark-F rank-only linear top-10 surrogate,deepseek,ID,1,80,33,140,False,9,46,
agentmark_rank_only,AgentMark-F rank-only linear top-10 surrogate,deepseek,ID,1,80,34,140,False,12,54,01000100
agentmark_rank_only,AgentMark-F rank-only linear top-10 surrogate,deepseek,ID,1,80,35,140,False,18,47,01111110
agentmark_rank_only,AgentMark-F rank-only linear top-10 surrogate,deepseek,ID,1,80,36,140,False,22,43,11110110
agentmark_rank_only,AgentMark-F rank-only linear top-10 surrogate,deepseek,ID,1,80,37,140,False,12,51,01000101
agentmark_rank_only,AgentMark-F rank-only linear top-10 surrogate,deepseek,ID,1,80,38,140,False,14,52,10001110
agentmark_rank_only,AgentMark-F rank-only linear top-10 surrogate,deepseek,ID,1,80,39,140,False,15,48,10001110
agentmark_rank_only,AgentMark-F rank-only linear top-10 surrogate,deepseek,ID,1,80,40,140,False,14,51,10001110
agentmark_rank_only,AgentMark-F rank-only linear top-10 surrogate,deepseek,ID,1,80,41,140,False,13,52,11110110
agentmark_rank_only,AgentMark-F rank-only linear top-10 surrogate,deepseek,ID,1,80,42,140,False,16,50,00100110
agentmark_rank_only,AgentMark-F rank-only linear top-10 surrogate,deepseek,ID,1,80,43,140,False,20,45,00111100
agentmark_rank_only,AgentMark-F rank-only linear top-10 surrogate,deepseek,ID,1,80,44,140,False,15,51,00101110
agentmark_rank_only,AgentMark-F rank-only linear top-10 surrogate,deepseek,ID,1,80,45,140,True,17,49,11001101
agentmark_rank_only,AgentMark-F rank-only linear top-10 surrogate,deepseek,ID,1,80,46,140,False,12,51,10001110
agentmark_rank_only,AgentMark-F rank-only linear top-10 surrogate,deepseek,ID,1,80,47,140,False,16,43,00101010
agentmark_rank_only,AgentMark-F rank-only linear top-10 surrogate,deepseek,ID,1,80,48,140,False,17,46,11011011
agentmark_rank_only,AgentMark-F rank-only linear top-10 surrogate,deepseek,ID,1,80,49,140,False,15,50,01000101
agentmark_rank_only,AgentMark-F rank-only linear top-10 surrogate,deepseek,ID,1,100,0,140,False,9,57,
agentmark_rank_only,AgentMark-F rank-only linear top-10 surrogate,deepseek,ID,1,100,1,140,False,14,49,00111001
agentmark_rank_only,AgentMark-F rank-only linear top-10 surrogate,deepseek,ID,1,100,2,140,False,11,49,00111001
agentmark_rank_only,AgentMark-F rank-only linear top-10 surrogate,deepseek,ID,1,100,3,140,False,9,57,
agentmark_rank_only,AgentMark-F rank-only linear top-10 surrogate,deepseek,ID,1,100,4,140,False,9,54,
agentmark_rank_only,AgentMark-F rank-only linear top-10 surrogate,deepseek,ID,1,100,5,140,False,10,56,01010011
agentmark_rank_only,AgentMark-F rank-only linear top-10 surrogate,deepseek,ID,1,100,6,140,False,12,51,00111001
agentmark_rank_only,AgentMark-F rank-only linear top-10 surrogate,deepseek,ID,1,100,7,140,False,17,43,00001011
agentmark_rank_only,AgentMark-F rank-only linear top-10 surrogate,deepseek,ID,1,100,8,140,False,13,53,10001110
agentmark_rank_only,AgentMark-F rank-only linear top-10 surrogate,deepseek,ID,1,100,9,140,False,8,58,
agentmark_rank_only,AgentMark-F rank-only linear top-10 surrogate,deepseek,ID,1,100,10,140,False,13,52,00000111
agentmark_rank_only,AgentMark-F rank-only linear top-10 surrogate,deepseek,ID,1,100,11,140,False,8,58,
agentmark_rank_only,AgentMark-F rank-only linear top-10 surrogate,deepseek,ID,1,100,12,140,False,14,52,01000101
agentmark_rank_only,AgentMark-F rank-only linear top-10 surrogate,deepseek,ID,1,100,13,140,False,11,55,
agentmark_rank_only,AgentMark-F rank-only linear top-10 surrogate,deepseek,ID,1,100,14,140,False,18,43,11011011
agentmark_rank_only,AgentMark-F rank-only linear top-10 surrogate,deepseek,ID,1,100,15,140,False,10,56,01000000
agentmark_rank_only,AgentMark-F rank-only linear top-10 surrogate,deepseek,ID,1,100,16,140,False,14,51,00101111
agentmark_rank_only,AgentMark-F rank-only linear top-10 surrogate,deepseek,ID,1,100,17,140,False,14,51,00111100
agentmark_rank_only,AgentMark-F rank-only linear top-10 surrogate,deepseek,ID,1,100,18,140,False,17,46,01001101
agentmark_rank_only,AgentMark-F rank-only linear top-10 surrogate,deepseek,ID,1,100,19,140,False,9,54,
agentmark_rank_only,AgentMark-F rank-only linear top-10 surrogate,deepseek,ID,1,100,20,140,False,13,53,10110000
agentmark_rank_only,AgentMark-F rank-only linear top-10 surrogate,deepseek,ID,1,100,21,140,False,11,52,00111001
agentmark_rank_only,AgentMark-F rank-only linear top-10 surrogate,deepseek,ID,1,100,22,140,False,10,56,10001110
agentmark_rank_only,AgentMark-F rank-only linear top-10 surrogate,deepseek,ID,1,100,23,140,False,11,55,01011010
agentmark_rank_only,AgentMark-F rank-only linear top-10 surrogate,deepseek,ID,1,100,24,140,False,10,56,10110001
agentmark_rank_only,AgentMark-F rank-only linear top-10 surrogate,deepseek,ID,1,100,25,140,False,16,50,10001110
agentmark_rank_only,AgentMark-F rank-only linear top-10 surrogate,deepseek,ID,1,100,26,140,False,17,48,01010001
agentmark_rank_only,AgentMark-F rank-only linear top-10 surrogate,deepseek,ID,1,100,27,140,False,9,57,11110111
agentmark_rank_only,AgentMark-F rank-only linear top-10 surrogate,deepseek,ID,1,100,28,140,False,8,55,
agentmark_rank_only,AgentMark-F rank-only linear top-10 surrogate,deepseek,ID,1,100,29,140,False,9,57,
agentmark_rank_only,AgentMark-F rank-only linear top-10 surrogate,deepseek,ID,1,100,30,140,False,13,47,10011101
agentmark_rank_only,AgentMark-F rank-only linear top-10 surrogate,deepseek,ID,1,100,31,140,False,10,53,10110001
agentmark_rank_only,AgentMark-F rank-only linear top-10 surrogate,deepseek,ID,1,100,32,140,False,14,52,10110000
agentmark_rank_only,AgentMark-F rank-only linear top-10 surrogate,deepseek,ID,1,100,33,140,False,10,56,
agentmark_rank_only,AgentMark-F rank-only linear top-10 surrogate,deepseek,ID,1,100,34,140,False,15,51,11011011
agentmark_rank_only,AgentMark-F rank-only linear top-10 surrogate,deepseek,ID,1,100,35,140,False,9,57,11110111
agentmark_rank_only,AgentMark-F rank-only linear top-10 surrogate,deepseek,ID,1,100,36,140,False,11,55,10110001
agentmark_rank_only,AgentMark-F rank-only linear top-10 surrogate,deepseek,ID,1,100,37,140,False,14,52,01010011
agentmark_rank_only,AgentMark-F rank-only linear top-10 surrogate,deepseek,ID,1,100,38,140,False,10,56,01010011
agentmark_rank_only,AgentMark-F rank-only linear top-10 surrogate,deepseek,ID,1,100,39,140,False,11,52,10100010
agentmark_rank_only,AgentMark-F rank-only linear top-10 surrogate,deepseek,ID,1,100,40,140,False,9,54,10110001
agentmark_rank_only,AgentMark-F rank-only linear top-10 surrogate,deepseek,ID,1,100,41,140,False,9,57,01010011
agentmark_rank_only,AgentMark-F rank-only linear top-10 surrogate,deepseek,ID,1,100,42,140,False,9,57,01010011
agentmark_rank_only,AgentMark-F rank-only linear top-10 surrogate,deepseek,ID,1,100,43,140,False,16,50,01000101
agentmark_rank_only,AgentMark-F rank-only linear top-10 surrogate,deepseek,ID,1,100,44,140,False,9,54,10110001
agentmark_rank_only,AgentMark-F rank-only linear top-10 surrogate,deepseek,ID,1,100,45,140,False,7,48,
agentmark_rank_only,AgentMark-F rank-only linear top-10 surrogate,deepseek,ID,1,100,46,140,False,10,56,01000000
agentmark_rank_only,AgentMark-F rank-only linear top-10 surrogate,deepseek,ID,1,100,47,140,False,9,56,
agentmark_rank_only,AgentMark-F rank-only linear top-10 surrogate,deepseek,ID,1,100,48,140,False,15,48,10001110
agentmark_rank_only,AgentMark-F rank-only linear top-10 surrogate,deepseek,ID,1,100,49,140,False,11,54,00101111
agentmark_rank_only,AgentMark-F rank-only linear top-10 surrogate,deepseek,ID,2,1,0,140,False,31,0,01001010
agentmark_rank_only,AgentMark-F rank-only linear top-10 surrogate,deepseek,ID,2,1,1,140,False,2,0,
agentmark_rank_only,AgentMark-F rank-only linear top-10 surrogate,deepseek,ID,2,1,2,140,False,3,0,
agentmark_rank_only,AgentMark-F rank-only linear top-10 surrogate,deepseek,ID,2,1,3,140,False,16,0,11100000
agentmark_rank_only,AgentMark-F rank-only linear top-10 surrogate,deepseek,ID,2,1,4,140,False,11,0,10000111
agentmark_rank_only,AgentMark-F rank-only linear top-10 surrogate,deepseek,ID,2,1,5,140,False,1,0,
agentmark_rank_only,AgentMark-F rank-only linear top-10 surrogate,deepseek,ID,2,1,6,140,False,44,0,11111000
agentmark_rank_only,AgentMark-F rank-only linear top-10 surrogate,deepseek,ID,2,1,7,140,False,15,0,00001011
agentmark_rank_only,AgentMark-F rank-only linear top-10 surrogate,deepseek,ID,2,1,8,140,False,8,0,
agentmark_rank_only,AgentMark-F rank-only linear top-10 surrogate,deepseek,ID,2,1,9,140,False,25,0,11101110
agentmark_rank_only,AgentMark-F rank-only linear top-10 surrogate,deepseek,ID,2,1,10,140,False,1,0,
agentmark_rank_only,AgentMark-F rank-only linear top-10 surrogate,deepseek,ID,2,1,11,140,False,28,0,01110011
agentmark_rank_only,AgentMark-F rank-only linear top-10 surrogate,deepseek,ID,2,1,12,140,False,34,0,01111011
agentmark_rank_only,AgentMark-F rank-only linear top-10 surrogate,deepseek,ID,2,1,13,140,False,0,0,
agentmark_rank_only,AgentMark-F rank-only linear top-10 surrogate,deepseek,ID,2,1,14,140,False,1,0,
agentmark_rank_only,AgentMark-F rank-only linear top-10 surrogate,deepseek,ID,2,1,15,140,False,0,0,
agentmark_rank_only,AgentMark-F rank-only linear top-10 surrogate,deepseek,ID,2,1,16,140,False,7,0,
agentmark_rank_only,AgentMark-F rank-only linear top-10 surrogate,deepseek,ID,2,1,17,140,False,2,0,
agentmark_rank_only,AgentMark-F rank-only linear top-10 surrogate,deepseek,ID,2,1,18,140,False,42,0,00111001
agentmark_rank_only,AgentMark-F rank-only linear top-10 surrogate,deepseek,ID,2,1,19,140,False,10,0,00010000
agentmark_rank_only,AgentMark-F rank-only linear top-10 surrogate,deepseek,ID,2,1,20,140,False,11,0,01111010
agentmark_rank_only,AgentMark-F rank-only linear top-10 surrogate,deepseek,ID,2,1,21,140,False,35,0,01010000
agentmark_rank_only,AgentMark-F rank-only linear top-10 surrogate,deepseek,ID,2,1,22,140,False,3,0,
agentmark_rank_only,AgentMark-F rank-only linear top-10 surrogate,deepseek,ID,2,1,23,140,False,10,0,
agentmark_rank_only,AgentMark-F rank-only linear top-10 surrogate,deepseek,ID,2,1,24,140,False,6,0,
agentmark_rank_only,AgentMark-F rank-only linear top-10 surrogate,deepseek,ID,2,1,25,140,False,12,0,00010100
agentmark_rank_only,AgentMark-F rank-only linear top-10 surrogate,deepseek,ID,2,1,26,140,False,19,0,10000100
agentmark_rank_only,AgentMark-F rank-only linear top-10 surrogate,deepseek,ID,2,1,27,140,False,4,0,
agentmark_rank_only,AgentMark-F rank-only linear top-10 surrogate,deepseek,ID,2,1,28,140,False,0,0,
agentmark_rank_only,AgentMark-F rank-only linear top-10 surrogate,deepseek,ID,2,1,29,140,False,23,0,01011101
agentmark_rank_only,AgentMark-F rank-only linear top-10 surrogate,deepseek,ID,2,1,30,140,False,2,0,
agentmark_rank_only,AgentMark-F rank-only linear top-10 surrogate,deepseek,ID,2,1,31,140,False,19,0,10000100
agentmark_rank_only,AgentMark-F rank-only linear top-10 surrogate,deepseek,ID,2,1,32,140,False,0,0,
agentmark_rank_only,AgentMark-F rank-only linear top-10 surrogate,deepseek,ID,2,1,33,140,False,21,0,10000000
agentmark_rank_only,AgentMark-F rank-only linear top-10 surrogate,deepseek,ID,2,1,34,140,False,28,0,01110011
agentmark_rank_only,AgentMark-F rank-only linear top-10 surrogate,deepseek,ID,2,1,35,140,False,3,0,
agentmark_rank_only,AgentMark-F rank-only linear top-10 surrogate,deepseek,ID,2,1,36,140,False,7,0,
agentmark_rank_only,AgentMark-F rank-only linear top-10 surrogate,deepseek,ID,2,1,37,140,False,30,0,01111001
agentmark_rank_only,AgentMark-F rank-only linear top-10 surrogate,deepseek,ID,2,1,38,140,False,6,0,
agentmark_rank_only,AgentMark-F rank-only linear top-10 surrogate,deepseek,ID,2,1,39,140,False,0,0,
agentmark_rank_only,AgentMark-F rank-only linear top-10 surrogate,deepseek,ID,2,1,40,140,False,7,0,
agentmark_rank_only,AgentMark-F rank-only linear top-10 surrogate,deepseek,ID,2,1,41,140,False,0,0,
agentmark_rank_only,AgentMark-F rank-only linear top-10 surrogate,deepseek,ID,2,1,42,140,False,13,0,00110010
agentmark_rank_only,AgentMark-F rank-only linear top-10 surrogate,deepseek,ID,2,1,43,140,False,0,0,
agentmark_rank_only,AgentMark-F rank-only linear top-10 surrogate,deepseek,ID,2,1,44,140,False,2,0,
agentmark_rank_only,AgentMark-F rank-only linear top-10 surrogate,deepseek,ID,2,1,45,140,False,26,0,11001110
agentmark_rank_only,AgentMark-F rank-only linear top-10 surrogate,deepseek,ID,2,1,46,140,False,2,0,
agentmark_rank_only,AgentMark-F rank-only linear top-10 surrogate,deepseek,ID,2,1,47,140,False,21,0,00110001
agentmark_rank_only,AgentMark-F rank-only linear top-10 surrogate,deepseek,ID,2,1,48,140,False,2,0,
agentmark_rank_only,AgentMark-F rank-only linear top-10 surrogate,deepseek,ID,2,1,49,140,False,30,0,01111001
agentmark_rank_only,AgentMark-F rank-only linear top-10 surrogate,deepseek,ID,2,2,0,140,False,21,3,10011111
agentmark_rank_only,AgentMark-F rank-only linear top-10 surrogate,deepseek,ID,2,2,1,140,False,37,6,10111000
agentmark_rank_only,AgentMark-F rank-only linear top-10 surrogate,deepseek,ID,2,2,2,140,False,17,2,10100000
agentmark_rank_only,AgentMark-F rank-only linear top-10 surrogate,deepseek,ID,2,2,3,140,False,28,4,00110010
agentmark_rank_only,AgentMark-F rank-only linear top-10 surrogate,deepseek,ID,2,2,4,140,False,41,3,11111000
agentmark_rank_only,AgentMark-F rank-only linear top-10 surrogate,deepseek,ID,2,2,5,140,False,18,2,10110100
agentmark_rank_only,AgentMark-F rank-only linear top-10 surrogate,deepseek,ID,2,2,6,140,False,12,0,
agentmark_rank_only,AgentMark-F rank-only linear top-10 surrogate,deepseek,ID,2,2,7,140,False,15,0,11110100
agentmark_rank_only,AgentMark-F rank-only linear top-10 surrogate,deepseek,ID,2,2,8,140,False,4,1,
agentmark_rank_only,AgentMark-F rank-only linear top-10 surrogate,deepseek,ID,2,2,9,140,False,27,2,00111001
agentmark_rank_only,AgentMark-F rank-only linear top-10 surrogate,deepseek,ID,2,2,10,140,False,2,2,
agentmark_rank_only,AgentMark-F rank-only linear top-10 surrogate,deepseek,ID,2,2,11,140,False,4,1,
agentmark_rank_only,AgentMark-F rank-only linear top-10 surrogate,deepseek,ID,2,2,12,140,False,5,0,
agentmark_rank_only,AgentMark-F rank-only linear top-10 surrogate,deepseek,ID,2,2,13,140,False,12,0,11101101
agentmark_rank_only,AgentMark-F rank-only linear top-10 surrogate,deepseek,ID,2,2,14,140,False,4,1,
agentmark_rank_only,AgentMark-F rank-only linear top-10 surrogate,deepseek,ID,2,2,15,140,False,27,4,01011001
agentmark_rank_only,AgentMark-F rank-only linear top-10 surrogate,deepseek,ID,2,2,16,140,False,10,0,
agentmark_rank_only,AgentMark-F rank-only linear top-10 surrogate,deepseek,ID,2,2,17,140,False,32,1,01110100
agentmark_rank_only,AgentMark-F rank-only linear top-10 surrogate,deepseek,ID,2,2,18,140,False,42,2,00111001
agentmark_rank_only,AgentMark-F rank-only linear top-10 surrogate,deepseek,ID,2,2,19,140,False,18,0,01011100
agentmark_rank_only,AgentMark-F rank-only linear top-10 surrogate,deepseek,ID,2,2,20,140,False,4,0,
agentmark_rank_only,AgentMark-F rank-only linear top-10 surrogate,deepseek,ID,2,2,21,140,False,15,1,10101111
agentmark_rank_only,AgentMark-F rank-only linear top-10 surrogate,deepseek,ID,2,2,22,140,False,26,1,00000111
agentmark_rank_only,AgentMark-F rank-only linear top-10 surrogate,deepseek,ID,2,2,23,140,False,41,1,00111001
agentmark_rank_only,AgentMark-F rank-only linear top-10 surrogate,deepseek,ID,2,2,24,140,False,45,0,11101111
agentmark_rank_only,AgentMark-F rank-only linear top-10 surrogate,deepseek,ID,2,2,25,140,False,15,2,11111101
agentmark_rank_only,AgentMark-F rank-only linear top-10 surrogate,deepseek,ID,2,2,26,140,False,3,2,
agentmark_rank_only,AgentMark-F rank-only linear top-10 surrogate,deepseek,ID,2,2,27,140,False,36,9,01100010
agentmark_rank_only,AgentMark-F rank-only linear top-10 surrogate,deepseek,ID,2,2,28,140,False,25,3,11001100
agentmark_rank_only,AgentMark-F rank-only linear top-10 surrogate,deepseek,ID,2,2,29,140,False,33,3,01110110
agentmark_rank_only,AgentMark-F rank-only linear top-10 surrogate,deepseek,ID,2,2,30,140,False,8,0,11011010
agentmark_rank_only,AgentMark-F rank-only linear top-10 surrogate,deepseek,ID,2,2,31,140,False,28,0,00111100
agentmark_rank_only,AgentMark-F rank-only linear top-10 surrogate,deepseek,ID,2,2,32,140,False,28,4,01001010
agentmark_rank_only,AgentMark-F rank-only linear top-10 surrogate,deepseek,ID,2,2,33,140,False,6,0,
agentmark_rank_only,AgentMark-F rank-only linear top-10 surrogate,deepseek,ID,2,2,34,140,False,28,0,00000100
agentmark_rank_only,AgentMark-F rank-only linear top-10 surrogate,deepseek,ID,2,2,35,140,False,3,1,
agentmark_rank_only,AgentMark-F rank-only linear top-10 surrogate,deepseek,ID,2,2,36,140,False,16,0,11110010
agentmark_rank_only,AgentMark-F rank-only linear top-10 surrogate,deepseek,ID,2,2,37,140,False,32,1,01001001
agentmark_rank_only,AgentMark-F rank-only linear top-10 surrogate,deepseek,ID,2,2,38,140,False,25,0,11101011
agentmark_rank_only,AgentMark-F rank-only linear top-10 surrogate,deepseek,ID,2,2,39,140,False,50,0,00100001
agentmark_rank_only,AgentMark-F rank-only linear top-10 surrogate,deepseek,ID,2,2,40,140,False,4,0,
agentmark_rank_only,AgentMark-F rank-only linear top-10 surrogate,deepseek,ID,2,2,41,140,False,10,2,10110111
agentmark_rank_only,AgentMark-F rank-only linear top-10 surrogate,deepseek,ID,2,2,42,140,False,28,0,01000101
agentmark_rank_only,AgentMark-F rank-only linear top-10 surrogate,deepseek,ID,2,2,43,140,False,22,6,00111110
agentmark_rank_only,AgentMark-F rank-only linear top-10 surrogate,deepseek,ID,2,2,44,140,False,6,2,
agentmark_rank_only,AgentMark-F rank-only linear top-10 surrogate,deepseek,ID,2,2,45,140,False,12,5,11110111
agentmark_rank_only,AgentMark-F rank-only linear top-10 surrogate,deepseek,ID,2,2,46,140,False,20,2,11000010
agentmark_rank_only,AgentMark-F rank-only linear top-10 surrogate,deepseek,ID,2,2,47,140,False,15,0,01011001
agentmark_rank_only,AgentMark-F rank-only linear top-10 surrogate,deepseek,ID,2,2,48,140,False,15,4,11001000
agentmark_rank_only,AgentMark-F rank-only linear top-10 surrogate,deepseek,ID,2,2,49,140,False,42,0,10000101
agentmark_rank_only,AgentMark-F rank-only linear top-10 surrogate,deepseek,ID,2,3,0,140,False,17,2,11011111
agentmark_rank_only,AgentMark-F rank-only linear top-10 surrogate,deepseek,ID,2,3,1,140,False,29,0,11010101
agentmark_rank_only,AgentMark-F rank-only linear top-10 surrogate,deepseek,ID,2,3,2,140,False,27,0,01000101
agentmark_rank_only,AgentMark-F rank-only linear top-10 surrogate,deepseek,ID,2,3,3,140,False,24,6,00110101
agentmark_rank_only,AgentMark-F rank-only linear top-10 surrogate,deepseek,ID,2,3,4,140,False,45,13,00000001
agentmark_rank_only,AgentMark-F rank-only linear top-10 surrogate,deepseek,ID,2,3,5,140,False,16,2,10100000
agentmark_rank_only,AgentMark-F rank-only linear top-10 surrogate,deepseek,ID,2,3,6,140,False,22,1,00100110
agentmark_rank_only,AgentMark-F rank-only linear top-10 surrogate,deepseek,ID,2,3,7,140,False,35,2,10001101
agentmark_rank_only,AgentMark-F rank-only linear top-10 surrogate,deepseek,ID,2,3,8,140,False,8,0,11011010
agentmark_rank_only,AgentMark-F rank-only linear top-10 surrogate,deepseek,ID,2,3,9,140,False,38,6,11010010
agentmark_rank_only,AgentMark-F rank-only linear top-10 surrogate,deepseek,ID,2,3,10,140,False,26,6,11001111
agentmark_rank_only,AgentMark-F rank-only linear top-10 surrogate,deepseek,ID,2,3,11,140,False,35,13,01011000
agentmark_rank_only,AgentMark-F rank-only linear top-10 surrogate,deepseek,ID,2,3,12,140,False,50,5,01001010
agentmark_rank_only,AgentMark-F rank-only linear top-10 surrogate,deepseek,ID,2,3,13,140,False,36,2,00011100
agentmark_rank_only,AgentMark-F rank-only linear top-10 surrogate,deepseek,ID,2,3,14,140,True,29,0,11001101
agentmark_rank_only,AgentMark-F rank-only linear top-10 surrogate,deepseek,ID,2,3,15,140,False,7,5,
agentmark_rank_only,AgentMark-F rank-only linear top-10 surrogate,deepseek,ID,2,3,16,140,False,29,6,01101000
agentmark_rank_only,AgentMark-F rank-only linear top-10 surrogate,deepseek,ID,2,3,17,140,False,9,2,10100100
agentmark_rank_only,AgentMark-F rank-only linear top-10 surrogate,deepseek,ID,2,3,18,140,False,14,2,00101011
agentmark_rank_only,AgentMark-F rank-only linear top-10 surrogate,deepseek,ID,2,3,19,140,False,21,5,11101100
agentmark_rank_only,AgentMark-F rank-only linear top-10 surrogate,deepseek,ID,2,3,20,140,False,27,6,01000101
agentmark_rank_only,AgentMark-F rank-only linear top-10 surrogate,deepseek,ID,2,3,21,140,False,15,3,11000010
agentmark_rank_only,AgentMark-F rank-only linear top-10 surrogate,deepseek,ID,2,3,22,140,False,17,0,11011010
agentmark_rank_only,AgentMark-F rank-only linear top-10 surrogate,deepseek,ID,2,3,23,140,False,27,5,11001110
agentmark_rank_only,AgentMark-F rank-only linear top-10 surrogate,deepseek,ID,2,3,24,140,True,21,3,11001101
agentmark_rank_only,AgentMark-F rank-only linear top-10 surrogate,deepseek,ID,2,3,25,140,False,23,4,01111011
agentmark_rank_only,AgentMark-F rank-only linear top-10 surrogate,deepseek,ID,2,3,26,140,False,26,1,01000101
agentmark_rank_only,AgentMark-F rank-only linear top-10 surrogate,deepseek,ID,2,3,27,140,False,7,0,
agentmark_rank_only,AgentMark-F rank-only linear top-10 surrogate,deepseek,ID,2,3,28,140,False,15,0,00001011
agentmark_rank_only,AgentMark-F rank-only linear top-10 surrogate,deepseek,ID,2,3,29,140,False,12,3,01111001
agentmark_rank_only,AgentMark-F rank-only linear top-10 surrogate,deepseek,ID,2,3,30,140,False,28,9,11100100
agentmark_rank_only,AgentMark-F rank-only linear top-10 surrogate,deepseek,ID,2,3,31,140,False,19,4,00000111
agentmark_rank_only,AgentMark-F rank-only linear top-10 surrogate,deepseek,ID,2,3,32,140,False,19,3,11000010
agentmark_rank_only,AgentMark-F rank-only linear top-10 surrogate,deepseek,ID,2,3,33,140,False,23,1,10011110
agentmark_rank_only,AgentMark-F rank-only linear top-10 surrogate,deepseek,ID,2,3,34,140,False,27,6,01110001
agentmark_rank_only,AgentMark-F rank-only linear top-10 surrogate,deepseek,ID,2,3,35,140,False,6,3,
agentmark_rank_only,AgentMark-F rank-only linear top-10 surrogate,deepseek,ID,2,3,36,140,False,15,4,01111110
agentmark_rank_only,AgentMark-F rank-only linear top-10 surrogate,deepseek,ID,2,3,37,140,False,28,6,10010111
agentmark_rank_only,AgentMark-F rank-only linear top-10 surrogate,deepseek,ID,2,3,38,140,False,19,1,00101110
agentmark_rank_only,AgentMark-F rank-only linear top-10 surrogate,deepseek,ID,2,3,39,140,False,17,3,01111011
agentmark_rank_only,AgentMark-F rank-only linear top-10 surrogate,deepseek,ID,2,3,40,140,False,26,2,11101110
agentmark_rank_only,AgentMark-F rank-only linear top-10 surrogate,deepseek,ID,2,3,41,140,False,42,0,00111001
agentmark_rank_only,AgentMark-F rank-only linear top-10 surrogate,deepseek,ID,2,3,42,140,False,26,7,11010101
agentmark_rank_only,AgentMark-F rank-only linear top-10 surrogate,deepseek,ID,2,3,43,140,False,8,1,
agentmark_rank_only,AgentMark-F rank-only linear top-10 surrogate,deepseek,ID,2,3,44,140,False,35,2,00100001
agentmark_rank_only,AgentMark-F rank-only linear top-10 surrogate,deepseek,ID,2,3,45,140,False,25,1,01001000
agentmark_rank_only,AgentMark-F rank-only linear top-10 surrogate,deepseek,ID,2,3,46,140,False,8,3,
agentmark_rank_only,AgentMark-F rank-only linear top-10 surrogate,deepseek,ID,2,3,47,140,False,12,0,00100001
agentmark_rank_only,AgentMark-F rank-only linear top-10 surrogate,deepseek,ID,2,3,48,140,False,14,1,11110100
agentmark_rank_only,AgentMark-F rank-only linear top-10 surrogate,deepseek,ID,2,3,49,140,False,37,4,01110011
agentmark_rank_only,AgentMark-F rank-only linear top-10 surrogate,deepseek,ID,2,5,0,140,False,35,17,01111110
agentmark_rank_only,AgentMark-F rank-only linear top-10 surrogate,deepseek,ID,2,5,1,140,False,31,5,11001000
agentmark_rank_only,AgentMark-F rank-only linear top-10 surrogate,deepseek,ID,2,5,2,140,False,28,19,01111011
agentmark_rank_only,AgentMark-F rank-only linear top-10 surrogate,deepseek,ID,2,5,3,140,False,38,5,01111010
agentmark_rank_only,AgentMark-F rank-only linear top-10 surrogate,deepseek,ID,2,5,4,140,False,26,8,11110101
agentmark_rank_only,AgentMark-F rank-only linear top-10 surrogate,deepseek,ID,2,5,5,140,False,34,6,11000010
agentmark_rank_only,AgentMark-F rank-only linear top-10 surrogate,deepseek,ID,2,5,6,140,False,44,3,00111110
agentmark_rank_only,AgentMark-F rank-only linear top-10 surrogate,deepseek,ID,2,5,7,140,False,31,6,01011100
agentmark_rank_only,AgentMark-F rank-only linear top-10 surrogate,deepseek,ID,2,5,8,140,False,18,4,10111001
agentmark_rank_only,AgentMark-F rank-only linear top-10 surrogate,deepseek,ID,2,5,9,140,False,35,5,00000111
agentmark_rank_only,AgentMark-F rank-only linear top-10 surrogate,deepseek,ID,2,5,10,140,False,19,6,11000010
agentmark_rank_only,AgentMark-F rank-only linear top-10 surrogate,deepseek,ID,2,5,11,140,False,45,19,11000010
agentmark_rank_only,AgentMark-F rank-only linear top-10 surrogate,deepseek,ID,2,5,12,140,False,5,4,
agentmark_rank_only,AgentMark-F rank-only linear top-10 surrogate,deepseek,ID,2,5,13,140,False,46,16,00110010
agentmark_rank_only,AgentMark-F rank-only linear top-10 surrogate,deepseek,ID,2,5,14,140,False,24,1,00001110
agentmark_rank_only,AgentMark-F rank-only linear top-10 surrogate,deepseek,ID,2,5,15,140,False,38,8,00111001
agentmark_rank_only,AgentMark-F rank-only linear top-10 surrogate,deepseek,ID,2,5,16,140,False,17,5,11001001
agentmark_rank_only,AgentMark-F rank-only linear top-10 surrogate,deepseek,ID,2,5,17,140,False,11,6,11000010
agentmark_rank_only,AgentMark-F rank-only linear top-10 surrogate,deepseek,ID,2,5,18,140,False,27,6,11110100
agentmark_rank_only,AgentMark-F rank-only linear top-10 surrogate,deepseek,ID,2,5,19,140,False,24,4,11001000
agentmark_rank_only,AgentMark-F rank-only linear top-10 surrogate,deepseek,ID,2,5,20,140,False,19,24,00011111
agentmark_rank_only,AgentMark-F rank-only linear top-10 surrogate,deepseek,ID,2,5,21,140,False,13,6,00010100
agentmark_rank_only,AgentMark-F rank-only linear top-10 surrogate,deepseek,ID,2,5,22,140,False,38,10,11100100
agentmark_rank_only,AgentMark-F rank-only linear top-10 surrogate,deepseek,ID,2,5,23,140,False,27,7,01000001
agentmark_rank_only,AgentMark-F rank-only linear top-10 surrogate,deepseek,ID,2,5,24,140,False,23,10,11000001
agentmark_rank_only,AgentMark-F rank-only linear top-10 surrogate,deepseek,ID,2,5,25,140,False,27,12,01011000
agentmark_rank_only,AgentMark-F rank-only linear top-10 surrogate,deepseek,ID,2,5,26,140,False,16,2,11011010
agentmark_rank_only,AgentMark-F rank-only linear top-10 surrogate,deepseek,ID,2,5,27,140,False,7,6,
agentmark_rank_only,AgentMark-F rank-only linear top-10 surrogate,deepseek,ID,2,5,28,140,False,26,8,00111110
agentmark_rank_only,AgentMark-F rank-only linear top-10 surrogate,deepseek,ID,2,5,29,140,False,31,14,00010110
agentmark_rank_only,AgentMark-F rank-only linear top-10 surrogate,deepseek,ID,2,5,30,140,False,13,7,10111010
agentmark_rank_only,AgentMark-F rank-only linear top-10 surrogate,deepseek,ID,2,5,31,140,False,22,18,00100011
agentmark_rank_only,AgentMark-F rank-only linear top-10 surrogate,deepseek,ID,2,5,32,140,False,8,6,01001100
agentmark_rank_only,AgentMark-F rank-only linear top-10 surrogate,deepseek,ID,2,5,33,140,False,31,3,11001000
agentmark_rank_only,AgentMark-F rank-only linear top-10 surrogate,deepseek,ID,2,5,34,140,False,25,16,00111110
agentmark_rank_only,AgentMark-F rank-only linear top-10 surrogate,deepseek,ID,2,5,35,140,False,15,2,01101001
agentmark_rank_only,AgentMark-F rank-only linear top-10 surrogate,deepseek,ID,2,5,36,140,False,40,3,01110101
agentmark_rank_only,AgentMark-F rank-only linear top-10 surrogate,deepseek,ID,2,5,37,140,False,14,10,00100011
agentmark_rank_only,AgentMark-F rank-only linear top-10 surrogate,deepseek,ID,2,5,38,140,False,21,19,00111111
agentmark_rank_only,AgentMark-F rank-only linear top-10 surrogate,deepseek,ID,2,5,39,140,False,8,5,
agentmark_rank_only,AgentMark-F rank-only linear top-10 surrogate,deepseek,ID,2,5,40,140,False,11,4,10111000
agentmark_rank_only,AgentMark-F rank-only linear top-10 surrogate,deepseek,ID,2,5,41,140,False,23,10,10111110
agentmark_rank_only,AgentMark-F rank-only linear top-10 surrogate,deepseek,ID,2,5,42,140,False,25,1,00100100
agentmark_rank_only,AgentMark-F rank-only linear top-10 surrogate,deepseek,ID,2,5,43,140,False,27,9,01011010
agentmark_rank_only,AgentMark-F rank-only linear top-10 surrogate,deepseek,ID,2,5,44,140,False,29,2,00000010
agentmark_rank_only,AgentMark-F rank-only linear top-10 surrogate,deepseek,ID,2,5,45,140,True,37,9,11001101
agentmark_rank_only,AgentMark-F rank-only linear top-10 surrogate,deepseek,ID,2,5,46,140,True,23,20,11001101
agentmark_rank_only,AgentMark-F rank-only linear top-10 surrogate,deepseek,ID,2,5,47,140,False,29,10,00000110
agentmark_rank_only,AgentMark-F rank-only linear top-10 surrogate,deepseek,ID,2,5,48,140,False,42,16,01000101
agentmark_rank_only,AgentMark-F rank-only linear top-10 surrogate,deepseek,ID,2,5,49,140,False,15,13,10110111
agentmark_rank_only,AgentMark-F rank-only linear top-10 surrogate,deepseek,ID,2,8,0,140,False,33,5,00000111
agentmark_rank_only,AgentMark-F rank-only linear top-10 surrogate,deepseek,ID,2,8,1,140,False,17,10,11110111
agentmark_rank_only,AgentMark-F rank-only linear top-10 surrogate,deepseek,ID,2,8,2,140,False,19,24,00011110
agentmark_rank_only,AgentMark-F rank-only linear top-10 surrogate,deepseek,ID,2,8,3,140,False,28,10,01001011
agentmark_rank_only,AgentMark-F rank-only linear top-10 surrogate,deepseek,ID,2,8,4,140,False,49,9,11011010
agentmark_rank_only,AgentMark-F rank-only linear top-10 surrogate,deepseek,ID,2,8,5,140,False,32,22,01000100
agentmark_rank_only,AgentMark-F rank-only linear top-10 surrogate,deepseek,ID,2,8,6,140,False,36,8,10001101
agentmark_rank_only,AgentMark-F rank-only linear top-10 surrogate,deepseek,ID,2,8,7,140,False,7,6,
agentmark_rank_only,AgentMark-F rank-only linear top-10 surrogate,deepseek,ID,2,8,8,140,True,19,26,11001101
agentmark_rank_only,AgentMark-F rank-only linear top-10 surrogate,deepseek,ID,2,8,9,140,True,10,11,11001101
agentmark_rank_only,AgentMark-F rank-only linear top-10 surrogate,deepseek,ID,2,8,10,140,False,46,16,00110011
agentmark_rank_only,AgentMark-F rank-only linear top-10 surrogate,deepseek,ID,2,8,11,140,False,33,13,10110000
agentmark_rank_only,AgentMark-F rank-only linear top-10 surrogate,deepseek,ID,2,8,12,140,False,31,7,11111101
agentmark_rank_only,AgentMark-F rank-only linear top-10 surrogate,deepseek,ID,2,8,13,140,False,34,5,11001011
agentmark_rank_only,AgentMark-F rank-only linear top-10 surrogate,deepseek,ID,2,8,14,140,False,27,29,11011111
agentmark_rank_only,AgentMark-F rank-only linear top-10 surrogate,deepseek,ID,2,8,15,140,False,17,13,10000111
agentmark_rank_only,AgentMark-F rank-only linear top-10 surrogate,deepseek,ID,2,8,16,140,False,51,9,10001101
agentmark_rank_only,AgentMark-F rank-only linear top-10 surrogate,deepseek,ID,2,8,17,140,False,18,17,00111111
agentmark_rank_only,AgentMark-F rank-only linear top-10 surrogate,deepseek,ID,2,8,18,140,True,25,21,11001101
agentmark_rank_only,AgentMark-F rank-only linear top-10 surrogate,deepseek,ID,2,8,19,140,False,16,20,00111111
agentmark_rank_only,AgentMark-F rank-only linear top-10 surrogate,deepseek,ID,2,8,20,140,False,27,18,01011101
agentmark_rank_only,AgentMark-F rank-only linear top-10 surrogate,deepseek,ID,2,8,21,140,False,20,28,11000001
agentmark_rank_only,AgentMark-F rank-only linear top-10 surrogate,deepseek,ID,2,8,22,140,False,13,6,10000111
agentmark_rank_only,AgentMark-F rank-only linear top-10 surrogate,deepseek,ID,2,8,23,140,False,27,6,11111000
agentmark_rank_only,AgentMark-F rank-only linear top-10 surrogate,deepseek,ID,2,8,24,140,False,33,14,01000100
agentmark_rank_only,AgentMark-F rank-only linear top-10 surrogate,deepseek,ID,2,8,25,140,True,22,25,11001101
agentmark_rank_only,AgentMark-F rank-only linear top-10 surrogate,deepseek,ID,2,8,26,140,False,23,8,00100101
agentmark_rank_only,AgentMark-F rank-only linear top-10 surrogate,deepseek,ID,2,8,27,140,False,39,9,11011010
agentmark_rank_only,AgentMark-F rank-only linear top-10 surrogate,deepseek,ID,2,8,28,140,True,16,10,11001101
agentmark_rank_only,AgentMark-F rank-only linear top-10 surrogate,deepseek,ID,2,8,29,140,False,22,26,10000000
agentmark_rank_only,AgentMark-F rank-only linear top-10 surrogate,deepseek,ID,2,8,30,140,False,34,17,00000111
agentmark_rank_only,AgentMark-F rank-only linear top-10 surrogate,deepseek,ID,2,8,31,140,True,28,23,11001101
agentmark_rank_only,AgentMark-F rank-only linear top-10 surrogate,deepseek,ID,2,8,32,140,False,26,27,10010111
agentmark_rank_only,AgentMark-F rank-only linear top-10 surrogate,deepseek,ID,2,8,33,140,False,23,26,11110111
agentmark_rank_only,AgentMark-F rank-only linear top-10 surrogate,deepseek,ID,2,8,34,140,False,41,18,11101000
agentmark_rank_only,AgentMark-F rank-only linear top-10 surrogate,deepseek,ID,2,8,35,140,False,25,15,00011000
agentmark_rank_only,AgentMark-F rank-only linear top-10 surrogate,deepseek,ID,2,8,36,140,False,32,11,01011000
agentmark_rank_only,AgentMark-F rank-only linear top-10 surrogate,deepseek,ID,2,8,37,140,False,16,18,10110101
agentmark_rank_only,AgentMark-F rank-only linear top-10 surrogate,deepseek,ID,2,8,38,140,False,30,19,11000010
agentmark_rank_only,AgentMark-F rank-only linear top-10 surrogate,deepseek,ID,2,8,39,140,False,36,18,10000100
agentmark_rank_only,AgentMark-F rank-only linear top-10 surrogate,deepseek,ID,2,8,40,140,False,23,9,10101110
agentmark_rank_only,AgentMark-F rank-only linear top-10 surrogate,deepseek,ID,2,8,41,140,False,28,6,01110001
agentmark_rank_only,AgentMark-F rank-only linear top-10 surrogate,deepseek,ID,2,8,42,140,True,35,25,11001101
agentmark_rank_only,AgentMark-F rank-only linear top-10 surrogate,deepseek,ID,2,8,43,140,False,28,13,01010011
agentmark_rank_only,AgentMark-F rank-only linear top-10 surrogate,deepseek,ID,2,8,44,140,False,26,20,10010000
agentmark_rank_only,AgentMark-F rank-only linear top-10 surrogate,deepseek,ID,2,8,45,140,False,20,13,00011100
agentmark_rank_only,AgentMark-F rank-only linear top-10 surrogate,deepseek,ID,2,8,46,140,False,23,13,00111110
agentmark_rank_only,AgentMark-F rank-only linear top-10 surrogate,deepseek,ID,2,8,47,140,False,19,19,00101110
agentmark_rank_only,AgentMark-F rank-only linear top-10 surrogate,deepseek,ID,2,8,48,140,False,19,21,01100110
agentmark_rank_only,AgentMark-F rank-only linear top-10 surrogate,deepseek,ID,2,8,49,140,False,28,9,10111101
agentmark_rank_only,AgentMark-F rank-only linear top-10 surrogate,deepseek,ID,2,10,0,140,False,20,23,00111111
agentmark_rank_only,AgentMark-F rank-only linear top-10 surrogate,deepseek,ID,2,10,1,140,False,22,13,00110011
agentmark_rank_only,AgentMark-F rank-only linear top-10 surrogate,deepseek,ID,2,10,2,140,False,19,11,00001110
agentmark_rank_only,AgentMark-F rank-only linear top-10 surrogate,deepseek,ID,2,10,3,140,False,38,29,10011000
agentmark_rank_only,AgentMark-F rank-only linear top-10 surrogate,deepseek,ID,2,10,4,140,True,13,33,11001101
agentmark_rank_only,AgentMark-F rank-only linear top-10 surrogate,deepseek,ID,2,10,5,140,False,18,19,10001010
agentmark_rank_only,AgentMark-F rank-only linear top-10 surrogate,deepseek,ID,2,10,6,140,False,27,13,00001101
agentmark_rank_only,AgentMark-F rank-only linear top-10 surrogate,deepseek,ID,2,10,7,140,True,31,18,11001101
agentmark_rank_only,AgentMark-F rank-only linear top-10 surrogate,deepseek,ID,2,10,8,140,False,28,20,10011001
agentmark_rank_only,AgentMark-F rank-only linear top-10 surrogate,deepseek,ID,2,10,9,140,False,23,9,11010001
agentmark_rank_only,AgentMark-F rank-only linear top-10 surrogate,deepseek,ID,2,10,10,140,False,43,19,11111100
agentmark_rank_only,AgentMark-F rank-only linear top-10 surrogate,deepseek,ID,2,10,11,140,False,29,18,00111111
agentmark_rank_only,AgentMark-F rank-only linear top-10 surrogate,deepseek,ID,2,10,12,140,False,22,10,01000100
agentmark_rank_only,AgentMark-F rank-only linear top-10 surrogate,deepseek,ID,2,10,13,140,False,10,20,10001010
agentmark_rank_only,AgentMark-F rank-only linear top-10 surrogate,deepseek,ID,2,10,14,140,False,31,15,00110111
agentmark_rank_only,AgentMark-F rank-only linear top-10 surrogate,deepseek,ID,2,10,15,140,False,23,29,00110011
agentmark_rank_only,AgentMark-F rank-only linear top-10 surrogate,deepseek,ID,2,10,16,140,False,22,16,00000110
agentmark_rank_only,AgentMark-F rank-only linear top-10 surrogate,deepseek,ID,2,10,17,140,False,33,19,00001010
agentmark_rank_only,AgentMark-F rank-only linear top-10 surrogate,deepseek,ID,2,10,18,140,False,27,10,11010101
agentmark_rank_only,AgentMark-F rank-only linear top-10 surrogate,deepseek,ID,2,10,19,140,False,29,21,11010010
agentmark_rank_only,AgentMark-F rank-only linear top-10 surrogate,deepseek,ID,2,10,20,140,False,38,10,01000011
agentmark_rank_only,AgentMark-F rank-only linear top-10 surrogate,deepseek,ID,2,10,21,140,False,8,12,
agentmark_rank_only,AgentMark-F rank-only linear top-10 surrogate,deepseek,ID,2,10,22,140,False,28,20,10000011
agentmark_rank_only,AgentMark-F rank-only linear top-10 surrogate,deepseek,ID,2,10,23,140,False,26,21,01100011
agentmark_rank_only,AgentMark-F rank-only linear top-10 surrogate,deepseek,ID,2,10,24,140,False,45,14,11001010
agentmark_rank_only,AgentMark-F rank-only linear top-10 surrogate,deepseek,ID,2,10,25,140,False,45,15,01001011
agentmark_rank_only,AgentMark-F rank-only linear top-10 surrogate,deepseek,ID,2,10,26,140,False,20,23,10010111
agentmark_rank_only,AgentMark-F rank-only linear top-10 surrogate,deepseek,ID,2,10,27,140,False,20,19,11010110
agentmark_rank_only,AgentMark-F rank-only linear top-10 surrogate,deepseek,ID,2,10,28,140,False,23,26,10001101
agentmark_rank_only,AgentMark-F rank-only linear top-10 surrogate,deepseek,ID,2,10,29,140,False,14,23,10110110
agentmark_rank_only,AgentMark-F rank-only linear top-10 surrogate,deepseek,ID,2,10,30,140,False,26,12,10000001
agentmark_rank_only,AgentMark-F rank-only linear top-10 surrogate,deepseek,ID,2,10,31,140,False,34,13,10001010
agentmark_rank_only,AgentMark-F rank-only linear top-10 surrogate,deepseek,ID,2,10,32,140,False,43,18,01000011
agentmark_rank_only,AgentMark-F rank-only linear top-10 surrogate,deepseek,ID,2,10,33,140,False,25,14,00000010
agentmark_rank_only,AgentMark-F rank-only linear top-10 surrogate,deepseek,ID,2,10,34,140,False,27,18,10111000
agentmark_rank_only,AgentMark-F rank-only linear top-10 surrogate,deepseek,ID,2,10,35,140,False,13,13,
agentmark_rank_only,AgentMark-F rank-only linear top-10 surrogate,deepseek,ID,2,10,36,140,True,31,15,11001101
agentmark_rank_only,AgentMark-F rank-only linear top-10 surrogate,deepseek,ID,2,10,37,140,False,31,26,11001110
agentmark_rank_only,AgentMark-F rank-only linear top-10 surrogate,deepseek,ID,2,10,38,140,False,40,6,10110011
agentmark_rank_only,AgentMark-F rank-only linear top-10 surrogate,deepseek,ID,2,10,39,140,False,31,14,00011111
agentmark_rank_only,AgentMark-F rank-only linear top-10 surrogate,deepseek,ID,2,10,40,140,True,26,12,11001101
agentmark_rank_only,AgentMark-F rank-only linear top-10 surrogate,deepseek,ID,2,10,41,140,False,17,18,10001010
agentmark_rank_only,AgentMark-F rank-only linear top-10 surrogate,deepseek,ID,2,10,42,140,False,29,14,11110111
agentmark_rank_only,AgentMark-F rank-only linear top-10 surrogate,deepseek,ID,2,10,43,140,False,20,14,00001111
agentmark_rank_only,AgentMark-F rank-only linear top-10 surrogate,deepseek,ID,2,10,44,140,False,32,27,01101001
agentmark_rank_only,AgentMark-F rank-only linear top-10 surrogate,deepseek,ID,2,10,45,140,False,28,19,10001111
agentmark_rank_only,AgentMark-F rank-only linear top-10 surrogate,deepseek,ID,2,10,46,140,False,15,1,00101110
agentmark_rank_only,AgentMark-F rank-only linear top-10 surrogate,deepseek,ID,2,10,47,140,False,23,18,00110110
agentmark_rank_only,AgentMark-F rank-only linear top-10 surrogate,deepseek,ID,2,10,48,140,False,24,26,01000001
agentmark_rank_only,AgentMark-F rank-only linear top-10 surrogate,deepseek,ID,2,10,49,140,False,43,24,01111001
agentmark_rank_only,AgentMark-F rank-only linear top-10 surrogate,deepseek,ID,2,15,0,140,False,38,32,11110010
agentmark_rank_only,AgentMark-F rank-only linear top-10 surrogate,deepseek,ID,2,15,1,140,False,41,15,01101010
agentmark_rank_only,AgentMark-F rank-only linear top-10 surrogate,deepseek,ID,2,15,2,140,False,14,23,11001110
agentmark_rank_only,AgentMark-F rank-only linear top-10 surrogate,deepseek,ID,2,15,3,140,True,42,15,11001101
agentmark_rank_only,AgentMark-F rank-only linear top-10 surrogate,deepseek,ID,2,15,4,140,False,35,41,11010010
agentmark_rank_only,AgentMark-F rank-only linear top-10 surrogate,deepseek,ID,2,15,5,140,False,29,37,11000101
agentmark_rank_only,AgentMark-F rank-only linear top-10 surrogate,deepseek,ID,2,15,6,140,False,21,26,11111000
agentmark_rank_only,AgentMark-F rank-only linear top-10 surrogate,deepseek,ID,2,15,7,140,True,23,27,11001101
agentmark_rank_only,AgentMark-F rank-only linear top-10 surrogate,deepseek,ID,2,15,8,140,True,30,17,11001101
agentmark_rank_only,AgentMark-F rank-only linear top-10 surrogate,deepseek,ID,2,15,9,140,False,29,26,11111111
agentmark_rank_only,AgentMark-F rank-only linear top-10 surrogate,deepseek,ID,2,15,10,140,True,22,30,11001101
agentmark_rank_only,AgentMark-F rank-only linear top-10 surrogate,deepseek,ID,2,15,11,140,False,35,27,10011011
agentmark_rank_only,AgentMark-F rank-only linear top-10 surrogate,deepseek,ID,2,15,12,140,True,20,33,11001101
agentmark_rank_only,AgentMark-F rank-only linear top-10 surrogate,deepseek,ID,2,15,13,140,False,22,22,11101101
agentmark_rank_only,AgentMark-F rank-only linear top-10 surrogate,deepseek,ID,2,15,14,140,False,32,31,10000110
agentmark_rank_only,AgentMark-F rank-only linear top-10 surrogate,deepseek,ID,2,15,15,140,False,28,32,01000000
agentmark_rank_only,AgentMark-F rank-only linear top-10 surrogate,deepseek,ID,2,15,16,140,False,33,18,11101111
agentmark_rank_only,AgentMark-F rank-only linear top-10 surrogate,deepseek,ID,2,15,17,140,False,32,17,01011100
agentmark_rank_only,AgentMark-F rank-only linear top-10 surrogate,deepseek,ID,2,15,18,140,False,25,14,10110011
agentmark_rank_only,AgentMark-F rank-only linear top-10 surrogate,deepseek,ID,2,15,19,140,False,28,28,11110011
agentmark_rank_only,AgentMark-F rank-only linear top-10 surrogate,deepseek,ID,2,15,20,140,False,24,28,00011101
agentmark_rank_only,AgentMark-F rank-only linear top-10 surrogate,deepseek,ID,2,15,21,140,False,20,27,10110111
agentmark_rank_only,AgentMark-F rank-only linear top-10 surrogate,deepseek,ID,2,15,22,140,False,12,34,10000000
agentmark_rank_only,AgentMark-F rank-only linear top-10 surrogate,deepseek,ID,2,15,23,140,True,18,27,11001101
agentmark_rank_only,AgentMark-F rank-only linear top-10 surrogate,deepseek,ID,2,15,24,140,True,37,21,11001101
agentmark_rank_only,AgentMark-F rank-only linear top-10 surrogate,deepseek,ID,2,15,25,140,False,29,30,00001000
agentmark_rank_only,AgentMark-F rank-only linear top-10 surrogate,deepseek,ID,2,15,26,140,False,14,26,10001011
agentmark_rank_only,AgentMark-F rank-only linear top-10 surrogate,deepseek,ID,2,15,27,140,False,12,41,00000110
agentmark_rank_only,AgentMark-F rank-only linear top-10 surrogate,deepseek,ID,2,15,28,140,False,42,25,00010110
agentmark_rank_only,AgentMark-F rank-only linear top-10 surrogate,deepseek,ID,2,15,29,140,False,28,40,11000101
agentmark_rank_only,AgentMark-F rank-only linear top-10 surrogate,deepseek,ID,2,15,30,140,True,26,35,11001101
agentmark_rank_only,AgentMark-F rank-only linear top-10 surrogate,deepseek,ID,2,15,31,140,False,32,14,00000010
agentmark_rank_only,AgentMark-F rank-only linear top-10 surrogate,deepseek,ID,2,15,32,140,False,21,25,01001011
agentmark_rank_only,AgentMark-F rank-only linear top-10 surrogate,deepseek,ID,2,15,33,140,False,17,31,01011010
agentmark_rank_only,AgentMark-F rank-only linear top-10 surrogate,deepseek,ID,2,15,34,140,False,19,32,01111011
agentmark_rank_only,AgentMark-F rank-only linear top-10 surrogate,deepseek,ID,2,15,35,140,False,26,27,11101111
agentmark_rank_only,AgentMark-F rank-only linear top-10 surrogate,deepseek,ID,2,15,36,140,False,20,23,10110110
agentmark_rank_only,AgentMark-F rank-only linear top-10 surrogate,deepseek,ID,2,15,37,140,False,35,23,01000001
agentmark_rank_only,AgentMark-F rank-only linear top-10 surrogate,deepseek,ID,2,15,38,140,False,37,19,01011000
agentmark_rank_only,AgentMark-F rank-only linear top-10 surrogate,deepseek,ID,2,15,39,140,False,18,30,10000010
agentmark_rank_only,AgentMark-F rank-only linear top-10 surrogate,deepseek,ID,2,15,40,140,False,33,18,11001100
agentmark_rank_only,AgentMark-F rank-only linear top-10 surrogate,deepseek,ID,2,15,41,140,False,41,26,00001111
agentmark_rank_only,AgentMark-F rank-only linear top-10 surrogate,deepseek,ID,2,15,42,140,False,28,35,10101111
agentmark_rank_only,AgentMark-F rank-only linear top-10 surrogate,deepseek,ID,2,15,43,140,False,42,29,01100001
agentmark_rank_only,AgentMark-F rank-only linear top-10 surrogate,deepseek,ID,2,15,44,140,True,20,23,11001101
agentmark_rank_only,AgentMark-F rank-only linear top-10 surrogate,deepseek,ID,2,15,45,140,False,17,37,01000001
agentmark_rank_only,AgentMark-F rank-only linear top-10 surrogate,deepseek,ID,2,15,46,140,False,37,32,01001011
agentmark_rank_only,AgentMark-F rank-only linear top-10 surrogate,deepseek,ID,2,15,47,140,False,38,26,10110110
agentmark_rank_only,AgentMark-F rank-only linear top-10 surrogate,deepseek,ID,2,15,48,140,False,21,33,11010110
agentmark_rank_only,AgentMark-F rank-only linear top-10 surrogate,deepseek,ID,2,15,49,140,False,34,25,01111000
agentmark_rank_only,AgentMark-F rank-only linear top-10 surrogate,deepseek,ID,2,20,0,140,False,29,19,01111001
agentmark_rank_only,AgentMark-F rank-only linear top-10 surrogate,deepseek,ID,2,20,1,140,False,18,51,11000101
agentmark_rank_only,AgentMark-F rank-only linear top-10 surrogate,deepseek,ID,2,20,2,140,False,29,32,11110011
agentmark_rank_only,AgentMark-F rank-only linear top-10 surrogate,deepseek,ID,2,20,3,140,False,27,26,11101111
agentmark_rank_only,AgentMark-F rank-only linear top-10 surrogate,deepseek,ID,2,20,4,140,False,36,19,10010011
agentmark_rank_only,AgentMark-F rank-only linear top-10 surrogate,deepseek,ID,2,20,5,140,False,11,17,01000011
agentmark_rank_only,AgentMark-F rank-only linear top-10 surrogate,deepseek,ID,2,20,6,140,False,15,38,10000000
agentmark_rank_only,AgentMark-F rank-only linear top-10 surrogate,deepseek,ID,2,20,7,140,False,32,23,11110011
agentmark_rank_only,AgentMark-F rank-only linear top-10 surrogate,deepseek,ID,2,20,8,140,False,20,42,11110101
agentmark_rank_only,AgentMark-F rank-only linear top-10 surrogate,deepseek,ID,2,20,9,140,False,25,33,01111111
agentmark_rank_only,AgentMark-F rank-only linear top-10 surrogate,deepseek,ID,2,20,10,140,False,21,32,11000101
agentmark_rank_only,AgentMark-F rank-only linear top-10 surrogate,deepseek,ID,2,20,11,140,False,25,38,01001011
agentmark_rank_only,AgentMark-F rank-only linear top-10 surrogate,deepseek,ID,2,20,12,140,False,23,42,11000110
agentmark_rank_only,AgentMark-F rank-only linear top-10 surrogate,deepseek,ID,2,20,13,140,False,35,28,01000011
agentmark_rank_only,AgentMark-F rank-only linear top-10 surrogate,deepseek,ID,2,20,14,140,False,37,29,00000011
agentmark_rank_only,AgentMark-F rank-only linear top-10 surrogate,deepseek,ID,2,20,15,140,True,16,36,11001101
agentmark_rank_only,AgentMark-F rank-only linear top-10 surrogate,deepseek,ID,2,20,16,140,False,35,33,10100011
agentmark_rank_only,AgentMark-F rank-only linear top-10 surrogate,deepseek,ID,2,20,17,140,False,35,36,10001000
agentmark_rank_only,AgentMark-F rank-only linear top-10 surrogate,deepseek,ID,2,20,18,140,False,25,53,11100011
agentmark_rank_only,AgentMark-F rank-only linear top-10 surrogate,deepseek,ID,2,20,19,140,True,20,30,11001101
agentmark_rank_only,AgentMark-F rank-only linear top-10 surrogate,deepseek,ID,2,20,20,140,False,39,32,10110011
agentmark_rank_only,AgentMark-F rank-only linear top-10 surrogate,deepseek,ID,2,20,21,140,True,19,44,11001101
agentmark_rank_only,AgentMark-F rank-only linear top-10 surrogate,deepseek,ID,2,20,22,140,False,21,32,11110000
agentmark_rank_only,AgentMark-F rank-only linear top-10 surrogate,deepseek,ID,2,20,23,140,False,38,28,11111111
agentmark_rank_only,AgentMark-F rank-only linear top-10 surrogate,deepseek,ID,2,20,24,140,False,18,27,00001001
agentmark_rank_only,AgentMark-F rank-only linear top-10 surrogate,deepseek,ID,2,20,25,140,False,39,27,10100110
agentmark_rank_only,AgentMark-F rank-only linear top-10 surrogate,deepseek,ID,2,20,26,140,False,23,39,01100000
agentmark_rank_only,AgentMark-F rank-only linear top-10 surrogate,deepseek,ID,2,20,27,140,False,24,41,10001010
agentmark_rank_only,AgentMark-F rank-only linear top-10 surrogate,deepseek,ID,2,20,28,140,True,32,31,11001101
agentmark_rank_only,AgentMark-F rank-only linear top-10 surrogate,deepseek,ID,2,20,29,140,False,14,34,00110011
agentmark_rank_only,AgentMark-F rank-only linear top-10 surrogate,deepseek,ID,2,20,30,140,False,16,46,01111100
agentmark_rank_only,AgentMark-F rank-only linear top-10 surrogate,deepseek,ID,2,20,31,140,False,12,42,11110111
agentmark_rank_only,AgentMark-F rank-only linear top-10 surrogate,deepseek,ID,2,20,32,140,False,38,36,01011000
agentmark_rank_only,AgentMark-F rank-only linear top-10 surrogate,deepseek,ID,2,20,33,140,False,7,41,
agentmark_rank_only,AgentMark-F rank-only linear top-10 surrogate,deepseek,ID,2,20,34,140,False,19,25,01010000
agentmark_rank_only,AgentMark-F rank-only linear top-10 surrogate,deepseek,ID,2,20,35,140,True,25,40,11001101
agentmark_rank_only,AgentMark-F rank-only linear top-10 surrogate,deepseek,ID,2,20,36,140,False,28,40,01000100
agentmark_rank_only,AgentMark-F rank-only linear top-10 surrogate,deepseek,ID,2,20,37,140,False,14,40,10001111
agentmark_rank_only,AgentMark-F rank-only linear top-10 surrogate,deepseek,ID,2,20,38,140,False,17,36,00001001
agentmark_rank_only,AgentMark-F rank-only linear top-10 surrogate,deepseek,ID,2,20,39,140,False,40,26,00111111
agentmark_rank_only,AgentMark-F rank-only linear top-10 surrogate,deepseek,ID,2,20,40,140,False,34,31,11111000
agentmark_rank_only,AgentMark-F rank-only linear top-10 surrogate,deepseek,ID,2,20,41,140,False,23,30,11111011
agentmark_rank_only,AgentMark-F rank-only linear top-10 surrogate,deepseek,ID,2,20,42,140,False,37,31,00111100
agentmark_rank_only,AgentMark-F rank-only linear top-10 surrogate,deepseek,ID,2,20,43,140,True,43,37,11001101
agentmark_rank_only,AgentMark-F rank-only linear top-10 surrogate,deepseek,ID,2,20,44,140,False,39,22,10001010
agentmark_rank_only,AgentMark-F rank-only linear top-10 surrogate,deepseek,ID,2,20,45,140,False,34,33,01111001
agentmark_rank_only,AgentMark-F rank-only linear top-10 surrogate,deepseek,ID,2,20,46,140,False,9,42,
agentmark_rank_only,AgentMark-F rank-only linear top-10 surrogate,deepseek,ID,2,20,47,140,False,21,23,01000001
agentmark_rank_only,AgentMark-F rank-only linear top-10 surrogate,deepseek,ID,2,20,48,140,True,20,34,11001101
agentmark_rank_only,AgentMark-F rank-only linear top-10 surrogate,deepseek,ID,2,20,49,140,False,24,18,01100001
agentmark_rank_only,AgentMark-F rank-only linear top-10 surrogate,deepseek,ID,2,30,0,140,False,28,34,00111000
agentmark_rank_only,AgentMark-F rank-only linear top-10 surrogate,deepseek,ID,2,30,1,140,False,20,36,11111000
agentmark_rank_only,AgentMark-F rank-only linear top-10 surrogate,deepseek,ID,2,30,2,140,True,22,45,11001101
agentmark_rank_only,AgentMark-F rank-only linear top-10 surrogate,deepseek,ID,2,30,3,140,False,25,38,00001001
agentmark_rank_only,AgentMark-F rank-only linear top-10 surrogate,deepseek,ID,2,30,4,140,False,5,44,
agentmark_rank_only,AgentMark-F rank-only linear top-10 surrogate,deepseek,ID,2,30,5,140,False,17,28,01000001
agentmark_rank_only,AgentMark-F rank-only linear top-10 surrogate,deepseek,ID,2,30,6,140,True,13,40,11001101
agentmark_rank_only,AgentMark-F rank-only linear top-10 surrogate,deepseek,ID,2,30,7,140,False,31,32,10111110
agentmark_rank_only,AgentMark-F rank-only linear top-10 surrogate,deepseek,ID,2,30,8,140,False,33,45,10101110
agentmark_rank_only,AgentMark-F rank-only linear top-10 surrogate,deepseek,ID,2,30,9,140,False,32,38,00001011
agentmark_rank_only,AgentMark-F rank-only linear top-10 surrogate,deepseek,ID,2,30,10,140,False,26,30,11111111
agentmark_rank_only,AgentMark-F rank-only linear top-10 surrogate,deepseek,ID,2,30,11,140,False,4,45,
agentmark_rank_only,AgentMark-F rank-only linear top-10 surrogate,deepseek,ID,2,30,12,140,False,22,27,10110110
agentmark_rank_only,AgentMark-F rank-only linear top-10 surrogate,deepseek,ID,2,30,13,140,False,25,42,01111010
agentmark_rank_only,AgentMark-F rank-only linear top-10 surrogate,deepseek,ID,2,30,14,140,False,32,30,01101010
agentmark_rank_only,AgentMark-F rank-only linear top-10 surrogate,deepseek,ID,2,30,15,140,False,24,44,00001011
agentmark_rank_only,AgentMark-F rank-only linear top-10 surrogate,deepseek,ID,2,30,16,140,True,14,39,11001101
agentmark_rank_only,AgentMark-F rank-only linear top-10 surrogate,deepseek,ID,2,30,17,140,False,35,45,11001010
agentmark_rank_only,AgentMark-F rank-only linear top-10 surrogate,deepseek,ID,2,30,18,140,False,22,56,00000011
agentmark_rank_only,AgentMark-F rank-only linear top-10 surrogate,deepseek,ID,2,30,19,140,False,30,31,11000101
agentmark_rank_only,AgentMark-F rank-only linear top-10 surrogate,deepseek,ID,2,30,20,140,False,14,35,01000001
agentmark_rank_only,AgentMark-F rank-only linear top-10 surrogate,deepseek,ID,2,30,21,140,False,41,35,10000110
agentmark_rank_only,AgentMark-F rank-only linear top-10 surrogate,deepseek,ID,2,30,22,140,False,25,37,01110010
agentmark_rank_only,AgentMark-F rank-only linear top-10 surrogate,deepseek,ID,2,30,23,140,False,31,47,11011111
agentmark_rank_only,AgentMark-F rank-only linear top-10 surrogate,deepseek,ID,2,30,24,140,False,8,41,01000110
agentmark_rank_only,AgentMark-F rank-only linear top-10 surrogate,deepseek,ID,2,30,25,140,False,11,37,10000000
agentmark_rank_only,AgentMark-F rank-only linear top-10 surrogate,deepseek,ID,2,30,26,140,False,13,35,01001100
agentmark_rank_only,AgentMark-F rank-only linear top-10 surrogate,deepseek,ID,2,30,27,140,False,11,38,01000001
agentmark_rank_only,AgentMark-F rank-only linear top-10 surrogate,deepseek,ID,2,30,28,140,False,19,39,01101111
agentmark_rank_only,AgentMark-F rank-only linear top-10 surrogate,deepseek,ID,2,30,29,140,True,27,41,11001101
agentmark_rank_only,AgentMark-F rank-only linear top-10 surrogate,deepseek,ID,2,30,30,140,False,33,25,01101111
agentmark_rank_only,AgentMark-F rank-only linear top-10 surrogate,deepseek,ID,2,30,31,140,False,17,50,10001000
agentmark_rank_only,AgentMark-F rank-only linear top-10 surrogate,deepseek,ID,2,30,32,140,False,29,36,11001010
agentmark_rank_only,AgentMark-F rank-only linear top-10 surrogate,deepseek,ID,2,30,33,140,False,21,40,11011001
agentmark_rank_only,AgentMark-F rank-only linear top-10 surrogate,deepseek,ID,2,30,34,140,False,20,42,10110111
agentmark_rank_only,AgentMark-F rank-only linear top-10 surrogate,deepseek,ID,2,30,35,140,True,21,41,11001101
agentmark_rank_only,AgentMark-F rank-only linear top-10 surrogate,deepseek,ID,2,30,36,140,True,30,48,11001101
agentmark_rank_only,AgentMark-F rank-only linear top-10 surrogate,deepseek,ID,2,30,37,140,True,19,43,11001101
agentmark_rank_only,AgentMark-F rank-only linear top-10 surrogate,deepseek,ID,2,30,38,140,True,15,34,11001101
agentmark_rank_only,AgentMark-F rank-only linear top-10 surrogate,deepseek,ID,2,30,39,140,False,14,30,10111100
agentmark_rank_only,AgentMark-F rank-only linear top-10 surrogate,deepseek,ID,2,30,40,140,False,5,44,
agentmark_rank_only,AgentMark-F rank-only linear top-10 surrogate,deepseek,ID,2,30,41,140,True,25,47,11001101
agentmark_rank_only,AgentMark-F rank-only linear top-10 surrogate,deepseek,ID,2,30,42,140,False,16,38,11111111
agentmark_rank_only,AgentMark-F rank-only linear top-10 surrogate,deepseek,ID,2,30,43,140,False,18,33,10001000
agentmark_rank_only,AgentMark-F rank-only linear top-10 surrogate,deepseek,ID,2,30,44,140,True,18,35,11001101
agentmark_rank_only,AgentMark-F rank-only linear top-10 surrogate,deepseek,ID,2,30,45,140,True,16,40,11001101
agentmark_rank_only,AgentMark-F rank-only linear top-10 surrogate,deepseek,ID,2,30,46,140,False,7,42,
agentmark_rank_only,AgentMark-F rank-only linear top-10 surrogate,deepseek,ID,2,30,47,140,True,45,34,11001101
agentmark_rank_only,AgentMark-F rank-only linear top-10 surrogate,deepseek,ID,2,30,48,140,False,5,44,
agentmark_rank_only,AgentMark-F rank-only linear top-10 surrogate,deepseek,ID,2,30,49,140,False,16,45,11010001
agentmark_rank_only,AgentMark-F rank-only linear top-10 surrogate,deepseek,ID,2,50,0,140,False,23,54,00000011
agentmark_rank_only,AgentMark-F rank-only linear top-10 surrogate,deepseek,ID,2,50,1,140,True,23,54,11001101
agentmark_rank_only,AgentMark-F rank-only linear top-10 surrogate,deepseek,ID,2,50,2,140,False,29,50,01010101
agentmark_rank_only,AgentMark-F rank-only linear top-10 surrogate,deepseek,ID,2,50,3,140,False,22,47,00010010
agentmark_rank_only,AgentMark-F rank-only linear top-10 surrogate,deepseek,ID,2,50,4,140,False,17,50,00111110
agentmark_rank_only,AgentMark-F rank-only linear top-10 surrogate,deepseek,ID,2,50,5,140,False,27,40,01000110
agentmark_rank_only,AgentMark-F rank-only linear top-10 surrogate,deepseek,ID,2,50,6,140,False,28,49,00111110
agentmark_rank_only,AgentMark-F rank-only linear top-10 surrogate,deepseek,ID,2,50,7,140,False,31,49,00000011
agentmark_rank_only,AgentMark-F rank-only linear top-10 surrogate,deepseek,ID,2,50,8,140,True,16,42,11001101
agentmark_rank_only,AgentMark-F rank-only linear top-10 surrogate,deepseek,ID,2,50,9,140,True,21,57,11001101
agentmark_rank_only,AgentMark-F rank-only linear top-10 surrogate,deepseek,ID,2,50,10,140,False,14,55,00000011
agentmark_rank_only,AgentMark-F rank-only linear top-10 surrogate,deepseek,ID,2,50,11,140,False,29,48,11110000
agentmark_rank_only,AgentMark-F rank-only linear top-10 surrogate,deepseek,ID,2,50,12,140,False,12,44,00000011
agentmark_rank_only,AgentMark-F rank-only linear top-10 surrogate,deepseek,ID,2,50,13,140,False,28,45,10000111
agentmark_rank_only,AgentMark-F rank-only linear top-10 surrogate,deepseek,ID,2,50,14,140,False,32,47,11100110
agentmark_rank_only,AgentMark-F rank-only linear top-10 surrogate,deepseek,ID,2,50,15,140,False,18,49,10101110
agentmark_rank_only,AgentMark-F rank-only linear top-10 surrogate,deepseek,ID,2,50,16,140,False,8,44,
agentmark_rank_only,AgentMark-F rank-only linear top-10 surrogate,deepseek,ID,2,50,17,140,False,17,46,10101110
agentmark_rank_only,AgentMark-F rank-only linear top-10 surrogate,deepseek,ID,2,50,18,140,False,15,48,01010111
agentmark_rank_only,AgentMark-F rank-only linear top-10 surrogate,deepseek,ID,2,50,19,140,False,32,35,10001001
agentmark_rank_only,AgentMark-F rank-only linear top-10 surrogate,deepseek,ID,2,50,20,140,True,14,57,11001101
agentmark_rank_only,AgentMark-F rank-only linear top-10 surrogate,deepseek,ID,2,50,21,140,False,17,48,00110001
agentmark_rank_only,AgentMark-F rank-only linear top-10 surrogate,deepseek,ID,2,50,22,140,False,20,49,01110100
agentmark_rank_only,AgentMark-F rank-only linear top-10 surrogate,deepseek,ID,2,50,23,140,True,28,52,11001101
agentmark_rank_only,AgentMark-F rank-only linear top-10 surrogate,deepseek,ID,2,50,24,140,False,28,47,00110001
agentmark_rank_only,AgentMark-F rank-only linear top-10 surrogate,deepseek,ID,2,50,25,140,False,14,54,01001110
agentmark_rank_only,AgentMark-F rank-only linear top-10 surrogate,deepseek,ID,2,50,26,140,False,16,55,00010010
agentmark_rank_only,AgentMark-F rank-only linear top-10 surrogate,deepseek,ID,2,50,27,140,False,15,54,10010110
agentmark_rank_only,AgentMark-F rank-only linear top-10 surrogate,deepseek,ID,2,50,28,140,False,23,57,01001110
agentmark_rank_only,AgentMark-F rank-only linear top-10 surrogate,deepseek,ID,2,50,29,140,False,6,43,
agentmark_rank_only,AgentMark-F rank-only linear top-10 surrogate,deepseek,ID,2,50,30,140,False,11,60,00000001
agentmark_rank_only,AgentMark-F rank-only linear top-10 surrogate,deepseek,ID,2,50,31,140,False,13,48,10101110
agentmark_rank_only,AgentMark-F rank-only linear top-10 surrogate,deepseek,ID,2,50,32,140,True,21,47,11001101
agentmark_rank_only,AgentMark-F rank-only linear top-10 surrogate,deepseek,ID,2,50,33,140,False,9,56,
agentmark_rank_only,AgentMark-F rank-only linear top-10 surrogate,deepseek,ID,2,50,34,140,False,33,47,00000011
agentmark_rank_only,AgentMark-F rank-only linear top-10 surrogate,deepseek,ID,2,50,35,140,False,23,57,11001111
agentmark_rank_only,AgentMark-F rank-only linear top-10 surrogate,deepseek,ID,2,50,36,140,True,17,46,11001101
agentmark_rank_only,AgentMark-F rank-only linear top-10 surrogate,deepseek,ID,2,50,37,140,False,14,57,00000001
agentmark_rank_only,AgentMark-F rank-only linear top-10 surrogate,deepseek,ID,2,50,38,140,False,28,50,01001001
agentmark_rank_only,AgentMark-F rank-only linear top-10 surrogate,deepseek,ID,2,50,39,140,False,22,51,10000000
agentmark_rank_only,AgentMark-F rank-only linear top-10 surrogate,deepseek,ID,2,50,40,140,False,27,46,10000111
agentmark_rank_only,AgentMark-F rank-only linear top-10 surrogate,deepseek,ID,2,50,41,140,True,21,50,11001101
agentmark_rank_only,AgentMark-F rank-only linear top-10 surrogate,deepseek,ID,2,50,42,140,False,2,47,
agentmark_rank_only,AgentMark-F rank-only linear top-10 surrogate,deepseek,ID,2,50,43,140,False,26,54,01100000
agentmark_rank_only,AgentMark-F rank-only linear top-10 surrogate,deepseek,ID,2,50,44,140,False,31,49,00000011
agentmark_rank_only,AgentMark-F rank-only linear top-10 surrogate,deepseek,ID,2,50,45,140,False,13,49,11001010
agentmark_rank_only,AgentMark-F rank-only linear top-10 surrogate,deepseek,ID,2,50,46,140,False,22,56,00111100
agentmark_rank_only,AgentMark-F rank-only linear top-10 surrogate,deepseek,ID,2,50,47,140,False,26,52,01011101
agentmark_rank_only,AgentMark-F rank-only linear top-10 surrogate,deepseek,ID,2,50,48,140,False,12,55,00101101
agentmark_rank_only,AgentMark-F rank-only linear top-10 surrogate,deepseek,ID,2,50,49,140,False,19,50,01000110
agentmark_rank_only,AgentMark-F rank-only linear top-10 surrogate,deepseek,ID,2,80,0,140,False,30,50,10011011
agentmark_rank_only,AgentMark-F rank-only linear top-10 surrogate,deepseek,ID,2,80,1,140,True,21,59,11001101
agentmark_rank_only,AgentMark-F rank-only linear top-10 surrogate,deepseek,ID,2,80,2,140,False,10,58,
agentmark_rank_only,AgentMark-F rank-only linear top-10 surrogate,deepseek,ID,2,80,3,140,False,21,56,10000010
agentmark_rank_only,AgentMark-F rank-only linear top-10 surrogate,deepseek,ID,2,80,4,140,False,17,48,00000011
agentmark_rank_only,AgentMark-F rank-only linear top-10 surrogate,deepseek,ID,2,80,5,140,False,11,52,00101101
agentmark_rank_only,AgentMark-F rank-only linear top-10 surrogate,deepseek,ID,2,80,6,140,False,18,60,00000001
agentmark_rank_only,AgentMark-F rank-only linear top-10 surrogate,deepseek,ID,2,80,7,140,False,27,48,01100000
agentmark_rank_only,AgentMark-F rank-only linear top-10 surrogate,deepseek,ID,2,80,8,140,False,16,55,00010010
agentmark_rank_only,AgentMark-F rank-only linear top-10 surrogate,deepseek,ID,2,80,9,140,False,9,56,00000011
agentmark_rank_only,AgentMark-F rank-only linear top-10 surrogate,deepseek,ID,2,80,10,140,False,15,48,10101110
agentmark_rank_only,AgentMark-F rank-only linear top-10 surrogate,deepseek,ID,2,80,11,140,False,8,57,
agentmark_rank_only,AgentMark-F rank-only linear top-10 surrogate,deepseek,ID,2,80,12,140,True,20,60,11001101
agentmark_rank_only,AgentMark-F rank-only linear top-10 surrogate,deepseek,ID,2,80,13,140,True,22,58,11001101
agentmark_rank_only,AgentMark-F rank-only linear top-10 surrogate,deepseek,ID,2,80,14,140,False,22,58,01001110
agentmark_rank_only,AgentMark-F rank-only linear top-10 surrogate,deepseek,ID,2,80,15,140,False,22,56,00111100
agentmark_rank_only,AgentMark-F rank-only linear top-10 surrogate,deepseek,ID,2,80,16,140,True,22,58,11001101
agentmark_rank_only,AgentMark-F rank-only linear top-10 surrogate,deepseek,ID,2,80,17,140,False,14,57,00111110
agentmark_rank_only,AgentMark-F rank-only linear top-10 surrogate,deepseek,ID,2,80,18,140,False,7,58,
agentmark_rank_only,AgentMark-F rank-only linear top-10 surrogate,deepseek,ID,2,80,19,140,False,21,59,10000010
agentmark_rank_only,AgentMark-F rank-only linear top-10 surrogate,deepseek,ID,2,80,20,140,False,19,59,01011101
agentmark_rank_only,AgentMark-F rank-only linear top-10 surrogate,deepseek,ID,2,80,21,140,False,25,53,11011110
agentmark_rank_only,AgentMark-F rank-only linear top-10 surrogate,deepseek,ID,2,80,22,140,False,14,49,10110101
agentmark_rank_only,AgentMark-F rank-only linear top-10 surrogate,deepseek,ID,2,80,23,140,False,12,59,00000001
agentmark_rank_only,AgentMark-F rank-only linear top-10 surrogate,deepseek,ID,2,80,24,140,True,24,56,11001101
agentmark_rank_only,AgentMark-F rank-only linear top-10 surrogate,deepseek,ID,2,80,25,140,False,20,58,11110111
agentmark_rank_only,AgentMark-F rank-only linear top-10 surrogate,deepseek,ID,2,80,26,140,False,20,58,10010001
agentmark_rank_only,AgentMark-F rank-only linear top-10 surrogate,deepseek,ID,2,80,27,140,True,19,61,11001101
agentmark_rank_only,AgentMark-F rank-only linear top-10 surrogate,deepseek,ID,2,80,28,140,False,12,56,00000011
agentmark_rank_only,AgentMark-F rank-only linear top-10 surrogate,deepseek,ID,2,80,29,140,False,17,61,01011101
agentmark_rank_only,AgentMark-F rank-only linear top-10 surrogate,deepseek,ID,2,80,30,140,False,13,58,00111110
agentmark_rank_only,AgentMark-F rank-only linear top-10 surrogate,deepseek,ID,2,80,31,140,False,11,60,00000001
agentmark_rank_only,AgentMark-F rank-only linear top-10 surrogate,deepseek,ID,2,80,32,140,False,23,57,11001111
agentmark_rank_only,AgentMark-F rank-only linear top-10 surrogate,deepseek,ID,2,80,33,140,False,23,54,00000011
agentmark_rank_only,AgentMark-F rank-only linear top-10 surrogate,deepseek,ID,2,80,34,140,True,23,57,11001101
agentmark_rank_only,AgentMark-F rank-only linear top-10 surrogate,deepseek,ID,2,80,35,140,True,22,49,11001101
agentmark_rank_only,AgentMark-F rank-only linear top-10 surrogate,deepseek,ID,2,80,36,140,False,27,51,11011110
agentmark_rank_only,AgentMark-F rank-only linear top-10 surrogate,deepseek,ID,2,80,37,140,False,21,56,00000011
agentmark_rank_only,AgentMark-F rank-only linear top-10 surrogate,deepseek,ID,2,80,38,140,False,15,56,01001110
agentmark_rank_only,AgentMark-F rank-only linear top-10 surrogate,deepseek,ID,2,80,39,140,False,20,58,10010001
agentmark_rank_only,AgentMark-F rank-only linear top-10 surrogate,deepseek,ID,2,80,40,140,True,21,59,11001101
agentmark_rank_only,AgentMark-F rank-only linear top-10 surrogate,deepseek,ID,2,80,41,140,False,14,57,00010010
agentmark_rank_only,AgentMark-F rank-only linear top-10 surrogate,deepseek,ID,2,80,42,140,True,20,60,11001101
agentmark_rank_only,AgentMark-F rank-only linear top-10 surrogate,deepseek,ID,2,80,43,140,True,24,56,11001101
agentmark_rank_only,AgentMark-F rank-only linear top-10 surrogate,deepseek,ID,2,80,44,140,True,18,53,11001101
agentmark_rank_only,AgentMark-F rank-only linear top-10 surrogate,deepseek,ID,2,80,45,140,False,9,56,00000011
agentmark_rank_only,AgentMark-F rank-only linear top-10 surrogate,deepseek,ID,2,80,46,140,False,25,47,11011110
agentmark_rank_only,AgentMark-F rank-only linear top-10 surrogate,deepseek,ID,2,80,47,140,False,10,61,00000001
agentmark_rank_only,AgentMark-F rank-only linear top-10 surrogate,deepseek,ID,2,80,48,140,False,7,58,
agentmark_rank_only,AgentMark-F rank-only linear top-10 surrogate,deepseek,ID,2,80,49,140,False,19,61,00000001
agentmark_rank_only,AgentMark-F rank-only linear top-10 surrogate,deepseek,ID,2,100,0,140,False,19,59,01011101
agentmark_rank_only,AgentMark-F rank-only linear top-10 surrogate,deepseek,ID,2,100,1,140,False,12,59,01011101
agentmark_rank_only,AgentMark-F rank-only linear top-10 surrogate,deepseek,ID,2,100,2,140,False,19,59,10010001
agentmark_rank_only,AgentMark-F rank-only linear top-10 surrogate,deepseek,ID,2,100,3,140,False,22,51,10000000
agentmark_rank_only,AgentMark-F rank-only linear top-10 surrogate,deepseek,ID,2,100,4,140,False,10,61,00000001
agentmark_rank_only,AgentMark-F rank-only linear top-10 surrogate,deepseek,ID,2,100,5,140,True,21,59,11001101
agentmark_rank_only,AgentMark-F rank-only linear top-10 surrogate,deepseek,ID,2,100,6,140,False,21,59,10000010
agentmark_rank_only,AgentMark-F rank-only linear top-10 surrogate,deepseek,ID,2,100,7,140,True,21,59,11001101
agentmark_rank_only,AgentMark-F rank-only linear top-10 surrogate,deepseek,ID,2,100,8,140,False,11,52,
agentmark_rank_only,AgentMark-F rank-only linear top-10 surrogate,deepseek,ID,2,100,9,140,True,19,61,11001101
agentmark_rank_only,AgentMark-F rank-only linear top-10 surrogate,deepseek,ID,2,100,10,140,False,18,62,00000001
agentmark_rank_only,AgentMark-F rank-only linear top-10 surrogate,deepseek,ID,2,100,11,140,False,11,57,01001110
agentmark_rank_only,AgentMark-F rank-only linear top-10 surrogate,deepseek,ID,2,100,12,140,True,19,61,11001101
agentmark_rank_only,AgentMark-F rank-only linear top-10 surrogate,deepseek,ID,2,100,13,140,False,10,61,00000001
agentmark_rank_only,AgentMark-F rank-only linear top-10 surrogate,deepseek,ID,2,100,14,140,False,11,60,01011101
agentmark_rank_only,AgentMark-F rank-only linear top-10 surrogate,deepseek,ID,2,100,15,140,False,18,62,00000001
agentmark_rank_only,AgentMark-F rank-only linear top-10 surrogate,deepseek,ID,2,100,16,140,False,22,58,01001110
agentmark_rank_only,AgentMark-F rank-only linear top-10 surrogate,deepseek,ID,2,100,17,140,False,12,59,00010000
agentmark_rank_only,AgentMark-F rank-only linear top-10 surrogate,deepseek,ID,2,100,18,140,False,13,58,00000001
agentmark_rank_only,AgentMark-F rank-only linear top-10 surrogate,deepseek,ID,2,100,19,140,False,12,59,01011101
agentmark_rank_only,AgentMark-F rank-only linear top-10 surrogate,deepseek,ID,2,100,20,140,False,19,59,10010001
agentmark_rank_only,AgentMark-F rank-only linear top-10 surrogate,deepseek,ID,2,100,21,140,False,18,62,00000001
agentmark_rank_only,AgentMark-F rank-only linear top-10 surrogate,deepseek,ID,2,100,22,140,False,17,61,01011101
agentmark_rank_only,AgentMark-F rank-only linear top-10 surrogate,deepseek,ID,2,100,23,140,False,23,57,01001110
agentmark_rank_only,AgentMark-F rank-only linear top-10 surrogate,deepseek,ID,2,100,24,140,False,21,59,10000010
agentmark_rank_only,AgentMark-F rank-only linear top-10 surrogate,deepseek,ID,2,100,25,140,False,19,61,00000001
agentmark_rank_only,AgentMark-F rank-only linear top-10 surrogate,deepseek,ID,2,100,26,140,False,22,58,10000010
agentmark_rank_only,AgentMark-F rank-only linear top-10 surrogate,deepseek,ID,2,100,27,140,False,18,62,00000001
agentmark_rank_only,AgentMark-F rank-only linear top-10 surrogate,deepseek,ID,2,100,28,140,False,17,61,01011101
agentmark_rank_only,AgentMark-F rank-only linear top-10 surrogate,deepseek,ID,2,100,29,140,False,17,61,01011101
agentmark_rank_only,AgentMark-F rank-only linear top-10 surrogate,deepseek,ID,2,100,30,140,False,18,62,00000001
agentmark_rank_only,AgentMark-F rank-only linear top-10 surrogate,deepseek,ID,2,100,31,140,True,22,58,11001101
agentmark_rank_only,AgentMark-F rank-only linear top-10 surrogate,deepseek,ID,2,100,32,140,False,18,53,00111100
agentmark_rank_only,AgentMark-F rank-only linear top-10 surrogate,deepseek,ID,2,100,33,140,True,20,58,11001101
agentmark_rank_only,AgentMark-F rank-only linear top-10 surrogate,deepseek,ID,2,100,34,140,True,18,60,11001101
agentmark_rank_only,AgentMark-F rank-only linear top-10 surrogate,deepseek,ID,2,100,35,140,False,22,58,01001110
agentmark_rank_only,AgentMark-F rank-only linear top-10 surrogate,deepseek,ID,2,100,36,140,True,19,61,11001101
agentmark_rank_only,AgentMark-F rank-only linear top-10 surrogate,deepseek,ID,2,100,37,140,False,22,58,01001110
agentmark_rank_only,AgentMark-F rank-only linear top-10 surrogate,deepseek,ID,2,100,38,140,False,11,58,00000001
agentmark_rank_only,AgentMark-F rank-only linear top-10 surrogate,deepseek,ID,2,100,39,140,False,19,61,00000001
agentmark_rank_only,AgentMark-F rank-only linear top-10 surrogate,deepseek,ID,2,100,40,140,True,19,61,11001101
agentmark_rank_only,AgentMark-F rank-only linear top-10 surrogate,deepseek,ID,2,100,41,140,False,12,59,00000001
agentmark_rank_only,AgentMark-F rank-only linear top-10 surrogate,deepseek,ID,2,100,42,140,False,8,57,00000011
agentmark_rank_only,AgentMark-F rank-only linear top-10 surrogate,deepseek,ID,2,100,43,140,False,9,60,01011101
agentmark_rank_only,AgentMark-F rank-only linear top-10 surrogate,deepseek,ID,2,100,44,140,False,21,56,01001110
agentmark_rank_only,AgentMark-F rank-only linear top-10 surrogate,deepseek,ID,2,100,45,140,False,13,56,01011101
agentmark_rank_only,AgentMark-F rank-only linear top-10 surrogate,deepseek,ID,2,100,46,140,False,11,60,00000001
agentmark_rank_only,AgentMark-F rank-only linear top-10 surrogate,deepseek,ID,2,100,47,140,False,12,55,00000011
agentmark_rank_only,AgentMark-F rank-only linear top-10 surrogate,deepseek,ID,2,100,48,140,False,22,56,00111100
agentmark_rank_only,AgentMark-F rank-only linear top-10 surrogate,deepseek,ID,2,100,49,140,True,20,60,11001101
agentmark_rank_only,AgentMark-F rank-only linear top-10 surrogate,deepseek,ID,3,1,0,140,False,2,0,
agentmark_rank_only,AgentMark-F rank-only linear top-10 surrogate,deepseek,ID,3,1,1,140,False,16,0,01100100
agentmark_rank_only,AgentMark-F rank-only linear top-10 surrogate,deepseek,ID,3,1,2,140,False,3,0,
agentmark_rank_only,AgentMark-F rank-only linear top-10 surrogate,deepseek,ID,3,1,3,140,False,6,0,
agentmark_rank_only,AgentMark-F rank-only linear top-10 surrogate,deepseek,ID,3,1,4,140,False,13,0,10101010
agentmark_rank_only,AgentMark-F rank-only linear top-10 surrogate,deepseek,ID,3,1,5,140,False,4,0,
agentmark_rank_only,AgentMark-F rank-only linear top-10 surrogate,deepseek,ID,3,1,6,140,False,13,0,10011101
agentmark_rank_only,AgentMark-F rank-only linear top-10 surrogate,deepseek,ID,3,1,7,140,False,12,0,11101100
agentmark_rank_only,AgentMark-F rank-only linear top-10 surrogate,deepseek,ID,3,1,8,140,False,6,0,
agentmark_rank_only,AgentMark-F rank-only linear top-10 surrogate,deepseek,ID,3,1,9,140,False,11,0,00010001
agentmark_rank_only,AgentMark-F rank-only linear top-10 surrogate,deepseek,ID,3,1,10,140,False,0,0,
agentmark_rank_only,AgentMark-F rank-only linear top-10 surrogate,deepseek,ID,3,1,11,140,False,6,0,
agentmark_rank_only,AgentMark-F rank-only linear top-10 surrogate,deepseek,ID,3,1,12,140,False,6,0,
agentmark_rank_only,AgentMark-F rank-only linear top-10 surrogate,deepseek,ID,3,1,13,140,False,3,0,
agentmark_rank_only,AgentMark-F rank-only linear top-10 surrogate,deepseek,ID,3,1,14,140,False,0,0,
agentmark_rank_only,AgentMark-F rank-only linear top-10 surrogate,deepseek,ID,3,1,15,140,False,2,0,
agentmark_rank_only,AgentMark-F rank-only linear top-10 surrogate,deepseek,ID,3,1,16,140,False,4,0,
agentmark_rank_only,AgentMark-F rank-only linear top-10 surrogate,deepseek,ID,3,1,17,140,False,0,0,
agentmark_rank_only,AgentMark-F rank-only linear top-10 surrogate,deepseek,ID,3,1,18,140,False,3,0,
agentmark_rank_only,AgentMark-F rank-only linear top-10 surrogate,deepseek,ID,3,1,19,140,False,2,0,
agentmark_rank_only,AgentMark-F rank-only linear top-10 surrogate,deepseek,ID,3,1,20,140,False,0,0,
agentmark_rank_only,AgentMark-F rank-only linear top-10 surrogate,deepseek,ID,3,1,21,140,False,9,0,
agentmark_rank_only,AgentMark-F rank-only linear top-10 surrogate,deepseek,ID,3,1,22,140,False,9,0,
agentmark_rank_only,AgentMark-F rank-only linear top-10 surrogate,deepseek,ID,3,1,23,140,False,7,0,
agentmark_rank_only,AgentMark-F rank-only linear top-10 surrogate,deepseek,ID,3,1,24,140,False,2,0,
agentmark_rank_only,AgentMark-F rank-only linear top-10 surrogate,deepseek,ID,3,1,25,140,True,10,0,11001101
agentmark_rank_only,AgentMark-F rank-only linear top-10 surrogate,deepseek,ID,3,1,26,140,False,0,0,
agentmark_rank_only,AgentMark-F rank-only linear top-10 surrogate,deepseek,ID,3,1,27,140,False,6,0,
agentmark_rank_only,AgentMark-F rank-only linear top-10 surrogate,deepseek,ID,3,1,28,140,False,6,0,
agentmark_rank_only,AgentMark-F rank-only linear top-10 surrogate,deepseek,ID,3,1,29,140,False,10,0,10101100
agentmark_rank_only,AgentMark-F rank-only linear top-10 surrogate,deepseek,ID,3,1,30,140,False,6,0,
agentmark_rank_only,AgentMark-F rank-only linear top-10 surrogate,deepseek,ID,3,1,31,140,False,9,0,01111010
agentmark_rank_only,AgentMark-F rank-only linear top-10 surrogate,deepseek,ID,3,1,32,140,False,8,0,01110011
agentmark_rank_only,AgentMark-F rank-only linear top-10 surrogate,deepseek,ID,3,1,33,140,False,4,0,
agentmark_rank_only,AgentMark-F rank-only linear top-10 surrogate,deepseek,ID,3,1,34,140,False,1,0,
agentmark_rank_only,AgentMark-F rank-only linear top-10 surrogate,deepseek,ID,3,1,35,140,False,0,0,
agentmark_rank_only,AgentMark-F rank-only linear top-10 surrogate,deepseek,ID,3,1,36,140,False,2,0,
agentmark_rank_only,AgentMark-F rank-only linear top-10 surrogate,deepseek,ID,3,1,37,140,False,4,0,
agentmark_rank_only,AgentMark-F rank-only linear top-10 surrogate,deepseek,ID,3,1,38,140,False,0,0,
agentmark_rank_only,AgentMark-F rank-only linear top-10 surrogate,deepseek,ID,3,1,39,140,False,10,0,10100110
agentmark_rank_only,AgentMark-F rank-only linear top-10 surrogate,deepseek,ID,3,1,40,140,False,2,0,
agentmark_rank_only,AgentMark-F rank-only linear top-10 surrogate,deepseek,ID,3,1,41,140,False,0,0,
agentmark_rank_only,AgentMark-F rank-only linear top-10 surrogate,deepseek,ID,3,1,42,140,False,11,0,00010001
agentmark_rank_only,AgentMark-F rank-only linear top-10 surrogate,deepseek,ID,3,1,43,140,False,31,0,10001011
agentmark_rank_only,AgentMark-F rank-only linear top-10 surrogate,deepseek,ID,3,1,44,140,False,38,0,01000001
agentmark_rank_only,AgentMark-F rank-only linear top-10 surrogate,deepseek,ID,3,1,45,140,False,11,0,11110011
agentmark_rank_only,AgentMark-F rank-only linear top-10 surrogate,deepseek,ID,3,1,46,140,True,10,0,11001101
agentmark_rank_only,AgentMark-F rank-only linear top-10 surrogate,deepseek,ID,3,1,47,140,False,2,0,
agentmark_rank_only,AgentMark-F rank-only linear top-10 surrogate,deepseek,ID,3,1,48,140,False,34,0,10111101
agentmark_rank_only,AgentMark-F rank-only linear top-10 surrogate,deepseek,ID,3,1,49,140,False,16,0,01100100
agentmark_rank_only,AgentMark-F rank-only linear top-10 surrogate,deepseek,ID,3,2,0,140,False,4,0,
agentmark_rank_only,AgentMark-F rank-only linear top-10 surrogate,deepseek,ID,3,2,1,140,False,26,3,00110110
agentmark_rank_only,AgentMark-F rank-only linear top-10 surrogate,deepseek,ID,3,2,2,140,False,13,0,10110000
agentmark_rank_only,AgentMark-F rank-only linear top-10 surrogate,deepseek,ID,3,2,3,140,False,10,3,01110011
agentmark_rank_only,AgentMark-F rank-only linear top-10 surrogate,deepseek,ID,3,2,4,140,False,28,1,00111011
agentmark_rank_only,AgentMark-F rank-only linear top-10 surrogate,deepseek,ID,3,2,5,140,False,3,0,
agentmark_rank_only,AgentMark-F rank-only linear top-10 surrogate,deepseek,ID,3,2,6,140,False,19,0,11000000
agentmark_rank_only,AgentMark-F rank-only linear top-10 surrogate,deepseek,ID,3,2,7,140,False,14,0,11011111
agentmark_rank_only,AgentMark-F rank-only linear top-10 surrogate,deepseek,ID,3,2,8,140,False,16,0,00100100
agentmark_rank_only,AgentMark-F rank-only linear top-10 surrogate,deepseek,ID,3,2,9,140,False,15,2,01001011
agentmark_rank_only,AgentMark-F rank-only linear top-10 surrogate,deepseek,ID,3,2,10,140,False,9,0,00001101
agentmark_rank_only,AgentMark-F rank-only linear top-10 surrogate,deepseek,ID,3,2,11,140,False,20,1,10001010
agentmark_rank_only,AgentMark-F rank-only linear top-10 surrogate,deepseek,ID,3,2,12,140,False,57,0,00110110
agentmark_rank_only,AgentMark-F rank-only linear top-10 surrogate,deepseek,ID,3,2,13,140,False,13,1,11001010
agentmark_rank_only,AgentMark-F rank-only linear top-10 surrogate,deepseek,ID,3,2,14,140,False,10,2,00110011
agentmark_rank_only,AgentMark-F rank-only linear top-10 surrogate,deepseek,ID,3,2,15,140,False,24,0,00001100
agentmark_rank_only,AgentMark-F rank-only linear top-10 surrogate,deepseek,ID,3,2,16,140,False,23,0,00100111
agentmark_rank_only,AgentMark-F rank-only linear top-10 surrogate,deepseek,ID,3,2,17,140,False,9,6,
agentmark_rank_only,AgentMark-F rank-only linear top-10 surrogate,deepseek,ID,3,2,18,140,False,8,0,
agentmark_rank_only,AgentMark-F rank-only linear top-10 surrogate,deepseek,ID,3,2,19,140,False,27,0,01111011
agentmark_rank_only,AgentMark-F rank-only linear top-10 surrogate,deepseek,ID,3,2,20,140,False,10,3,01110011
agentmark_rank_only,AgentMark-F rank-only linear top-10 surrogate,deepseek,ID,3,2,21,140,False,23,1,01010011
agentmark_rank_only,AgentMark-F rank-only linear top-10 surrogate,deepseek,ID,3,2,22,140,False,15,3,11001011
agentmark_rank_only,AgentMark-F rank-only linear top-10 surrogate,deepseek,ID,3,2,23,140,False,4,0,
agentmark_rank_only,AgentMark-F rank-only linear top-10 surrogate,deepseek,ID,3,2,24,140,False,8,2,
agentmark_rank_only,AgentMark-F rank-only linear top-10 surrogate,deepseek,ID,3,2,25,140,False,17,0,10111011
agentmark_rank_only,AgentMark-F rank-only linear top-10 surrogate,deepseek,ID,3,2,26,140,False,8,1,11000111
agentmark_rank_only,AgentMark-F rank-only linear top-10 surrogate,deepseek,ID,3,2,27,140,False,25,1,00110011
agentmark_rank_only,AgentMark-F rank-only linear top-10 surrogate,deepseek,ID,3,2,28,140,False,18,1,00011110
agentmark_rank_only,AgentMark-F rank-only linear top-10 surrogate,deepseek,ID,3,2,29,140,False,23,6,11110010
agentmark_rank_only,AgentMark-F rank-only linear top-10 surrogate,deepseek,ID,3,2,30,140,False,23,1,10100110
agentmark_rank_only,AgentMark-F rank-only linear top-10 surrogate,deepseek,ID,3,2,31,140,False,24,3,00101011
agentmark_rank_only,AgentMark-F rank-only linear top-10 surrogate,deepseek,ID,3,2,32,140,False,21,1,11011101
agentmark_rank_only,AgentMark-F rank-only linear top-10 surrogate,deepseek,ID,3,2,33,140,False,40,0,11110111
agentmark_rank_only,AgentMark-F rank-only linear top-10 surrogate,deepseek,ID,3,2,34,140,False,23,2,11101010
agentmark_rank_only,AgentMark-F rank-only linear top-10 surrogate,deepseek,ID,3,2,35,140,False,16,0,01111011
agentmark_rank_only,AgentMark-F rank-only linear top-10 surrogate,deepseek,ID,3,2,36,140,False,27,1,00011111
agentmark_rank_only,AgentMark-F rank-only linear top-10 surrogate,deepseek,ID,3,2,37,140,False,11,0,10111101
agentmark_rank_only,AgentMark-F rank-only linear top-10 surrogate,deepseek,ID,3,2,38,140,False,13,2,10110000
agentmark_rank_only,AgentMark-F rank-only linear top-10 surrogate,deepseek,ID,3,2,39,140,False,8,1,
agentmark_rank_only,AgentMark-F rank-only linear top-10 surrogate,deepseek,ID,3,2,40,140,False,30,1,10000001
agentmark_rank_only,AgentMark-F rank-only linear top-10 surrogate,deepseek,ID,3,2,41,140,False,11,0,11110011
agentmark_rank_only,AgentMark-F rank-only linear top-10 surrogate,deepseek,ID,3,2,42,140,False,50,1,10000110
agentmark_rank_only,AgentMark-F rank-only linear top-10 surrogate,deepseek,ID,3,2,43,140,False,7,1,
agentmark_rank_only,AgentMark-F rank-only linear top-10 surrogate,deepseek,ID,3,2,44,140,False,18,2,11001000
agentmark_rank_only,AgentMark-F rank-only linear top-10 surrogate,deepseek,ID,3,2,45,140,False,9,1,10100000
agentmark_rank_only,AgentMark-F rank-only linear top-10 surrogate,deepseek,ID,3,2,46,140,False,16,4,11001000
agentmark_rank_only,AgentMark-F rank-only linear top-10 surrogate,deepseek,ID,3,2,47,140,False,11,6,11110010
agentmark_rank_only,AgentMark-F rank-only linear top-10 surrogate,deepseek,ID,3,2,48,140,False,34,1,11101101
agentmark_rank_only,AgentMark-F rank-only linear top-10 surrogate,deepseek,ID,3,2,49,140,False,6,0,
agentmark_rank_only,AgentMark-F rank-only linear top-10 surrogate,deepseek,ID,3,3,0,140,False,37,5,01100001
agentmark_rank_only,AgentMark-F rank-only linear top-10 surrogate,deepseek,ID,3,3,1,140,False,5,4,
agentmark_rank_only,AgentMark-F rank-only linear top-10 surrogate,deepseek,ID,3,3,2,140,False,28,3,10010000
agentmark_rank_only,AgentMark-F rank-only linear top-10 surrogate,deepseek,ID,3,3,3,140,False,23,8,11101101
agentmark_rank_only,AgentMark-F rank-only linear top-10 surrogate,deepseek,ID,3,3,4,140,False,29,7,10110111
agentmark_rank_only,AgentMark-F rank-only linear top-10 surrogate,deepseek,ID,3,3,5,140,False,37,3,11111011
agentmark_rank_only,AgentMark-F rank-only linear top-10 surrogate,deepseek,ID,3,3,6,140,False,17,0,11000000
agentmark_rank_only,AgentMark-F rank-only linear top-10 surrogate,deepseek,ID,3,3,7,140,False,8,1,
agentmark_rank_only,AgentMark-F rank-only linear top-10 surrogate,deepseek,ID,3,3,8,140,False,19,0,11000010
agentmark_rank_only,AgentMark-F rank-only linear top-10 surrogate,deepseek,ID,3,3,9,140,False,31,13,00101011
agentmark_rank_only,AgentMark-F rank-only linear top-10 surrogate,deepseek,ID,3,3,10,140,False,32,5,11000101
agentmark_rank_only,AgentMark-F rank-only linear top-10 surrogate,deepseek,ID,3,3,11,140,False,28,0,11001011
agentmark_rank_only,AgentMark-F rank-only linear top-10 surrogate,deepseek,ID,3,3,12,140,False,9,2,10010111
agentmark_rank_only,AgentMark-F rank-only linear top-10 surrogate,deepseek,ID,3,3,13,140,False,50,0,00111011
agentmark_rank_only,AgentMark-F rank-only linear top-10 surrogate,deepseek,ID,3,3,14,140,False,4,0,
agentmark_rank_only,AgentMark-F rank-only linear top-10 surrogate,deepseek,ID,3,3,15,140,False,15,0,11001011
agentmark_rank_only,AgentMark-F rank-only linear top-10 surrogate,deepseek,ID,3,3,16,140,False,21,1,10100001
agentmark_rank_only,AgentMark-F rank-only linear top-10 surrogate,deepseek,ID,3,3,17,140,False,19,3,11001111
agentmark_rank_only,AgentMark-F rank-only linear top-10 surrogate,deepseek,ID,3,3,18,140,False,6,1,
agentmark_rank_only,AgentMark-F rank-only linear top-10 surrogate,deepseek,ID,3,3,19,140,False,5,0,
agentmark_rank_only,AgentMark-F rank-only linear top-10 surrogate,deepseek,ID,3,3,20,140,False,29,0,01111100
agentmark_rank_only,AgentMark-F rank-only linear top-10 surrogate,deepseek,ID,3,3,21,140,False,5,2,
agentmark_rank_only,AgentMark-F rank-only linear top-10 surrogate,deepseek,ID,3,3,22,140,False,1,0,
agentmark_rank_only,AgentMark-F rank-only linear top-10 surrogate,deepseek,ID,3,3,23,140,False,23,2,10001101
agentmark_rank_only,AgentMark-F rank-only linear top-10 surrogate,deepseek,ID,3,3,24,140,False,13,0,10101010
agentmark_rank_only,AgentMark-F rank-only linear top-10 surrogate,deepseek,ID,3,3,25,140,False,1,2,
agentmark_rank_only,AgentMark-F rank-only linear top-10 surrogate,deepseek,ID,3,3,26,140,False,23,0,01010011
agentmark_rank_only,AgentMark-F rank-only linear top-10 surrogate,deepseek,ID,3,3,27,140,True,19,1,11001101
agentmark_rank_only,AgentMark-F rank-only linear top-10 surrogate,deepseek,ID,3,3,28,140,False,50,2,10001110
agentmark_rank_only,AgentMark-F rank-only linear top-10 surrogate,deepseek,ID,3,3,29,140,False,7,0,
agentmark_rank_only,AgentMark-F rank-only linear top-10 surrogate,deepseek,ID,3,3,30,140,False,11,1,00001001
agentmark_rank_only,AgentMark-F rank-only linear top-10 surrogate,deepseek,ID,3,3,31,140,False,11,0,01111110
agentmark_rank_only,AgentMark-F rank-only linear top-10 surrogate,deepseek,ID,3,3,32,140,False,18,1,01111001
agentmark_rank_only,AgentMark-F rank-only linear top-10 surrogate,deepseek,ID,3,3,33,140,False,11,1,00110110
agentmark_rank_only,AgentMark-F rank-only linear top-10 surrogate,deepseek,ID,3,3,34,140,False,19,0,01110001
agentmark_rank_only,AgentMark-F rank-only linear top-10 surrogate,deepseek,ID,3,3,35,140,False,22,3,10010110
agentmark_rank_only,AgentMark-F rank-only linear top-10 surrogate,deepseek,ID,3,3,36,140,False,15,0,01001111
agentmark_rank_only,AgentMark-F rank-only linear top-10 surrogate,deepseek,ID,3,3,37,140,False,44,3,01101100
agentmark_rank_only,AgentMark-F rank-only linear top-10 surrogate,deepseek,ID,3,3,38,140,False,33,1,01110101
agentmark_rank_only,AgentMark-F rank-only linear top-10 surrogate,deepseek,ID,3,3,39,140,False,34,1,00101100
agentmark_rank_only,AgentMark-F rank-only linear top-10 surrogate,deepseek,ID,3,3,40,140,False,7,0,
agentmark_rank_only,AgentMark-F rank-only linear top-10 surrogate,deepseek,ID,3,3,41,140,False,16,6,00100100
agentmark_rank_only,AgentMark-F rank-only linear top-10 surrogate,deepseek,ID,3,3,42,140,False,22,3,10010000
agentmark_rank_only,AgentMark-F rank-only linear top-10 surrogate,deepseek,ID,3,3,43,140,False,45,0,01110110
agentmark_rank_only,AgentMark-F rank-only linear top-10 surrogate,deepseek,ID,3,3,44,140,False,31,13,01101110
agentmark_rank_only,AgentMark-F rank-only linear top-10 surrogate,deepseek,ID,3,3,45,140,False,48,0,10001110
agentmark_rank_only,AgentMark-F rank-only linear top-10 surrogate,deepseek,ID,3,3,46,140,False,12,1,00100110
agentmark_rank_only,AgentMark-F rank-only linear top-10 surrogate,deepseek,ID,3,3,47,140,False,15,2,11000011
agentmark_rank_only,AgentMark-F rank-only linear top-10 surrogate,deepseek,ID,3,3,48,140,False,36,2,10101010
agentmark_rank_only,AgentMark-F rank-only linear top-10 surrogate,deepseek,ID,3,3,49,140,False,18,5,11001010
agentmark_rank_only,AgentMark-F rank-only linear top-10 surrogate,deepseek,ID,3,5,0,140,False,32,7,01111011
agentmark_rank_only,AgentMark-F rank-only linear top-10 surrogate,deepseek,ID,3,5,1,140,False,53,10,10001011
agentmark_rank_only,AgentMark-F rank-only linear top-10 surrogate,deepseek,ID,3,5,2,140,False,35,12,10010010
agentmark_rank_only,AgentMark-F rank-only linear top-10 surrogate,deepseek,ID,3,5,3,140,False,35,2,11111101
agentmark_rank_only,AgentMark-F rank-only linear top-10 surrogate,deepseek,ID,3,5,4,140,False,10,2,11101100
agentmark_rank_only,AgentMark-F rank-only linear top-10 surrogate,deepseek,ID,3,5,5,140,False,23,5,00100001
agentmark_rank_only,AgentMark-F rank-only linear top-10 surrogate,deepseek,ID,3,5,6,140,False,19,10,11101111
agentmark_rank_only,AgentMark-F rank-only linear top-10 surrogate,deepseek,ID,3,5,7,140,False,5,7,
agentmark_rank_only,AgentMark-F rank-only linear top-10 surrogate,deepseek,ID,3,5,8,140,False,22,8,00000001
agentmark_rank_only,AgentMark-F rank-only linear top-10 surrogate,deepseek,ID,3,5,9,140,False,48,18,00101110
agentmark_rank_only,AgentMark-F rank-only linear top-10 surrogate,deepseek,ID,3,5,10,140,False,24,0,11000010
agentmark_rank_only,AgentMark-F rank-only linear top-10 surrogate,deepseek,ID,3,5,11,140,False,37,11,10111101
agentmark_rank_only,AgentMark-F rank-only linear top-10 surrogate,deepseek,ID,3,5,12,140,False,20,10,11011000
agentmark_rank_only,AgentMark-F rank-only linear top-10 surrogate,deepseek,ID,3,5,13,140,False,41,3,01010001
agentmark_rank_only,AgentMark-F rank-only linear top-10 surrogate,deepseek,ID,3,5,14,140,False,51,3,11111101
agentmark_rank_only,AgentMark-F rank-only linear top-10 surrogate,deepseek,ID,3,5,15,140,False,22,7,01111010
agentmark_rank_only,AgentMark-F rank-only linear top-10 surrogate,deepseek,ID,3,5,16,140,False,30,15,11001010
agentmark_rank_only,AgentMark-F rank-only linear top-10 surrogate,deepseek,ID,3,5,17,140,False,10,3,11000010
agentmark_rank_only,AgentMark-F rank-only linear top-10 surrogate,deepseek,ID,3,5,18,140,False,31,3,01110011
agentmark_rank_only,AgentMark-F rank-only linear top-10 surrogate,deepseek,ID,3,5,19,140,True,44,12,11001101
agentmark_rank_only,AgentMark-F rank-only linear top-10 surrogate,deepseek,ID,3,5,20,140,False,12,6,00101011
agentmark_rank_only,AgentMark-F rank-only linear top-10 surrogate,deepseek,ID,3,5,21,140,False,9,10,10101001
agentmark_rank_only,AgentMark-F rank-only linear top-10 surrogate,deepseek,ID,3,5,22,140,False,52,1,00110111
agentmark_rank_only,AgentMark-F rank-only linear top-10 surrogate,deepseek,ID,3,5,23,140,False,52,19,10001010
agentmark_rank_only,AgentMark-F rank-only linear top-10 surrogate,deepseek,ID,3,5,24,140,True,13,5,11001101
agentmark_rank_only,AgentMark-F rank-only linear top-10 surrogate,deepseek,ID,3,5,25,140,False,25,7,11111011
agentmark_rank_only,AgentMark-F rank-only linear top-10 surrogate,deepseek,ID,3,5,26,140,False,9,4,01111010
agentmark_rank_only,AgentMark-F rank-only linear top-10 surrogate,deepseek,ID,3,5,27,140,False,39,7,01111000
agentmark_rank_only,AgentMark-F rank-only linear top-10 surrogate,deepseek,ID,3,5,28,140,True,38,11,11001101
agentmark_rank_only,AgentMark-F rank-only linear top-10 surrogate,deepseek,ID,3,5,29,140,False,37,11,11011111
agentmark_rank_only,AgentMark-F rank-only linear top-10 surrogate,deepseek,ID,3,5,30,140,True,24,3,11001101
agentmark_rank_only,AgentMark-F rank-only linear top-10 surrogate,deepseek,ID,3,5,31,140,False,13,7,10010111
agentmark_rank_only,AgentMark-F rank-only linear top-10 surrogate,deepseek,ID,3,5,32,140,False,37,10,11111000
agentmark_rank_only,AgentMark-F rank-only linear top-10 surrogate,deepseek,ID,3,5,33,140,False,10,4,01110011
agentmark_rank_only,AgentMark-F rank-only linear top-10 surrogate,deepseek,ID,3,5,34,140,False,23,6,00100111
agentmark_rank_only,AgentMark-F rank-only linear top-10 surrogate,deepseek,ID,3,5,35,140,False,42,10,00111100
agentmark_rank_only,AgentMark-F rank-only linear top-10 surrogate,deepseek,ID,3,5,36,140,False,32,11,11001111
agentmark_rank_only,AgentMark-F rank-only linear top-10 surrogate,deepseek,ID,3,5,37,140,False,32,1,10111011
agentmark_rank_only,AgentMark-F rank-only linear top-10 surrogate,deepseek,ID,3,5,38,140,False,30,11,01000111
agentmark_rank_only,AgentMark-F rank-only linear top-10 surrogate,deepseek,ID,3,5,39,140,False,23,10,10001001
agentmark_rank_only,AgentMark-F rank-only linear top-10 surrogate,deepseek,ID,3,5,40,140,False,31,13,00111100
agentmark_rank_only,AgentMark-F rank-only linear top-10 surrogate,deepseek,ID,3,5,41,140,False,16,2,11101010
agentmark_rank_only,AgentMark-F rank-only linear top-10 surrogate,deepseek,ID,3,5,42,140,False,57,5,00110110
agentmark_rank_only,AgentMark-F rank-only linear top-10 surrogate,deepseek,ID,3,5,43,140,False,36,6,11110111
agentmark_rank_only,AgentMark-F rank-only linear top-10 surrogate,deepseek,ID,3,5,44,140,False,25,10,11001011
agentmark_rank_only,AgentMark-F rank-only linear top-10 surrogate,deepseek,ID,3,5,45,140,False,40,1,11000110
agentmark_rank_only,AgentMark-F rank-only linear top-10 surrogate,deepseek,ID,3,5,46,140,False,55,5,11001010
agentmark_rank_only,AgentMark-F rank-only linear top-10 surrogate,deepseek,ID,3,5,47,140,False,22,1,00011110
agentmark_rank_only,AgentMark-F rank-only linear top-10 surrogate,deepseek,ID,3,5,48,140,False,23,5,11000010
agentmark_rank_only,AgentMark-F rank-only linear top-10 surrogate,deepseek,ID,3,5,49,140,False,25,2,11110011
agentmark_rank_only,AgentMark-F rank-only linear top-10 surrogate,deepseek,ID,3,8,0,140,False,8,9,
agentmark_rank_only,AgentMark-F rank-only linear top-10 surrogate,deepseek,ID,3,8,1,140,False,30,7,10011000
agentmark_rank_only,AgentMark-F rank-only linear top-10 surrogate,deepseek,ID,3,8,2,140,False,31,13,11001000
agentmark_rank_only,AgentMark-F rank-only linear top-10 surrogate,deepseek,ID,3,8,3,140,False,30,14,11101010
agentmark_rank_only,AgentMark-F rank-only linear top-10 surrogate,deepseek,ID,3,8,4,140,False,19,16,01100010
agentmark_rank_only,AgentMark-F rank-only linear top-10 surrogate,deepseek,ID,3,8,5,140,False,34,12,00100111
agentmark_rank_only,AgentMark-F rank-only linear top-10 surrogate,deepseek,ID,3,8,6,140,False,38,18,00100001
agentmark_rank_only,AgentMark-F rank-only linear top-10 surrogate,deepseek,ID,3,8,7,140,False,22,8,11110110
agentmark_rank_only,AgentMark-F rank-only linear top-10 surrogate,deepseek,ID,3,8,8,140,True,9,11,11001101
agentmark_rank_only,AgentMark-F rank-only linear top-10 surrogate,deepseek,ID,3,8,9,140,False,29,21,10011000
agentmark_rank_only,AgentMark-F rank-only linear top-10 surrogate,deepseek,ID,3,8,10,140,False,10,7,00000000
agentmark_rank_only,AgentMark-F rank-only linear top-10 surrogate,deepseek,ID,3,8,11,140,False,19,16,10101100
agentmark_rank_only,AgentMark-F rank-only linear top-10 surrogate,deepseek,ID,3,8,12,140,False,22,9,11000011
agentmark_rank_only,AgentMark-F rank-only linear top-10 surrogate,deepseek,ID,3,8,13,140,False,29,16,11000101
agentmark_rank_only,AgentMark-F rank-only linear top-10 surrogate,deepseek,ID,3,8,14,140,False,40,6,00101011
agentmark_rank_only,AgentMark-F rank-only linear top-10 surrogate,deepseek,ID,3,8,15,140,False,7,5,
agentmark_rank_only,AgentMark-F rank-only linear top-10 surrogate,deepseek,ID,3,8,16,140,False,5,15,
agentmark_rank_only,AgentMark-F rank-only linear top-10 surrogate,deepseek,ID,3,8,17,140,True,25,9,11001101
agentmark_rank_only,AgentMark-F rank-only linear top-10 surrogate,deepseek,ID,3,8,18,140,False,46,3,01010011
agentmark_rank_only,AgentMark-F rank-only linear top-10 surrogate,deepseek,ID,3,8,19,140,False,20,23,11110100
agentmark_rank_only,AgentMark-F rank-only linear top-10 surrogate,deepseek,ID,3,8,20,140,False,23,19,10110100
agentmark_rank_only,AgentMark-F rank-only linear top-10 surrogate,deepseek,ID,3,8,21,140,True,23,11,11001101
agentmark_rank_only,AgentMark-F rank-only linear top-10 surrogate,deepseek,ID,3,8,22,140,False,11,9,
agentmark_rank_only,AgentMark-F rank-only linear top-10 surrogate,deepseek,ID,3,8,23,140,False,20,14,00100111
agentmark_rank_only,AgentMark-F rank-only linear top-10 surrogate,deepseek,ID,3,8,24,140,False,22,13,11110111
agentmark_rank_only,AgentMark-F rank-only linear top-10 surrogate,deepseek,ID,3,8,25,140,False,29,11,10100010
agentmark_rank_only,AgentMark-F rank-only linear top-10 surrogate,deepseek,ID,3,8,26,140,False,38,15,01111100
agentmark_rank_only,AgentMark-F rank-only linear top-10 surrogate,deepseek,ID,3,8,27,140,False,10,11,00010101
agentmark_rank_only,AgentMark-F rank-only linear top-10 surrogate,deepseek,ID,3,8,28,140,False,35,11,00101100
agentmark_rank_only,AgentMark-F rank-only linear top-10 surrogate,deepseek,ID,3,8,29,140,True,23,16,11001101
agentmark_rank_only,AgentMark-F rank-only linear top-10 surrogate,deepseek,ID,3,8,30,140,False,14,9,01000111
agentmark_rank_only,AgentMark-F rank-only linear top-10 surrogate,deepseek,ID,3,8,31,140,False,21,3,11101101
agentmark_rank_only,AgentMark-F rank-only linear top-10 surrogate,deepseek,ID,3,8,32,140,False,30,9,11110110
agentmark_rank_only,AgentMark-F rank-only linear top-10 surrogate,deepseek,ID,3,8,33,140,False,39,14,01101010
agentmark_rank_only,AgentMark-F rank-only linear top-10 surrogate,deepseek,ID,3,8,34,140,False,25,9,01110011
agentmark_rank_only,AgentMark-F rank-only linear top-10 surrogate,deepseek,ID,3,8,35,140,False,18,9,00000110
agentmark_rank_only,AgentMark-F rank-only linear top-10 surrogate,deepseek,ID,3,8,36,140,False,10,8,00101001
agentmark_rank_only,AgentMark-F rank-only linear top-10 surrogate,deepseek,ID,3,8,37,140,False,3,15,
agentmark_rank_only,AgentMark-F rank-only linear top-10 surrogate,deepseek,ID,3,8,38,140,False,10,10,01110001
agentmark_rank_only,AgentMark-F rank-only linear top-10 surrogate,deepseek,ID,3,8,39,140,False,48,21,01000011
agentmark_rank_only,AgentMark-F rank-only linear top-10 surrogate,deepseek,ID,3,8,40,140,False,23,11,11101100
agentmark_rank_only,AgentMark-F rank-only linear top-10 surrogate,deepseek,ID,3,8,41,140,False,14,4,00010111
agentmark_rank_only,AgentMark-F rank-only linear top-10 surrogate,deepseek,ID,3,8,42,140,False,30,24,11111000
agentmark_rank_only,AgentMark-F rank-only linear top-10 surrogate,deepseek,ID,3,8,43,140,False,37,11,11101100
agentmark_rank_only,AgentMark-F rank-only linear top-10 surrogate,deepseek,ID,3,8,44,140,False,15,18,11001110
agentmark_rank_only,AgentMark-F rank-only linear top-10 surrogate,deepseek,ID,3,8,45,140,True,46,22,11001101
agentmark_rank_only,AgentMark-F rank-only linear top-10 surrogate,deepseek,ID,3,8,46,140,False,28,12,00010000
agentmark_rank_only,AgentMark-F rank-only linear top-10 surrogate,deepseek,ID,3,8,47,140,False,25,13,11110111
agentmark_rank_only,AgentMark-F rank-only linear top-10 surrogate,deepseek,ID,3,8,48,140,False,20,17,10100011
agentmark_rank_only,AgentMark-F rank-only linear top-10 surrogate,deepseek,ID,3,8,49,140,False,26,13,01000001
agentmark_rank_only,AgentMark-F rank-only linear top-10 surrogate,deepseek,ID,3,10,0,140,False,32,7,10110111
agentmark_rank_only,AgentMark-F rank-only linear top-10 surrogate,deepseek,ID,3,10,1,140,False,38,10,11001111
agentmark_rank_only,AgentMark-F rank-only linear top-10 surrogate,deepseek,ID,3,10,2,140,False,27,8,10101101
agentmark_rank_only,AgentMark-F rank-only linear top-10 surrogate,deepseek,ID,3,10,3,140,True,26,11,11001101
agentmark_rank_only,AgentMark-F rank-only linear top-10 surrogate,deepseek,ID,3,10,4,140,False,50,24,01001011
agentmark_rank_only,AgentMark-F rank-only linear top-10 surrogate,deepseek,ID,3,10,5,140,True,44,25,11001101
agentmark_rank_only,AgentMark-F rank-only linear top-10 surrogate,deepseek,ID,3,10,6,140,False,30,22,00111111
agentmark_rank_only,AgentMark-F rank-only linear top-10 surrogate,deepseek,ID,3,10,7,140,False,23,8,11001010
agentmark_rank_only,AgentMark-F rank-only linear top-10 surrogate,deepseek,ID,3,10,8,140,False,18,28,10001110
agentmark_rank_only,AgentMark-F rank-only linear top-10 surrogate,deepseek,ID,3,10,9,140,True,25,14,11001101
agentmark_rank_only,AgentMark-F rank-only linear top-10 surrogate,deepseek,ID,3,10,10,140,False,36,6,00100111
agentmark_rank_only,AgentMark-F rank-only linear top-10 surrogate,deepseek,ID,3,10,11,140,False,26,7,01111001
agentmark_rank_only,AgentMark-F rank-only linear top-10 surrogate,deepseek,ID,3,10,12,140,False,23,9,01001111
agentmark_rank_only,AgentMark-F rank-only linear top-10 surrogate,deepseek,ID,3,10,13,140,False,37,8,01011100
agentmark_rank_only,AgentMark-F rank-only linear top-10 surrogate,deepseek,ID,3,10,14,140,False,31,10,01110001
agentmark_rank_only,AgentMark-F rank-only linear top-10 surrogate,deepseek,ID,3,10,15,140,False,23,15,00000110
agentmark_rank_only,AgentMark-F rank-only linear top-10 surrogate,deepseek,ID,3,10,16,140,False,37,17,10010100
agentmark_rank_only,AgentMark-F rank-only linear top-10 surrogate,deepseek,ID,3,10,17,140,False,33,16,11000110
agentmark_rank_only,AgentMark-F rank-only linear top-10 surrogate,deepseek,ID,3,10,18,140,False,24,8,01010001
agentmark_rank_only,AgentMark-F rank-only linear top-10 surrogate,deepseek,ID,3,10,19,140,False,36,19,11011111
agentmark_rank_only,AgentMark-F rank-only linear top-10 surrogate,deepseek,ID,3,10,20,140,False,25,31,00011001
agentmark_rank_only,AgentMark-F rank-only linear top-10 surrogate,deepseek,ID,3,10,21,140,False,30,20,11000110
agentmark_rank_only,AgentMark-F rank-only linear top-10 surrogate,deepseek,ID,3,10,22,140,False,22,12,11000110
agentmark_rank_only,AgentMark-F rank-only linear top-10 surrogate,deepseek,ID,3,10,23,140,False,47,15,11100101
agentmark_rank_only,AgentMark-F rank-only linear top-10 surrogate,deepseek,ID,3,10,24,140,False,17,16,11011000
agentmark_rank_only,AgentMark-F rank-only linear top-10 surrogate,deepseek,ID,3,10,25,140,False,33,17,11000000
agentmark_rank_only,AgentMark-F rank-only linear top-10 surrogate,deepseek,ID,3,10,26,140,False,18,14,11101111
agentmark_rank_only,AgentMark-F rank-only linear top-10 surrogate,deepseek,ID,3,10,27,140,False,32,26,10100010
agentmark_rank_only,AgentMark-F rank-only linear top-10 surrogate,deepseek,ID,3,10,28,140,False,28,28,10011000
agentmark_rank_only,AgentMark-F rank-only linear top-10 surrogate,deepseek,ID,3,10,29,140,False,17,10,11011101
agentmark_rank_only,AgentMark-F rank-only linear top-10 surrogate,deepseek,ID,3,10,30,140,True,39,35,11001101
agentmark_rank_only,AgentMark-F rank-only linear top-10 surrogate,deepseek,ID,3,10,31,140,False,26,31,01010011
agentmark_rank_only,AgentMark-F rank-only linear top-10 surrogate,deepseek,ID,3,10,32,140,True,15,20,11001101
agentmark_rank_only,AgentMark-F rank-only linear top-10 surrogate,deepseek,ID,3,10,33,140,False,7,12,
agentmark_rank_only,AgentMark-F rank-only linear top-10 surrogate,deepseek,ID,3,10,34,140,False,25,14,01001111
agentmark_rank_only,AgentMark-F rank-only linear top-10 surrogate,deepseek,ID,3,10,35,140,False,37,31,11010110
agentmark_rank_only,AgentMark-F rank-only linear top-10 surrogate,deepseek,ID,3,10,36,140,True,23,8,11001101
agentmark_rank_only,AgentMark-F rank-only linear top-10 surrogate,deepseek,ID,3,10,37,140,False,52,19,00101010
agentmark_rank_only,AgentMark-F rank-only linear top-10 surrogate,deepseek,ID,3,10,38,140,False,28,22,00111100
agentmark_rank_only,AgentMark-F rank-only linear top-10 surrogate,deepseek,ID,3,10,39,140,True,41,28,11001101
agentmark_rank_only,AgentMark-F rank-only linear top-10 surrogate,deepseek,ID,3,10,40,140,False,23,28,11001000
agentmark_rank_only,AgentMark-F rank-only linear top-10 surrogate,deepseek,ID,3,10,41,140,False,29,27,11001010
agentmark_rank_only,AgentMark-F rank-only linear top-10 surrogate,deepseek,ID,3,10,42,140,False,29,17,10001111
agentmark_rank_only,AgentMark-F rank-only linear top-10 surrogate,deepseek,ID,3,10,43,140,False,24,27,11000110
agentmark_rank_only,AgentMark-F rank-only linear top-10 surrogate,deepseek,ID,3,10,44,140,False,23,14,01111001
agentmark_rank_only,AgentMark-F rank-only linear top-10 surrogate,deepseek,ID,3,10,45,140,True,26,6,11001101
agentmark_rank_only,AgentMark-F rank-only linear top-10 surrogate,deepseek,ID,3,10,46,140,True,38,22,11001101
agentmark_rank_only,AgentMark-F rank-only linear top-10 surrogate,deepseek,ID,3,10,47,140,False,23,9,01110001
agentmark_rank_only,AgentMark-F rank-only linear top-10 surrogate,deepseek,ID,3,10,48,140,False,20,2,01001010
agentmark_rank_only,AgentMark-F rank-only linear top-10 surrogate,deepseek,ID,3,10,49,140,False,22,8,01111011
agentmark_rank_only,AgentMark-F rank-only linear top-10 surrogate,deepseek,ID,3,15,0,140,True,26,32,11001101
agentmark_rank_only,AgentMark-F rank-only linear top-10 surrogate,deepseek,ID,3,15,1,140,False,30,19,00011110
agentmark_rank_only,AgentMark-F rank-only linear top-10 surrogate,deepseek,ID,3,15,2,140,True,20,24,11001101
agentmark_rank_only,AgentMark-F rank-only linear top-10 surrogate,deepseek,ID,3,15,3,140,False,29,22,00111111
agentmark_rank_only,AgentMark-F rank-only linear top-10 surrogate,deepseek,ID,3,15,4,140,False,26,19,01000001
agentmark_rank_only,AgentMark-F rank-only linear top-10 surrogate,deepseek,ID,3,15,5,140,False,14,14,01110011
agentmark_rank_only,AgentMark-F rank-only linear top-10 surrogate,deepseek,ID,3,15,6,140,False,17,29,10001010
agentmark_rank_only,AgentMark-F rank-only linear top-10 surrogate,deepseek,ID,3,15,7,140,False,27,29,01000100
agentmark_rank_only,AgentMark-F rank-only linear top-10 surrogate,deepseek,ID,3,15,8,140,False,41,31,11000110
agentmark_rank_only,AgentMark-F rank-only linear top-10 surrogate,deepseek,ID,3,15,9,140,False,18,25,11111010
agentmark_rank_only,AgentMark-F rank-only linear top-10 surrogate,deepseek,ID,3,15,10,140,True,30,32,11001101
agentmark_rank_only,AgentMark-F rank-only linear top-10 surrogate,deepseek,ID,3,15,11,140,False,24,21,01111001
agentmark_rank_only,AgentMark-F rank-only linear top-10 surrogate,deepseek,ID,3,15,12,140,False,47,22,10100000
agentmark_rank_only,AgentMark-F rank-only linear top-10 surrogate,deepseek,ID,3,15,13,140,False,24,39,01101010
agentmark_rank_only,AgentMark-F rank-only linear top-10 surrogate,deepseek,ID,3,15,14,140,False,24,33,01111100
agentmark_rank_only,AgentMark-F rank-only linear top-10 surrogate,deepseek,ID,3,15,15,140,True,17,27,11001101
agentmark_rank_only,AgentMark-F rank-only linear top-10 surrogate,deepseek,ID,3,15,16,140,False,36,18,00000100
agentmark_rank_only,AgentMark-F rank-only linear top-10 surrogate,deepseek,ID,3,15,17,140,True,23,25,11001101
agentmark_rank_only,AgentMark-F rank-only linear top-10 surrogate,deepseek,ID,3,15,18,140,False,36,19,01101010
agentmark_rank_only,AgentMark-F rank-only linear top-10 surrogate,deepseek,ID,3,15,19,140,False,25,21,01000100
agentmark_rank_only,AgentMark-F rank-only linear top-10 surrogate,deepseek,ID,3,15,20,140,False,40,27,11101010
agentmark_rank_only,AgentMark-F rank-only linear top-10 surrogate,deepseek,ID,3,15,21,140,True,34,26,11001101
agentmark_rank_only,AgentMark-F rank-only linear top-10 surrogate,deepseek,ID,3,15,22,140,False,23,24,11110011
agentmark_rank_only,AgentMark-F rank-only linear top-10 surrogate,deepseek,ID,3,15,23,140,True,32,24,11001101
agentmark_rank_only,AgentMark-F rank-only linear top-10 surrogate,deepseek,ID,3,15,24,140,False,16,28,10000001
agentmark_rank_only,AgentMark-F rank-only linear top-10 surrogate,deepseek,ID,3,15,25,140,False,41,28,01011111
agentmark_rank_only,AgentMark-F rank-only linear top-10 surrogate,deepseek,ID,3,15,26,140,False,31,43,00010011
agentmark_rank_only,AgentMark-F rank-only linear top-10 surrogate,deepseek,ID,3,15,27,140,False,33,14,01000001
agentmark_rank_only,AgentMark-F rank-only linear top-10 surrogate,deepseek,ID,3,15,28,140,True,24,17,11001101
agentmark_rank_only,AgentMark-F rank-only linear top-10 surrogate,deepseek,ID,3,15,29,140,False,22,35,11001000
agentmark_rank_only,AgentMark-F rank-only linear top-10 surrogate,deepseek,ID,3,15,30,140,False,23,17,01111001
agentmark_rank_only,AgentMark-F rank-only linear top-10 surrogate,deepseek,ID,3,15,31,140,False,57,11,00100000
agentmark_rank_only,AgentMark-F rank-only linear top-10 surrogate,deepseek,ID,3,15,32,140,False,30,24,00001101
agentmark_rank_only,AgentMark-F rank-only linear top-10 surrogate,deepseek,ID,3,15,33,140,False,27,23,10000010
agentmark_rank_only,AgentMark-F rank-only linear top-10 surrogate,deepseek,ID,3,15,34,140,False,53,18,01000011
agentmark_rank_only,AgentMark-F rank-only linear top-10 surrogate,deepseek,ID,3,15,35,140,True,32,23,11001101
agentmark_rank_only,AgentMark-F rank-only linear top-10 surrogate,deepseek,ID,3,15,36,140,False,20,23,10111101
agentmark_rank_only,AgentMark-F rank-only linear top-10 surrogate,deepseek,ID,3,15,37,140,False,23,27,10000010
agentmark_rank_only,AgentMark-F rank-only linear top-10 surrogate,deepseek,ID,3,15,38,140,False,34,34,10101100
agentmark_rank_only,AgentMark-F rank-only linear top-10 surrogate,deepseek,ID,3,15,39,140,False,43,28,00111111
agentmark_rank_only,AgentMark-F rank-only linear top-10 surrogate,deepseek,ID,3,15,40,140,True,37,21,11001101
agentmark_rank_only,AgentMark-F rank-only linear top-10 surrogate,deepseek,ID,3,15,41,140,False,34,28,11010001
agentmark_rank_only,AgentMark-F rank-only linear top-10 surrogate,deepseek,ID,3,15,42,140,True,42,32,11001101
agentmark_rank_only,AgentMark-F rank-only linear top-10 surrogate,deepseek,ID,3,15,43,140,False,31,30,00100101
agentmark_rank_only,AgentMark-F rank-only linear top-10 surrogate,deepseek,ID,3,15,44,140,True,35,19,11001101
agentmark_rank_only,AgentMark-F rank-only linear top-10 surrogate,deepseek,ID,3,15,45,140,False,34,19,00010001
agentmark_rank_only,AgentMark-F rank-only linear top-10 surrogate,deepseek,ID,3,15,46,140,False,38,16,01000011
agentmark_rank_only,AgentMark-F rank-only linear top-10 surrogate,deepseek,ID,3,15,47,140,False,35,37,10001001
agentmark_rank_only,AgentMark-F rank-only linear top-10 surrogate,deepseek,ID,3,15,48,140,False,24,25,11000111
agentmark_rank_only,AgentMark-F rank-only linear top-10 surrogate,deepseek,ID,3,15,49,140,False,26,18,10110000
agentmark_rank_only,AgentMark-F rank-only linear top-10 surrogate,deepseek,ID,3,20,0,140,False,43,31,10110110
agentmark_rank_only,AgentMark-F rank-only linear top-10 surrogate,deepseek,ID,3,20,1,140,False,20,36,10110000
agentmark_rank_only,AgentMark-F rank-only linear top-10 surrogate,deepseek,ID,3,20,2,140,True,28,34,11001101
agentmark_rank_only,AgentMark-F rank-only linear top-10 surrogate,deepseek,ID,3,20,3,140,False,32,24,01001000
agentmark_rank_only,AgentMark-F rank-only linear top-10 surrogate,deepseek,ID,3,20,4,140,False,25,30,11000011
agentmark_rank_only,AgentMark-F rank-only linear top-10 surrogate,deepseek,ID,3,20,5,140,False,25,18,01000100
agentmark_rank_only,AgentMark-F rank-only linear top-10 surrogate,deepseek,ID,3,20,6,140,False,18,23,11110001
agentmark_rank_only,AgentMark-F rank-only linear top-10 surrogate,deepseek,ID,3,20,7,140,False,29,28,10001000
agentmark_rank_only,AgentMark-F rank-only linear top-10 surrogate,deepseek,ID,3,20,8,140,False,42,31,00101111
agentmark_rank_only,AgentMark-F rank-only linear top-10 surrogate,deepseek,ID,3,20,9,140,False,13,16,01101001
agentmark_rank_only,AgentMark-F rank-only linear top-10 surrogate,deepseek,ID,3,20,10,140,True,22,37,11001101
agentmark_rank_only,AgentMark-F rank-only linear top-10 surrogate,deepseek,ID,3,20,11,140,False,27,30,01100110
agentmark_rank_only,AgentMark-F rank-only linear top-10 surrogate,deepseek,ID,3,20,12,140,False,26,30,01000001
agentmark_rank_only,AgentMark-F rank-only linear top-10 surrogate,deepseek,ID,3,20,13,140,False,17,25,01000100
agentmark_rank_only,AgentMark-F rank-only linear top-10 surrogate,deepseek,ID,3,20,14,140,False,22,30,11111111
agentmark_rank_only,AgentMark-F rank-only linear top-10 surrogate,deepseek,ID,3,20,15,140,False,32,40,11110101
agentmark_rank_only,AgentMark-F rank-only linear top-10 surrogate,deepseek,ID,3,20,16,140,False,19,24,01001000
agentmark_rank_only,AgentMark-F rank-only linear top-10 surrogate,deepseek,ID,3,20,17,140,False,18,31,10110110
agentmark_rank_only,AgentMark-F rank-only linear top-10 surrogate,deepseek,ID,3,20,18,140,False,17,35,00111001
agentmark_rank_only,AgentMark-F rank-only linear top-10 surrogate,deepseek,ID,3,20,19,140,True,33,23,11001101
agentmark_rank_only,AgentMark-F rank-only linear top-10 surrogate,deepseek,ID,3,20,20,140,False,31,25,01111101
agentmark_rank_only,AgentMark-F rank-only linear top-10 surrogate,deepseek,ID,3,20,21,140,True,33,39,11001101
agentmark_rank_only,AgentMark-F rank-only linear top-10 surrogate,deepseek,ID,3,20,22,140,False,19,29,01010011
agentmark_rank_only,AgentMark-F rank-only linear top-10 surrogate,deepseek,ID,3,20,23,140,False,29,44,10001000
agentmark_rank_only,AgentMark-F rank-only linear top-10 surrogate,deepseek,ID,3,20,24,140,False,28,21,11001110
agentmark_rank_only,AgentMark-F rank-only linear top-10 surrogate,deepseek,ID,3,20,25,140,True,32,25,11001101
agentmark_rank_only,AgentMark-F rank-only linear top-10 surrogate,deepseek,ID,3,20,26,140,False,24,29,00001101
agentmark_rank_only,AgentMark-F rank-only linear top-10 surrogate,deepseek,ID,3,20,27,140,True,24,36,11001101
agentmark_rank_only,AgentMark-F rank-only linear top-10 surrogate,deepseek,ID,3,20,28,140,True,24,34,11001101
agentmark_rank_only,AgentMark-F rank-only linear top-10 surrogate,deepseek,ID,3,20,29,140,False,27,46,01011101
agentmark_rank_only,AgentMark-F rank-only linear top-10 surrogate,deepseek,ID,3,20,30,140,False,32,22,11000110
agentmark_rank_only,AgentMark-F rank-only linear top-10 surrogate,deepseek,ID,3,20,31,140,False,24,26,00010100
agentmark_rank_only,AgentMark-F rank-only linear top-10 surrogate,deepseek,ID,3,20,32,140,True,24,33,11001101
agentmark_rank_only,AgentMark-F rank-only linear top-10 surrogate,deepseek,ID,3,20,33,140,False,35,39,00101111
agentmark_rank_only,AgentMark-F rank-only linear top-10 surrogate,deepseek,ID,3,20,34,140,False,35,11,11000110
agentmark_rank_only,AgentMark-F rank-only linear top-10 surrogate,deepseek,ID,3,20,35,140,False,23,28,11000001
agentmark_rank_only,AgentMark-F rank-only linear top-10 surrogate,deepseek,ID,3,20,36,140,False,23,29,00001101
agentmark_rank_only,AgentMark-F rank-only linear top-10 surrogate,deepseek,ID,3,20,37,140,False,35,38,11100010
agentmark_rank_only,AgentMark-F rank-only linear top-10 surrogate,deepseek,ID,3,20,38,140,False,36,30,01100000
agentmark_rank_only,AgentMark-F rank-only linear top-10 surrogate,deepseek,ID,3,20,39,140,False,25,33,00111111
agentmark_rank_only,AgentMark-F rank-only linear top-10 surrogate,deepseek,ID,3,20,40,140,True,36,38,11001101
agentmark_rank_only,AgentMark-F rank-only linear top-10 surrogate,deepseek,ID,3,20,41,140,False,19,20,01110110
agentmark_rank_only,AgentMark-F rank-only linear top-10 surrogate,deepseek,ID,3,20,42,140,False,16,37,11011100
agentmark_rank_only,AgentMark-F rank-only linear top-10 surrogate,deepseek,ID,3,20,43,140,False,18,20,11001000
agentmark_rank_only,AgentMark-F rank-only linear top-10 surrogate,deepseek,ID,3,20,44,140,False,24,26,11000000
agentmark_rank_only,AgentMark-F rank-only linear top-10 surrogate,deepseek,ID,3,20,45,140,False,15,42,11110100
agentmark_rank_only,AgentMark-F rank-only linear top-10 surrogate,deepseek,ID,3,20,46,140,False,31,28,11010100
agentmark_rank_only,AgentMark-F rank-only linear top-10 surrogate,deepseek,ID,3,20,47,140,True,18,43,11001101
agentmark_rank_only,AgentMark-F rank-only linear top-10 surrogate,deepseek,ID,3,20,48,140,False,20,22,10101010
agentmark_rank_only,AgentMark-F rank-only linear top-10 surrogate,deepseek,ID,3,20,49,140,False,51,15,01001010
agentmark_rank_only,AgentMark-F rank-only linear top-10 surrogate,deepseek,ID,3,30,0,140,True,31,28,11001101
agentmark_rank_only,AgentMark-F rank-only linear top-10 surrogate,deepseek,ID,3,30,1,140,True,25,38,11001101
agentmark_rank_only,AgentMark-F rank-only linear top-10 surrogate,deepseek,ID,3,30,2,140,False,35,39,10001010
agentmark_rank_only,AgentMark-F rank-only linear top-10 surrogate,deepseek,ID,3,30,3,140,False,13,37,10000011
agentmark_rank_only,AgentMark-F rank-only linear top-10 surrogate,deepseek,ID,3,30,4,140,True,14,47,11001101
agentmark_rank_only,AgentMark-F rank-only linear top-10 surrogate,deepseek,ID,3,30,5,140,False,23,35,10011010
agentmark_rank_only,AgentMark-F rank-only linear top-10 surrogate,deepseek,ID,3,30,6,140,True,30,43,11001101
agentmark_rank_only,AgentMark-F rank-only linear top-10 surrogate,deepseek,ID,3,30,7,140,False,17,45,01000100
agentmark_rank_only,AgentMark-F rank-only linear top-10 surrogate,deepseek,ID,3,30,8,140,False,17,33,01100000
agentmark_rank_only,AgentMark-F rank-only linear top-10 surrogate,deepseek,ID,3,30,9,140,True,22,42,11001101
agentmark_rank_only,AgentMark-F rank-only linear top-10 surrogate,deepseek,ID,3,30,10,140,False,10,48,10001101
agentmark_rank_only,AgentMark-F rank-only linear top-10 surrogate,deepseek,ID,3,30,11,140,False,21,25,11110011
agentmark_rank_only,AgentMark-F rank-only linear top-10 surrogate,deepseek,ID,3,30,12,140,False,23,39,10001000
agentmark_rank_only,AgentMark-F rank-only linear top-10 surrogate,deepseek,ID,3,30,13,140,True,22,36,11001101
agentmark_rank_only,AgentMark-F rank-only linear top-10 surrogate,deepseek,ID,3,30,14,140,False,24,35,00111111
agentmark_rank_only,AgentMark-F rank-only linear top-10 surrogate,deepseek,ID,3,30,15,140,False,18,20,11110111
agentmark_rank_only,AgentMark-F rank-only linear top-10 surrogate,deepseek,ID,3,30,16,140,False,17,43,11111101
agentmark_rank_only,AgentMark-F rank-only linear top-10 surrogate,deepseek,ID,3,30,17,140,True,17,42,11001101
agentmark_rank_only,AgentMark-F rank-only linear top-10 surrogate,deepseek,ID,3,30,18,140,False,22,35,00111111
agentmark_rank_only,AgentMark-F rank-only linear top-10 surrogate,deepseek,ID,3,30,19,140,True,42,30,11001101
agentmark_rank_only,AgentMark-F rank-only linear top-10 surrogate,deepseek,ID,3,30,20,140,False,23,30,01001000
agentmark_rank_only,AgentMark-F rank-only linear top-10 surrogate,deepseek,ID,3,30,21,140,False,13,29,01000100
agentmark_rank_only,AgentMark-F rank-only linear top-10 surrogate,deepseek,ID,3,30,22,140,False,17,35,10001110
agentmark_rank_only,AgentMark-F rank-only linear top-10 surrogate,deepseek,ID,3,30,23,140,True,11,49,11001101
agentmark_rank_only,AgentMark-F rank-only linear top-10 surrogate,deepseek,ID,3,30,24,140,False,35,39,01000010
agentmark_rank_only,AgentMark-F rank-only linear top-10 surrogate,deepseek,ID,3,30,25,140,True,25,39,11001101
agentmark_rank_only,AgentMark-F rank-only linear top-10 surrogate,deepseek,ID,3,30,26,140,False,28,33,10100101
agentmark_rank_only,AgentMark-F rank-only linear top-10 surrogate,deepseek,ID,3,30,27,140,True,23,51,11001101
agentmark_rank_only,AgentMark-F rank-only linear top-10 surrogate,deepseek,ID,3,30,28,140,True,20,37,11001101
agentmark_rank_only,AgentMark-F rank-only linear top-10 surrogate,deepseek,ID,3,30,29,140,True,20,39,11001101
agentmark_rank_only,AgentMark-F rank-only linear top-10 surrogate,deepseek,ID,3,30,30,140,False,23,39,11111101
agentmark_rank_only,AgentMark-F rank-only linear top-10 surrogate,deepseek,ID,3,30,31,140,False,25,49,01000100
agentmark_rank_only,AgentMark-F rank-only linear top-10 surrogate,deepseek,ID,3,30,32,140,False,24,38,00000010
agentmark_rank_only,AgentMark-F rank-only linear top-10 surrogate,deepseek,ID,3,30,33,140,False,14,37,01100000
agentmark_rank_only,AgentMark-F rank-only linear top-10 surrogate,deepseek,ID,3,30,34,140,True,18,40,11001101
agentmark_rank_only,AgentMark-F rank-only linear top-10 surrogate,deepseek,ID,3,30,35,140,False,22,29,10101111
agentmark_rank_only,AgentMark-F rank-only linear top-10 surrogate,deepseek,ID,3,30,36,140,False,21,38,00111111
agentmark_rank_only,AgentMark-F rank-only linear top-10 surrogate,deepseek,ID,3,30,37,140,False,9,50,01100101
agentmark_rank_only,AgentMark-F rank-only linear top-10 surrogate,deepseek,ID,3,30,38,140,False,30,44,00011110
agentmark_rank_only,AgentMark-F rank-only linear top-10 surrogate,deepseek,ID,3,30,39,140,True,16,46,11001101
agentmark_rank_only,AgentMark-F rank-only linear top-10 surrogate,deepseek,ID,3,30,40,140,False,22,39,10110110
agentmark_rank_only,AgentMark-F rank-only linear top-10 surrogate,deepseek,ID,3,30,41,140,False,16,36,11001010
agentmark_rank_only,AgentMark-F rank-only linear top-10 surrogate,deepseek,ID,3,30,42,140,True,17,39,11001101
agentmark_rank_only,AgentMark-F rank-only linear top-10 surrogate,deepseek,ID,3,30,43,140,False,36,36,10101111
agentmark_rank_only,AgentMark-F rank-only linear top-10 surrogate,deepseek,ID,3,30,44,140,False,16,44,11101010
agentmark_rank_only,AgentMark-F rank-only linear top-10 surrogate,deepseek,ID,3,30,45,140,False,19,42,11001110
agentmark_rank_only,AgentMark-F rank-only linear top-10 surrogate,deepseek,ID,3,30,46,140,True,21,37,11001101
agentmark_rank_only,AgentMark-F rank-only linear top-10 surrogate,deepseek,ID,3,30,47,140,False,19,40,00111111
agentmark_rank_only,AgentMark-F rank-only linear top-10 surrogate,deepseek,ID,3,30,48,140,False,26,29,01010011
agentmark_rank_only,AgentMark-F rank-only linear top-10 surrogate,deepseek,ID,3,30,49,140,False,15,46,00100110
agentmark_rank_only,AgentMark-F rank-only linear top-10 surrogate,deepseek,ID,3,50,0,140,False,18,42,01111111
agentmark_rank_only,AgentMark-F rank-only linear top-10 surrogate,deepseek,ID,3,50,1,140,False,15,59,10000001
agentmark_rank_only,AgentMark-F rank-only linear top-10 surrogate,deepseek,ID,3,50,2,140,False,29,43,10000011
agentmark_rank_only,AgentMark-F rank-only linear top-10 surrogate,deepseek,ID,3,50,3,140,True,17,46,11001101
agentmark_rank_only,AgentMark-F rank-only linear top-10 surrogate,deepseek,ID,3,50,4,140,True,12,51,11001101
agentmark_rank_only,AgentMark-F rank-only linear top-10 surrogate,deepseek,ID,3,50,5,140,False,15,44,11110000
agentmark_rank_only,AgentMark-F rank-only linear top-10 surrogate,deepseek,ID,3,50,6,140,False,32,42,10101111
agentmark_rank_only,AgentMark-F rank-only linear top-10 surrogate,deepseek,ID,3,50,7,140,False,13,44,10110000
agentmark_rank_only,AgentMark-F rank-only linear top-10 surrogate,deepseek,ID,3,50,8,140,False,14,47,10000000
agentmark_rank_only,AgentMark-F rank-only linear top-10 surrogate,deepseek,ID,3,50,9,140,True,18,38,11001101
agentmark_rank_only,AgentMark-F rank-only linear top-10 surrogate,deepseek,ID,3,50,10,140,False,18,56,00000010
agentmark_rank_only,AgentMark-F rank-only linear top-10 surrogate,deepseek,ID,3,50,11,140,False,22,42,11000010
agentmark_rank_only,AgentMark-F rank-only linear top-10 surrogate,deepseek,ID,3,50,12,140,True,20,43,11001101
agentmark_rank_only,AgentMark-F rank-only linear top-10 surrogate,deepseek,ID,3,50,13,140,True,17,45,11001101
agentmark_rank_only,AgentMark-F rank-only linear top-10 surrogate,deepseek,ID,3,50,14,140,False,9,51,01011111
agentmark_rank_only,AgentMark-F rank-only linear top-10 surrogate,deepseek,ID,3,50,15,140,False,9,51,
agentmark_rank_only,AgentMark-F rank-only linear top-10 surrogate,deepseek,ID,3,50,16,140,False,9,56,10011010
agentmark_rank_only,AgentMark-F rank-only linear top-10 surrogate,deepseek,ID,3,50,17,140,False,25,47,10101111
agentmark_rank_only,AgentMark-F rank-only linear top-10 surrogate,deepseek,ID,3,50,18,140,True,15,45,11001101
agentmark_rank_only,AgentMark-F rank-only linear top-10 surrogate,deepseek,ID,3,50,19,140,False,8,55,
agentmark_rank_only,AgentMark-F rank-only linear top-10 surrogate,deepseek,ID,3,50,20,140,True,20,45,11001101
agentmark_rank_only,AgentMark-F rank-only linear top-10 surrogate,deepseek,ID,3,50,21,140,True,19,46,11001101
agentmark_rank_only,AgentMark-F rank-only linear top-10 surrogate,deepseek,ID,3,50,22,140,False,18,56,00111100
agentmark_rank_only,AgentMark-F rank-only linear top-10 surrogate,deepseek,ID,3,50,23,140,False,15,37,11101001
agentmark_rank_only,AgentMark-F rank-only linear top-10 surrogate,deepseek,ID,3,50,24,140,False,16,44,01110100
agentmark_rank_only,AgentMark-F rank-only linear top-10 surrogate,deepseek,ID,3,50,25,140,False,22,52,00111010
agentmark_rank_only,AgentMark-F rank-only linear top-10 surrogate,deepseek,ID,3,50,26,140,False,16,47,00011101
agentmark_rank_only,AgentMark-F rank-only linear top-10 surrogate,deepseek,ID,3,50,27,140,False,14,43,
agentmark_rank_only,AgentMark-F rank-only linear top-10 surrogate,deepseek,ID,3,50,28,140,False,11,53,11011100
agentmark_rank_only,AgentMark-F rank-only linear top-10 surrogate,deepseek,ID,3,50,29,140,True,24,50,11001101
agentmark_rank_only,AgentMark-F rank-only linear top-10 surrogate,deepseek,ID,3,50,30,140,False,19,40,10110000
agentmark_rank_only,AgentMark-F rank-only linear top-10 surrogate,deepseek,ID,3,50,31,140,False,22,52,10101111
agentmark_rank_only,AgentMark-F rank-only linear top-10 surrogate,deepseek,ID,3,50,32,140,False,15,59,00011101
agentmark_rank_only,AgentMark-F rank-only linear top-10 surrogate,deepseek,ID,3,50,33,140,False,16,49,01000111
agentmark_rank_only,AgentMark-F rank-only linear top-10 surrogate,deepseek,ID,3,50,34,140,False,10,50,00100011
agentmark_rank_only,AgentMark-F rank-only linear top-10 surrogate,deepseek,ID,3,50,35,140,False,10,44,11111101
agentmark_rank_only,AgentMark-F rank-only linear top-10 surrogate,deepseek,ID,3,50,36,140,True,16,46,11001101
agentmark_rank_only,AgentMark-F rank-only linear top-10 surrogate,deepseek,ID,3,50,37,140,False,17,57,00001100
agentmark_rank_only,AgentMark-F rank-only linear top-10 surrogate,deepseek,ID,3,50,38,140,False,22,52,10101111
agentmark_rank_only,AgentMark-F rank-only linear top-10 surrogate,deepseek,ID,3,50,39,140,False,21,53,00111100
agentmark_rank_only,AgentMark-F rank-only linear top-10 surrogate,deepseek,ID,3,50,40,140,False,26,48,10111100
agentmark_rank_only,AgentMark-F rank-only linear top-10 surrogate,deepseek,ID,3,50,41,140,False,23,51,10111001
agentmark_rank_only,AgentMark-F rank-only linear top-10 surrogate,deepseek,ID,3,50,42,140,False,9,50,00000011
agentmark_rank_only,AgentMark-F rank-only linear top-10 surrogate,deepseek,ID,3,50,43,140,False,11,52,00100011
agentmark_rank_only,AgentMark-F rank-only linear top-10 surrogate,deepseek,ID,3,50,44,140,False,12,50,
agentmark_rank_only,AgentMark-F rank-only linear top-10 surrogate,deepseek,ID,3,50,45,140,True,12,51,11001101
agentmark_rank_only,AgentMark-F rank-only linear top-10 surrogate,deepseek,ID,3,50,46,140,True,18,44,11001101
agentmark_rank_only,AgentMark-F rank-only linear top-10 surrogate,deepseek,ID,3,50,47,140,False,29,45,00101111
agentmark_rank_only,AgentMark-F rank-only linear top-10 surrogate,deepseek,ID,3,50,48,140,True,12,50,11001101
agentmark_rank_only,AgentMark-F rank-only linear top-10 surrogate,deepseek,ID,3,50,49,140,False,19,55,11101001
agentmark_rank_only,AgentMark-F rank-only linear top-10 surrogate,deepseek,ID,3,80,0,140,False,12,62,10101110
agentmark_rank_only,AgentMark-F rank-only linear top-10 surrogate,deepseek,ID,3,80,1,140,False,16,58,10101111
agentmark_rank_only,AgentMark-F rank-only linear top-10 surrogate,deepseek,ID,3,80,2,140,False,10,55,01111111
agentmark_rank_only,AgentMark-F rank-only linear top-10 surrogate,deepseek,ID,3,80,3,140,False,18,56,01000100
agentmark_rank_only,AgentMark-F rank-only linear top-10 surrogate,deepseek,ID,3,80,4,140,False,13,52,00000011
agentmark_rank_only,AgentMark-F rank-only linear top-10 surrogate,deepseek,ID,3,80,5,140,False,18,56,11101001
agentmark_rank_only,AgentMark-F rank-only linear top-10 surrogate,deepseek,ID,3,80,6,140,False,13,61,10101110
agentmark_rank_only,AgentMark-F rank-only linear top-10 surrogate,deepseek,ID,3,80,7,140,False,7,56,
agentmark_rank_only,AgentMark-F rank-only linear top-10 surrogate,deepseek,ID,3,80,8,140,False,12,62,
agentmark_rank_only,AgentMark-F rank-only linear top-10 surrogate,deepseek,ID,3,80,9,140,False,7,56,
agentmark_rank_only,AgentMark-F rank-only linear top-10 surrogate,deepseek,ID,3,80,10,140,True,12,50,11001101
agentmark_rank_only,AgentMark-F rank-only linear top-10 surrogate,deepseek,ID,3,80,11,140,False,13,61,11101001
agentmark_rank_only,AgentMark-F rank-only linear top-10 surrogate,deepseek,ID,3,80,12,140,False,10,55,10011010
agentmark_rank_only,AgentMark-F rank-only linear top-10 surrogate,deepseek,ID,3,80,13,140,False,13,61,11101001
agentmark_rank_only,AgentMark-F rank-only linear top-10 surrogate,deepseek,ID,3,80,14,140,False,7,56,
agentmark_rank_only,AgentMark-F rank-only linear top-10 surrogate,deepseek,ID,3,80,15,140,False,12,62,
agentmark_rank_only,AgentMark-F rank-only linear top-10 surrogate,deepseek,ID,3,80,16,140,False,18,56,00011001
agentmark_rank_only,AgentMark-F rank-only linear top-10 surrogate,deepseek,ID,3,80,17,140,False,11,63,
agentmark_rank_only,AgentMark-F rank-only linear top-10 surrogate,deepseek,ID,3,80,18,140,False,10,49,
agentmark_rank_only,AgentMark-F rank-only linear top-10 surrogate,deepseek,ID,3,80,19,140,False,12,53,10011010
agentmark_rank_only,AgentMark-F rank-only linear top-10 surrogate,deepseek,ID,3,80,20,140,False,8,56,
agentmark_rank_only,AgentMark-F rank-only linear top-10 surrogate,deepseek,ID,3,80,21,140,False,9,49,00010001
agentmark_rank_only,AgentMark-F rank-only linear top-10 surrogate,deepseek,ID,3,80,22,140,False,15,59,10101110
agentmark_rank_only,AgentMark-F rank-only linear top-10 surrogate,deepseek,ID,3,80,23,140,False,20,54,10101111
agentmark_rank_only,AgentMark-F rank-only linear top-10 surrogate,deepseek,ID,3,80,24,140,True,16,49,11001101
agentmark_rank_only,AgentMark-F rank-only linear top-10 surrogate,deepseek,ID,3,80,25,140,False,18,56,01010100
agentmark_rank_only,AgentMark-F rank-only linear top-10 surrogate,deepseek,ID,3,80,26,140,False,9,53,10100100
agentmark_rank_only,AgentMark-F rank-only linear top-10 surrogate,deepseek,ID,3,80,27,140,False,13,61,11101001
agentmark_rank_only,AgentMark-F rank-only linear top-10 surrogate,deepseek,ID,3,80,28,140,False,14,60,10000001
agentmark_rank_only,AgentMark-F rank-only linear top-10 surrogate,deepseek,ID,3,80,29,140,False,9,56,10011010
agentmark_rank_only,AgentMark-F rank-only linear top-10 surrogate,deepseek,ID,3,80,30,140,False,20,54,11101001
agentmark_rank_only,AgentMark-F rank-only linear top-10 surrogate,deepseek,ID,3,80,31,140,False,7,54,
agentmark_rank_only,AgentMark-F rank-only linear top-10 surrogate,deepseek,ID,3,80,32,140,True,14,48,11001101
agentmark_rank_only,AgentMark-F rank-only linear top-10 surrogate,deepseek,ID,3,80,33,140,False,8,55,
agentmark_rank_only,AgentMark-F rank-only linear top-10 surrogate,deepseek,ID,3,80,34,140,False,14,60,01010100
agentmark_rank_only,AgentMark-F rank-only linear top-10 surrogate,deepseek,ID,3,80,35,140,False,21,53,11000111
agentmark_rank_only,AgentMark-F rank-only linear top-10 surrogate,deepseek,ID,3,80,36,140,False,11,63,
agentmark_rank_only,AgentMark-F rank-only linear top-10 surrogate,deepseek,ID,3,80,37,140,False,8,55,
agentmark_rank_only,AgentMark-F rank-only linear top-10 surrogate,deepseek,ID,3,80,38,140,False,13,51,10011010
agentmark_rank_only,AgentMark-F rank-only linear top-10 surrogate,deepseek,ID,3,80,39,140,True,16,49,11001101
agentmark_rank_only,AgentMark-F rank-only linear top-10 surrogate,deepseek,ID,3,80,40,140,False,19,55,10101111
agentmark_rank_only,AgentMark-F rank-only linear top-10 surrogate,deepseek,ID,3,80,41,140,False,18,56,11011111
agentmark_rank_only,AgentMark-F rank-only linear top-10 surrogate,deepseek,ID,3,80,42,140,False,11,63,
agentmark_rank_only,AgentMark-F rank-only linear top-10 surrogate,deepseek,ID,3,80,43,140,False,12,49,10011010
agentmark_rank_only,AgentMark-F rank-only linear top-10 surrogate,deepseek,ID,3,80,44,140,True,15,50,11001101
agentmark_rank_only,AgentMark-F rank-only linear top-10 surrogate,deepseek,ID,3,80,45,140,False,12,62,
agentmark_rank_only,AgentMark-F rank-only linear top-10 surrogate,deepseek,ID,3,80,46,140,False,8,54,11111000
agentmark_rank_only,AgentMark-F rank-only linear top-10 surrogate,deepseek,ID,3,80,47,140,False,14,50,10001001
agentmark_rank_only,AgentMark-F rank-only linear top-10 surrogate,deepseek,ID,3,80,48,140,False,12,62,10101110
agentmark_rank_only,AgentMark-F rank-only linear top-10 surrogate,deepseek,ID,3,80,49,140,False,10,51,
agentmark_rank_only,AgentMark-F rank-only linear top-10 surrogate,deepseek,ID,3,100,0,140,False,10,55,01111111
agentmark_rank_only,AgentMark-F rank-only linear top-10 surrogate,deepseek,ID,3,100,1,140,False,13,61,01010100
agentmark_rank_only,AgentMark-F rank-only linear top-10 surrogate,deepseek,ID,3,100,2,140,False,13,61,
agentmark_rank_only,AgentMark-F rank-only linear top-10 surrogate,deepseek,ID,3,100,3,140,False,13,61,
agentmark_rank_only,AgentMark-F rank-only linear top-10 surrogate,deepseek,ID,3,100,4,140,False,11,63,
agentmark_rank_only,AgentMark-F rank-only linear top-10 surrogate,deepseek,ID,3,100,5,140,False,12,62,
agentmark_rank_only,AgentMark-F rank-only linear top-10 surrogate,deepseek,ID,3,100,6,140,False,11,63,
agentmark_rank_only,AgentMark-F rank-only linear top-10 surrogate,deepseek,ID,3,100,7,140,False,10,55,00110000
agentmark_rank_only,AgentMark-F rank-only linear top-10 surrogate,deepseek,ID,3,100,8,140,False,12,62,
agentmark_rank_only,AgentMark-F rank-only linear top-10 surrogate,deepseek,ID,3,100,9,140,False,10,55,10011010
agentmark_rank_only,AgentMark-F rank-only linear top-10 surrogate,deepseek,ID,3,100,10,140,False,9,56,01111111
agentmark_rank_only,AgentMark-F rank-only linear top-10 surrogate,deepseek,ID,3,100,11,140,False,11,53,
agentmark_rank_only,AgentMark-F rank-only linear top-10 surrogate,deepseek,ID,3,100,12,140,False,13,61,01010100
agentmark_rank_only,AgentMark-F rank-only linear top-10 surrogate,deepseek,ID,3,100,13,140,False,13,61,
agentmark_rank_only,AgentMark-F rank-only linear top-10 surrogate,deepseek,ID,3,100,14,140,False,6,57,
agentmark_rank_only,AgentMark-F rank-only linear top-10 surrogate,deepseek,ID,3,100,15,140,False,13,61,
agentmark_rank_only,AgentMark-F rank-only linear top-10 surrogate,deepseek,ID,3,100,16,140,False,11,54,00110000
agentmark_rank_only,AgentMark-F rank-only linear top-10 surrogate,deepseek,ID,3,100,17,140,False,12,62,10101110
agentmark_rank_only,AgentMark-F rank-only linear top-10 surrogate,deepseek,ID,3,100,18,140,False,13,61,00110010
agentmark_rank_only,AgentMark-F rank-only linear top-10 surrogate,deepseek,ID,3,100,19,140,False,12,62,
agentmark_rank_only,AgentMark-F rank-only linear top-10 surrogate,deepseek,ID,3,100,20,140,False,6,52,
agentmark_rank_only,AgentMark-F rank-only linear top-10 surrogate,deepseek,ID,3,100,21,140,False,6,56,
agentmark_rank_only,AgentMark-F rank-only linear top-10 surrogate,deepseek,ID,3,100,22,140,False,10,54,
agentmark_rank_only,AgentMark-F rank-only linear top-10 surrogate,deepseek,ID,3,100,23,140,False,14,60,00011101
agentmark_rank_only,AgentMark-F rank-only linear top-10 surrogate,deepseek,ID,3,100,24,140,False,7,58,
agentmark_rank_only,AgentMark-F rank-only linear top-10 surrogate,deepseek,ID,3,100,25,140,False,16,58,01110100
agentmark_rank_only,AgentMark-F rank-only linear top-10 surrogate,deepseek,ID,3,100,26,140,False,11,63,
agentmark_rank_only,AgentMark-F rank-only linear top-10 surrogate,deepseek,ID,3,100,27,140,False,10,55,10011010
agentmark_rank_only,AgentMark-F rank-only linear top-10 surrogate,deepseek,ID,3,100,28,140,False,14,60,10000001
agentmark_rank_only,AgentMark-F rank-only linear top-10 surrogate,deepseek,ID,3,100,29,140,False,12,62,10101110
agentmark_rank_only,AgentMark-F rank-only linear top-10 surrogate,deepseek,ID,3,100,30,140,False,16,58,10101111
agentmark_rank_only,AgentMark-F rank-only linear top-10 surrogate,deepseek,ID,3,100,31,140,False,13,61,10101110
agentmark_rank_only,AgentMark-F rank-only linear top-10 surrogate,deepseek,ID,3,100,32,140,False,12,62,
agentmark_rank_only,AgentMark-F rank-only linear top-10 surrogate,deepseek,ID,3,100,33,140,False,8,57,
agentmark_rank_only,AgentMark-F rank-only linear top-10 surrogate,deepseek,ID,3,100,34,140,False,13,61,01000100
agentmark_rank_only,AgentMark-F rank-only linear top-10 surrogate,deepseek,ID,3,100,35,140,False,14,60,
agentmark_rank_only,AgentMark-F rank-only linear top-10 surrogate,deepseek,ID,3,100,36,140,False,17,57,00110010
agentmark_rank_only,AgentMark-F rank-only linear top-10 surrogate,deepseek,ID,3,100,37,140,False,10,55,10011010
agentmark_rank_only,AgentMark-F rank-only linear top-10 surrogate,deepseek,ID,3,100,38,140,False,17,57,11101001
agentmark_rank_only,AgentMark-F rank-only linear top-10 surrogate,deepseek,ID,3,100,39,140,False,11,63,
agentmark_rank_only,AgentMark-F rank-only linear top-10 surrogate,deepseek,ID,3,100,40,140,False,11,54,01111111
agentmark_rank_only,AgentMark-F rank-only linear top-10 surrogate,deepseek,ID,3,100,41,140,False,13,61,10101110
agentmark_rank_only,AgentMark-F rank-only linear top-10 surrogate,deepseek,ID,3,100,42,140,False,12,62,
agentmark_rank_only,AgentMark-F rank-only linear top-10 surrogate,deepseek,ID,3,100,43,140,False,8,57,10011010
agentmark_rank_only,AgentMark-F rank-only linear top-10 surrogate,deepseek,ID,3,100,44,140,False,13,61,11101001
agentmark_rank_only,AgentMark-F rank-only linear top-10 surrogate,deepseek,ID,3,100,45,140,False,16,58,10101111
agentmark_rank_only,AgentMark-F rank-only linear top-10 surrogate,deepseek,ID,3,100,46,140,False,8,54,
agentmark_rank_only,AgentMark-F rank-only linear top-10 surrogate,deepseek,ID,3,100,47,140,False,12,62,10101110
agentmark_rank_only,AgentMark-F rank-only linear top-10 surrogate,deepseek,ID,3,100,48,140,False,11,54,10011010
agentmark_rank_only,AgentMark-F rank-only linear top-10 surrogate,deepseek,ID,3,100,49,140,False,16,58,01110101
rank,AsymAgentMark-TK top-10 rank,deepseek,ID,1,1,0,280,False,1,0,
rank,AsymAgentMark-TK top-10 rank,deepseek,ID,1,1,1,280,True,15,0,11001101
rank,AsymAgentMark-TK top-10 rank,deepseek,ID,1,1,2,280,False,6,0,
rank,AsymAgentMark-TK top-10 rank,deepseek,ID,1,1,3,280,False,0,0,
rank,AsymAgentMark-TK top-10 rank,deepseek,ID,1,1,4,280,False,4,0,
rank,AsymAgentMark-TK top-10 rank,deepseek,ID,1,1,5,280,False,4,0,
rank,AsymAgentMark-TK top-10 rank,deepseek,ID,1,1,6,280,False,3,0,
rank,AsymAgentMark-TK top-10 rank,deepseek,ID,1,1,7,280,False,1,0,
rank,AsymAgentMark-TK top-10 rank,deepseek,ID,1,1,8,280,True,10,0,11001101
rank,AsymAgentMark-TK top-10 rank,deepseek,ID,1,1,9,280,False,0,0,
rank,AsymAgentMark-TK top-10 rank,deepseek,ID,1,1,10,280,False,6,0,
rank,AsymAgentMark-TK top-10 rank,deepseek,ID,1,1,11,280,False,4,0,
rank,AsymAgentMark-TK top-10 rank,deepseek,ID,1,1,12,280,False,1,0,
rank,AsymAgentMark-TK top-10 rank,deepseek,ID,1,1,13,280,False,2,0,
rank,AsymAgentMark-TK top-10 rank,deepseek,ID,1,1,14,280,False,2,0,
rank,AsymAgentMark-TK top-10 rank,deepseek,ID,1,1,15,280,False,4,0,
rank,AsymAgentMark-TK top-10 rank,deepseek,ID,1,1,16,280,False,0,0,
rank,AsymAgentMark-TK top-10 rank,deepseek,ID,1,1,17,280,False,2,0,
rank,AsymAgentMark-TK top-10 rank,deepseek,ID,1,1,18,280,False,4,0,
rank,AsymAgentMark-TK top-10 rank,deepseek,ID,1,1,19,280,False,3,0,
rank,AsymAgentMark-TK top-10 rank,deepseek,ID,1,1,20,280,False,6,0,
rank,AsymAgentMark-TK top-10 rank,deepseek,ID,1,1,21,280,False,11,0,11111100
rank,AsymAgentMark-TK top-10 rank,deepseek,ID,1,1,22,280,False,5,0,
rank,AsymAgentMark-TK top-10 rank,deepseek,ID,1,1,23,280,False,4,0,
rank,AsymAgentMark-TK top-10 rank,deepseek,ID,1,1,24,280,True,19,0,11001101
rank,AsymAgentMark-TK top-10 rank,deepseek,ID,1,1,25,280,False,5,0,
rank,AsymAgentMark-TK top-10 rank,deepseek,ID,1,1,26,280,False,0,0,
rank,AsymAgentMark-TK top-10 rank,deepseek,ID,1,1,27,280,False,1,0,
rank,AsymAgentMark-TK top-10 rank,deepseek,ID,1,1,28,280,False,1,0,
rank,AsymAgentMark-TK top-10 rank,deepseek,ID,1,1,29,280,False,4,0,
rank,AsymAgentMark-TK top-10 rank,deepseek,ID,1,1,30,280,False,2,0,
rank,AsymAgentMark-TK top-10 rank,deepseek,ID,1,1,31,280,False,6,0,
rank,AsymAgentMark-TK top-10 rank,deepseek,ID,1,1,32,280,False,5,0,
rank,AsymAgentMark-TK top-10 rank,deepseek,ID,1,1,33,280,False,2,0,
rank,AsymAgentMark-TK top-10 rank,deepseek,ID,1,1,34,280,False,3,0,
rank,AsymAgentMark-TK top-10 rank,deepseek,ID,1,1,35,280,False,0,0,
rank,AsymAgentMark-TK top-10 rank,deepseek,ID,1,1,36,280,False,4,0,
rank,AsymAgentMark-TK top-10 rank,deepseek,ID,1,1,37,280,False,12,0,01001101
rank,AsymAgentMark-TK top-10 rank,deepseek,ID,1,1,38,280,False,6,0,
rank,AsymAgentMark-TK top-10 rank,deepseek,ID,1,1,39,280,False,1,0,
rank,AsymAgentMark-TK top-10 rank,deepseek,ID,1,1,40,280,False,1,0,
rank,AsymAgentMark-TK top-10 rank,deepseek,ID,1,1,41,280,False,1,0,
rank,AsymAgentMark-TK top-10 rank,deepseek,ID,1,1,42,280,True,19,0,11001101
rank,AsymAgentMark-TK top-10 rank,deepseek,ID,1,1,43,280,False,0,0,
rank,AsymAgentMark-TK top-10 rank,deepseek,ID,1,1,44,280,False,3,0,
rank,AsymAgentMark-TK top-10 rank,deepseek,ID,1,1,45,280,False,4,0,
rank,AsymAgentMark-TK top-10 rank,deepseek,ID,1,1,46,280,False,3,0,
rank,AsymAgentMark-TK top-10 rank,deepseek,ID,1,1,47,280,False,0,0,
rank,AsymAgentMark-TK top-10 rank,deepseek,ID,1,1,48,280,False,8,0,
rank,AsymAgentMark-TK top-10 rank,deepseek,ID,1,1,49,280,False,10,0,00000111
rank,AsymAgentMark-TK top-10 rank,deepseek,ID,1,2,0,280,False,7,0,
rank,AsymAgentMark-TK top-10 rank,deepseek,ID,1,2,1,280,False,6,0,
rank,AsymAgentMark-TK top-10 rank,deepseek,ID,1,2,2,280,False,6,0,
rank,AsymAgentMark-TK top-10 rank,deepseek,ID,1,2,3,280,True,12,0,11001101
rank,AsymAgentMark-TK top-10 rank,deepseek,ID,1,2,4,280,False,3,0,
rank,AsymAgentMark-TK top-10 rank,deepseek,ID,1,2,5,280,False,7,0,
rank,AsymAgentMark-TK top-10 rank,deepseek,ID,1,2,6,280,False,5,0,
rank,AsymAgentMark-TK top-10 rank,deepseek,ID,1,2,7,280,False,12,0,11100000
rank,AsymAgentMark-TK top-10 rank,deepseek,ID,1,2,8,280,False,3,1,
rank,AsymAgentMark-TK top-10 rank,deepseek,ID,1,2,9,280,True,8,0,11001101
rank,AsymAgentMark-TK top-10 rank,deepseek,ID,1,2,10,280,True,22,0,11001101
rank,AsymAgentMark-TK top-10 rank,deepseek,ID,1,2,11,280,False,0,0,
rank,AsymAgentMark-TK top-10 rank,deepseek,ID,1,2,12,280,False,0,1,
rank,AsymAgentMark-TK top-10 rank,deepseek,ID,1,2,13,280,False,3,0,
rank,AsymAgentMark-TK top-10 rank,deepseek,ID,1,2,14,280,False,7,0,
rank,AsymAgentMark-TK top-10 rank,deepseek,ID,1,2,15,280,False,2,0,
rank,AsymAgentMark-TK top-10 rank,deepseek,ID,1,2,16,280,False,0,0,
rank,AsymAgentMark-TK top-10 rank,deepseek,ID,1,2,17,280,True,24,0,11001101
rank,AsymAgentMark-TK top-10 rank,deepseek,ID,1,2,18,280,False,8,0,
rank,AsymAgentMark-TK top-10 rank,deepseek,ID,1,2,19,280,True,9,0,11001101
rank,AsymAgentMark-TK top-10 rank,deepseek,ID,1,2,20,280,False,5,1,
rank,AsymAgentMark-TK top-10 rank,deepseek,ID,1,2,21,280,False,14,1,11100001
rank,AsymAgentMark-TK top-10 rank,deepseek,ID,1,2,22,280,False,3,0,
rank,AsymAgentMark-TK top-10 rank,deepseek,ID,1,2,23,280,False,1,0,
rank,AsymAgentMark-TK top-10 rank,deepseek,ID,1,2,24,280,False,10,0,10101000
rank,AsymAgentMark-TK top-10 rank,deepseek,ID,1,2,25,280,False,11,0,11000000
rank,AsymAgentMark-TK top-10 rank,deepseek,ID,1,2,26,280,False,12,0,01100010
rank,AsymAgentMark-TK top-10 rank,deepseek,ID,1,2,27,280,False,9,1,
rank,AsymAgentMark-TK top-10 rank,deepseek,ID,1,2,28,280,False,4,0,
rank,AsymAgentMark-TK top-10 rank,deepseek,ID,1,2,29,280,False,5,0,
rank,AsymAgentMark-TK top-10 rank,deepseek,ID,1,2,30,280,True,13,3,11001101
rank,AsymAgentMark-TK top-10 rank,deepseek,ID,1,2,31,280,False,1,0,
rank,AsymAgentMark-TK top-10 rank,deepseek,ID,1,2,32,280,False,6,1,
rank,AsymAgentMark-TK top-10 rank,deepseek,ID,1,2,33,280,False,2,0,
rank,AsymAgentMark-TK top-10 rank,deepseek,ID,1,2,34,280,True,9,0,11001101
rank,AsymAgentMark-TK top-10 rank,deepseek,ID,1,2,35,280,False,2,0,
rank,AsymAgentMark-TK top-10 rank,deepseek,ID,1,2,36,280,True,16,0,11001101
rank,AsymAgentMark-TK top-10 rank,deepseek,ID,1,2,37,280,True,10,0,11001101
rank,AsymAgentMark-TK top-10 rank,deepseek,ID,1,2,38,280,False,11,1,01101001
rank,AsymAgentMark-TK top-10 rank,deepseek,ID,1,2,39,280,False,1,0,
rank,AsymAgentMark-TK top-10 rank,deepseek,ID,1,2,40,280,False,10,0,00000111
rank,AsymAgentMark-TK top-10 rank,deepseek,ID,1,2,41,280,False,7,0,
rank,AsymAgentMark-TK top-10 rank,deepseek,ID,1,2,42,280,True,21,0,11001101
rank,AsymAgentMark-TK top-10 rank,deepseek,ID,1,2,43,280,False,5,0,
rank,AsymAgentMark-TK top-10 rank,deepseek,ID,1,2,44,280,False,6,0,
rank,AsymAgentMark-TK top-10 rank,deepseek,ID,1,2,45,280,False,6,0,
rank,AsymAgentMark-TK top-10 rank,deepseek,ID,1,2,46,280,False,7,0,
rank,AsymAgentMark-TK top-10 rank,deepseek,ID,1,2,47,280,False,7,0,
rank,AsymAgentMark-TK top-10 rank,deepseek,ID,1,2,48,280,False,12,0,11111101
rank,AsymAgentMark-TK top-10 rank,deepseek,ID,1,2,49,280,False,6,2,
rank,AsymAgentMark-TK top-10 rank,deepseek,ID,1,3,0,280,False,1,0,
rank,AsymAgentMark-TK top-10 rank,deepseek,ID,1,3,1,280,True,12,1,11001101
rank,AsymAgentMark-TK top-10 rank,deepseek,ID,1,3,2,280,True,9,1,11001101
rank,AsymAgentMark-TK top-10 rank,deepseek,ID,1,3,3,280,True,16,0,11001101
rank,AsymAgentMark-TK top-10 rank,deepseek,ID,1,3,4,280,False,11,0,11000101
rank,AsymAgentMark-TK top-10 rank,deepseek,ID,1,3,5,280,False,14,1,00111100
rank,AsymAgentMark-TK top-10 rank,deepseek,ID,1,3,6,280,False,9,4,
rank,AsymAgentMark-TK top-10 rank,deepseek,ID,1,3,7,280,False,1,0,
rank,AsymAgentMark-TK top-10 rank,deepseek,ID,1,3,8,280,False,6,2,
rank,AsymAgentMark-TK top-10 rank,deepseek,ID,1,3,9,280,False,5,0,
rank,AsymAgentMark-TK top-10 rank,deepseek,ID,1,3,10,280,False,2,1,
rank,AsymAgentMark-TK top-10 rank,deepseek,ID,1,3,11,280,False,5,1,
rank,AsymAgentMark-TK top-10 rank,deepseek,ID,1,3,12,280,False,5,0,
rank,AsymAgentMark-TK top-10 rank,deepseek,ID,1,3,13,280,False,6,0,
rank,AsymAgentMark-TK top-10 rank,deepseek,ID,1,3,14,280,False,10,1,11111100
rank,AsymAgentMark-TK top-10 rank,deepseek,ID,1,3,15,280,True,9,2,11001101
rank,AsymAgentMark-TK top-10 rank,deepseek,ID,1,3,16,280,True,20,1,11001101
rank,AsymAgentMark-TK top-10 rank,deepseek,ID,1,3,17,280,False,1,0,
rank,AsymAgentMark-TK top-10 rank,deepseek,ID,1,3,18,280,False,7,0,
rank,AsymAgentMark-TK top-10 rank,deepseek,ID,1,3,19,280,False,12,0,11111101
rank,AsymAgentMark-TK top-10 rank,deepseek,ID,1,3,20,280,False,1,1,
rank,AsymAgentMark-TK top-10 rank,deepseek,ID,1,3,21,280,False,6,0,
rank,AsymAgentMark-TK top-10 rank,deepseek,ID,1,3,22,280,True,9,1,11001101
rank,AsymAgentMark-TK top-10 rank,deepseek,ID,1,3,23,280,False,4,0,
rank,AsymAgentMark-TK top-10 rank,deepseek,ID,1,3,24,280,True,18,1,11001101
rank,AsymAgentMark-TK top-10 rank,deepseek,ID,1,3,25,280,False,6,0,
rank,AsymAgentMark-TK top-10 rank,deepseek,ID,1,3,26,280,True,13,1,11001101
rank,AsymAgentMark-TK top-10 rank,deepseek,ID,1,3,27,280,False,5,0,
rank,AsymAgentMark-TK top-10 rank,deepseek,ID,1,3,28,280,True,17,0,11001101
rank,AsymAgentMark-TK top-10 rank,deepseek,ID,1,3,29,280,False,8,0,
rank,AsymAgentMark-TK top-10 rank,deepseek,ID,1,3,30,280,True,12,1,11001101
rank,AsymAgentMark-TK top-10 rank,deepseek,ID,1,3,31,280,True,26,0,11001101
rank,AsymAgentMark-TK top-10 rank,deepseek,ID,1,3,32,280,False,1,0,
rank,AsymAgentMark-TK top-10 rank,deepseek,ID,1,3,33,280,False,6,0,
rank,AsymAgentMark-TK top-10 rank,deepseek,ID,1,3,34,280,True,20,2,11001101
rank,AsymAgentMark-TK top-10 rank,deepseek,ID,1,3,35,280,False,4,0,
rank,AsymAgentMark-TK top-10 rank,deepseek,ID,1,3,36,280,False,17,0,11001010
rank,AsymAgentMark-TK top-10 rank,deepseek,ID,1,3,37,280,True,26,0,11001101
rank,AsymAgentMark-TK top-10 rank,deepseek,ID,1,3,38,280,False,7,0,
rank,AsymAgentMark-TK top-10 rank,deepseek,ID,1,3,39,280,False,6,0,
rank,AsymAgentMark-TK top-10 rank,deepseek,ID,1,3,40,280,False,21,0,01110001
rank,AsymAgentMark-TK top-10 rank,deepseek,ID,1,3,41,280,True,19,0,11001101
rank,AsymAgentMark-TK top-10 rank,deepseek,ID,1,3,42,280,False,9,0,
rank,AsymAgentMark-TK top-10 rank,deepseek,ID,1,3,43,280,False,10,0,
rank,AsymAgentMark-TK top-10 rank,deepseek,ID,1,3,44,280,False,2,0,
rank,AsymAgentMark-TK top-10 rank,deepseek,ID,1,3,45,280,False,12,0,01110010
rank,AsymAgentMark-TK top-10 rank,deepseek,ID,1,3,46,280,False,7,0,
rank,AsymAgentMark-TK top-10 rank,deepseek,ID,1,3,47,280,True,10,0,11001101
rank,AsymAgentMark-TK top-10 rank,deepseek,ID,1,3,48,280,False,7,0,
rank,AsymAgentMark-TK top-10 rank,deepseek,ID,1,3,49,280,False,3,0,
rank,AsymAgentMark-TK top-10 rank,deepseek,ID,1,5,0,280,False,11,0,11111100
rank,AsymAgentMark-TK top-10 rank,deepseek,ID,1,5,1,280,True,27,0,11001101
rank,AsymAgentMark-TK top-10 rank,deepseek,ID,1,5,2,280,True,16,2,11001101
rank,AsymAgentMark-TK top-10 rank,deepseek,ID,1,5,3,280,False,14,0,11000010
rank,AsymAgentMark-TK top-10 rank,deepseek,ID,1,5,4,280,False,8,2,
rank,AsymAgentMark-TK top-10 rank,deepseek,ID,1,5,5,280,False,11,1,01111101
rank,AsymAgentMark-TK top-10 rank,deepseek,ID,1,5,6,280,False,19,1,00100110
rank,AsymAgentMark-TK top-10 rank,deepseek,ID,1,5,7,280,False,6,0,
rank,AsymAgentMark-TK top-10 rank,deepseek,ID,1,5,8,280,False,6,1,
rank,AsymAgentMark-TK top-10 rank,deepseek,ID,1,5,9,280,False,14,0,00010011
rank,AsymAgentMark-TK top-10 rank,deepseek,ID,1,5,10,280,False,21,5,11001010
rank,AsymAgentMark-TK top-10 rank,deepseek,ID,1,5,11,280,False,18,4,00000011
rank,AsymAgentMark-TK top-10 rank,deepseek,ID,1,5,12,280,False,6,0,
rank,AsymAgentMark-TK top-10 rank,deepseek,ID,1,5,13,280,False,2,2,
rank,AsymAgentMark-TK top-10 rank,deepseek,ID,1,5,14,280,False,3,0,
rank,AsymAgentMark-TK top-10 rank,deepseek,ID,1,5,15,280,False,12,1,00010110
rank,AsymAgentMark-TK top-10 rank,deepseek,ID,1,5,16,280,False,8,0,
rank,AsymAgentMark-TK top-10 rank,deepseek,ID,1,5,17,280,True,15,1,11001101
rank,AsymAgentMark-TK top-10 rank,deepseek,ID,1,5,18,280,True,11,3,11001101
rank,AsymAgentMark-TK top-10 rank,deepseek,ID,1,5,19,280,False,6,1,
rank,AsymAgentMark-TK top-10 rank,deepseek,ID,1,5,20,280,False,8,0,
rank,AsymAgentMark-TK top-10 rank,deepseek,ID,1,5,21,280,True,22,5,11001101
rank,AsymAgentMark-TK top-10 rank,deepseek,ID,1,5,22,280,True,14,2,11001101
rank,AsymAgentMark-TK top-10 rank,deepseek,ID,1,5,23,280,False,5,1,
rank,AsymAgentMark-TK top-10 rank,deepseek,ID,1,5,24,280,True,17,1,11001101
rank,AsymAgentMark-TK top-10 rank,deepseek,ID,1,5,25,280,True,18,4,11001101
rank,AsymAgentMark-TK top-10 rank,deepseek,ID,1,5,26,280,False,19,4,00111110
rank,AsymAgentMark-TK top-10 rank,deepseek,ID,1,5,27,280,False,5,2,
rank,AsymAgentMark-TK top-10 rank,deepseek,ID,1,5,28,280,False,11,1,01101110
rank,AsymAgentMark-TK top-10 rank,deepseek,ID,1,5,29,280,True,15,2,11001101
rank,AsymAgentMark-TK top-10 rank,deepseek,ID,1,5,30,280,False,15,0,11111101
rank,AsymAgentMark-TK top-10 rank,deepseek,ID,1,5,31,280,False,15,4,11001000
rank,AsymAgentMark-TK top-10 rank,deepseek,ID,1,5,32,280,False,25,0,11001010
rank,AsymAgentMark-TK top-10 rank,deepseek,ID,1,5,33,280,True,19,2,11001101
rank,AsymAgentMark-TK top-10 rank,deepseek,ID,1,5,34,280,False,10,2,11000000
rank,AsymAgentMark-TK top-10 rank,deepseek,ID,1,5,35,280,True,20,1,11001101
rank,AsymAgentMark-TK top-10 rank,deepseek,ID,1,5,36,280,False,9,1,
rank,AsymAgentMark-TK top-10 rank,deepseek,ID,1,5,37,280,True,25,0,11001101
rank,AsymAgentMark-TK top-10 rank,deepseek,ID,1,5,38,280,False,8,0,
rank,AsymAgentMark-TK top-10 rank,deepseek,ID,1,5,39,280,False,10,1,11011101
rank,AsymAgentMark-TK top-10 rank,deepseek,ID,1,5,40,280,True,8,1,11001101
rank,AsymAgentMark-TK top-10 rank,deepseek,ID,1,5,41,280,True,12,3,11001101
rank,AsymAgentMark-TK top-10 rank,deepseek,ID,1,5,42,280,False,3,0,
rank,AsymAgentMark-TK top-10 rank,deepseek,ID,1,5,43,280,True,16,1,11001101
rank,AsymAgentMark-TK top-10 rank,deepseek,ID,1,5,44,280,False,5,1,
rank,AsymAgentMark-TK top-10 rank,deepseek,ID,1,5,45,280,False,7,3,
rank,AsymAgentMark-TK top-10 rank,deepseek,ID,1,5,46,280,False,9,0,11001000
rank,AsymAgentMark-TK top-10 rank,deepseek,ID,1,5,47,280,True,13,3,11001101
rank,AsymAgentMark-TK top-10 rank,deepseek,ID,1,5,48,280,False,18,1,11000000
rank,AsymAgentMark-TK top-10 rank,deepseek,ID,1,5,49,280,True,11,1,11001101
rank,AsymAgentMark-TK top-10 rank,deepseek,ID,1,8,0,280,False,11,3,
rank,AsymAgentMark-TK top-10 rank,deepseek,ID,1,8,1,280,True,24,5,11001101
rank,AsymAgentMark-TK top-10 rank,deepseek,ID,1,8,2,280,False,22,2,00110011
rank,AsymAgentMark-TK top-10 rank,deepseek,ID,1,8,3,280,True,20,5,11001101
rank,AsymAgentMark-TK top-10 rank,deepseek,ID,1,8,4,280,True,16,1,11001101
rank,AsymAgentMark-TK top-10 rank,deepseek,ID,1,8,5,280,True,17,5,11001101
rank,AsymAgentMark-TK top-10 rank,deepseek,ID,1,8,6,280,True,25,3,11001101
rank,AsymAgentMark-TK top-10 rank,deepseek,ID,1,8,7,280,True,23,4,11001101
rank,AsymAgentMark-TK top-10 rank,deepseek,ID,1,8,8,280,True,14,10,11001101
rank,AsymAgentMark-TK top-10 rank,deepseek,ID,1,8,9,280,True,20,6,11001101
rank,AsymAgentMark-TK top-10 rank,deepseek,ID,1,8,10,280,False,5,1,
rank,AsymAgentMark-TK top-10 rank,deepseek,ID,1,8,11,280,False,14,7,00101001
rank,AsymAgentMark-TK top-10 rank,deepseek,ID,1,8,12,280,False,13,2,00111001
rank,AsymAgentMark-TK top-10 rank,deepseek,ID,1,8,13,280,False,19,3,11111010
rank,AsymAgentMark-TK top-10 rank,deepseek,ID,1,8,14,280,True,23,1,11001101
rank,AsymAgentMark-TK top-10 rank,deepseek,ID,1,8,15,280,False,29,2,11000101
rank,AsymAgentMark-TK top-10 rank,deepseek,ID,1,8,16,280,False,14,1,
rank,AsymAgentMark-TK top-10 rank,deepseek,ID,1,8,17,280,False,13,2,
rank,AsymAgentMark-TK top-10 rank,deepseek,ID,1,8,18,280,True,25,4,11001101
rank,AsymAgentMark-TK top-10 rank,deepseek,ID,1,8,19,280,False,15,1,00100001
rank,AsymAgentMark-TK top-10 rank,deepseek,ID,1,8,20,280,True,23,9,11001101
rank,AsymAgentMark-TK top-10 rank,deepseek,ID,1,8,21,280,True,18,4,11001101
rank,AsymAgentMark-TK top-10 rank,deepseek,ID,1,8,22,280,False,14,3,01101011
rank,AsymAgentMark-TK top-10 rank,deepseek,ID,1,8,23,280,False,5,3,
rank,AsymAgentMark-TK top-10 rank,deepseek,ID,1,8,24,280,False,8,7,
rank,AsymAgentMark-TK top-10 rank,deepseek,ID,1,8,25,280,True,12,3,11001101
rank,AsymAgentMark-TK top-10 rank,deepseek,ID,1,8,26,280,True,15,4,11001101
rank,AsymAgentMark-TK top-10 rank,deepseek,ID,1,8,27,280,False,9,2,
rank,AsymAgentMark-TK top-10 rank,deepseek,ID,1,8,28,280,False,15,2,00100011
rank,AsymAgentMark-TK top-10 rank,deepseek,ID,1,8,29,280,True,24,1,11001101
rank,AsymAgentMark-TK top-10 rank,deepseek,ID,1,8,30,280,False,23,4,11000000
rank,AsymAgentMark-TK top-10 rank,deepseek,ID,1,8,31,280,False,13,3,01110000
rank,AsymAgentMark-TK top-10 rank,deepseek,ID,1,8,32,280,False,22,1,11111000
rank,AsymAgentMark-TK top-10 rank,deepseek,ID,1,8,33,280,True,9,2,11001101
rank,AsymAgentMark-TK top-10 rank,deepseek,ID,1,8,34,280,False,6,4,
rank,AsymAgentMark-TK top-10 rank,deepseek,ID,1,8,35,280,False,14,1,11000101
rank,AsymAgentMark-TK top-10 rank,deepseek,ID,1,8,36,280,False,11,1,11001010
rank,AsymAgentMark-TK top-10 rank,deepseek,ID,1,8,37,280,True,21,6,11001101
rank,AsymAgentMark-TK top-10 rank,deepseek,ID,1,8,38,280,False,6,2,
rank,AsymAgentMark-TK top-10 rank,deepseek,ID,1,8,39,280,False,12,0,10010000
rank,AsymAgentMark-TK top-10 rank,deepseek,ID,1,8,40,280,True,11,5,11001101
rank,AsymAgentMark-TK top-10 rank,deepseek,ID,1,8,41,280,True,14,2,11001101
rank,AsymAgentMark-TK top-10 rank,deepseek,ID,1,8,42,280,False,24,4,00011110
rank,AsymAgentMark-TK top-10 rank,deepseek,ID,1,8,43,280,False,3,1,
rank,AsymAgentMark-TK top-10 rank,deepseek,ID,1,8,44,280,False,5,4,
rank,AsymAgentMark-TK top-10 rank,deepseek,ID,1,8,45,280,True,24,3,11001101
rank,AsymAgentMark-TK top-10 rank,deepseek,ID,1,8,46,280,False,2,1,
rank,AsymAgentMark-TK top-10 rank,deepseek,ID,1,8,47,280,True,19,6,11001101
rank,AsymAgentMark-TK top-10 rank,deepseek,ID,1,8,48,280,False,18,3,01110100
rank,AsymAgentMark-TK top-10 rank,deepseek,ID,1,8,49,280,False,13,2,11000010
rank,AsymAgentMark-TK top-10 rank,deepseek,ID,1,10,0,280,False,14,3,00101100
rank,AsymAgentMark-TK top-10 rank,deepseek,ID,1,10,1,280,True,13,6,11001101
rank,AsymAgentMark-TK top-10 rank,deepseek,ID,1,10,2,280,True,16,2,11001101
rank,AsymAgentMark-TK top-10 rank,deepseek,ID,1,10,3,280,False,9,3,01111010
rank,AsymAgentMark-TK top-10 rank,deepseek,ID,1,10,4,280,True,28,4,11001101
rank,AsymAgentMark-TK top-10 rank,deepseek,ID,1,10,5,280,True,11,3,11001101
rank,AsymAgentMark-TK top-10 rank,deepseek,ID,1,10,6,280,True,25,6,11001101
rank,AsymAgentMark-TK top-10 rank,deepseek,ID,1,10,7,280,False,6,2,
rank,AsymAgentMark-TK top-10 rank,deepseek,ID,1,10,8,280,True,23,1,11001101
rank,AsymAgentMark-TK top-10 rank,deepseek,ID,1,10,9,280,True,22,5,11001101
rank,AsymAgentMark-TK top-10 rank,deepseek,ID,1,10,10,280,True,15,4,11001101
rank,AsymAgentMark-TK top-10 rank,deepseek,ID,1,10,11,280,True,23,5,11001101
rank,AsymAgentMark-TK top-10 rank,deepseek,ID,1,10,12,280,True,16,5,11001101
rank,AsymAgentMark-TK top-10 rank,deepseek,ID,1,10,13,280,True,24,3,11001101
rank,AsymAgentMark-TK top-10 rank,deepseek,ID,1,10,14,280,False,9,2,
rank,AsymAgentMark-TK top-10 rank,deepseek,ID,1,10,15,280,True,19,5,11001101
rank,AsymAgentMark-TK top-10 rank,deepseek,ID,1,10,16,280,True,18,3,11001101
rank,AsymAgentMark-TK top-10 rank,deepseek,ID,1,10,17,280,True,15,5,11001101
rank,AsymAgentMark-TK top-10 rank,deepseek,ID,1,10,18,280,False,19,3,01110111
rank,AsymAgentMark-TK top-10 rank,deepseek,ID,1,10,19,280,False,4,5,
rank,AsymAgentMark-TK top-10 rank,deepseek,ID,1,10,20,280,True,19,6,11001101
rank,AsymAgentMark-TK top-10 rank,deepseek,ID,1,10,21,280,True,20,6,11001101
rank,AsymAgentMark-TK top-10 rank,deepseek,ID,1,10,22,280,True,20,6,11001101
rank,AsymAgentMark-TK top-10 rank,deepseek,ID,1,10,23,280,False,19,2,00101001
rank,AsymAgentMark-TK top-10 rank,deepseek,ID,1,10,24,280,True,19,2,11001101
rank,AsymAgentMark-TK top-10 rank,deepseek,ID,1,10,25,280,True,23,5,11001101
rank,AsymAgentMark-TK top-10 rank,deepseek,ID,1,10,26,280,True,15,3,11001101
rank,AsymAgentMark-TK top-10 rank,deepseek,ID,1,10,27,280,True,14,4,11001101
rank,AsymAgentMark-TK top-10 rank,deepseek,ID,1,10,28,280,False,11,5,
rank,AsymAgentMark-TK top-10 rank,deepseek,ID,1,10,29,280,False,13,4,00111001
rank,AsymAgentMark-TK top-10 rank,deepseek,ID,1,10,30,280,True,16,2,11001101
rank,AsymAgentMark-TK top-10 rank,deepseek,ID,1,10,31,280,False,12,2,00011011
rank,AsymAgentMark-TK top-10 rank,deepseek,ID,1,10,32,280,False,14,2,00011100
rank,AsymAgentMark-TK top-10 rank,deepseek,ID,1,10,33,280,False,13,4,10100101
rank,AsymAgentMark-TK top-10 rank,deepseek,ID,1,10,34,280,False,11,2,
rank,AsymAgentMark-TK top-10 rank,deepseek,ID,1,10,35,280,False,7,2,
rank,AsymAgentMark-TK top-10 rank,deepseek,ID,1,10,36,280,True,17,4,11001101
rank,AsymAgentMark-TK top-10 rank,deepseek,ID,1,10,37,280,True,12,2,11001101
rank,AsymAgentMark-TK top-10 rank,deepseek,ID,1,10,38,280,True,29,3,11001101
rank,AsymAgentMark-TK top-10 rank,deepseek,ID,1,10,39,280,True,17,5,11001101
rank,AsymAgentMark-TK top-10 rank,deepseek,ID,1,10,40,280,True,18,1,11001101
rank,AsymAgentMark-TK top-10 rank,deepseek,ID,1,10,41,280,False,22,6,01110011
rank,AsymAgentMark-TK top-10 rank,deepseek,ID,1,10,42,280,True,21,3,11001101
rank,AsymAgentMark-TK top-10 rank,deepseek,ID,1,10,43,280,False,13,2,11001111
rank,AsymAgentMark-TK top-10 rank,deepseek,ID,1,10,44,280,True,11,7,11001101
rank,AsymAgentMark-TK top-10 rank,deepseek,ID,1,10,45,280,False,22,7,11111011
rank,AsymAgentMark-TK top-10 rank,deepseek,ID,1,10,46,280,True,21,3,11001101
rank,AsymAgentMark-TK top-10 rank,deepseek,ID,1,10,47,280,True,17,3,11001101
rank,AsymAgentMark-TK top-10 rank,deepseek,ID,1,10,48,280,True,19,6,11001101
rank,AsymAgentMark-TK top-10 rank,deepseek,ID,1,10,49,280,True,19,1,11001101
rank,AsymAgentMark-TK top-10 rank,deepseek,ID,1,15,0,280,False,16,4,11000101
rank,AsymAgentMark-TK top-10 rank,deepseek,ID,1,15,1,280,True,18,8,11001101
rank,AsymAgentMark-TK top-10 rank,deepseek,ID,1,15,2,280,True,19,3,11001101
rank,AsymAgentMark-TK top-10 rank,deepseek,ID,1,15,3,280,True,21,10,11001101
rank,AsymAgentMark-TK top-10 rank,deepseek,ID,1,15,4,280,True,17,3,11001101
rank,AsymAgentMark-TK top-10 rank,deepseek,ID,1,15,5,280,True,26,7,11001101
rank,AsymAgentMark-TK top-10 rank,deepseek,ID,1,15,6,280,True,27,6,11001101
rank,AsymAgentMark-TK top-10 rank,deepseek,ID,1,15,7,280,True,9,7,11001101
rank,AsymAgentMark-TK top-10 rank,deepseek,ID,1,15,8,280,True,22,8,11001101
rank,AsymAgentMark-TK top-10 rank,deepseek,ID,1,15,9,280,True,24,3,11001101
rank,AsymAgentMark-TK top-10 rank,deepseek,ID,1,15,10,280,True,30,3,11001101
rank,AsymAgentMark-TK top-10 rank,deepseek,ID,1,15,11,280,True,12,9,11001101
rank,AsymAgentMark-TK top-10 rank,deepseek,ID,1,15,12,280,False,14,3,11110101
rank,AsymAgentMark-TK top-10 rank,deepseek,ID,1,15,13,280,False,15,5,10010000
rank,AsymAgentMark-TK top-10 rank,deepseek,ID,1,15,14,280,True,19,8,11001101
rank,AsymAgentMark-TK top-10 rank,deepseek,ID,1,15,15,280,True,18,5,11001101
rank,AsymAgentMark-TK top-10 rank,deepseek,ID,1,15,16,280,False,20,8,01110001
rank,AsymAgentMark-TK top-10 rank,deepseek,ID,1,15,17,280,False,15,12,01001101
rank,AsymAgentMark-TK top-10 rank,deepseek,ID,1,15,18,280,True,14,12,11001101
rank,AsymAgentMark-TK top-10 rank,deepseek,ID,1,15,19,280,True,24,5,11001101
rank,AsymAgentMark-TK top-10 rank,deepseek,ID,1,15,20,280,True,22,9,11001101
rank,AsymAgentMark-TK top-10 rank,deepseek,ID,1,15,21,280,True,15,7,11001101
rank,AsymAgentMark-TK top-10 rank,deepseek,ID,1,15,22,280,False,15,7,11110111
rank,AsymAgentMark-TK top-10 rank,deepseek,ID,1,15,23,280,True,22,7,11001101
rank,AsymAgentMark-TK top-10 rank,deepseek,ID,1,15,24,280,False,15,5,00000001
rank,AsymAgentMark-TK top-10 rank,deepseek,ID,1,15,25,280,True,15,1,11001101
rank,AsymAgentMark-TK top-10 rank,deepseek,ID,1,15,26,280,False,11,3,01110100
rank,AsymAgentMark-TK top-10 rank,deepseek,ID,1,15,27,280,True,29,5,11001101
rank,AsymAgentMark-TK top-10 rank,deepseek,ID,1,15,28,280,False,15,4,11000010
rank,AsymAgentMark-TK top-10 rank,deepseek,ID,1,15,29,280,True,25,6,11001101
rank,AsymAgentMark-TK top-10 rank,deepseek,ID,1,15,30,280,True,19,6,11001101
rank,AsymAgentMark-TK top-10 rank,deepseek,ID,1,15,31,280,True,25,6,11001101
rank,AsymAgentMark-TK top-10 rank,deepseek,ID,1,15,32,280,False,15,4,10010001
rank,AsymAgentMark-TK top-10 rank,deepseek,ID,1,15,33,280,True,21,2,11001101
rank,AsymAgentMark-TK top-10 rank,deepseek,ID,1,15,34,280,False,10,4,11000010
rank,AsymAgentMark-TK top-10 rank,deepseek,ID,1,15,35,280,True,24,3,11001101
rank,AsymAgentMark-TK top-10 rank,deepseek,ID,1,15,36,280,True,16,10,11001101
rank,AsymAgentMark-TK top-10 rank,deepseek,ID,1,15,37,280,True,20,6,11001101
rank,AsymAgentMark-TK top-10 rank,deepseek,ID,1,15,38,280,True,24,3,11001101
rank,AsymAgentMark-TK top-10 rank,deepseek,ID,1,15,39,280,True,13,3,11001101
rank,AsymAgentMark-TK top-10 rank,deepseek,ID,1,15,40,280,True,20,8,11001101
rank,AsymAgentMark-TK top-10 rank,deepseek,ID,1,15,41,280,True,16,2,11001101
rank,AsymAgentMark-TK top-10 rank,deepseek,ID,1,15,42,280,True,22,12,11001101
rank,AsymAgentMark-TK top-10 rank,deepseek,ID,1,15,43,280,True,30,3,11001101
rank,AsymAgentMark-TK top-10 rank,deepseek,ID,1,15,44,280,True,22,8,11001101
rank,AsymAgentMark-TK top-10 rank,deepseek,ID,1,15,45,280,True,25,9,11001101
rank,AsymAgentMark-TK top-10 rank,deepseek,ID,1,15,46,280,False,24,7,01111011
rank,AsymAgentMark-TK top-10 rank,deepseek,ID,1,15,47,280,True,14,5,11001101
rank,AsymAgentMark-TK top-10 rank,deepseek,ID,1,15,48,280,False,10,3,
rank,AsymAgentMark-TK top-10 rank,deepseek,ID,1,15,49,280,False,14,4,01111011
rank,AsymAgentMark-TK top-10 rank,deepseek,ID,1,20,0,280,True,11,9,11001101
rank,AsymAgentMark-TK top-10 rank,deepseek,ID,1,20,1,280,True,16,14,11001101
rank,AsymAgentMark-TK top-10 rank,deepseek,ID,1,20,2,280,True,26,9,11001101
rank,AsymAgentMark-TK top-10 rank,deepseek,ID,1,20,3,280,True,21,5,11001101
rank,AsymAgentMark-TK top-10 rank,deepseek,ID,1,20,4,280,True,31,6,11001101
rank,AsymAgentMark-TK top-10 rank,deepseek,ID,1,20,5,280,True,22,11,11001101
rank,AsymAgentMark-TK top-10 rank,deepseek,ID,1,20,6,280,True,24,8,11001101
rank,AsymAgentMark-TK top-10 rank,deepseek,ID,1,20,7,280,True,20,7,11001101
rank,AsymAgentMark-TK top-10 rank,deepseek,ID,1,20,8,280,True,19,9,11001101
rank,AsymAgentMark-TK top-10 rank,deepseek,ID,1,20,9,280,False,17,4,00011100
rank,AsymAgentMark-TK top-10 rank,deepseek,ID,1,20,10,280,True,15,13,11001101
rank,AsymAgentMark-TK top-10 rank,deepseek,ID,1,20,11,280,True,30,10,11001101
rank,AsymAgentMark-TK top-10 rank,deepseek,ID,1,20,12,280,True,24,8,11001101
rank,AsymAgentMark-TK top-10 rank,deepseek,ID,1,20,13,280,True,19,10,11001101
rank,AsymAgentMark-TK top-10 rank,deepseek,ID,1,20,14,280,True,16,11,11001101
rank,AsymAgentMark-TK top-10 rank,deepseek,ID,1,20,15,280,True,12,10,11001101
rank,AsymAgentMark-TK top-10 rank,deepseek,ID,1,20,16,280,True,21,4,11001101
rank,AsymAgentMark-TK top-10 rank,deepseek,ID,1,20,17,280,False,17,9,11001000
rank,AsymAgentMark-TK top-10 rank,deepseek,ID,1,20,18,280,True,18,9,11001101
rank,AsymAgentMark-TK top-10 rank,deepseek,ID,1,20,19,280,False,17,7,10010011
rank,AsymAgentMark-TK top-10 rank,deepseek,ID,1,20,20,280,False,20,4,11111101
rank,AsymAgentMark-TK top-10 rank,deepseek,ID,1,20,21,280,True,27,7,11001101
rank,AsymAgentMark-TK top-10 rank,deepseek,ID,1,20,22,280,False,17,11,01000001
rank,AsymAgentMark-TK top-10 rank,deepseek,ID,1,20,23,280,True,22,7,11001101
rank,AsymAgentMark-TK top-10 rank,deepseek,ID,1,20,24,280,True,29,7,11001101
rank,AsymAgentMark-TK top-10 rank,deepseek,ID,1,20,25,280,True,19,7,11001101
rank,AsymAgentMark-TK top-10 rank,deepseek,ID,1,20,26,280,True,17,10,11001101
rank,AsymAgentMark-TK top-10 rank,deepseek,ID,1,20,27,280,False,11,8,10100010
rank,AsymAgentMark-TK top-10 rank,deepseek,ID,1,20,28,280,True,27,7,11001101
rank,AsymAgentMark-TK top-10 rank,deepseek,ID,1,20,29,280,True,19,7,11001101
rank,AsymAgentMark-TK top-10 rank,deepseek,ID,1,20,30,280,True,13,7,11001101
rank,AsymAgentMark-TK top-10 rank,deepseek,ID,1,20,31,280,True,25,2,11001101
rank,AsymAgentMark-TK top-10 rank,deepseek,ID,1,20,32,280,True,16,12,11001101
rank,AsymAgentMark-TK top-10 rank,deepseek,ID,1,20,33,280,False,14,12,10011010
rank,AsymAgentMark-TK top-10 rank,deepseek,ID,1,20,34,280,False,16,9,10100000
rank,AsymAgentMark-TK top-10 rank,deepseek,ID,1,20,35,280,True,19,14,11001101
rank,AsymAgentMark-TK top-10 rank,deepseek,ID,1,20,36,280,True,14,8,11001101
rank,AsymAgentMark-TK top-10 rank,deepseek,ID,1,20,37,280,True,19,11,11001101
rank,AsymAgentMark-TK top-10 rank,deepseek,ID,1,20,38,280,False,16,7,00110001
rank,AsymAgentMark-TK top-10 rank,deepseek,ID,1,20,39,280,False,12,3,11110101
rank,AsymAgentMark-TK top-10 rank,deepseek,ID,1,20,40,280,True,8,6,11001101
rank,AsymAgentMark-TK top-10 rank,deepseek,ID,1,20,41,280,False,20,5,11111101
rank,AsymAgentMark-TK top-10 rank,deepseek,ID,1,20,42,280,True,23,5,11001101
rank,AsymAgentMark-TK top-10 rank,deepseek,ID,1,20,43,280,True,18,9,11001101
rank,AsymAgentMark-TK top-10 rank,deepseek,ID,1,20,44,280,True,29,8,11001101
rank,AsymAgentMark-TK top-10 rank,deepseek,ID,1,20,45,280,True,17,6,11001101
rank,AsymAgentMark-TK top-10 rank,deepseek,ID,1,20,46,280,False,25,8,00111110
rank,AsymAgentMark-TK top-10 rank,deepseek,ID,1,20,47,280,True,13,9,11001101
rank,AsymAgentMark-TK top-10 rank,deepseek,ID,1,20,48,280,True,18,7,11001101
rank,AsymAgentMark-TK top-10 rank,deepseek,ID,1,20,49,280,False,25,6,11001111
rank,AsymAgentMark-TK top-10 rank,deepseek,ID,1,30,0,280,True,16,7,11001101
rank,AsymAgentMark-TK top-10 rank,deepseek,ID,1,30,1,280,True,17,11,11001101
rank,AsymAgentMark-TK top-10 rank,deepseek,ID,1,30,2,280,True,20,15,11001101
rank,AsymAgentMark-TK top-10 rank,deepseek,ID,1,30,3,280,True,16,12,11001101
rank,AsymAgentMark-TK top-10 rank,deepseek,ID,1,30,4,280,True,23,9,11001101
rank,AsymAgentMark-TK top-10 rank,deepseek,ID,1,30,5,280,True,22,9,11001101
rank,AsymAgentMark-TK top-10 rank,deepseek,ID,1,30,6,280,True,21,12,11001101
rank,AsymAgentMark-TK top-10 rank,deepseek,ID,1,30,7,280,True,21,13,11001101
rank,AsymAgentMark-TK top-10 rank,deepseek,ID,1,30,8,280,True,21,10,11001101
rank,AsymAgentMark-TK top-10 rank,deepseek,ID,1,30,9,280,True,19,10,11001101
rank,AsymAgentMark-TK top-10 rank,deepseek,ID,1,30,10,280,True,22,10,11001101
rank,AsymAgentMark-TK top-10 rank,deepseek,ID,1,30,11,280,False,20,12,01100101
rank,AsymAgentMark-TK top-10 rank,deepseek,ID,1,30,12,280,False,20,14,00100011
rank,AsymAgentMark-TK top-10 rank,deepseek,ID,1,30,13,280,True,16,10,11001101
rank,AsymAgentMark-TK top-10 rank,deepseek,ID,1,30,14,280,True,20,10,11001101
rank,AsymAgentMark-TK top-10 rank,deepseek,ID,1,30,15,280,True,14,13,11001101
rank,AsymAgentMark-TK top-10 rank,deepseek,ID,1,30,16,280,True,25,6,11001101
rank,AsymAgentMark-TK top-10 rank,deepseek,ID,1,30,17,280,True,20,10,11001101
rank,AsymAgentMark-TK top-10 rank,deepseek,ID,1,30,18,280,False,9,10,
rank,AsymAgentMark-TK top-10 rank,deepseek,ID,1,30,19,280,True,27,5,11001101
rank,AsymAgentMark-TK top-10 rank,deepseek,ID,1,30,20,280,True,19,16,11001101
rank,AsymAgentMark-TK top-10 rank,deepseek,ID,1,30,21,280,True,21,13,11001101
rank,AsymAgentMark-TK top-10 rank,deepseek,ID,1,30,22,280,True,17,14,11001101
rank,AsymAgentMark-TK top-10 rank,deepseek,ID,1,30,23,280,True,24,6,11001101
rank,AsymAgentMark-TK top-10 rank,deepseek,ID,1,30,24,280,True,29,6,11001101
rank,AsymAgentMark-TK top-10 rank,deepseek,ID,1,30,25,280,False,21,12,10010000
rank,AsymAgentMark-TK top-10 rank,deepseek,ID,1,30,26,280,True,20,11,11001101
rank,AsymAgentMark-TK top-10 rank,deepseek,ID,1,30,27,280,True,21,16,11001101
rank,AsymAgentMark-TK top-10 rank,deepseek,ID,1,30,28,280,False,11,6,11001010
rank,AsymAgentMark-TK top-10 rank,deepseek,ID,1,30,29,280,True,19,12,11001101
rank,AsymAgentMark-TK top-10 rank,deepseek,ID,1,30,30,280,True,22,11,11001101
rank,AsymAgentMark-TK top-10 rank,deepseek,ID,1,30,31,280,True,22,12,11001101
rank,AsymAgentMark-TK top-10 rank,deepseek,ID,1,30,32,280,True,21,9,11001101
rank,AsymAgentMark-TK top-10 rank,deepseek,ID,1,30,33,280,True,18,11,11001101
rank,AsymAgentMark-TK top-10 rank,deepseek,ID,1,30,34,280,True,19,10,11001101
rank,AsymAgentMark-TK top-10 rank,deepseek,ID,1,30,35,280,False,19,16,11110100
rank,AsymAgentMark-TK top-10 rank,deepseek,ID,1,30,36,280,True,32,2,11001101
rank,AsymAgentMark-TK top-10 rank,deepseek,ID,1,30,37,280,True,23,12,11001101
rank,AsymAgentMark-TK top-10 rank,deepseek,ID,1,30,38,280,True,16,14,11001101
rank,AsymAgentMark-TK top-10 rank,deepseek,ID,1,30,39,280,True,21,14,11001101
rank,AsymAgentMark-TK top-10 rank,deepseek,ID,1,30,40,280,True,13,11,11001101
rank,AsymAgentMark-TK top-10 rank,deepseek,ID,1,30,41,280,True,23,11,11001101
rank,AsymAgentMark-TK top-10 rank,deepseek,ID,1,30,42,280,True,17,17,11001101
rank,AsymAgentMark-TK top-10 rank,deepseek,ID,1,30,43,280,True,16,11,11001101
rank,AsymAgentMark-TK top-10 rank,deepseek,ID,1,30,44,280,False,19,9,01100110
rank,AsymAgentMark-TK top-10 rank,deepseek,ID,1,30,45,280,True,28,8,11001101
rank,AsymAgentMark-TK top-10 rank,deepseek,ID,1,30,46,280,True,17,18,11001101
rank,AsymAgentMark-TK top-10 rank,deepseek,ID,1,30,47,280,False,13,9,01110101
rank,AsymAgentMark-TK top-10 rank,deepseek,ID,1,30,48,280,True,19,11,11001101
rank,AsymAgentMark-TK top-10 rank,deepseek,ID,1,30,49,280,True,28,11,11001101
rank,AsymAgentMark-TK top-10 rank,deepseek,ID,1,50,0,280,False,16,13,11111100
rank,AsymAgentMark-TK top-10 rank,deepseek,ID,1,50,1,280,False,14,17,00001111
rank,AsymAgentMark-TK top-10 rank,deepseek,ID,1,50,2,280,True,22,9,11001101
rank,AsymAgentMark-TK top-10 rank,deepseek,ID,1,50,3,280,True,19,13,11001101
rank,AsymAgentMark-TK top-10 rank,deepseek,ID,1,50,4,280,True,22,12,11001101
rank,AsymAgentMark-TK top-10 rank,deepseek,ID,1,50,5,280,True,16,12,11001101
rank,AsymAgentMark-TK top-10 rank,deepseek,ID,1,50,6,280,True,18,18,11001101
rank,AsymAgentMark-TK top-10 rank,deepseek,ID,1,50,7,280,True,20,15,11001101
rank,AsymAgentMark-TK top-10 rank,deepseek,ID,1,50,8,280,True,24,16,11001101
rank,AsymAgentMark-TK top-10 rank,deepseek,ID,1,50,9,280,True,19,15,11001101
rank,AsymAgentMark-TK top-10 rank,deepseek,ID,1,50,10,280,True,23,11,11001101
rank,AsymAgentMark-TK top-10 rank,deepseek,ID,1,50,11,280,False,12,18,01011000
rank,AsymAgentMark-TK top-10 rank,deepseek,ID,1,50,12,280,True,22,15,11001101
rank,AsymAgentMark-TK top-10 rank,deepseek,ID,1,50,13,280,True,17,15,11001101
rank,AsymAgentMark-TK top-10 rank,deepseek,ID,1,50,14,280,True,23,11,11001101
rank,AsymAgentMark-TK top-10 rank,deepseek,ID,1,50,15,280,False,10,26,
rank,AsymAgentMark-TK top-10 rank,deepseek,ID,1,50,16,280,True,27,14,11001101
rank,AsymAgentMark-TK top-10 rank,deepseek,ID,1,50,17,280,True,20,19,11001101
rank,AsymAgentMark-TK top-10 rank,deepseek,ID,1,50,18,280,False,18,20,11000001
rank,AsymAgentMark-TK top-10 rank,deepseek,ID,1,50,19,280,True,22,12,11001101
rank,AsymAgentMark-TK top-10 rank,deepseek,ID,1,50,20,280,True,19,18,11001101
rank,AsymAgentMark-TK top-10 rank,deepseek,ID,1,50,21,280,False,20,15,11010100
rank,AsymAgentMark-TK top-10 rank,deepseek,ID,1,50,22,280,True,21,14,11001101
rank,AsymAgentMark-TK top-10 rank,deepseek,ID,1,50,23,280,True,24,15,11001101
rank,AsymAgentMark-TK top-10 rank,deepseek,ID,1,50,24,280,False,19,18,10011010
rank,AsymAgentMark-TK top-10 rank,deepseek,ID,1,50,25,280,False,14,19,00001101
rank,AsymAgentMark-TK top-10 rank,deepseek,ID,1,50,26,280,True,13,17,11001101
rank,AsymAgentMark-TK top-10 rank,deepseek,ID,1,50,27,280,False,10,18,
rank,AsymAgentMark-TK top-10 rank,deepseek,ID,1,50,28,280,True,18,17,11001101
rank,AsymAgentMark-TK top-10 rank,deepseek,ID,1,50,29,280,True,20,14,11001101
rank,AsymAgentMark-TK top-10 rank,deepseek,ID,1,50,30,280,False,17,15,11000001
rank,AsymAgentMark-TK top-10 rank,deepseek,ID,1,50,31,280,True,24,12,11001101
rank,AsymAgentMark-TK top-10 rank,deepseek,ID,1,50,32,280,True,23,14,11001101
rank,AsymAgentMark-TK top-10 rank,deepseek,ID,1,50,33,280,True,23,15,11001101
rank,AsymAgentMark-TK top-10 rank,deepseek,ID,1,50,34,280,True,15,11,11001101
rank,AsymAgentMark-TK top-10 rank,deepseek,ID,1,50,35,280,True,20,18,11001101
rank,AsymAgentMark-TK top-10 rank,deepseek,ID,1,50,36,280,True,21,11,11001101
rank,AsymAgentMark-TK top-10 rank,deepseek,ID,1,50,37,280,False,23,17,10101100
rank,AsymAgentMark-TK top-10 rank,deepseek,ID,1,50,38,280,True,24,13,11001101
rank,AsymAgentMark-TK top-10 rank,deepseek,ID,1,50,39,280,True,20,11,11001101
rank,AsymAgentMark-TK top-10 rank,deepseek,ID,1,50,40,280,True,18,20,11001101
rank,AsymAgentMark-TK top-10 rank,deepseek,ID,1,50,41,280,True,20,19,11001101
rank,AsymAgentMark-TK top-10 rank,deepseek,ID,1,50,42,280,True,17,21,11001101
rank,AsymAgentMark-TK top-10 rank,deepseek,ID,1,50,43,280,True,23,13,11001101
rank,AsymAgentMark-TK top-10 rank,deepseek,ID,1,50,44,280,True,16,12,11001101
rank,AsymAgentMark-TK top-10 rank,deepseek,ID,1,50,45,280,True,19,12,11001101
rank,AsymAgentMark-TK top-10 rank,deepseek,ID,1,50,46,280,True,24,11,11001101
rank,AsymAgentMark-TK top-10 rank,deepseek,ID,1,50,47,280,True,22,16,11001101
rank,AsymAgentMark-TK top-10 rank,deepseek,ID,1,50,48,280,True,22,14,11001101
rank,AsymAgentMark-TK top-10 rank,deepseek,ID,1,50,49,280,True,17,22,11001101
rank,AsymAgentMark-TK top-10 rank,deepseek,ID,1,80,0,280,True,16,24,11001101
rank,AsymAgentMark-TK top-10 rank,deepseek,ID,1,80,1,280,True,18,24,11001101
rank,AsymAgentMark-TK top-10 rank,deepseek,ID,1,80,2,280,True,23,16,11001101
rank,AsymAgentMark-TK top-10 rank,deepseek,ID,1,80,3,280,True,18,19,11001101
rank,AsymAgentMark-TK top-10 rank,deepseek,ID,1,80,4,280,False,14,21,11000001
rank,AsymAgentMark-TK top-10 rank,deepseek,ID,1,80,5,280,True,21,25,11001101
rank,AsymAgentMark-TK top-10 rank,deepseek,ID,1,80,6,280,True,27,16,11001101
rank,AsymAgentMark-TK top-10 rank,deepseek,ID,1,80,7,280,True,19,22,11001101
rank,AsymAgentMark-TK top-10 rank,deepseek,ID,1,80,8,280,False,9,24,01111010
rank,AsymAgentMark-TK top-10 rank,deepseek,ID,1,80,9,280,False,14,25,00110000
rank,AsymAgentMark-TK top-10 rank,deepseek,ID,1,80,10,280,False,13,26,00001101
rank,AsymAgentMark-TK top-10 rank,deepseek,ID,1,80,11,280,True,20,25,11001101
rank,AsymAgentMark-TK top-10 rank,deepseek,ID,1,80,12,280,True,24,23,11001101
rank,AsymAgentMark-TK top-10 rank,deepseek,ID,1,80,13,280,False,16,21,01101001
rank,AsymAgentMark-TK top-10 rank,deepseek,ID,1,80,14,280,True,20,21,11001101
rank,AsymAgentMark-TK top-10 rank,deepseek,ID,1,80,15,280,True,21,16,11001101
rank,AsymAgentMark-TK top-10 rank,deepseek,ID,1,80,16,280,True,16,20,11001101
rank,AsymAgentMark-TK top-10 rank,deepseek,ID,1,80,17,280,False,15,23,00001101
rank,AsymAgentMark-TK top-10 rank,deepseek,ID,1,80,18,280,False,15,25,00001101
rank,AsymAgentMark-TK top-10 rank,deepseek,ID,1,80,19,280,True,16,20,11001101
rank,AsymAgentMark-TK top-10 rank,deepseek,ID,1,80,20,280,True,17,22,11001101
rank,AsymAgentMark-TK top-10 rank,deepseek,ID,1,80,21,280,False,10,23,00011110
rank,AsymAgentMark-TK top-10 rank,deepseek,ID,1,80,22,280,False,17,21,11100011
rank,AsymAgentMark-TK top-10 rank,deepseek,ID,1,80,23,280,False,10,23,10011000
rank,AsymAgentMark-TK top-10 rank,deepseek,ID,1,80,24,280,False,18,24,11000001
rank,AsymAgentMark-TK top-10 rank,deepseek,ID,1,80,25,280,True,16,21,11001101
rank,AsymAgentMark-TK top-10 rank,deepseek,ID,1,80,26,280,False,18,25,00101100
rank,AsymAgentMark-TK top-10 rank,deepseek,ID,1,80,27,280,True,19,18,11001101
rank,AsymAgentMark-TK top-10 rank,deepseek,ID,1,80,28,280,True,19,19,11001101
rank,AsymAgentMark-TK top-10 rank,deepseek,ID,1,80,29,280,False,17,22,11100011
rank,AsymAgentMark-TK top-10 rank,deepseek,ID,1,80,30,280,True,15,21,11001101
rank,AsymAgentMark-TK top-10 rank,deepseek,ID,1,80,31,280,True,16,23,11001101
rank,AsymAgentMark-TK top-10 rank,deepseek,ID,1,80,32,280,False,16,24,01000001
rank,AsymAgentMark-TK top-10 rank,deepseek,ID,1,80,33,280,True,11,22,11001101
rank,AsymAgentMark-TK top-10 rank,deepseek,ID,1,80,34,280,False,15,27,00100011
rank,AsymAgentMark-TK top-10 rank,deepseek,ID,1,80,35,280,False,18,18,01001000
rank,AsymAgentMark-TK top-10 rank,deepseek,ID,1,80,36,280,True,13,21,11001101
rank,AsymAgentMark-TK top-10 rank,deepseek,ID,1,80,37,280,True,23,20,11001101
rank,AsymAgentMark-TK top-10 rank,deepseek,ID,1,80,38,280,False,12,24,00101100
rank,AsymAgentMark-TK top-10 rank,deepseek,ID,1,80,39,280,True,26,20,11001101
rank,AsymAgentMark-TK top-10 rank,deepseek,ID,1,80,40,280,False,13,25,01011101
rank,AsymAgentMark-TK top-10 rank,deepseek,ID,1,80,41,280,False,20,23,00100011
rank,AsymAgentMark-TK top-10 rank,deepseek,ID,1,80,42,280,False,20,20,00110100
rank,AsymAgentMark-TK top-10 rank,deepseek,ID,1,80,43,280,False,13,25,00011110
rank,AsymAgentMark-TK top-10 rank,deepseek,ID,1,80,44,280,True,17,25,11001101
rank,AsymAgentMark-TK top-10 rank,deepseek,ID,1,80,45,280,True,20,16,11001101
rank,AsymAgentMark-TK top-10 rank,deepseek,ID,1,80,46,280,True,17,17,11001101
rank,AsymAgentMark-TK top-10 rank,deepseek,ID,1,80,47,280,True,20,22,11001101
rank,AsymAgentMark-TK top-10 rank,deepseek,ID,1,80,48,280,True,18,22,11001101
rank,AsymAgentMark-TK top-10 rank,deepseek,ID,1,80,49,280,False,20,22,10001000
rank,AsymAgentMark-TK top-10 rank,deepseek,ID,1,100,0,280,True,17,23,11001101
rank,AsymAgentMark-TK top-10 rank,deepseek,ID,1,100,1,280,True,21,22,11001101
rank,AsymAgentMark-TK top-10 rank,deepseek,ID,1,100,2,280,True,17,22,11001101
rank,AsymAgentMark-TK top-10 rank,deepseek,ID,1,100,3,280,True,17,22,11001101
rank,AsymAgentMark-TK top-10 rank,deepseek,ID,1,100,4,280,True,22,23,11001101
rank,AsymAgentMark-TK top-10 rank,deepseek,ID,1,100,5,280,False,21,23,00010001
rank,AsymAgentMark-TK top-10 rank,deepseek,ID,1,100,6,280,True,22,24,11001101
rank,AsymAgentMark-TK top-10 rank,deepseek,ID,1,100,7,280,True,13,26,11001101
rank,AsymAgentMark-TK top-10 rank,deepseek,ID,1,100,8,280,False,7,23,
rank,AsymAgentMark-TK top-10 rank,deepseek,ID,1,100,9,280,False,14,29,00110000
rank,AsymAgentMark-TK top-10 rank,deepseek,ID,1,100,10,280,True,16,23,11001101
rank,AsymAgentMark-TK top-10 rank,deepseek,ID,1,100,11,280,True,17,26,11001101
rank,AsymAgentMark-TK top-10 rank,deepseek,ID,1,100,12,280,False,21,24,11000001
rank,AsymAgentMark-TK top-10 rank,deepseek,ID,1,100,13,280,True,13,27,11001101
rank,AsymAgentMark-TK top-10 rank,deepseek,ID,1,100,14,280,False,16,24,11100011
rank,AsymAgentMark-TK top-10 rank,deepseek,ID,1,100,15,280,True,21,22,11001101
rank,AsymAgentMark-TK top-10 rank,deepseek,ID,1,100,16,280,False,13,25,00100011
rank,AsymAgentMark-TK top-10 rank,deepseek,ID,1,100,17,280,False,13,31,10001011
rank,AsymAgentMark-TK top-10 rank,deepseek,ID,1,100,18,280,True,19,21,11001101
rank,AsymAgentMark-TK top-10 rank,deepseek,ID,1,100,19,280,False,13,25,01001000
rank,AsymAgentMark-TK top-10 rank,deepseek,ID,1,100,20,280,True,18,20,11001101
rank,AsymAgentMark-TK top-10 rank,deepseek,ID,1,100,21,280,True,14,25,11001101
rank,AsymAgentMark-TK top-10 rank,deepseek,ID,1,100,22,280,False,10,25,00101100
rank,AsymAgentMark-TK top-10 rank,deepseek,ID,1,100,23,280,False,17,24,01110110
rank,AsymAgentMark-TK top-10 rank,deepseek,ID,1,100,24,280,False,18,25,00001101
rank,AsymAgentMark-TK top-10 rank,deepseek,ID,1,100,25,280,True,20,18,11001101
rank,AsymAgentMark-TK top-10 rank,deepseek,ID,1,100,26,280,False,18,27,00111111
rank,AsymAgentMark-TK top-10 rank,deepseek,ID,1,100,27,280,False,17,25,11100011
rank,AsymAgentMark-TK top-10 rank,deepseek,ID,1,100,28,280,True,20,17,11001101
rank,AsymAgentMark-TK top-10 rank,deepseek,ID,1,100,29,280,False,15,29,10110110
rank,AsymAgentMark-TK top-10 rank,deepseek,ID,1,100,30,280,False,10,24,10010111
rank,AsymAgentMark-TK top-10 rank,deepseek,ID,1,100,31,280,False,17,26,01011000
rank,AsymAgentMark-TK top-10 rank,deepseek,ID,1,100,32,280,True,17,15,11001101
rank,AsymAgentMark-TK top-10 rank,deepseek,ID,1,100,33,280,True,17,18,11001101
rank,AsymAgentMark-TK top-10 rank,deepseek,ID,1,100,34,280,True,18,23,11001101
rank,AsymAgentMark-TK top-10 rank,deepseek,ID,1,100,35,280,False,17,25,01000100
rank,AsymAgentMark-TK top-10 rank,deepseek,ID,1,100,36,280,False,19,26,11101111
rank,AsymAgentMark-TK top-10 rank,deepseek,ID,1,100,37,280,False,14,26,00011110
rank,AsymAgentMark-TK top-10 rank,deepseek,ID,1,100,38,280,False,17,25,00101100
rank,AsymAgentMark-TK top-10 rank,deepseek,ID,1,100,39,280,True,22,20,11001101
rank,AsymAgentMark-TK top-10 rank,deepseek,ID,1,100,40,280,False,11,22,
rank,AsymAgentMark-TK top-10 rank,deepseek,ID,1,100,41,280,False,14,26,10101001
rank,AsymAgentMark-TK top-10 rank,deepseek,ID,1,100,42,280,True,12,25,11001101
rank,AsymAgentMark-TK top-10 rank,deepseek,ID,1,100,43,280,False,21,23,00111100
rank,AsymAgentMark-TK top-10 rank,deepseek,ID,1,100,44,280,False,15,27,10110110
rank,AsymAgentMark-TK top-10 rank,deepseek,ID,1,100,45,280,False,15,25,01101010
rank,AsymAgentMark-TK top-10 rank,deepseek,ID,1,100,46,280,False,17,26,00000010
rank,AsymAgentMark-TK top-10 rank,deepseek,ID,1,100,47,280,False,20,24,11111111
rank,AsymAgentMark-TK top-10 rank,deepseek,ID,1,100,48,280,True,18,22,11001101
rank,AsymAgentMark-TK top-10 rank,deepseek,ID,1,100,49,280,True,19,23,11001101
rank,AsymAgentMark-TK top-10 rank,deepseek,ID,2,1,0,280,False,0,0,
rank,AsymAgentMark-TK top-10 rank,deepseek,ID,2,1,1,280,False,10,0,11111101
rank,AsymAgentMark-TK top-10 rank,deepseek,ID,2,1,2,280,False,2,0,
rank,AsymAgentMark-TK top-10 rank,deepseek,ID,2,1,3,280,False,3,0,
rank,AsymAgentMark-TK top-10 rank,deepseek,ID,2,1,4,280,False,1,0,
rank,AsymAgentMark-TK top-10 rank,deepseek,ID,2,1,5,280,False,8,0,
rank,AsymAgentMark-TK top-10 rank,deepseek,ID,2,1,6,280,False,1,0,
rank,AsymAgentMark-TK top-10 rank,deepseek,ID,2,1,7,280,False,0,0,
rank,AsymAgentMark-TK top-10 rank,deepseek,ID,2,1,8,280,False,7,0,
rank,AsymAgentMark-TK top-10 rank,deepseek,ID,2,1,9,280,False,2,0,
rank,AsymAgentMark-TK top-10 rank,deepseek,ID,2,1,10,280,False,4,0,
rank,AsymAgentMark-TK top-10 rank,deepseek,ID,2,1,11,280,False,3,0,
rank,AsymAgentMark-TK top-10 rank,deepseek,ID,2,1,12,280,False,3,0,
rank,AsymAgentMark-TK top-10 rank,deepseek,ID,2,1,13,280,False,3,0,
rank,AsymAgentMark-TK top-10 rank,deepseek,ID,2,1,14,280,False,0,0,
rank,AsymAgentMark-TK top-10 rank,deepseek,ID,2,1,15,280,False,1,0,
rank,AsymAgentMark-TK top-10 rank,deepseek,ID,2,1,16,280,False,1,0,
rank,AsymAgentMark-TK top-10 rank,deepseek,ID,2,1,17,280,False,0,0,
rank,AsymAgentMark-TK top-10 rank,deepseek,ID,2,1,18,280,False,0,0,
rank,AsymAgentMark-TK top-10 rank,deepseek,ID,2,1,19,280,False,0,0,
rank,AsymAgentMark-TK top-10 rank,deepseek,ID,2,1,20,280,False,2,0,
rank,AsymAgentMark-TK top-10 rank,deepseek,ID,2,1,21,280,True,15,0,11001101
rank,AsymAgentMark-TK top-10 rank,deepseek,ID,2,1,22,280,False,0,0,
rank,AsymAgentMark-TK top-10 rank,deepseek,ID,2,1,23,280,False,0,0,
rank,AsymAgentMark-TK top-10 rank,deepseek,ID,2,1,24,280,False,7,0,
rank,AsymAgentMark-TK top-10 rank,deepseek,ID,2,1,25,280,False,17,0,01111101
rank,AsymAgentMark-TK top-10 rank,deepseek,ID,2,1,26,280,False,4,0,
rank,AsymAgentMark-TK top-10 rank,deepseek,ID,2,1,27,280,False,2,0,
rank,AsymAgentMark-TK top-10 rank,deepseek,ID,2,1,28,280,False,5,0,
rank,AsymAgentMark-TK top-10 rank,deepseek,ID,2,1,29,280,False,1,0,
rank,AsymAgentMark-TK top-10 rank,deepseek,ID,2,1,30,280,False,1,0,
rank,AsymAgentMark-TK top-10 rank,deepseek,ID,2,1,31,280,False,4,0,
rank,AsymAgentMark-TK top-10 rank,deepseek,ID,2,1,32,280,False,4,0,
rank,AsymAgentMark-TK top-10 rank,deepseek,ID,2,1,33,280,False,5,0,
rank,AsymAgentMark-TK top-10 rank,deepseek,ID,2,1,34,280,False,5,0,
rank,AsymAgentMark-TK top-10 rank,deepseek,ID,2,1,35,280,False,5,0,
rank,AsymAgentMark-TK top-10 rank,deepseek,ID,2,1,36,280,False,7,0,
rank,AsymAgentMark-TK top-10 rank,deepseek,ID,2,1,37,280,False,2,0,
rank,AsymAgentMark-TK top-10 rank,deepseek,ID,2,1,38,280,False,1,0,
rank,AsymAgentMark-TK top-10 rank,deepseek,ID,2,1,39,280,False,8,0,00100111
rank,AsymAgentMark-TK top-10 rank,deepseek,ID,2,1,40,280,False,1,0,
rank,AsymAgentMark-TK top-10 rank,deepseek,ID,2,1,41,280,False,5,0,
rank,AsymAgentMark-TK top-10 rank,deepseek,ID,2,1,42,280,False,3,0,
rank,AsymAgentMark-TK top-10 rank,deepseek,ID,2,1,43,280,False,1,0,
rank,AsymAgentMark-TK top-10 rank,deepseek,ID,2,1,44,280,False,2,0,
rank,AsymAgentMark-TK top-10 rank,deepseek,ID,2,1,45,280,False,3,0,
rank,AsymAgentMark-TK top-10 rank,deepseek,ID,2,1,46,280,False,0,0,
rank,AsymAgentMark-TK top-10 rank,deepseek,ID,2,1,47,280,False,1,0,
rank,AsymAgentMark-TK top-10 rank,deepseek,ID,2,1,48,280,False,9,0,
rank,AsymAgentMark-TK top-10 rank,deepseek,ID,2,1,49,280,True,19,0,11001101
rank,AsymAgentMark-TK top-10 rank,deepseek,ID,2,2,0,280,False,11,0,
rank,AsymAgentMark-TK top-10 rank,deepseek,ID,2,2,1,280,True,23,0,11001101
rank,AsymAgentMark-TK top-10 rank,deepseek,ID,2,2,2,280,False,6,0,
rank,AsymAgentMark-TK top-10 rank,deepseek,ID,2,2,3,280,True,10,0,11001101
rank,AsymAgentMark-TK top-10 rank,deepseek,ID,2,2,4,280,False,2,1,
rank,AsymAgentMark-TK top-10 rank,deepseek,ID,2,2,5,280,False,18,0,11111101
rank,AsymAgentMark-TK top-10 rank,deepseek,ID,2,2,6,280,True,20,0,11001101
rank,AsymAgentMark-TK top-10 rank,deepseek,ID,2,2,7,280,False,1,0,
rank,AsymAgentMark-TK top-10 rank,deepseek,ID,2,2,8,280,False,11,0,01010100
rank,AsymAgentMark-TK top-10 rank,deepseek,ID,2,2,9,280,True,8,0,11001101
rank,AsymAgentMark-TK top-10 rank,deepseek,ID,2,2,10,280,False,3,0,
rank,AsymAgentMark-TK top-10 rank,deepseek,ID,2,2,11,280,False,6,0,
rank,AsymAgentMark-TK top-10 rank,deepseek,ID,2,2,12,280,False,0,0,
rank,AsymAgentMark-TK top-10 rank,deepseek,ID,2,2,13,280,True,12,0,11001101
rank,AsymAgentMark-TK top-10 rank,deepseek,ID,2,2,14,280,False,1,0,
rank,AsymAgentMark-TK top-10 rank,deepseek,ID,2,2,15,280,False,11,0,01010101
rank,AsymAgentMark-TK top-10 rank,deepseek,ID,2,2,16,280,False,9,0,
rank,AsymAgentMark-TK top-10 rank,deepseek,ID,2,2,17,280,False,0,0,
rank,AsymAgentMark-TK top-10 rank,deepseek,ID,2,2,18,280,False,18,0,10001000
rank,AsymAgentMark-TK top-10 rank,deepseek,ID,2,2,19,280,True,11,0,11001101
rank,AsymAgentMark-TK top-10 rank,deepseek,ID,2,2,20,280,False,3,0,
rank,AsymAgentMark-TK top-10 rank,deepseek,ID,2,2,21,280,True,24,2,11001101
rank,AsymAgentMark-TK top-10 rank,deepseek,ID,2,2,22,280,False,5,0,
rank,AsymAgentMark-TK top-10 rank,deepseek,ID,2,2,23,280,False,1,0,
rank,AsymAgentMark-TK top-10 rank,deepseek,ID,2,2,24,280,False,1,0,
rank,AsymAgentMark-TK top-10 rank,deepseek,ID,2,2,25,280,False,1,0,
rank,AsymAgentMark-TK top-10 rank,deepseek,ID,2,2,26,280,False,0,0,
rank,AsymAgentMark-TK top-10 rank,deepseek,ID,2,2,27,280,False,4,0,
rank,AsymAgentMark-TK top-10 rank,deepseek,ID,2,2,28,280,False,3,0,
rank,AsymAgentMark-TK top-10 rank,deepseek,ID,2,2,29,280,True,14,0,11001101
rank,AsymAgentMark-TK top-10 rank,deepseek,ID,2,2,30,280,False,1,0,
rank,AsymAgentMark-TK top-10 rank,deepseek,ID,2,2,31,280,False,2,0,
rank,AsymAgentMark-TK top-10 rank,deepseek,ID,2,2,32,280,False,15,0,00100001
rank,AsymAgentMark-TK top-10 rank,deepseek,ID,2,2,33,280,False,5,0,
rank,AsymAgentMark-TK top-10 rank,deepseek,ID,2,2,34,280,True,24,0,11001101
rank,AsymAgentMark-TK top-10 rank,deepseek,ID,2,2,35,280,False,3,0,
rank,AsymAgentMark-TK top-10 rank,deepseek,ID,2,2,36,280,False,3,0,
rank,AsymAgentMark-TK top-10 rank,deepseek,ID,2,2,37,280,False,4,0,
rank,AsymAgentMark-TK top-10 rank,deepseek,ID,2,2,38,280,False,1,0,
rank,AsymAgentMark-TK top-10 rank,deepseek,ID,2,2,39,280,False,5,0,
rank,AsymAgentMark-TK top-10 rank,deepseek,ID,2,2,40,280,False,9,0,
rank,AsymAgentMark-TK top-10 rank,deepseek,ID,2,2,41,280,False,0,0,
rank,AsymAgentMark-TK top-10 rank,deepseek,ID,2,2,42,280,False,0,0,
rank,AsymAgentMark-TK top-10 rank,deepseek,ID,2,2,43,280,False,7,0,
rank,AsymAgentMark-TK top-10 rank,deepseek,ID,2,2,44,280,True,15,0,11001101
rank,AsymAgentMark-TK top-10 rank,deepseek,ID,2,2,45,280,False,11,0,11110100
rank,AsymAgentMark-TK top-10 rank,deepseek,ID,2,2,46,280,False,2,0,
rank,AsymAgentMark-TK top-10 rank,deepseek,ID,2,2,47,280,False,3,0,
rank,AsymAgentMark-TK top-10 rank,deepseek,ID,2,2,48,280,False,4,0,
rank,AsymAgentMark-TK top-10 rank,deepseek,ID,2,2,49,280,True,21,0,11001101
rank,AsymAgentMark-TK top-10 rank,deepseek,ID,2,3,0,280,False,7,0,
rank,AsymAgentMark-TK top-10 rank,deepseek,ID,2,3,1,280,False,12,2,11000111
rank,AsymAgentMark-TK top-10 rank,deepseek,ID,2,3,2,280,True,17,1,11001101
rank,AsymAgentMark-TK top-10 rank,deepseek,ID,2,3,3,280,False,4,0,
rank,AsymAgentMark-TK top-10 rank,deepseek,ID,2,3,4,280,True,20,0,11001101
rank,AsymAgentMark-TK top-10 rank,deepseek,ID,2,3,5,280,False,7,0,
rank,AsymAgentMark-TK top-10 rank,deepseek,ID,2,3,6,280,False,17,0,11101001
rank,AsymAgentMark-TK top-10 rank,deepseek,ID,2,3,7,280,False,6,0,
rank,AsymAgentMark-TK top-10 rank,deepseek,ID,2,3,8,280,False,4,0,
rank,AsymAgentMark-TK top-10 rank,deepseek,ID,2,3,9,280,False,4,0,
rank,AsymAgentMark-TK top-10 rank,deepseek,ID,2,3,10,280,False,7,0,
rank,AsymAgentMark-TK top-10 rank,deepseek,ID,2,3,11,280,False,20,0,11000111
rank,AsymAgentMark-TK top-10 rank,deepseek,ID,2,3,12,280,False,8,1,
rank,AsymAgentMark-TK top-10 rank,deepseek,ID,2,3,13,280,False,2,0,
rank,AsymAgentMark-TK top-10 rank,deepseek,ID,2,3,14,280,True,19,1,11001101
rank,AsymAgentMark-TK top-10 rank,deepseek,ID,2,3,15,280,True,15,1,11001101
rank,AsymAgentMark-TK top-10 rank,deepseek,ID,2,3,16,280,False,12,0,11110010
rank,AsymAgentMark-TK top-10 rank,deepseek,ID,2,3,17,280,True,17,1,11001101
rank,AsymAgentMark-TK top-10 rank,deepseek,ID,2,3,18,280,False,15,3,00011100
rank,AsymAgentMark-TK top-10 rank,deepseek,ID,2,3,19,280,False,0,0,
rank,AsymAgentMark-TK top-10 rank,deepseek,ID,2,3,20,280,True,16,1,11001101
rank,AsymAgentMark-TK top-10 rank,deepseek,ID,2,3,21,280,False,16,1,11000010
rank,AsymAgentMark-TK top-10 rank,deepseek,ID,2,3,22,280,True,22,0,11001101
rank,AsymAgentMark-TK top-10 rank,deepseek,ID,2,3,23,280,True,12,0,11001101
rank,AsymAgentMark-TK top-10 rank,deepseek,ID,2,3,24,280,True,12,0,11001101
rank,AsymAgentMark-TK top-10 rank,deepseek,ID,2,3,25,280,True,20,2,11001101
rank,AsymAgentMark-TK top-10 rank,deepseek,ID,2,3,26,280,False,14,0,01011101
rank,AsymAgentMark-TK top-10 rank,deepseek,ID,2,3,27,280,False,14,1,01111010
rank,AsymAgentMark-TK top-10 rank,deepseek,ID,2,3,28,280,True,10,0,11001101
rank,AsymAgentMark-TK top-10 rank,deepseek,ID,2,3,29,280,False,27,0,11110111
rank,AsymAgentMark-TK top-10 rank,deepseek,ID,2,3,30,280,False,5,0,
rank,AsymAgentMark-TK top-10 rank,deepseek,ID,2,3,31,280,False,12,0,00010110
rank,AsymAgentMark-TK top-10 rank,deepseek,ID,2,3,32,280,False,6,0,
rank,AsymAgentMark-TK top-10 rank,deepseek,ID,2,3,33,280,True,11,0,11001101
rank,AsymAgentMark-TK top-10 rank,deepseek,ID,2,3,34,280,False,8,0,
rank,AsymAgentMark-TK top-10 rank,deepseek,ID,2,3,35,280,True,17,1,11001101
rank,AsymAgentMark-TK top-10 rank,deepseek,ID,2,3,36,280,False,8,0,
rank,AsymAgentMark-TK top-10 rank,deepseek,ID,2,3,37,280,False,7,0,
rank,AsymAgentMark-TK top-10 rank,deepseek,ID,2,3,38,280,False,5,0,
rank,AsymAgentMark-TK top-10 rank,deepseek,ID,2,3,39,280,False,13,0,00111110
rank,AsymAgentMark-TK top-10 rank,deepseek,ID,2,3,40,280,True,20,2,11001101
rank,AsymAgentMark-TK top-10 rank,deepseek,ID,2,3,41,280,False,8,3,
rank,AsymAgentMark-TK top-10 rank,deepseek,ID,2,3,42,280,False,8,1,
rank,AsymAgentMark-TK top-10 rank,deepseek,ID,2,3,43,280,False,6,0,
rank,AsymAgentMark-TK top-10 rank,deepseek,ID,2,3,44,280,True,19,3,11001101
rank,AsymAgentMark-TK top-10 rank,deepseek,ID,2,3,45,280,False,2,0,
rank,AsymAgentMark-TK top-10 rank,deepseek,ID,2,3,46,280,True,25,1,11001101
rank,AsymAgentMark-TK top-10 rank,deepseek,ID,2,3,47,280,True,12,0,11001101
rank,AsymAgentMark-TK top-10 rank,deepseek,ID,2,3,48,280,True,20,0,11001101
rank,AsymAgentMark-TK top-10 rank,deepseek,ID,2,3,49,280,False,7,0,
rank,AsymAgentMark-TK top-10 rank,deepseek,ID,2,5,0,280,True,22,0,11001101
rank,AsymAgentMark-TK top-10 rank,deepseek,ID,2,5,1,280,False,9,1,
rank,AsymAgentMark-TK top-10 rank,deepseek,ID,2,5,2,280,True,13,0,11001101
rank,AsymAgentMark-TK top-10 rank,deepseek,ID,2,5,3,280,True,18,1,11001101
rank,AsymAgentMark-TK top-10 rank,deepseek,ID,2,5,4,280,True,19,2,11001101
rank,AsymAgentMark-TK top-10 rank,deepseek,ID,2,5,5,280,True,24,1,11001101
rank,AsymAgentMark-TK top-10 rank,deepseek,ID,2,5,6,280,False,5,1,
rank,AsymAgentMark-TK top-10 rank,deepseek,ID,2,5,7,280,False,14,0,01111000
rank,AsymAgentMark-TK top-10 rank,deepseek,ID,2,5,8,280,False,7,1,
rank,AsymAgentMark-TK top-10 rank,deepseek,ID,2,5,9,280,True,14,0,11001101
rank,AsymAgentMark-TK top-10 rank,deepseek,ID,2,5,10,280,False,6,5,
rank,AsymAgentMark-TK top-10 rank,deepseek,ID,2,5,11,280,False,7,0,
rank,AsymAgentMark-TK top-10 rank,deepseek,ID,2,5,12,280,True,33,2,11001101
rank,AsymAgentMark-TK top-10 rank,deepseek,ID,2,5,13,280,False,9,0,11000111
rank,AsymAgentMark-TK top-10 rank,deepseek,ID,2,5,14,280,True,16,1,11001101
rank,AsymAgentMark-TK top-10 rank,deepseek,ID,2,5,15,280,True,15,5,11001101
rank,AsymAgentMark-TK top-10 rank,deepseek,ID,2,5,16,280,False,5,1,
rank,AsymAgentMark-TK top-10 rank,deepseek,ID,2,5,17,280,True,26,3,11001101
rank,AsymAgentMark-TK top-10 rank,deepseek,ID,2,5,18,280,False,2,0,
rank,AsymAgentMark-TK top-10 rank,deepseek,ID,2,5,19,280,False,6,0,
rank,AsymAgentMark-TK top-10 rank,deepseek,ID,2,5,20,280,True,10,2,11001101
rank,AsymAgentMark-TK top-10 rank,deepseek,ID,2,5,21,280,False,19,0,00111011
rank,AsymAgentMark-TK top-10 rank,deepseek,ID,2,5,22,280,True,16,1,11001101
rank,AsymAgentMark-TK top-10 rank,deepseek,ID,2,5,23,280,True,13,0,11001101
rank,AsymAgentMark-TK top-10 rank,deepseek,ID,2,5,24,280,False,5,1,
rank,AsymAgentMark-TK top-10 rank,deepseek,ID,2,5,25,280,False,13,0,11000111
rank,AsymAgentMark-TK top-10 rank,deepseek,ID,2,5,26,280,True,30,1,11001101
rank,AsymAgentMark-TK top-10 rank,deepseek,ID,2,5,27,280,False,18,1,11001010
rank,AsymAgentMark-TK top-10 rank,deepseek,ID,2,5,28,280,False,8,1,
rank,AsymAgentMark-TK top-10 rank,deepseek,ID,2,5,29,280,False,12,1,
rank,AsymAgentMark-TK top-10 rank,deepseek,ID,2,5,30,280,True,13,3,11001101
rank,AsymAgentMark-TK top-10 rank,deepseek,ID,2,5,31,280,False,24,2,10001100
rank,AsymAgentMark-TK top-10 rank,deepseek,ID,2,5,32,280,True,19,3,11001101
rank,AsymAgentMark-TK top-10 rank,deepseek,ID,2,5,33,280,True,19,1,11001101
rank,AsymAgentMark-TK top-10 rank,deepseek,ID,2,5,34,280,True,25,1,11001101
rank,AsymAgentMark-TK top-10 rank,deepseek,ID,2,5,35,280,False,6,1,
rank,AsymAgentMark-TK top-10 rank,deepseek,ID,2,5,36,280,True,14,0,11001101
rank,AsymAgentMark-TK top-10 rank,deepseek,ID,2,5,37,280,False,15,1,01111101
rank,AsymAgentMark-TK top-10 rank,deepseek,ID,2,5,38,280,True,23,3,11001101
rank,AsymAgentMark-TK top-10 rank,deepseek,ID,2,5,39,280,True,12,0,11001101
rank,AsymAgentMark-TK top-10 rank,deepseek,ID,2,5,40,280,False,11,1,11000111
rank,AsymAgentMark-TK top-10 rank,deepseek,ID,2,5,41,280,True,15,1,11001101
rank,AsymAgentMark-TK top-10 rank,deepseek,ID,2,5,42,280,False,21,2,10100110
rank,AsymAgentMark-TK top-10 rank,deepseek,ID,2,5,43,280,True,14,1,11001101
rank,AsymAgentMark-TK top-10 rank,deepseek,ID,2,5,44,280,False,11,2,10010110
rank,AsymAgentMark-TK top-10 rank,deepseek,ID,2,5,45,280,False,6,1,
rank,AsymAgentMark-TK top-10 rank,deepseek,ID,2,5,46,280,False,12,1,00100100
rank,AsymAgentMark-TK top-10 rank,deepseek,ID,2,5,47,280,False,17,1,11001010
rank,AsymAgentMark-TK top-10 rank,deepseek,ID,2,5,48,280,True,9,3,11001101
rank,AsymAgentMark-TK top-10 rank,deepseek,ID,2,5,49,280,True,10,1,11001101
rank,AsymAgentMark-TK top-10 rank,deepseek,ID,2,8,0,280,False,14,0,11111010
rank,AsymAgentMark-TK top-10 rank,deepseek,ID,2,8,1,280,False,16,3,00111001
rank,AsymAgentMark-TK top-10 rank,deepseek,ID,2,8,2,280,False,14,3,11111101
rank,AsymAgentMark-TK top-10 rank,deepseek,ID,2,8,3,280,False,22,0,11000111
rank,AsymAgentMark-TK top-10 rank,deepseek,ID,2,8,4,280,True,20,5,11001101
rank,AsymAgentMark-TK top-10 rank,deepseek,ID,2,8,5,280,False,15,4,11001010
rank,AsymAgentMark-TK top-10 rank,deepseek,ID,2,8,6,280,True,14,1,11001101
rank,AsymAgentMark-TK top-10 rank,deepseek,ID,2,8,7,280,False,16,3,11110101
rank,AsymAgentMark-TK top-10 rank,deepseek,ID,2,8,8,280,True,10,2,11001101
rank,AsymAgentMark-TK top-10 rank,deepseek,ID,2,8,9,280,True,26,4,11001101
rank,AsymAgentMark-TK top-10 rank,deepseek,ID,2,8,10,280,True,20,2,11001101
rank,AsymAgentMark-TK top-10 rank,deepseek,ID,2,8,11,280,True,17,2,11001101
rank,AsymAgentMark-TK top-10 rank,deepseek,ID,2,8,12,280,True,15,7,11001101
rank,AsymAgentMark-TK top-10 rank,deepseek,ID,2,8,13,280,False,13,2,01110100
rank,AsymAgentMark-TK top-10 rank,deepseek,ID,2,8,14,280,False,14,3,11100011
rank,AsymAgentMark-TK top-10 rank,deepseek,ID,2,8,15,280,True,18,5,11001101
rank,AsymAgentMark-TK top-10 rank,deepseek,ID,2,8,16,280,False,18,7,11111101
rank,AsymAgentMark-TK top-10 rank,deepseek,ID,2,8,17,280,False,21,5,11111010
rank,AsymAgentMark-TK top-10 rank,deepseek,ID,2,8,18,280,True,13,0,11001101
rank,AsymAgentMark-TK top-10 rank,deepseek,ID,2,8,19,280,True,21,1,11001101
rank,AsymAgentMark-TK top-10 rank,deepseek,ID,2,8,20,280,True,15,2,11001101
rank,AsymAgentMark-TK top-10 rank,deepseek,ID,2,8,21,280,True,11,3,11001101
rank,AsymAgentMark-TK top-10 rank,deepseek,ID,2,8,22,280,False,11,3,00111100
rank,AsymAgentMark-TK top-10 rank,deepseek,ID,2,8,23,280,True,14,6,11001101
rank,AsymAgentMark-TK top-10 rank,deepseek,ID,2,8,24,280,True,28,0,11001101
rank,AsymAgentMark-TK top-10 rank,deepseek,ID,2,8,25,280,True,18,2,11001101
rank,AsymAgentMark-TK top-10 rank,deepseek,ID,2,8,26,280,True,22,0,11001101
rank,AsymAgentMark-TK top-10 rank,deepseek,ID,2,8,27,280,False,26,3,01110000
rank,AsymAgentMark-TK top-10 rank,deepseek,ID,2,8,28,280,True,19,2,11001101
rank,AsymAgentMark-TK top-10 rank,deepseek,ID,2,8,29,280,True,17,1,11001101
rank,AsymAgentMark-TK top-10 rank,deepseek,ID,2,8,30,280,False,17,1,11111101
rank,AsymAgentMark-TK top-10 rank,deepseek,ID,2,8,31,280,False,10,3,00011011
rank,AsymAgentMark-TK top-10 rank,deepseek,ID,2,8,32,280,True,27,3,11001101
rank,AsymAgentMark-TK top-10 rank,deepseek,ID,2,8,33,280,True,24,2,11001101
rank,AsymAgentMark-TK top-10 rank,deepseek,ID,2,8,34,280,True,23,2,11001101
rank,AsymAgentMark-TK top-10 rank,deepseek,ID,2,8,35,280,True,29,2,11001101
rank,AsymAgentMark-TK top-10 rank,deepseek,ID,2,8,36,280,True,23,1,11001101
rank,AsymAgentMark-TK top-10 rank,deepseek,ID,2,8,37,280,False,16,1,11000111
rank,AsymAgentMark-TK top-10 rank,deepseek,ID,2,8,38,280,False,9,4,
rank,AsymAgentMark-TK top-10 rank,deepseek,ID,2,8,39,280,False,20,1,11000010
rank,AsymAgentMark-TK top-10 rank,deepseek,ID,2,8,40,280,False,12,0,01110001
rank,AsymAgentMark-TK top-10 rank,deepseek,ID,2,8,41,280,False,6,1,
rank,AsymAgentMark-TK top-10 rank,deepseek,ID,2,8,42,280,False,19,6,00010001
rank,AsymAgentMark-TK top-10 rank,deepseek,ID,2,8,43,280,True,18,1,11001101
rank,AsymAgentMark-TK top-10 rank,deepseek,ID,2,8,44,280,True,15,3,11001101
rank,AsymAgentMark-TK top-10 rank,deepseek,ID,2,8,45,280,True,14,3,11001101
rank,AsymAgentMark-TK top-10 rank,deepseek,ID,2,8,46,280,True,25,4,11001101
rank,AsymAgentMark-TK top-10 rank,deepseek,ID,2,8,47,280,False,25,3,11001111
rank,AsymAgentMark-TK top-10 rank,deepseek,ID,2,8,48,280,False,15,2,01110100
rank,AsymAgentMark-TK top-10 rank,deepseek,ID,2,8,49,280,False,17,1,11010101
rank,AsymAgentMark-TK top-10 rank,deepseek,ID,2,10,0,280,True,18,2,11001101
rank,AsymAgentMark-TK top-10 rank,deepseek,ID,2,10,1,280,True,18,6,11001101
rank,AsymAgentMark-TK top-10 rank,deepseek,ID,2,10,2,280,True,27,2,11001101
rank,AsymAgentMark-TK top-10 rank,deepseek,ID,2,10,3,280,True,28,5,11001101
rank,AsymAgentMark-TK top-10 rank,deepseek,ID,2,10,4,280,True,18,2,11001101
rank,AsymAgentMark-TK top-10 rank,deepseek,ID,2,10,5,280,False,16,4,00101001
rank,AsymAgentMark-TK top-10 rank,deepseek,ID,2,10,6,280,True,21,9,11001101
rank,AsymAgentMark-TK top-10 rank,deepseek,ID,2,10,7,280,True,32,2,11001101
rank,AsymAgentMark-TK top-10 rank,deepseek,ID,2,10,8,280,True,15,9,11001101
rank,AsymAgentMark-TK top-10 rank,deepseek,ID,2,10,9,280,True,17,2,11001101
rank,AsymAgentMark-TK top-10 rank,deepseek,ID,2,10,10,280,True,11,1,11001101
rank,AsymAgentMark-TK top-10 rank,deepseek,ID,2,10,11,280,False,8,2,
rank,AsymAgentMark-TK top-10 rank,deepseek,ID,2,10,12,280,True,13,5,11001101
rank,AsymAgentMark-TK top-10 rank,deepseek,ID,2,10,13,280,False,7,2,
rank,AsymAgentMark-TK top-10 rank,deepseek,ID,2,10,14,280,True,16,4,11001101
rank,AsymAgentMark-TK top-10 rank,deepseek,ID,2,10,15,280,False,10,2,
rank,AsymAgentMark-TK top-10 rank,deepseek,ID,2,10,16,280,False,13,3,11000111
rank,AsymAgentMark-TK top-10 rank,deepseek,ID,2,10,17,280,True,25,0,11001101
rank,AsymAgentMark-TK top-10 rank,deepseek,ID,2,10,18,280,False,15,1,11000000
rank,AsymAgentMark-TK top-10 rank,deepseek,ID,2,10,19,280,True,17,4,11001101
rank,AsymAgentMark-TK top-10 rank,deepseek,ID,2,10,20,280,True,21,4,11001101
rank,AsymAgentMark-TK top-10 rank,deepseek,ID,2,10,21,280,True,24,6,11001101
rank,AsymAgentMark-TK top-10 rank,deepseek,ID,2,10,22,280,False,7,2,
rank,AsymAgentMark-TK top-10 rank,deepseek,ID,2,10,23,280,False,28,2,01000010
rank,AsymAgentMark-TK top-10 rank,deepseek,ID,2,10,24,280,True,24,5,11001101
rank,AsymAgentMark-TK top-10 rank,deepseek,ID,2,10,25,280,False,9,2,
rank,AsymAgentMark-TK top-10 rank,deepseek,ID,2,10,26,280,False,15,0,11011111
rank,AsymAgentMark-TK top-10 rank,deepseek,ID,2,10,27,280,True,21,8,11001101
rank,AsymAgentMark-TK top-10 rank,deepseek,ID,2,10,28,280,True,24,5,11001101
rank,AsymAgentMark-TK top-10 rank,deepseek,ID,2,10,29,280,True,18,2,11001101
rank,AsymAgentMark-TK top-10 rank,deepseek,ID,2,10,30,280,False,10,1,01010011
rank,AsymAgentMark-TK top-10 rank,deepseek,ID,2,10,31,280,False,9,3,00100110
rank,AsymAgentMark-TK top-10 rank,deepseek,ID,2,10,32,280,True,30,4,11001101
rank,AsymAgentMark-TK top-10 rank,deepseek,ID,2,10,33,280,True,15,2,11001101
rank,AsymAgentMark-TK top-10 rank,deepseek,ID,2,10,34,280,True,31,5,11001101
rank,AsymAgentMark-TK top-10 rank,deepseek,ID,2,10,35,280,True,19,3,11001101
rank,AsymAgentMark-TK top-10 rank,deepseek,ID,2,10,36,280,True,13,6,11001101
rank,AsymAgentMark-TK top-10 rank,deepseek,ID,2,10,37,280,True,19,2,11001101
rank,AsymAgentMark-TK top-10 rank,deepseek,ID,2,10,38,280,False,17,2,00100110
rank,AsymAgentMark-TK top-10 rank,deepseek,ID,2,10,39,280,True,25,5,11001101
rank,AsymAgentMark-TK top-10 rank,deepseek,ID,2,10,40,280,True,23,4,11001101
rank,AsymAgentMark-TK top-10 rank,deepseek,ID,2,10,41,280,True,19,6,11001101
rank,AsymAgentMark-TK top-10 rank,deepseek,ID,2,10,42,280,True,28,5,11001101
rank,AsymAgentMark-TK top-10 rank,deepseek,ID,2,10,43,280,True,25,2,11001101
rank,AsymAgentMark-TK top-10 rank,deepseek,ID,2,10,44,280,False,13,0,
rank,AsymAgentMark-TK top-10 rank,deepseek,ID,2,10,45,280,True,17,8,11001101
rank,AsymAgentMark-TK top-10 rank,deepseek,ID,2,10,46,280,True,20,8,11001101
rank,AsymAgentMark-TK top-10 rank,deepseek,ID,2,10,47,280,False,12,5,01111000
rank,AsymAgentMark-TK top-10 rank,deepseek,ID,2,10,48,280,False,11,2,11001010
rank,AsymAgentMark-TK top-10 rank,deepseek,ID,2,10,49,280,False,20,1,00100011
rank,AsymAgentMark-TK top-10 rank,deepseek,ID,2,15,0,280,True,24,2,11001101
rank,AsymAgentMark-TK top-10 rank,deepseek,ID,2,15,1,280,True,34,2,11001101
rank,AsymAgentMark-TK top-10 rank,deepseek,ID,2,15,2,280,True,16,7,11001101
rank,AsymAgentMark-TK top-10 rank,deepseek,ID,2,15,3,280,True,28,2,11001101
rank,AsymAgentMark-TK top-10 rank,deepseek,ID,2,15,4,280,True,25,9,11001101
rank,AsymAgentMark-TK top-10 rank,deepseek,ID,2,15,5,280,True,24,7,11001101
rank,AsymAgentMark-TK top-10 rank,deepseek,ID,2,15,6,280,True,22,4,11001101
rank,AsymAgentMark-TK top-10 rank,deepseek,ID,2,15,7,280,True,22,5,11001101
rank,AsymAgentMark-TK top-10 rank,deepseek,ID,2,15,8,280,True,23,9,11001101
rank,AsymAgentMark-TK top-10 rank,deepseek,ID,2,15,9,280,False,12,1,
rank,AsymAgentMark-TK top-10 rank,deepseek,ID,2,15,10,280,True,33,4,11001101
rank,AsymAgentMark-TK top-10 rank,deepseek,ID,2,15,11,280,True,23,5,11001101
rank,AsymAgentMark-TK top-10 rank,deepseek,ID,2,15,12,280,True,30,6,11001101
rank,AsymAgentMark-TK top-10 rank,deepseek,ID,2,15,13,280,True,23,4,11001101
rank,AsymAgentMark-TK top-10 rank,deepseek,ID,2,15,14,280,True,25,6,11001101
rank,AsymAgentMark-TK top-10 rank,deepseek,ID,2,15,15,280,False,20,5,00101100
rank,AsymAgentMark-TK top-10 rank,deepseek,ID,2,15,16,280,True,19,4,11001101
rank,AsymAgentMark-TK top-10 rank,deepseek,ID,2,15,17,280,True,18,8,11001101
rank,AsymAgentMark-TK top-10 rank,deepseek,ID,2,15,18,280,True,27,1,11001101
rank,AsymAgentMark-TK top-10 rank,deepseek,ID,2,15,19,280,False,20,6,00111110
rank,AsymAgentMark-TK top-10 rank,deepseek,ID,2,15,20,280,True,28,12,11001101
rank,AsymAgentMark-TK top-10 rank,deepseek,ID,2,15,21,280,True,25,9,11001101
rank,AsymAgentMark-TK top-10 rank,deepseek,ID,2,15,22,280,True,23,5,11001101
rank,AsymAgentMark-TK top-10 rank,deepseek,ID,2,15,23,280,True,21,6,11001101
rank,AsymAgentMark-TK top-10 rank,deepseek,ID,2,15,24,280,True,19,5,11001101
rank,AsymAgentMark-TK top-10 rank,deepseek,ID,2,15,25,280,True,22,6,11001101
rank,AsymAgentMark-TK top-10 rank,deepseek,ID,2,15,26,280,True,17,7,11001101
rank,AsymAgentMark-TK top-10 rank,deepseek,ID,2,15,27,280,False,15,4,11111101
rank,AsymAgentMark-TK top-10 rank,deepseek,ID,2,15,28,280,True,25,5,11001101
rank,AsymAgentMark-TK top-10 rank,deepseek,ID,2,15,29,280,True,30,8,11001101
rank,AsymAgentMark-TK top-10 rank,deepseek,ID,2,15,30,280,True,23,8,11001101
rank,AsymAgentMark-TK top-10 rank,deepseek,ID,2,15,31,280,True,23,6,11001101
rank,AsymAgentMark-TK top-10 rank,deepseek,ID,2,15,32,280,True,26,5,11001101
rank,AsymAgentMark-TK top-10 rank,deepseek,ID,2,15,33,280,False,11,8,11000000
rank,AsymAgentMark-TK top-10 rank,deepseek,ID,2,15,34,280,True,18,4,11001101
rank,AsymAgentMark-TK top-10 rank,deepseek,ID,2,15,35,280,False,10,5,
rank,AsymAgentMark-TK top-10 rank,deepseek,ID,2,15,36,280,True,19,5,11001101
rank,AsymAgentMark-TK top-10 rank,deepseek,ID,2,15,37,280,True,26,11,11001101
rank,AsymAgentMark-TK top-10 rank,deepseek,ID,2,15,38,280,True,20,6,11001101
rank,AsymAgentMark-TK top-10 rank,deepseek,ID,2,15,39,280,True,17,5,11001101
rank,AsymAgentMark-TK top-10 rank,deepseek,ID,2,15,40,280,True,20,1,11001101
rank,AsymAgentMark-TK top-10 rank,deepseek,ID,2,15,41,280,True,14,2,11001101
rank,AsymAgentMark-TK top-10 rank,deepseek,ID,2,15,42,280,True,17,4,11001101
rank,AsymAgentMark-TK top-10 rank,deepseek,ID,2,15,43,280,False,22,8,01000100
rank,AsymAgentMark-TK top-10 rank,deepseek,ID,2,15,44,280,True,26,8,11001101
rank,AsymAgentMark-TK top-10 rank,deepseek,ID,2,15,45,280,False,19,3,01110100
rank,AsymAgentMark-TK top-10 rank,deepseek,ID,2,15,46,280,True,30,7,11001101
rank,AsymAgentMark-TK top-10 rank,deepseek,ID,2,15,47,280,True,15,10,11001101
rank,AsymAgentMark-TK top-10 rank,deepseek,ID,2,15,48,280,True,32,5,11001101
rank,AsymAgentMark-TK top-10 rank,deepseek,ID,2,15,49,280,False,15,5,11110000
rank,AsymAgentMark-TK top-10 rank,deepseek,ID,2,20,0,280,False,13,4,01110011
rank,AsymAgentMark-TK top-10 rank,deepseek,ID,2,20,1,280,True,24,8,11001101
rank,AsymAgentMark-TK top-10 rank,deepseek,ID,2,20,2,280,True,21,6,11001101
rank,AsymAgentMark-TK top-10 rank,deepseek,ID,2,20,3,280,True,20,9,11001101
rank,AsymAgentMark-TK top-10 rank,deepseek,ID,2,20,4,280,True,23,9,11001101
rank,AsymAgentMark-TK top-10 rank,deepseek,ID,2,20,5,280,True,22,8,11001101
rank,AsymAgentMark-TK top-10 rank,deepseek,ID,2,20,6,280,True,28,10,11001101
rank,AsymAgentMark-TK top-10 rank,deepseek,ID,2,20,7,280,True,23,6,11001101
rank,AsymAgentMark-TK top-10 rank,deepseek,ID,2,20,8,280,True,28,5,11001101
rank,AsymAgentMark-TK top-10 rank,deepseek,ID,2,20,9,280,False,22,13,01111010
rank,AsymAgentMark-TK top-10 rank,deepseek,ID,2,20,10,280,True,20,9,11001101
rank,AsymAgentMark-TK top-10 rank,deepseek,ID,2,20,11,280,True,28,2,11001101
rank,AsymAgentMark-TK top-10 rank,deepseek,ID,2,20,12,280,True,30,5,11001101
rank,AsymAgentMark-TK top-10 rank,deepseek,ID,2,20,13,280,True,20,8,11001101
rank,AsymAgentMark-TK top-10 rank,deepseek,ID,2,20,14,280,False,14,10,10010000
rank,AsymAgentMark-TK top-10 rank,deepseek,ID,2,20,15,280,False,12,2,00100110
rank,AsymAgentMark-TK top-10 rank,deepseek,ID,2,20,16,280,True,25,10,11001101
rank,AsymAgentMark-TK top-10 rank,deepseek,ID,2,20,17,280,True,31,7,11001101
rank,AsymAgentMark-TK top-10 rank,deepseek,ID,2,20,18,280,False,29,15,00111110
rank,AsymAgentMark-TK top-10 rank,deepseek,ID,2,20,19,280,True,20,8,11001101
rank,AsymAgentMark-TK top-10 rank,deepseek,ID,2,20,20,280,False,24,8,00100001
rank,AsymAgentMark-TK top-10 rank,deepseek,ID,2,20,21,280,True,24,9,11001101
rank,AsymAgentMark-TK top-10 rank,deepseek,ID,2,20,22,280,True,24,9,11001101
rank,AsymAgentMark-TK top-10 rank,deepseek,ID,2,20,23,280,True,24,4,11001101
rank,AsymAgentMark-TK top-10 rank,deepseek,ID,2,20,24,280,True,19,7,11001101
rank,AsymAgentMark-TK top-10 rank,deepseek,ID,2,20,25,280,False,18,5,00111110
rank,AsymAgentMark-TK top-10 rank,deepseek,ID,2,20,26,280,False,13,7,11111101
rank,AsymAgentMark-TK top-10 rank,deepseek,ID,2,20,27,280,True,26,13,11001101
rank,AsymAgentMark-TK top-10 rank,deepseek,ID,2,20,28,280,True,24,5,11001101
rank,AsymAgentMark-TK top-10 rank,deepseek,ID,2,20,29,280,True,24,6,11001101
rank,AsymAgentMark-TK top-10 rank,deepseek,ID,2,20,30,280,False,16,10,00010100
rank,AsymAgentMark-TK top-10 rank,deepseek,ID,2,20,31,280,True,17,12,11001101
rank,AsymAgentMark-TK top-10 rank,deepseek,ID,2,20,32,280,True,22,8,11001101
rank,AsymAgentMark-TK top-10 rank,deepseek,ID,2,20,33,280,True,30,10,11001101
rank,AsymAgentMark-TK top-10 rank,deepseek,ID,2,20,34,280,True,20,8,11001101
rank,AsymAgentMark-TK top-10 rank,deepseek,ID,2,20,35,280,True,23,4,11001101
rank,AsymAgentMark-TK top-10 rank,deepseek,ID,2,20,36,280,True,20,8,11001101
rank,AsymAgentMark-TK top-10 rank,deepseek,ID,2,20,37,280,True,27,8,11001101
rank,AsymAgentMark-TK top-10 rank,deepseek,ID,2,20,38,280,True,36,9,11001101
rank,AsymAgentMark-TK top-10 rank,deepseek,ID,2,20,39,280,True,25,11,11001101
rank,AsymAgentMark-TK top-10 rank,deepseek,ID,2,20,40,280,True,14,8,11001101
rank,AsymAgentMark-TK top-10 rank,deepseek,ID,2,20,41,280,True,30,5,11001101
rank,AsymAgentMark-TK top-10 rank,deepseek,ID,2,20,42,280,False,29,4,00100110
rank,AsymAgentMark-TK top-10 rank,deepseek,ID,2,20,43,280,False,16,3,11000111
rank,AsymAgentMark-TK top-10 rank,deepseek,ID,2,20,44,280,False,19,6,11001010
rank,AsymAgentMark-TK top-10 rank,deepseek,ID,2,20,45,280,True,27,6,11001101
rank,AsymAgentMark-TK top-10 rank,deepseek,ID,2,20,46,280,False,24,8,01111101
rank,AsymAgentMark-TK top-10 rank,deepseek,ID,2,20,47,280,True,18,9,11001101
rank,AsymAgentMark-TK top-10 rank,deepseek,ID,2,20,48,280,True,19,13,11001101
rank,AsymAgentMark-TK top-10 rank,deepseek,ID,2,20,49,280,True,17,12,11001101
rank,AsymAgentMark-TK top-10 rank,deepseek,ID,2,30,0,280,True,14,13,11001101
rank,AsymAgentMark-TK top-10 rank,deepseek,ID,2,30,1,280,True,28,14,11001101
rank,AsymAgentMark-TK top-10 rank,deepseek,ID,2,30,2,280,True,31,14,11001101
rank,AsymAgentMark-TK top-10 rank,deepseek,ID,2,30,3,280,True,23,9,11001101
rank,AsymAgentMark-TK top-10 rank,deepseek,ID,2,30,4,280,True,27,11,11001101
rank,AsymAgentMark-TK top-10 rank,deepseek,ID,2,30,5,280,True,22,12,11001101
rank,AsymAgentMark-TK top-10 rank,deepseek,ID,2,30,6,280,True,25,10,11001101
rank,AsymAgentMark-TK top-10 rank,deepseek,ID,2,30,7,280,True,30,13,11001101
rank,AsymAgentMark-TK top-10 rank,deepseek,ID,2,30,8,280,True,17,14,11001101
rank,AsymAgentMark-TK top-10 rank,deepseek,ID,2,30,9,280,True,22,22,11001101
rank,AsymAgentMark-TK top-10 rank,deepseek,ID,2,30,10,280,True,24,12,11001101
rank,AsymAgentMark-TK top-10 rank,deepseek,ID,2,30,11,280,True,23,12,11001101
rank,AsymAgentMark-TK top-10 rank,deepseek,ID,2,30,12,280,True,23,17,11001101
rank,AsymAgentMark-TK top-10 rank,deepseek,ID,2,30,13,280,True,26,12,11001101
rank,AsymAgentMark-TK top-10 rank,deepseek,ID,2,30,14,280,True,29,16,11001101
rank,AsymAgentMark-TK top-10 rank,deepseek,ID,2,30,15,280,True,29,13,11001101
rank,AsymAgentMark-TK top-10 rank,deepseek,ID,2,30,16,280,False,31,11,11111101
rank,AsymAgentMark-TK top-10 rank,deepseek,ID,2,30,17,280,True,20,17,11001101
rank,AsymAgentMark-TK top-10 rank,deepseek,ID,2,30,18,280,True,31,9,11001101
rank,AsymAgentMark-TK top-10 rank,deepseek,ID,2,30,19,280,True,29,11,11001101
rank,AsymAgentMark-TK top-10 rank,deepseek,ID,2,30,20,280,True,25,10,11001101
rank,AsymAgentMark-TK top-10 rank,deepseek,ID,2,30,21,280,True,20,7,11001101
rank,AsymAgentMark-TK top-10 rank,deepseek,ID,2,30,22,280,True,31,15,11001101
rank,AsymAgentMark-TK top-10 rank,deepseek,ID,2,30,23,280,True,18,9,11001101
rank,AsymAgentMark-TK top-10 rank,deepseek,ID,2,30,24,280,True,27,10,11001101
rank,AsymAgentMark-TK top-10 rank,deepseek,ID,2,30,25,280,True,29,12,11001101
rank,AsymAgentMark-TK top-10 rank,deepseek,ID,2,30,26,280,True,25,13,11001101
rank,AsymAgentMark-TK top-10 rank,deepseek,ID,2,30,27,280,True,21,17,11001101
rank,AsymAgentMark-TK top-10 rank,deepseek,ID,2,30,28,280,True,27,14,11001101
rank,AsymAgentMark-TK top-10 rank,deepseek,ID,2,30,29,280,True,27,7,11001101
rank,AsymAgentMark-TK top-10 rank,deepseek,ID,2,30,30,280,True,25,8,11001101
rank,AsymAgentMark-TK top-10 rank,deepseek,ID,2,30,31,280,True,27,5,11001101
rank,AsymAgentMark-TK top-10 rank,deepseek,ID,2,30,32,280,True,26,8,11001101
rank,AsymAgentMark-TK top-10 rank,deepseek,ID,2,30,33,280,True,27,14,11001101
rank,AsymAgentMark-TK top-10 rank,deepseek,ID,2,30,34,280,True,24,10,11001101
rank,AsymAgentMark-TK top-10 rank,deepseek,ID,2,30,35,280,True,20,10,11001101
rank,AsymAgentMark-TK top-10 rank,deepseek,ID,2,30,36,280,False,19,8,01000111
rank,AsymAgentMark-TK top-10 rank,deepseek,ID,2,30,37,280,True,28,11,11001101
rank,AsymAgentMark-TK top-10 rank,deepseek,ID,2,30,38,280,True,27,14,11001101
rank,AsymAgentMark-TK top-10 rank,deepseek,ID,2,30,39,280,True,29,8,11001101
rank,AsymAgentMark-TK top-10 rank,deepseek,ID,2,30,40,280,True,29,17,11001101
rank,AsymAgentMark-TK top-10 rank,deepseek,ID,2,30,41,280,True,29,13,11001101
rank,AsymAgentMark-TK top-10 rank,deepseek,ID,2,30,42,280,True,20,11,11001101
rank,AsymAgentMark-TK top-10 rank,deepseek,ID,2,30,43,280,True,22,13,11001101
rank,AsymAgentMark-TK top-10 rank,deepseek,ID,2,30,44,280,True,25,7,11001101
rank,AsymAgentMark-TK top-10 rank,deepseek,ID,2,30,45,280,True,32,9,11001101
rank,AsymAgentMark-TK top-10 rank,deepseek,ID,2,30,46,280,True,32,5,11001101
rank,AsymAgentMark-TK top-10 rank,deepseek,ID,2,30,47,280,True,21,10,11001101
rank,AsymAgentMark-TK top-10 rank,deepseek,ID,2,30,48,280,False,15,11,00111100
rank,AsymAgentMark-TK top-10 rank,deepseek,ID,2,30,49,280,True,22,9,11001101
rank,AsymAgentMark-TK top-10 rank,deepseek,ID,2,50,0,280,True,31,18,11001101
rank,AsymAgentMark-TK top-10 rank,deepseek,ID,2,50,1,280,True,24,13,11001101
rank,AsymAgentMark-TK top-10 rank,deepseek,ID,2,50,2,280,True,33,16,11001101
rank,AsymAgentMark-TK top-10 rank,deepseek,ID,2,50,3,280,True,27,25,11001101
rank,AsymAgentMark-TK top-10 rank,deepseek,ID,2,50,4,280,True,33,10,11001101
rank,AsymAgentMark-TK top-10 rank,deepseek,ID,2,50,5,280,True,28,13,11001101
rank,AsymAgentMark-TK top-10 rank,deepseek,ID,2,50,6,280,True,27,19,11001101
rank,AsymAgentMark-TK top-10 rank,deepseek,ID,2,50,7,280,True,27,19,11001101
rank,AsymAgentMark-TK top-10 rank,deepseek,ID,2,50,8,280,True,26,13,11001101
rank,AsymAgentMark-TK top-10 rank,deepseek,ID,2,50,9,280,True,23,14,11001101
rank,AsymAgentMark-TK top-10 rank,deepseek,ID,2,50,10,280,True,24,14,11001101
rank,AsymAgentMark-TK top-10 rank,deepseek,ID,2,50,11,280,True,20,15,11001101
rank,AsymAgentMark-TK top-10 rank,deepseek,ID,2,50,12,280,True,27,16,11001101
rank,AsymAgentMark-TK top-10 rank,deepseek,ID,2,50,13,280,True,28,17,11001101
rank,AsymAgentMark-TK top-10 rank,deepseek,ID,2,50,14,280,True,24,16,11001101
rank,AsymAgentMark-TK top-10 rank,deepseek,ID,2,50,15,280,True,30,13,11001101
rank,AsymAgentMark-TK top-10 rank,deepseek,ID,2,50,16,280,True,29,19,11001101
rank,AsymAgentMark-TK top-10 rank,deepseek,ID,2,50,17,280,True,15,21,11001101
rank,AsymAgentMark-TK top-10 rank,deepseek,ID,2,50,18,280,True,31,11,11001101
rank,AsymAgentMark-TK top-10 rank,deepseek,ID,2,50,19,280,True,17,21,11001101
rank,AsymAgentMark-TK top-10 rank,deepseek,ID,2,50,20,280,True,22,18,11001101
rank,AsymAgentMark-TK top-10 rank,deepseek,ID,2,50,21,280,True,27,18,11001101
rank,AsymAgentMark-TK top-10 rank,deepseek,ID,2,50,22,280,True,18,13,11001101
rank,AsymAgentMark-TK top-10 rank,deepseek,ID,2,50,23,280,True,28,20,11001101
rank,AsymAgentMark-TK top-10 rank,deepseek,ID,2,50,24,280,True,35,15,11001101
rank,AsymAgentMark-TK top-10 rank,deepseek,ID,2,50,25,280,True,23,19,11001101
rank,AsymAgentMark-TK top-10 rank,deepseek,ID,2,50,26,280,False,27,21,00100011
rank,AsymAgentMark-TK top-10 rank,deepseek,ID,2,50,27,280,True,36,11,11001101
rank,AsymAgentMark-TK top-10 rank,deepseek,ID,2,50,28,280,True,27,18,11001101
rank,AsymAgentMark-TK top-10 rank,deepseek,ID,2,50,29,280,True,34,18,11001101
rank,AsymAgentMark-TK top-10 rank,deepseek,ID,2,50,30,280,True,27,18,11001101
rank,AsymAgentMark-TK top-10 rank,deepseek,ID,2,50,31,280,True,24,13,11001101
rank,AsymAgentMark-TK top-10 rank,deepseek,ID,2,50,32,280,False,20,21,01000100
rank,AsymAgentMark-TK top-10 rank,deepseek,ID,2,50,33,280,True,28,15,11001101
rank,AsymAgentMark-TK top-10 rank,deepseek,ID,2,50,34,280,True,23,19,11001101
rank,AsymAgentMark-TK top-10 rank,deepseek,ID,2,50,35,280,False,23,18,01100001
rank,AsymAgentMark-TK top-10 rank,deepseek,ID,2,50,36,280,False,26,20,11111111
rank,AsymAgentMark-TK top-10 rank,deepseek,ID,2,50,37,280,True,29,17,11001101
rank,AsymAgentMark-TK top-10 rank,deepseek,ID,2,50,38,280,True,27,24,11001101
rank,AsymAgentMark-TK top-10 rank,deepseek,ID,2,50,39,280,True,27,16,11001101
rank,AsymAgentMark-TK top-10 rank,deepseek,ID,2,50,40,280,True,22,17,11001101
rank,AsymAgentMark-TK top-10 rank,deepseek,ID,2,50,41,280,True,30,14,11001101
rank,AsymAgentMark-TK top-10 rank,deepseek,ID,2,50,42,280,True,27,14,11001101
rank,AsymAgentMark-TK top-10 rank,deepseek,ID,2,50,43,280,True,24,16,11001101
rank,AsymAgentMark-TK top-10 rank,deepseek,ID,2,50,44,280,True,21,12,11001101
rank,AsymAgentMark-TK top-10 rank,deepseek,ID,2,50,45,280,True,28,14,11001101
rank,AsymAgentMark-TK top-10 rank,deepseek,ID,2,50,46,280,True,14,15,11001101
rank,AsymAgentMark-TK top-10 rank,deepseek,ID,2,50,47,280,False,15,16,11000001
rank,AsymAgentMark-TK top-10 rank,deepseek,ID,2,50,48,280,True,24,18,11001101
rank,AsymAgentMark-TK top-10 rank,deepseek,ID,2,50,49,280,True,31,16,11001101
rank,AsymAgentMark-TK top-10 rank,deepseek,ID,2,80,0,280,True,20,25,11001101
rank,AsymAgentMark-TK top-10 rank,deepseek,ID,2,80,1,280,False,17,27,
rank,AsymAgentMark-TK top-10 rank,deepseek,ID,2,80,2,280,False,16,27,01011000
rank,AsymAgentMark-TK top-10 rank,deepseek,ID,2,80,3,280,True,23,22,11001101
rank,AsymAgentMark-TK top-10 rank,deepseek,ID,2,80,4,280,True,19,27,11001101
rank,AsymAgentMark-TK top-10 rank,deepseek,ID,2,80,5,280,False,20,25,00010001
rank,AsymAgentMark-TK top-10 rank,deepseek,ID,2,80,6,280,False,18,29,11111100
rank,AsymAgentMark-TK top-10 rank,deepseek,ID,2,80,7,280,True,28,20,11001101
rank,AsymAgentMark-TK top-10 rank,deepseek,ID,2,80,8,280,True,25,23,11001101
rank,AsymAgentMark-TK top-10 rank,deepseek,ID,2,80,9,280,True,25,19,11001101
rank,AsymAgentMark-TK top-10 rank,deepseek,ID,2,80,10,280,True,21,27,11001101
rank,AsymAgentMark-TK top-10 rank,deepseek,ID,2,80,11,280,True,18,21,11001101
rank,AsymAgentMark-TK top-10 rank,deepseek,ID,2,80,12,280,True,31,23,11001101
rank,AsymAgentMark-TK top-10 rank,deepseek,ID,2,80,13,280,True,27,22,11001101
rank,AsymAgentMark-TK top-10 rank,deepseek,ID,2,80,14,280,False,25,22,10100101
rank,AsymAgentMark-TK top-10 rank,deepseek,ID,2,80,15,280,True,24,26,11001101
rank,AsymAgentMark-TK top-10 rank,deepseek,ID,2,80,16,280,True,29,19,11001101
rank,AsymAgentMark-TK top-10 rank,deepseek,ID,2,80,17,280,True,31,19,11001101
rank,AsymAgentMark-TK top-10 rank,deepseek,ID,2,80,18,280,False,18,27,10011011
rank,AsymAgentMark-TK top-10 rank,deepseek,ID,2,80,19,280,False,24,26,00001110
rank,AsymAgentMark-TK top-10 rank,deepseek,ID,2,80,20,280,True,21,23,11001101
rank,AsymAgentMark-TK top-10 rank,deepseek,ID,2,80,21,280,True,29,21,11001101
rank,AsymAgentMark-TK top-10 rank,deepseek,ID,2,80,22,280,False,22,27,11111100
rank,AsymAgentMark-TK top-10 rank,deepseek,ID,2,80,23,280,True,24,22,11001101
rank,AsymAgentMark-TK top-10 rank,deepseek,ID,2,80,24,280,True,22,31,11001101
rank,AsymAgentMark-TK top-10 rank,deepseek,ID,2,80,25,280,True,21,25,11001101
rank,AsymAgentMark-TK top-10 rank,deepseek,ID,2,80,26,280,True,24,28,11001101
rank,AsymAgentMark-TK top-10 rank,deepseek,ID,2,80,27,280,True,27,19,11001101
rank,AsymAgentMark-TK top-10 rank,deepseek,ID,2,80,28,280,True,25,19,11001101
rank,AsymAgentMark-TK top-10 rank,deepseek,ID,2,80,29,280,False,21,23,00000001
rank,AsymAgentMark-TK top-10 rank,deepseek,ID,2,80,30,280,True,27,21,11001101
rank,AsymAgentMark-TK top-10 rank,deepseek,ID,2,80,31,280,True,21,23,11001101
rank,AsymAgentMark-TK top-10 rank,deepseek,ID,2,80,32,280,False,21,28,00000010
rank,AsymAgentMark-TK top-10 rank,deepseek,ID,2,80,33,280,True,21,19,11001101
rank,AsymAgentMark-TK top-10 rank,deepseek,ID,2,80,34,280,True,33,19,11001101
rank,AsymAgentMark-TK top-10 rank,deepseek,ID,2,80,35,280,True,23,25,11001101
rank,AsymAgentMark-TK top-10 rank,deepseek,ID,2,80,36,280,True,22,23,11001101
rank,AsymAgentMark-TK top-10 rank,deepseek,ID,2,80,37,280,True,24,18,11001101
rank,AsymAgentMark-TK top-10 rank,deepseek,ID,2,80,38,280,True,26,23,11001101
rank,AsymAgentMark-TK top-10 rank,deepseek,ID,2,80,39,280,True,14,20,11001101
rank,AsymAgentMark-TK top-10 rank,deepseek,ID,2,80,40,280,True,23,29,11001101
rank,AsymAgentMark-TK top-10 rank,deepseek,ID,2,80,41,280,True,30,25,11001101
rank,AsymAgentMark-TK top-10 rank,deepseek,ID,2,80,42,280,True,19,26,11001101
rank,AsymAgentMark-TK top-10 rank,deepseek,ID,2,80,43,280,True,20,26,11001101
rank,AsymAgentMark-TK top-10 rank,deepseek,ID,2,80,44,280,True,21,19,11001101
rank,AsymAgentMark-TK top-10 rank,deepseek,ID,2,80,45,280,True,22,20,11001101
rank,AsymAgentMark-TK top-10 rank,deepseek,ID,2,80,46,280,True,23,22,11001101
rank,AsymAgentMark-TK top-10 rank,deepseek,ID,2,80,47,280,True,20,26,11001101
rank,AsymAgentMark-TK top-10 rank,deepseek,ID,2,80,48,280,True,23,15,11001101
rank,AsymAgentMark-TK top-10 rank,deepseek,ID,2,80,49,280,False,17,31,10100101
rank,AsymAgentMark-TK top-10 rank,deepseek,ID,2,100,0,280,False,24,30,10100110
rank,AsymAgentMark-TK top-10 rank,deepseek,ID,2,100,1,280,True,26,23,11001101
rank,AsymAgentMark-TK top-10 rank,deepseek,ID,2,100,2,280,False,15,27,00001110
rank,AsymAgentMark-TK top-10 rank,deepseek,ID,2,100,3,280,False,22,20,10011000
rank,AsymAgentMark-TK top-10 rank,deepseek,ID,2,100,4,280,True,21,20,11001101
rank,AsymAgentMark-TK top-10 rank,deepseek,ID,2,100,5,280,True,29,23,11001101
rank,AsymAgentMark-TK top-10 rank,deepseek,ID,2,100,6,280,False,25,29,00001101
rank,AsymAgentMark-TK top-10 rank,deepseek,ID,2,100,7,280,False,28,26,10100101
rank,AsymAgentMark-TK top-10 rank,deepseek,ID,2,100,8,280,True,27,25,11001101
rank,AsymAgentMark-TK top-10 rank,deepseek,ID,2,100,9,280,True,20,28,11001101
rank,AsymAgentMark-TK top-10 rank,deepseek,ID,2,100,10,280,True,21,31,11001101
rank,AsymAgentMark-TK top-10 rank,deepseek,ID,2,100,11,280,False,24,30,10011011
rank,AsymAgentMark-TK top-10 rank,deepseek,ID,2,100,12,280,True,21,24,11001101
rank,AsymAgentMark-TK top-10 rank,deepseek,ID,2,100,13,280,False,15,27,10011011
rank,AsymAgentMark-TK top-10 rank,deepseek,ID,2,100,14,280,True,25,19,11001101
rank,AsymAgentMark-TK top-10 rank,deepseek,ID,2,100,15,280,True,23,26,11001101
rank,AsymAgentMark-TK top-10 rank,deepseek,ID,2,100,16,280,False,33,21,10010100
rank,AsymAgentMark-TK top-10 rank,deepseek,ID,2,100,17,280,False,24,28,01010100
rank,AsymAgentMark-TK top-10 rank,deepseek,ID,2,100,18,280,False,18,27,00001110
rank,AsymAgentMark-TK top-10 rank,deepseek,ID,2,100,19,280,True,19,25,11001101
rank,AsymAgentMark-TK top-10 rank,deepseek,ID,2,100,20,280,False,21,30,00111100
rank,AsymAgentMark-TK top-10 rank,deepseek,ID,2,100,21,280,True,20,29,11001101
rank,AsymAgentMark-TK top-10 rank,deepseek,ID,2,100,22,280,True,25,24,11001101
rank,AsymAgentMark-TK top-10 rank,deepseek,ID,2,100,23,280,False,20,33,10101010
rank,AsymAgentMark-TK top-10 rank,deepseek,ID,2,100,24,280,False,28,20,01100001
rank,AsymAgentMark-TK top-10 rank,deepseek,ID,2,100,25,280,True,20,28,11001101
rank,AsymAgentMark-TK top-10 rank,deepseek,ID,2,100,26,280,False,19,31,01010100
rank,AsymAgentMark-TK top-10 rank,deepseek,ID,2,100,27,280,True,17,31,11001101
rank,AsymAgentMark-TK top-10 rank,deepseek,ID,2,100,28,280,True,29,27,11001101
rank,AsymAgentMark-TK top-10 rank,deepseek,ID,2,100,29,280,False,24,27,00111100
rank,AsymAgentMark-TK top-10 rank,deepseek,ID,2,100,30,280,True,24,25,11001101
rank,AsymAgentMark-TK top-10 rank,deepseek,ID,2,100,31,280,False,25,28,11110011
rank,AsymAgentMark-TK top-10 rank,deepseek,ID,2,100,32,280,True,22,27,11001101
rank,AsymAgentMark-TK top-10 rank,deepseek,ID,2,100,33,280,False,19,30,10010111
rank,AsymAgentMark-TK top-10 rank,deepseek,ID,2,100,34,280,False,24,28,10100101
rank,AsymAgentMark-TK top-10 rank,deepseek,ID,2,100,35,280,True,28,25,11001101
rank,AsymAgentMark-TK top-10 rank,deepseek,ID,2,100,36,280,True,23,25,11001101
rank,AsymAgentMark-TK top-10 rank,deepseek,ID,2,100,37,280,True,21,28,11001101
rank,AsymAgentMark-TK top-10 rank,deepseek,ID,2,100,38,280,False,21,31,11111100
rank,AsymAgentMark-TK top-10 rank,deepseek,ID,2,100,39,280,True,27,24,11001101
rank,AsymAgentMark-TK top-10 rank,deepseek,ID,2,100,40,280,True,20,28,11001101
rank,AsymAgentMark-TK top-10 rank,deepseek,ID,2,100,41,280,True,22,27,11001101
rank,AsymAgentMark-TK top-10 rank,deepseek,ID,2,100,42,280,True,23,25,11001101
rank,AsymAgentMark-TK top-10 rank,deepseek,ID,2,100,43,280,True,30,19,11001101
rank,AsymAgentMark-TK top-10 rank,deepseek,ID,2,100,44,280,False,16,31,10100110
rank,AsymAgentMark-TK top-10 rank,deepseek,ID,2,100,45,280,True,19,27,11001101
rank,AsymAgentMark-TK top-10 rank,deepseek,ID,2,100,46,280,False,27,27,01101010
rank,AsymAgentMark-TK top-10 rank,deepseek,ID,2,100,47,280,True,20,34,11001101
rank,AsymAgentMark-TK top-10 rank,deepseek,ID,2,100,48,280,True,19,30,11001101
rank,AsymAgentMark-TK top-10 rank,deepseek,ID,2,100,49,280,True,23,30,11001101
rank,AsymAgentMark-TK top-10 rank,deepseek,ID,3,1,0,280,False,4,0,
rank,AsymAgentMark-TK top-10 rank,deepseek,ID,3,1,1,280,False,0,0,
rank,AsymAgentMark-TK top-10 rank,deepseek,ID,3,1,2,280,False,4,0,
rank,AsymAgentMark-TK top-10 rank,deepseek,ID,3,1,3,280,False,1,0,
rank,AsymAgentMark-TK top-10 rank,deepseek,ID,3,1,4,280,False,1,0,
rank,AsymAgentMark-TK top-10 rank,deepseek,ID,3,1,5,280,False,6,0,
rank,AsymAgentMark-TK top-10 rank,deepseek,ID,3,1,6,280,False,2,0,
rank,AsymAgentMark-TK top-10 rank,deepseek,ID,3,1,7,280,False,0,0,
rank,AsymAgentMark-TK top-10 rank,deepseek,ID,3,1,8,280,False,1,0,
rank,AsymAgentMark-TK top-10 rank,deepseek,ID,3,1,9,280,False,3,0,
rank,AsymAgentMark-TK top-10 rank,deepseek,ID,3,1,10,280,False,4,0,
rank,AsymAgentMark-TK top-10 rank,deepseek,ID,3,1,11,280,False,2,0,
rank,AsymAgentMark-TK top-10 rank,deepseek,ID,3,1,12,280,False,0,0,
rank,AsymAgentMark-TK top-10 rank,deepseek,ID,3,1,13,280,False,1,0,
rank,AsymAgentMark-TK top-10 rank,deepseek,ID,3,1,14,280,True,19,0,11001101
rank,AsymAgentMark-TK top-10 rank,deepseek,ID,3,1,15,280,False,2,0,
rank,AsymAgentMark-TK top-10 rank,deepseek,ID,3,1,16,280,False,0,0,
rank,AsymAgentMark-TK top-10 rank,deepseek,ID,3,1,17,280,False,0,0,
rank,AsymAgentMark-TK top-10 rank,deepseek,ID,3,1,18,280,False,6,0,
rank,AsymAgentMark-TK top-10 rank,deepseek,ID,3,1,19,280,False,1,0,
rank,AsymAgentMark-TK top-10 rank,deepseek,ID,3,1,20,280,False,10,0,01111001
rank,AsymAgentMark-TK top-10 rank,deepseek,ID,3,1,21,280,False,8,0,11101011
rank,AsymAgentMark-TK top-10 rank,deepseek,ID,3,1,22,280,False,3,0,
rank,AsymAgentMark-TK top-10 rank,deepseek,ID,3,1,23,280,True,19,0,11001101
rank,AsymAgentMark-TK top-10 rank,deepseek,ID,3,1,24,280,False,0,0,
rank,AsymAgentMark-TK top-10 rank,deepseek,ID,3,1,25,280,False,0,0,
rank,AsymAgentMark-TK top-10 rank,deepseek,ID,3,1,26,280,False,5,0,
rank,AsymAgentMark-TK top-10 rank,deepseek,ID,3,1,27,280,False,6,0,
rank,AsymAgentMark-TK top-10 rank,deepseek,ID,3,1,28,280,False,5,0,
rank,AsymAgentMark-TK top-10 rank,deepseek,ID,3,1,29,280,False,0,0,
rank,AsymAgentMark-TK top-10 rank,deepseek,ID,3,1,30,280,False,0,0,
rank,AsymAgentMark-TK top-10 rank,deepseek,ID,3,1,31,280,True,13,0,11001101
rank,AsymAgentMark-TK top-10 rank,deepseek,ID,3,1,32,280,False,5,0,
rank,AsymAgentMark-TK top-10 rank,deepseek,ID,3,1,33,280,False,8,0,
rank,AsymAgentMark-TK top-10 rank,deepseek,ID,3,1,34,280,False,0,0,
rank,AsymAgentMark-TK top-10 rank,deepseek,ID,3,1,35,280,False,9,0,11001010
rank,AsymAgentMark-TK top-10 rank,deepseek,ID,3,1,36,280,True,15,0,11001101
rank,AsymAgentMark-TK top-10 rank,deepseek,ID,3,1,37,280,False,4,0,
rank,AsymAgentMark-TK top-10 rank,deepseek,ID,3,1,38,280,False,2,0,
rank,AsymAgentMark-TK top-10 rank,deepseek,ID,3,1,39,280,False,0,0,
rank,AsymAgentMark-TK top-10 rank,deepseek,ID,3,1,40,280,True,9,0,11001101
rank,AsymAgentMark-TK top-10 rank,deepseek,ID,3,1,41,280,False,1,0,
rank,AsymAgentMark-TK top-10 rank,deepseek,ID,3,1,42,280,False,5,0,
rank,AsymAgentMark-TK top-10 rank,deepseek,ID,3,1,43,280,False,2,0,
rank,AsymAgentMark-TK top-10 rank,deepseek,ID,3,1,44,280,False,0,0,
rank,AsymAgentMark-TK top-10 rank,deepseek,ID,3,1,45,280,False,8,0,
rank,AsymAgentMark-TK top-10 rank,deepseek,ID,3,1,46,280,False,5,0,
rank,AsymAgentMark-TK top-10 rank,deepseek,ID,3,1,47,280,False,0,0,
rank,AsymAgentMark-TK top-10 rank,deepseek,ID,3,1,48,280,False,2,0,
rank,AsymAgentMark-TK top-10 rank,deepseek,ID,3,1,49,280,True,26,0,11001101
rank,AsymAgentMark-TK top-10 rank,deepseek,ID,3,2,0,280,False,8,0,
rank,AsymAgentMark-TK top-10 rank,deepseek,ID,3,2,1,280,False,1,0,
rank,AsymAgentMark-TK top-10 rank,deepseek,ID,3,2,2,280,False,8,0,11010101
rank,AsymAgentMark-TK top-10 rank,deepseek,ID,3,2,3,280,False,6,0,
rank,AsymAgentMark-TK top-10 rank,deepseek,ID,3,2,4,280,False,21,1,11010000
rank,AsymAgentMark-TK top-10 rank,deepseek,ID,3,2,5,280,False,0,0,
rank,AsymAgentMark-TK top-10 rank,deepseek,ID,3,2,6,280,False,4,0,
rank,AsymAgentMark-TK top-10 rank,deepseek,ID,3,2,7,280,False,4,0,
rank,AsymAgentMark-TK top-10 rank,deepseek,ID,3,2,8,280,False,6,0,
rank,AsymAgentMark-TK top-10 rank,deepseek,ID,3,2,9,280,True,13,0,11001101
rank,AsymAgentMark-TK top-10 rank,deepseek,ID,3,2,10,280,False,0,0,
rank,AsymAgentMark-TK top-10 rank,deepseek,ID,3,2,11,280,True,12,0,11001101
rank,AsymAgentMark-TK top-10 rank,deepseek,ID,3,2,12,280,False,4,0,
rank,AsymAgentMark-TK top-10 rank,deepseek,ID,3,2,13,280,False,3,1,
rank,AsymAgentMark-TK top-10 rank,deepseek,ID,3,2,14,280,False,2,0,
rank,AsymAgentMark-TK top-10 rank,deepseek,ID,3,2,15,280,False,3,0,
rank,AsymAgentMark-TK top-10 rank,deepseek,ID,3,2,16,280,False,5,0,
rank,AsymAgentMark-TK top-10 rank,deepseek,ID,3,2,17,280,False,1,0,
rank,AsymAgentMark-TK top-10 rank,deepseek,ID,3,2,18,280,False,19,4,11010110
rank,AsymAgentMark-TK top-10 rank,deepseek,ID,3,2,19,280,False,0,0,
rank,AsymAgentMark-TK top-10 rank,deepseek,ID,3,2,20,280,False,4,0,
rank,AsymAgentMark-TK top-10 rank,deepseek,ID,3,2,21,280,True,12,0,11001101
rank,AsymAgentMark-TK top-10 rank,deepseek,ID,3,2,22,280,True,20,0,11001101
rank,AsymAgentMark-TK top-10 rank,deepseek,ID,3,2,23,280,False,14,0,11001111
rank,AsymAgentMark-TK top-10 rank,deepseek,ID,3,2,24,280,False,9,0,
rank,AsymAgentMark-TK top-10 rank,deepseek,ID,3,2,25,280,True,11,0,11001101
rank,AsymAgentMark-TK top-10 rank,deepseek,ID,3,2,26,280,False,10,0,00000100
rank,AsymAgentMark-TK top-10 rank,deepseek,ID,3,2,27,280,False,6,0,
rank,AsymAgentMark-TK top-10 rank,deepseek,ID,3,2,28,280,False,16,0,11111101
rank,AsymAgentMark-TK top-10 rank,deepseek,ID,3,2,29,280,False,4,0,
rank,AsymAgentMark-TK top-10 rank,deepseek,ID,3,2,30,280,False,2,1,
rank,AsymAgentMark-TK top-10 rank,deepseek,ID,3,2,31,280,False,4,0,
rank,AsymAgentMark-TK top-10 rank,deepseek,ID,3,2,32,280,False,2,0,
rank,AsymAgentMark-TK top-10 rank,deepseek,ID,3,2,33,280,False,8,0,00000110
rank,AsymAgentMark-TK top-10 rank,deepseek,ID,3,2,34,280,False,12,0,00011100
rank,AsymAgentMark-TK top-10 rank,deepseek,ID,3,2,35,280,False,9,1,00000100
rank,AsymAgentMark-TK top-10 rank,deepseek,ID,3,2,36,280,False,5,0,
rank,AsymAgentMark-TK top-10 rank,deepseek,ID,3,2,37,280,False,4,0,
rank,AsymAgentMark-TK top-10 rank,deepseek,ID,3,2,38,280,False,4,0,
rank,AsymAgentMark-TK top-10 rank,deepseek,ID,3,2,39,280,False,1,0,
rank,AsymAgentMark-TK top-10 rank,deepseek,ID,3,2,40,280,False,2,0,
rank,AsymAgentMark-TK top-10 rank,deepseek,ID,3,2,41,280,False,2,0,
rank,AsymAgentMark-TK top-10 rank,deepseek,ID,3,2,42,280,True,13,0,11001101
rank,AsymAgentMark-TK top-10 rank,deepseek,ID,3,2,43,280,False,6,0,
rank,AsymAgentMark-TK top-10 rank,deepseek,ID,3,2,44,280,False,3,0,
rank,AsymAgentMark-TK top-10 rank,deepseek,ID,3,2,45,280,True,12,0,11001101
rank,AsymAgentMark-TK top-10 rank,deepseek,ID,3,2,46,280,True,23,0,11001101
rank,AsymAgentMark-TK top-10 rank,deepseek,ID,3,2,47,280,False,6,0,
rank,AsymAgentMark-TK top-10 rank,deepseek,ID,3,2,48,280,False,2,0,
rank,AsymAgentMark-TK top-10 rank,deepseek,ID,3,2,49,280,False,1,0,
rank,AsymAgentMark-TK top-10 rank,deepseek,ID,3,3,0,280,False,0,1,
rank,AsymAgentMark-TK top-10 rank,deepseek,ID,3,3,1,280,False,4,0,
rank,AsymAgentMark-TK top-10 rank,deepseek,ID,3,3,2,280,False,12,1,11111101
rank,AsymAgentMark-TK top-10 rank,deepseek,ID,3,3,3,280,False,10,0,11001000
rank,AsymAgentMark-TK top-10 rank,deepseek,ID,3,3,4,280,True,14,0,11001101
rank,AsymAgentMark-TK top-10 rank,deepseek,ID,3,3,5,280,False,18,0,00111000
rank,AsymAgentMark-TK top-10 rank,deepseek,ID,3,3,6,280,False,4,0,
rank,AsymAgentMark-TK top-10 rank,deepseek,ID,3,3,7,280,False,2,1,
rank,AsymAgentMark-TK top-10 rank,deepseek,ID,3,3,8,280,True,21,0,11001101
rank,AsymAgentMark-TK top-10 rank,deepseek,ID,3,3,9,280,False,14,2,00110110
rank,AsymAgentMark-TK top-10 rank,deepseek,ID,3,3,10,280,True,26,3,11001101
rank,AsymAgentMark-TK top-10 rank,deepseek,ID,3,3,11,280,False,1,0,
rank,AsymAgentMark-TK top-10 rank,deepseek,ID,3,3,12,280,False,2,0,
rank,AsymAgentMark-TK top-10 rank,deepseek,ID,3,3,13,280,False,11,2,11111101
rank,AsymAgentMark-TK top-10 rank,deepseek,ID,3,3,14,280,False,18,2,11000111
rank,AsymAgentMark-TK top-10 rank,deepseek,ID,3,3,15,280,False,3,0,
rank,AsymAgentMark-TK top-10 rank,deepseek,ID,3,3,16,280,True,11,0,11001101
rank,AsymAgentMark-TK top-10 rank,deepseek,ID,3,3,17,280,False,1,0,
rank,AsymAgentMark-TK top-10 rank,deepseek,ID,3,3,18,280,True,10,0,11001101
rank,AsymAgentMark-TK top-10 rank,deepseek,ID,3,3,19,280,True,16,1,11001101
rank,AsymAgentMark-TK top-10 rank,deepseek,ID,3,3,20,280,True,19,0,11001101
rank,AsymAgentMark-TK top-10 rank,deepseek,ID,3,3,21,280,False,16,2,01110000
rank,AsymAgentMark-TK top-10 rank,deepseek,ID,3,3,22,280,False,7,0,
rank,AsymAgentMark-TK top-10 rank,deepseek,ID,3,3,23,280,False,27,1,01111100
rank,AsymAgentMark-TK top-10 rank,deepseek,ID,3,3,24,280,False,9,0,11000010
rank,AsymAgentMark-TK top-10 rank,deepseek,ID,3,3,25,280,False,4,0,
rank,AsymAgentMark-TK top-10 rank,deepseek,ID,3,3,26,280,False,15,2,00101100
rank,AsymAgentMark-TK top-10 rank,deepseek,ID,3,3,27,280,False,10,1,11001000
rank,AsymAgentMark-TK top-10 rank,deepseek,ID,3,3,28,280,False,5,0,
rank,AsymAgentMark-TK top-10 rank,deepseek,ID,3,3,29,280,False,1,0,
rank,AsymAgentMark-TK top-10 rank,deepseek,ID,3,3,30,280,True,14,1,11001101
rank,AsymAgentMark-TK top-10 rank,deepseek,ID,3,3,31,280,False,4,3,
rank,AsymAgentMark-TK top-10 rank,deepseek,ID,3,3,32,280,True,12,0,11001101
rank,AsymAgentMark-TK top-10 rank,deepseek,ID,3,3,33,280,True,19,0,11001101
rank,AsymAgentMark-TK top-10 rank,deepseek,ID,3,3,34,280,True,16,2,11001101
rank,AsymAgentMark-TK top-10 rank,deepseek,ID,3,3,35,280,False,5,0,
rank,AsymAgentMark-TK top-10 rank,deepseek,ID,3,3,36,280,False,2,0,
rank,AsymAgentMark-TK top-10 rank,deepseek,ID,3,3,37,280,False,22,2,11001010
rank,AsymAgentMark-TK top-10 rank,deepseek,ID,3,3,38,280,False,2,0,
rank,AsymAgentMark-TK top-10 rank,deepseek,ID,3,3,39,280,True,11,0,11001101
rank,AsymAgentMark-TK top-10 rank,deepseek,ID,3,3,40,280,True,14,2,11001101
rank,AsymAgentMark-TK top-10 rank,deepseek,ID,3,3,41,280,False,7,0,
rank,AsymAgentMark-TK top-10 rank,deepseek,ID,3,3,42,280,False,5,1,
rank,AsymAgentMark-TK top-10 rank,deepseek,ID,3,3,43,280,False,2,0,
rank,AsymAgentMark-TK top-10 rank,deepseek,ID,3,3,44,280,True,14,0,11001101
rank,AsymAgentMark-TK top-10 rank,deepseek,ID,3,3,45,280,True,21,2,11001101
rank,AsymAgentMark-TK top-10 rank,deepseek,ID,3,3,46,280,False,6,0,
rank,AsymAgentMark-TK top-10 rank,deepseek,ID,3,3,47,280,True,16,0,11001101
rank,AsymAgentMark-TK top-10 rank,deepseek,ID,3,3,48,280,False,4,0,
rank,AsymAgentMark-TK top-10 rank,deepseek,ID,3,3,49,280,False,2,1,
rank,AsymAgentMark-TK top-10 rank,deepseek,ID,3,5,0,280,False,18,2,11010111
rank,AsymAgentMark-TK top-10 rank,deepseek,ID,3,5,1,280,False,7,3,
rank,AsymAgentMark-TK top-10 rank,deepseek,ID,3,5,2,280,False,2,0,
rank,AsymAgentMark-TK top-10 rank,deepseek,ID,3,5,3,280,False,8,0,
rank,AsymAgentMark-TK top-10 rank,deepseek,ID,3,5,4,280,False,11,3,
rank,AsymAgentMark-TK top-10 rank,deepseek,ID,3,5,5,280,False,16,2,01111101
rank,AsymAgentMark-TK top-10 rank,deepseek,ID,3,5,6,280,False,6,2,
rank,AsymAgentMark-TK top-10 rank,deepseek,ID,3,5,7,280,True,16,2,11001101
rank,AsymAgentMark-TK top-10 rank,deepseek,ID,3,5,8,280,False,7,0,
rank,AsymAgentMark-TK top-10 rank,deepseek,ID,3,5,9,280,False,7,0,
rank,AsymAgentMark-TK top-10 rank,deepseek,ID,3,5,10,280,True,12,0,11001101
rank,AsymAgentMark-TK top-10 rank,deepseek,ID,3,5,11,280,False,7,1,
rank,AsymAgentMark-TK top-10 rank,deepseek,ID,3,5,12,280,True,26,0,11001101
rank,AsymAgentMark-TK top-10 rank,deepseek,ID,3,5,13,280,False,15,1,11101111
rank,AsymAgentMark-TK top-10 rank,deepseek,ID,3,5,14,280,False,10,0,11000010
rank,AsymAgentMark-TK top-10 rank,deepseek,ID,3,5,15,280,False,7,0,
rank,AsymAgentMark-TK top-10 rank,deepseek,ID,3,5,16,280,False,10,0,
rank,AsymAgentMark-TK top-10 rank,deepseek,ID,3,5,17,280,True,17,5,11001101
rank,AsymAgentMark-TK top-10 rank,deepseek,ID,3,5,18,280,True,10,0,11001101
rank,AsymAgentMark-TK top-10 rank,deepseek,ID,3,5,19,280,False,6,1,
rank,AsymAgentMark-TK top-10 rank,deepseek,ID,3,5,20,280,True,10,4,11001101
rank,AsymAgentMark-TK top-10 rank,deepseek,ID,3,5,21,280,False,14,3,00100100
rank,AsymAgentMark-TK top-10 rank,deepseek,ID,3,5,22,280,False,7,0,
rank,AsymAgentMark-TK top-10 rank,deepseek,ID,3,5,23,280,False,7,0,
rank,AsymAgentMark-TK top-10 rank,deepseek,ID,3,5,24,280,False,9,1,10100010
rank,AsymAgentMark-TK top-10 rank,deepseek,ID,3,5,25,280,False,12,2,
rank,AsymAgentMark-TK top-10 rank,deepseek,ID,3,5,26,280,False,5,0,
rank,AsymAgentMark-TK top-10 rank,deepseek,ID,3,5,27,280,False,13,0,00101110
rank,AsymAgentMark-TK top-10 rank,deepseek,ID,3,5,28,280,True,13,0,11001101
rank,AsymAgentMark-TK top-10 rank,deepseek,ID,3,5,29,280,False,13,1,01110001
rank,AsymAgentMark-TK top-10 rank,deepseek,ID,3,5,30,280,True,11,0,11001101
rank,AsymAgentMark-TK top-10 rank,deepseek,ID,3,5,31,280,True,9,2,11001101
rank,AsymAgentMark-TK top-10 rank,deepseek,ID,3,5,32,280,False,29,3,11011010
rank,AsymAgentMark-TK top-10 rank,deepseek,ID,3,5,33,280,True,18,0,11001101
rank,AsymAgentMark-TK top-10 rank,deepseek,ID,3,5,34,280,True,16,1,11001101
rank,AsymAgentMark-TK top-10 rank,deepseek,ID,3,5,35,280,False,8,0,11000111
rank,AsymAgentMark-TK top-10 rank,deepseek,ID,3,5,36,280,True,16,0,11001101
rank,AsymAgentMark-TK top-10 rank,deepseek,ID,3,5,37,280,False,10,1,00101110
rank,AsymAgentMark-TK top-10 rank,deepseek,ID,3,5,38,280,False,12,0,11000010
rank,AsymAgentMark-TK top-10 rank,deepseek,ID,3,5,39,280,False,6,0,
rank,AsymAgentMark-TK top-10 rank,deepseek,ID,3,5,40,280,True,13,2,11001101
rank,AsymAgentMark-TK top-10 rank,deepseek,ID,3,5,41,280,False,2,0,
rank,AsymAgentMark-TK top-10 rank,deepseek,ID,3,5,42,280,True,21,0,11001101
rank,AsymAgentMark-TK top-10 rank,deepseek,ID,3,5,43,280,False,13,2,00100100
rank,AsymAgentMark-TK top-10 rank,deepseek,ID,3,5,44,280,True,25,1,11001101
rank,AsymAgentMark-TK top-10 rank,deepseek,ID,3,5,45,280,False,4,2,
rank,AsymAgentMark-TK top-10 rank,deepseek,ID,3,5,46,280,True,12,2,11001101
rank,AsymAgentMark-TK top-10 rank,deepseek,ID,3,5,47,280,True,18,1,11001101
rank,AsymAgentMark-TK top-10 rank,deepseek,ID,3,5,48,280,False,8,1,00011110
rank,AsymAgentMark-TK top-10 rank,deepseek,ID,3,5,49,280,True,18,1,11001101
rank,AsymAgentMark-TK top-10 rank,deepseek,ID,3,8,0,280,True,12,4,11001101
rank,AsymAgentMark-TK top-10 rank,deepseek,ID,3,8,1,280,False,22,3,00110011
rank,AsymAgentMark-TK top-10 rank,deepseek,ID,3,8,2,280,True,28,7,11001101
rank,AsymAgentMark-TK top-10 rank,deepseek,ID,3,8,3,280,True,25,3,11001101
rank,AsymAgentMark-TK top-10 rank,deepseek,ID,3,8,4,280,True,23,2,11001101
rank,AsymAgentMark-TK top-10 rank,deepseek,ID,3,8,5,280,False,14,3,11110111
rank,AsymAgentMark-TK top-10 rank,deepseek,ID,3,8,6,280,True,21,3,11001101
rank,AsymAgentMark-TK top-10 rank,deepseek,ID,3,8,7,280,True,21,7,11001101
rank,AsymAgentMark-TK top-10 rank,deepseek,ID,3,8,8,280,False,5,4,
rank,AsymAgentMark-TK top-10 rank,deepseek,ID,3,8,9,280,True,20,2,11001101
rank,AsymAgentMark-TK top-10 rank,deepseek,ID,3,8,10,280,True,13,2,11001101
rank,AsymAgentMark-TK top-10 rank,deepseek,ID,3,8,11,280,True,26,3,11001101
rank,AsymAgentMark-TK top-10 rank,deepseek,ID,3,8,12,280,False,10,6,11111101
rank,AsymAgentMark-TK top-10 rank,deepseek,ID,3,8,13,280,True,18,2,11001101
rank,AsymAgentMark-TK top-10 rank,deepseek,ID,3,8,14,280,True,19,4,11001101
rank,AsymAgentMark-TK top-10 rank,deepseek,ID,3,8,15,280,True,10,3,11001101
rank,AsymAgentMark-TK top-10 rank,deepseek,ID,3,8,16,280,False,20,3,00010110
rank,AsymAgentMark-TK top-10 rank,deepseek,ID,3,8,17,280,True,21,6,11001101
rank,AsymAgentMark-TK top-10 rank,deepseek,ID,3,8,18,280,False,23,1,01110101
rank,AsymAgentMark-TK top-10 rank,deepseek,ID,3,8,19,280,True,14,2,11001101
rank,AsymAgentMark-TK top-10 rank,deepseek,ID,3,8,20,280,True,18,3,11001101
rank,AsymAgentMark-TK top-10 rank,deepseek,ID,3,8,21,280,True,24,2,11001101
rank,AsymAgentMark-TK top-10 rank,deepseek,ID,3,8,22,280,False,8,4,
rank,AsymAgentMark-TK top-10 rank,deepseek,ID,3,8,23,280,True,14,4,11001101
rank,AsymAgentMark-TK top-10 rank,deepseek,ID,3,8,24,280,True,17,5,11001101
rank,AsymAgentMark-TK top-10 rank,deepseek,ID,3,8,25,280,False,17,4,10011111
rank,AsymAgentMark-TK top-10 rank,deepseek,ID,3,8,26,280,True,23,7,11001101
rank,AsymAgentMark-TK top-10 rank,deepseek,ID,3,8,27,280,True,15,1,11001101
rank,AsymAgentMark-TK top-10 rank,deepseek,ID,3,8,28,280,True,25,1,11001101
rank,AsymAgentMark-TK top-10 rank,deepseek,ID,3,8,29,280,True,21,3,11001101
rank,AsymAgentMark-TK top-10 rank,deepseek,ID,3,8,30,280,False,7,1,
rank,AsymAgentMark-TK top-10 rank,deepseek,ID,3,8,31,280,False,14,8,11110101
rank,AsymAgentMark-TK top-10 rank,deepseek,ID,3,8,32,280,False,24,3,01111101
rank,AsymAgentMark-TK top-10 rank,deepseek,ID,3,8,33,280,True,24,2,11001101
rank,AsymAgentMark-TK top-10 rank,deepseek,ID,3,8,34,280,False,9,4,
rank,AsymAgentMark-TK top-10 rank,deepseek,ID,3,8,35,280,False,21,2,00101110
rank,AsymAgentMark-TK top-10 rank,deepseek,ID,3,8,36,280,True,20,1,11001101
rank,AsymAgentMark-TK top-10 rank,deepseek,ID,3,8,37,280,True,17,4,11001101
rank,AsymAgentMark-TK top-10 rank,deepseek,ID,3,8,38,280,False,26,6,00100110
rank,AsymAgentMark-TK top-10 rank,deepseek,ID,3,8,39,280,False,19,3,01100010
rank,AsymAgentMark-TK top-10 rank,deepseek,ID,3,8,40,280,True,11,2,11001101
rank,AsymAgentMark-TK top-10 rank,deepseek,ID,3,8,41,280,False,10,2,01000010
rank,AsymAgentMark-TK top-10 rank,deepseek,ID,3,8,42,280,True,18,1,11001101
rank,AsymAgentMark-TK top-10 rank,deepseek,ID,3,8,43,280,False,11,4,
rank,AsymAgentMark-TK top-10 rank,deepseek,ID,3,8,44,280,False,12,2,11001000
rank,AsymAgentMark-TK top-10 rank,deepseek,ID,3,8,45,280,False,12,2,01111101
rank,AsymAgentMark-TK top-10 rank,deepseek,ID,3,8,46,280,False,17,3,01000001
rank,AsymAgentMark-TK top-10 rank,deepseek,ID,3,8,47,280,False,6,0,
rank,AsymAgentMark-TK top-10 rank,deepseek,ID,3,8,48,280,False,4,1,
rank,AsymAgentMark-TK top-10 rank,deepseek,ID,3,8,49,280,True,20,0,11001101
rank,AsymAgentMark-TK top-10 rank,deepseek,ID,3,10,0,280,False,26,4,11000010
rank,AsymAgentMark-TK top-10 rank,deepseek,ID,3,10,1,280,True,21,4,11001101
rank,AsymAgentMark-TK top-10 rank,deepseek,ID,3,10,2,280,False,3,2,
rank,AsymAgentMark-TK top-10 rank,deepseek,ID,3,10,3,280,False,10,4,00100110
rank,AsymAgentMark-TK top-10 rank,deepseek,ID,3,10,4,280,False,10,2,01000101
rank,AsymAgentMark-TK top-10 rank,deepseek,ID,3,10,5,280,False,15,2,11001010
rank,AsymAgentMark-TK top-10 rank,deepseek,ID,3,10,6,280,False,11,4,00010001
rank,AsymAgentMark-TK top-10 rank,deepseek,ID,3,10,7,280,True,13,1,11001101
rank,AsymAgentMark-TK top-10 rank,deepseek,ID,3,10,8,280,False,22,5,11000111
rank,AsymAgentMark-TK top-10 rank,deepseek,ID,3,10,9,280,True,23,2,11001101
rank,AsymAgentMark-TK top-10 rank,deepseek,ID,3,10,10,280,True,23,1,11001101
rank,AsymAgentMark-TK top-10 rank,deepseek,ID,3,10,11,280,True,20,5,11001101
rank,AsymAgentMark-TK top-10 rank,deepseek,ID,3,10,12,280,True,22,1,11001101
rank,AsymAgentMark-TK top-10 rank,deepseek,ID,3,10,13,280,True,22,2,11001101
rank,AsymAgentMark-TK top-10 rank,deepseek,ID,3,10,14,280,True,15,7,11001101
rank,AsymAgentMark-TK top-10 rank,deepseek,ID,3,10,15,280,False,19,3,01001011
rank,AsymAgentMark-TK top-10 rank,deepseek,ID,3,10,16,280,False,12,8,11110101
rank,AsymAgentMark-TK top-10 rank,deepseek,ID,3,10,17,280,False,22,3,11111101
rank,AsymAgentMark-TK top-10 rank,deepseek,ID,3,10,18,280,True,22,1,11001101
rank,AsymAgentMark-TK top-10 rank,deepseek,ID,3,10,19,280,False,11,4,11000010
rank,AsymAgentMark-TK top-10 rank,deepseek,ID,3,10,20,280,False,25,3,10001101
rank,AsymAgentMark-TK top-10 rank,deepseek,ID,3,10,21,280,False,21,2,11000010
rank,AsymAgentMark-TK top-10 rank,deepseek,ID,3,10,22,280,True,22,4,11001101
rank,AsymAgentMark-TK top-10 rank,deepseek,ID,3,10,23,280,True,24,7,11001101
rank,AsymAgentMark-TK top-10 rank,deepseek,ID,3,10,24,280,False,18,8,11000101
rank,AsymAgentMark-TK top-10 rank,deepseek,ID,3,10,25,280,False,20,8,00100110
rank,AsymAgentMark-TK top-10 rank,deepseek,ID,3,10,26,280,False,18,6,11001010
rank,AsymAgentMark-TK top-10 rank,deepseek,ID,3,10,27,280,False,13,4,01000101
rank,AsymAgentMark-TK top-10 rank,deepseek,ID,3,10,28,280,True,24,3,11001101
rank,AsymAgentMark-TK top-10 rank,deepseek,ID,3,10,29,280,False,10,2,11000101
rank,AsymAgentMark-TK top-10 rank,deepseek,ID,3,10,30,280,False,19,4,01111101
rank,AsymAgentMark-TK top-10 rank,deepseek,ID,3,10,31,280,False,18,9,01001001
rank,AsymAgentMark-TK top-10 rank,deepseek,ID,3,10,32,280,True,26,5,11001101
rank,AsymAgentMark-TK top-10 rank,deepseek,ID,3,10,33,280,True,12,3,11001101
rank,AsymAgentMark-TK top-10 rank,deepseek,ID,3,10,34,280,True,33,6,11001101
rank,AsymAgentMark-TK top-10 rank,deepseek,ID,3,10,35,280,True,31,8,11001101
rank,AsymAgentMark-TK top-10 rank,deepseek,ID,3,10,36,280,False,18,8,01101100
rank,AsymAgentMark-TK top-10 rank,deepseek,ID,3,10,37,280,True,18,3,11001101
rank,AsymAgentMark-TK top-10 rank,deepseek,ID,3,10,38,280,False,22,5,11000000
rank,AsymAgentMark-TK top-10 rank,deepseek,ID,3,10,39,280,True,18,2,11001101
rank,AsymAgentMark-TK top-10 rank,deepseek,ID,3,10,40,280,True,14,6,11001101
rank,AsymAgentMark-TK top-10 rank,deepseek,ID,3,10,41,280,False,7,7,
rank,AsymAgentMark-TK top-10 rank,deepseek,ID,3,10,42,280,True,18,1,11001101
rank,AsymAgentMark-TK top-10 rank,deepseek,ID,3,10,43,280,True,14,4,11001101
rank,AsymAgentMark-TK top-10 rank,deepseek,ID,3,10,44,280,True,27,5,11001101
rank,AsymAgentMark-TK top-10 rank,deepseek,ID,3,10,45,280,True,19,6,11001101
rank,AsymAgentMark-TK top-10 rank,deepseek,ID,3,10,46,280,False,7,8,
rank,AsymAgentMark-TK top-10 rank,deepseek,ID,3,10,47,280,True,14,3,11001101
rank,AsymAgentMark-TK top-10 rank,deepseek,ID,3,10,48,280,True,23,8,11001101
rank,AsymAgentMark-TK top-10 rank,deepseek,ID,3,10,49,280,True,28,5,11001101
rank,AsymAgentMark-TK top-10 rank,deepseek,ID,3,15,0,280,True,20,8,11001101
rank,AsymAgentMark-TK top-10 rank,deepseek,ID,3,15,1,280,False,14,8,01110011
rank,AsymAgentMark-TK top-10 rank,deepseek,ID,3,15,2,280,True,29,4,11001101
rank,AsymAgentMark-TK top-10 rank,deepseek,ID,3,15,3,280,True,21,6,11001101
rank,AsymAgentMark-TK top-10 rank,deepseek,ID,3,15,4,280,True,21,12,11001101
rank,AsymAgentMark-TK top-10 rank,deepseek,ID,3,15,5,280,True,25,9,11001101
rank,AsymAgentMark-TK top-10 rank,deepseek,ID,3,15,6,280,True,24,4,11001101
rank,AsymAgentMark-TK top-10 rank,deepseek,ID,3,15,7,280,False,20,3,11000010
rank,AsymAgentMark-TK top-10 rank,deepseek,ID,3,15,8,280,False,13,3,00100110
rank,AsymAgentMark-TK top-10 rank,deepseek,ID,3,15,9,280,True,21,16,11001101
rank,AsymAgentMark-TK top-10 rank,deepseek,ID,3,15,10,280,True,21,7,11001101
rank,AsymAgentMark-TK top-10 rank,deepseek,ID,3,15,11,280,True,18,10,11001101
rank,AsymAgentMark-TK top-10 rank,deepseek,ID,3,15,12,280,True,19,7,11001101
rank,AsymAgentMark-TK top-10 rank,deepseek,ID,3,15,13,280,True,26,5,11001101
rank,AsymAgentMark-TK top-10 rank,deepseek,ID,3,15,14,280,False,22,1,11001000
rank,AsymAgentMark-TK top-10 rank,deepseek,ID,3,15,15,280,True,11,5,11001101
rank,AsymAgentMark-TK top-10 rank,deepseek,ID,3,15,16,280,True,22,10,11001101
rank,AsymAgentMark-TK top-10 rank,deepseek,ID,3,15,17,280,True,15,7,11001101
rank,AsymAgentMark-TK top-10 rank,deepseek,ID,3,15,18,280,False,12,8,11110101
rank,AsymAgentMark-TK top-10 rank,deepseek,ID,3,15,19,280,True,15,14,11001101
rank,AsymAgentMark-TK top-10 rank,deepseek,ID,3,15,20,280,False,20,8,10001101
rank,AsymAgentMark-TK top-10 rank,deepseek,ID,3,15,21,280,True,25,6,11001101
rank,AsymAgentMark-TK top-10 rank,deepseek,ID,3,15,22,280,True,22,6,11001101
rank,AsymAgentMark-TK top-10 rank,deepseek,ID,3,15,23,280,True,18,8,11001101
rank,AsymAgentMark-TK top-10 rank,deepseek,ID,3,15,24,280,False,6,1,
rank,AsymAgentMark-TK top-10 rank,deepseek,ID,3,15,25,280,True,25,7,11001101
rank,AsymAgentMark-TK top-10 rank,deepseek,ID,3,15,26,280,False,15,7,00000001
rank,AsymAgentMark-TK top-10 rank,deepseek,ID,3,15,27,280,False,19,9,11000111
rank,AsymAgentMark-TK top-10 rank,deepseek,ID,3,15,28,280,True,15,2,11001101
rank,AsymAgentMark-TK top-10 rank,deepseek,ID,3,15,29,280,False,25,6,11111101
rank,AsymAgentMark-TK top-10 rank,deepseek,ID,3,15,30,280,False,13,8,00100110
rank,AsymAgentMark-TK top-10 rank,deepseek,ID,3,15,31,280,True,25,5,11001101
rank,AsymAgentMark-TK top-10 rank,deepseek,ID,3,15,32,280,True,21,7,11001101
rank,AsymAgentMark-TK top-10 rank,deepseek,ID,3,15,33,280,False,12,9,
rank,AsymAgentMark-TK top-10 rank,deepseek,ID,3,15,34,280,False,24,7,11000010
rank,AsymAgentMark-TK top-10 rank,deepseek,ID,3,15,35,280,True,22,8,11001101
rank,AsymAgentMark-TK top-10 rank,deepseek,ID,3,15,36,280,False,17,5,11000111
rank,AsymAgentMark-TK top-10 rank,deepseek,ID,3,15,37,280,True,17,7,11001101
rank,AsymAgentMark-TK top-10 rank,deepseek,ID,3,15,38,280,True,21,6,11001101
rank,AsymAgentMark-TK top-10 rank,deepseek,ID,3,15,39,280,False,15,7,11000111
rank,AsymAgentMark-TK top-10 rank,deepseek,ID,3,15,40,280,True,25,9,11001101
rank,AsymAgentMark-TK top-10 rank,deepseek,ID,3,15,41,280,False,12,7,00100110
rank,AsymAgentMark-TK top-10 rank,deepseek,ID,3,15,42,280,True,26,2,11001101
rank,AsymAgentMark-TK top-10 rank,deepseek,ID,3,15,43,280,True,27,7,11001101
rank,AsymAgentMark-TK top-10 rank,deepseek,ID,3,15,44,280,False,19,7,00111001
rank,AsymAgentMark-TK top-10 rank,deepseek,ID,3,15,45,280,True,12,2,11001101
rank,AsymAgentMark-TK top-10 rank,deepseek,ID,3,15,46,280,True,21,8,11001101
rank,AsymAgentMark-TK top-10 rank,deepseek,ID,3,15,47,280,True,16,8,11001101
rank,AsymAgentMark-TK top-10 rank,deepseek,ID,3,15,48,280,False,18,7,00100110
rank,AsymAgentMark-TK top-10 rank,deepseek,ID,3,15,49,280,True,19,5,11001101
rank,AsymAgentMark-TK top-10 rank,deepseek,ID,3,20,0,280,False,27,11,11111000
rank,AsymAgentMark-TK top-10 rank,deepseek,ID,3,20,1,280,False,18,10,11110111
rank,AsymAgentMark-TK top-10 rank,deepseek,ID,3,20,2,280,False,19,6,00111001
rank,AsymAgentMark-TK top-10 rank,deepseek,ID,3,20,3,280,True,29,6,11001101
rank,AsymAgentMark-TK top-10 rank,deepseek,ID,3,20,4,280,True,27,5,11001101
rank,AsymAgentMark-TK top-10 rank,deepseek,ID,3,20,5,280,True,28,9,11001101
rank,AsymAgentMark-TK top-10 rank,deepseek,ID,3,20,6,280,False,23,5,11001010
rank,AsymAgentMark-TK top-10 rank,deepseek,ID,3,20,7,280,True,22,4,11001101
rank,AsymAgentMark-TK top-10 rank,deepseek,ID,3,20,8,280,False,10,2,11010010
rank,AsymAgentMark-TK top-10 rank,deepseek,ID,3,20,9,280,True,23,14,11001101
rank,AsymAgentMark-TK top-10 rank,deepseek,ID,3,20,10,280,True,24,8,11001101
rank,AsymAgentMark-TK top-10 rank,deepseek,ID,3,20,11,280,True,26,11,11001101
rank,AsymAgentMark-TK top-10 rank,deepseek,ID,3,20,12,280,True,19,6,11001101
rank,AsymAgentMark-TK top-10 rank,deepseek,ID,3,20,13,280,True,21,6,11001101
rank,AsymAgentMark-TK top-10 rank,deepseek,ID,3,20,14,280,True,25,4,11001101
rank,AsymAgentMark-TK top-10 rank,deepseek,ID,3,20,15,280,True,20,10,11001101
rank,AsymAgentMark-TK top-10 rank,deepseek,ID,3,20,16,280,True,28,8,11001101
rank,AsymAgentMark-TK top-10 rank,deepseek,ID,3,20,17,280,True,23,9,11001101
rank,AsymAgentMark-TK top-10 rank,deepseek,ID,3,20,18,280,True,21,11,11001101
rank,AsymAgentMark-TK top-10 rank,deepseek,ID,3,20,19,280,True,23,8,11001101
rank,AsymAgentMark-TK top-10 rank,deepseek,ID,3,20,20,280,True,27,8,11001101
rank,AsymAgentMark-TK top-10 rank,deepseek,ID,3,20,21,280,True,28,7,11001101
rank,AsymAgentMark-TK top-10 rank,deepseek,ID,3,20,22,280,True,22,7,11001101
rank,AsymAgentMark-TK top-10 rank,deepseek,ID,3,20,23,280,True,22,10,11001101
rank,AsymAgentMark-TK top-10 rank,deepseek,ID,3,20,24,280,True,26,12,11001101
rank,AsymAgentMark-TK top-10 rank,deepseek,ID,3,20,25,280,True,26,6,11001101
rank,AsymAgentMark-TK top-10 rank,deepseek,ID,3,20,26,280,True,22,6,11001101
rank,AsymAgentMark-TK top-10 rank,deepseek,ID,3,20,27,280,True,35,11,11001101
rank,AsymAgentMark-TK top-10 rank,deepseek,ID,3,20,28,280,True,24,10,11001101
rank,AsymAgentMark-TK top-10 rank,deepseek,ID,3,20,29,280,True,27,11,11001101
rank,AsymAgentMark-TK top-10 rank,deepseek,ID,3,20,30,280,False,25,10,01110001
rank,AsymAgentMark-TK top-10 rank,deepseek,ID,3,20,31,280,True,21,13,11001101
rank,AsymAgentMark-TK top-10 rank,deepseek,ID,3,20,32,280,True,27,9,11001101
rank,AsymAgentMark-TK top-10 rank,deepseek,ID,3,20,33,280,True,26,5,11001101
rank,AsymAgentMark-TK top-10 rank,deepseek,ID,3,20,34,280,True,20,12,11001101
rank,AsymAgentMark-TK top-10 rank,deepseek,ID,3,20,35,280,True,24,7,11001101
rank,AsymAgentMark-TK top-10 rank,deepseek,ID,3,20,36,280,True,19,7,11001101
rank,AsymAgentMark-TK top-10 rank,deepseek,ID,3,20,37,280,True,12,11,11001101
rank,AsymAgentMark-TK top-10 rank,deepseek,ID,3,20,38,280,True,26,9,11001101
rank,AsymAgentMark-TK top-10 rank,deepseek,ID,3,20,39,280,True,19,14,11001101
rank,AsymAgentMark-TK top-10 rank,deepseek,ID,3,20,40,280,True,23,10,11001101
rank,AsymAgentMark-TK top-10 rank,deepseek,ID,3,20,41,280,True,21,6,11001101
rank,AsymAgentMark-TK top-10 rank,deepseek,ID,3,20,42,280,True,30,9,11001101
rank,AsymAgentMark-TK top-10 rank,deepseek,ID,3,20,43,280,False,13,5,00010001
rank,AsymAgentMark-TK top-10 rank,deepseek,ID,3,20,44,280,True,21,6,11001101
rank,AsymAgentMark-TK top-10 rank,deepseek,ID,3,20,45,280,True,14,11,11001101
rank,AsymAgentMark-TK top-10 rank,deepseek,ID,3,20,46,280,True,25,14,11001101
rank,AsymAgentMark-TK top-10 rank,deepseek,ID,3,20,47,280,True,21,9,11001101
rank,AsymAgentMark-TK top-10 rank,deepseek,ID,3,20,48,280,True,18,6,11001101
rank,AsymAgentMark-TK top-10 rank,deepseek,ID,3,20,49,280,True,17,8,11001101
rank,AsymAgentMark-TK top-10 rank,deepseek,ID,3,30,0,280,True,23,14,11001101
rank,AsymAgentMark-TK top-10 rank,deepseek,ID,3,30,1,280,True,19,17,11001101
rank,AsymAgentMark-TK top-10 rank,deepseek,ID,3,30,2,280,True,21,12,11001101
rank,AsymAgentMark-TK top-10 rank,deepseek,ID,3,30,3,280,True,20,13,11001101
rank,AsymAgentMark-TK top-10 rank,deepseek,ID,3,30,4,280,False,16,14,00101110
rank,AsymAgentMark-TK top-10 rank,deepseek,ID,3,30,5,280,False,29,8,11111010
rank,AsymAgentMark-TK top-10 rank,deepseek,ID,3,30,6,280,False,15,10,11000111
rank,AsymAgentMark-TK top-10 rank,deepseek,ID,3,30,7,280,True,15,8,11001101
rank,AsymAgentMark-TK top-10 rank,deepseek,ID,3,30,8,280,True,24,12,11001101
rank,AsymAgentMark-TK top-10 rank,deepseek,ID,3,30,9,280,True,26,9,11001101
rank,AsymAgentMark-TK top-10 rank,deepseek,ID,3,30,10,280,True,19,11,11001101
rank,AsymAgentMark-TK top-10 rank,deepseek,ID,3,30,11,280,True,21,4,11001101
rank,AsymAgentMark-TK top-10 rank,deepseek,ID,3,30,12,280,True,18,12,11001101
rank,AsymAgentMark-TK top-10 rank,deepseek,ID,3,30,13,280,True,23,6,11001101
rank,AsymAgentMark-TK top-10 rank,deepseek,ID,3,30,14,280,True,21,14,11001101
rank,AsymAgentMark-TK top-10 rank,deepseek,ID,3,30,15,280,True,10,14,11001101
rank,AsymAgentMark-TK top-10 rank,deepseek,ID,3,30,16,280,True,14,11,11001101
rank,AsymAgentMark-TK top-10 rank,deepseek,ID,3,30,17,280,False,13,20,11110100
rank,AsymAgentMark-TK top-10 rank,deepseek,ID,3,30,18,280,True,24,14,11001101
rank,AsymAgentMark-TK top-10 rank,deepseek,ID,3,30,19,280,True,18,10,11001101
rank,AsymAgentMark-TK top-10 rank,deepseek,ID,3,30,20,280,True,22,14,11001101
rank,AsymAgentMark-TK top-10 rank,deepseek,ID,3,30,21,280,False,22,11,11110111
rank,AsymAgentMark-TK top-10 rank,deepseek,ID,3,30,22,280,False,14,11,11111101
rank,AsymAgentMark-TK top-10 rank,deepseek,ID,3,30,23,280,True,20,15,11001101
rank,AsymAgentMark-TK top-10 rank,deepseek,ID,3,30,24,280,True,12,11,11001101
rank,AsymAgentMark-TK top-10 rank,deepseek,ID,3,30,25,280,True,15,7,11001101
rank,AsymAgentMark-TK top-10 rank,deepseek,ID,3,30,26,280,True,15,16,11001101
rank,AsymAgentMark-TK top-10 rank,deepseek,ID,3,30,27,280,True,25,8,11001101
rank,AsymAgentMark-TK top-10 rank,deepseek,ID,3,30,28,280,True,20,16,11001101
rank,AsymAgentMark-TK top-10 rank,deepseek,ID,3,30,29,280,False,20,13,10101001
rank,AsymAgentMark-TK top-10 rank,deepseek,ID,3,30,30,280,False,25,13,00010011
rank,AsymAgentMark-TK top-10 rank,deepseek,ID,3,30,31,280,True,27,8,11001101
rank,AsymAgentMark-TK top-10 rank,deepseek,ID,3,30,32,280,True,18,17,11001101
rank,AsymAgentMark-TK top-10 rank,deepseek,ID,3,30,33,280,True,20,13,11001101
rank,AsymAgentMark-TK top-10 rank,deepseek,ID,3,30,34,280,True,25,7,11001101
rank,AsymAgentMark-TK top-10 rank,deepseek,ID,3,30,35,280,True,28,14,11001101
rank,AsymAgentMark-TK top-10 rank,deepseek,ID,3,30,36,280,False,17,13,00101011
rank,AsymAgentMark-TK top-10 rank,deepseek,ID,3,30,37,280,False,18,10,10011011
rank,AsymAgentMark-TK top-10 rank,deepseek,ID,3,30,38,280,True,27,15,11001101
rank,AsymAgentMark-TK top-10 rank,deepseek,ID,3,30,39,280,False,19,9,00101011
rank,AsymAgentMark-TK top-10 rank,deepseek,ID,3,30,40,280,True,19,11,11001101
rank,AsymAgentMark-TK top-10 rank,deepseek,ID,3,30,41,280,False,29,11,11110100
rank,AsymAgentMark-TK top-10 rank,deepseek,ID,3,30,42,280,True,21,18,11001101
rank,AsymAgentMark-TK top-10 rank,deepseek,ID,3,30,43,280,True,16,15,11001101
rank,AsymAgentMark-TK top-10 rank,deepseek,ID,3,30,44,280,True,23,9,11001101
rank,AsymAgentMark-TK top-10 rank,deepseek,ID,3,30,45,280,True,24,12,11001101
rank,AsymAgentMark-TK top-10 rank,deepseek,ID,3,30,46,280,True,18,16,11001101
rank,AsymAgentMark-TK top-10 rank,deepseek,ID,3,30,47,280,True,21,13,11001101
rank,AsymAgentMark-TK top-10 rank,deepseek,ID,3,30,48,280,False,10,9,00100110
rank,AsymAgentMark-TK top-10 rank,deepseek,ID,3,30,49,280,True,27,14,11001101
rank,AsymAgentMark-TK top-10 rank,deepseek,ID,3,50,0,280,True,18,22,11001101
rank,AsymAgentMark-TK top-10 rank,deepseek,ID,3,50,1,280,False,19,19,11111111
rank,AsymAgentMark-TK top-10 rank,deepseek,ID,3,50,2,280,False,25,24,11001010
rank,AsymAgentMark-TK top-10 rank,deepseek,ID,3,50,3,280,False,20,22,00010110
rank,AsymAgentMark-TK top-10 rank,deepseek,ID,3,50,4,280,True,17,22,11001101
rank,AsymAgentMark-TK top-10 rank,deepseek,ID,3,50,5,280,True,21,17,11001101
rank,AsymAgentMark-TK top-10 rank,deepseek,ID,3,50,6,280,True,21,18,11001101
rank,AsymAgentMark-TK top-10 rank,deepseek,ID,3,50,7,280,False,19,24,00101011
rank,AsymAgentMark-TK top-10 rank,deepseek,ID,3,50,8,280,True,22,13,11001101
rank,AsymAgentMark-TK top-10 rank,deepseek,ID,3,50,9,280,True,17,24,11001101
rank,AsymAgentMark-TK top-10 rank,deepseek,ID,3,50,10,280,False,18,22,11111111
rank,AsymAgentMark-TK top-10 rank,deepseek,ID,3,50,11,280,False,14,23,00111111
rank,AsymAgentMark-TK top-10 rank,deepseek,ID,3,50,12,280,False,20,32,10010000
rank,AsymAgentMark-TK top-10 rank,deepseek,ID,3,50,13,280,True,21,13,11001101
rank,AsymAgentMark-TK top-10 rank,deepseek,ID,3,50,14,280,False,8,19,10011101
rank,AsymAgentMark-TK top-10 rank,deepseek,ID,3,50,15,280,True,21,21,11001101
rank,AsymAgentMark-TK top-10 rank,deepseek,ID,3,50,16,280,True,26,18,11001101
rank,AsymAgentMark-TK top-10 rank,deepseek,ID,3,50,17,280,True,20,17,11001101
rank,AsymAgentMark-TK top-10 rank,deepseek,ID,3,50,18,280,True,13,22,11001101
rank,AsymAgentMark-TK top-10 rank,deepseek,ID,3,50,19,280,False,20,25,11010001
rank,AsymAgentMark-TK top-10 rank,deepseek,ID,3,50,20,280,True,22,21,11001101
rank,AsymAgentMark-TK top-10 rank,deepseek,ID,3,50,21,280,True,22,18,11001101
rank,AsymAgentMark-TK top-10 rank,deepseek,ID,3,50,22,280,True,25,19,11001101
rank,AsymAgentMark-TK top-10 rank,deepseek,ID,3,50,23,280,True,22,17,11001101
rank,AsymAgentMark-TK top-10 rank,deepseek,ID,3,50,24,280,True,17,18,11001101
rank,AsymAgentMark-TK top-10 rank,deepseek,ID,3,50,25,280,True,21,26,11001101
rank,AsymAgentMark-TK top-10 rank,deepseek,ID,3,50,26,280,True,24,20,11001101
rank,AsymAgentMark-TK top-10 rank,deepseek,ID,3,50,27,280,True,28,13,11001101
rank,AsymAgentMark-TK top-10 rank,deepseek,ID,3,50,28,280,True,16,21,11001101
rank,AsymAgentMark-TK top-10 rank,deepseek,ID,3,50,29,280,True,21,21,11001101
rank,AsymAgentMark-TK top-10 rank,deepseek,ID,3,50,30,280,True,12,15,11001101
rank,AsymAgentMark-TK top-10 rank,deepseek,ID,3,50,31,280,True,23,21,11001101
rank,AsymAgentMark-TK top-10 rank,deepseek,ID,3,50,32,280,False,21,16,00100110
rank,AsymAgentMark-TK top-10 rank,deepseek,ID,3,50,33,280,True,24,22,11001101
rank,AsymAgentMark-TK top-10 rank,deepseek,ID,3,50,34,280,True,21,20,11001101
rank,AsymAgentMark-TK top-10 rank,deepseek,ID,3,50,35,280,False,22,22,01000011
rank,AsymAgentMark-TK top-10 rank,deepseek,ID,3,50,36,280,True,23,21,11001101
rank,AsymAgentMark-TK top-10 rank,deepseek,ID,3,50,37,280,True,25,17,11001101
rank,AsymAgentMark-TK top-10 rank,deepseek,ID,3,50,38,280,True,15,21,11001101
rank,AsymAgentMark-TK top-10 rank,deepseek,ID,3,50,39,280,True,16,18,11001101
rank,AsymAgentMark-TK top-10 rank,deepseek,ID,3,50,40,280,True,23,17,11001101
rank,AsymAgentMark-TK top-10 rank,deepseek,ID,3,50,41,280,True,25,18,11001101
rank,AsymAgentMark-TK top-10 rank,deepseek,ID,3,50,42,280,False,16,17,00101100
rank,AsymAgentMark-TK top-10 rank,deepseek,ID,3,50,43,280,True,22,18,11001101
rank,AsymAgentMark-TK top-10 rank,deepseek,ID,3,50,44,280,True,29,13,11001101
rank,AsymAgentMark-TK top-10 rank,deepseek,ID,3,50,45,280,True,18,21,11001101
rank,AsymAgentMark-TK top-10 rank,deepseek,ID,3,50,46,280,True,27,13,11001101
rank,AsymAgentMark-TK top-10 rank,deepseek,ID,3,50,47,280,True,20,18,11001101
rank,AsymAgentMark-TK top-10 rank,deepseek,ID,3,50,48,280,True,22,15,11001101
rank,AsymAgentMark-TK top-10 rank,deepseek,ID,3,50,49,280,False,25,17,11000110
rank,AsymAgentMark-TK top-10 rank,deepseek,ID,3,80,0,280,True,23,23,11001101
rank,AsymAgentMark-TK top-10 rank,deepseek,ID,3,80,1,280,True,13,26,11001101
rank,AsymAgentMark-TK top-10 rank,deepseek,ID,3,80,2,280,False,12,20,00100011
rank,AsymAgentMark-TK top-10 rank,deepseek,ID,3,80,3,280,True,19,22,11001101
rank,AsymAgentMark-TK top-10 rank,deepseek,ID,3,80,4,280,False,23,24,11111000
rank,AsymAgentMark-TK top-10 rank,deepseek,ID,3,80,5,280,True,22,23,11001101
rank,AsymAgentMark-TK top-10 rank,deepseek,ID,3,80,6,280,False,10,29,00100011
rank,AsymAgentMark-TK top-10 rank,deepseek,ID,3,80,7,280,True,20,22,11001101
rank,AsymAgentMark-TK top-10 rank,deepseek,ID,3,80,8,280,False,14,27,00011110
rank,AsymAgentMark-TK top-10 rank,deepseek,ID,3,80,9,280,False,22,26,00111000
rank,AsymAgentMark-TK top-10 rank,deepseek,ID,3,80,10,280,False,23,22,10111110
rank,AsymAgentMark-TK top-10 rank,deepseek,ID,3,80,11,280,True,22,22,11001101
rank,AsymAgentMark-TK top-10 rank,deepseek,ID,3,80,12,280,True,23,19,11001101
rank,AsymAgentMark-TK top-10 rank,deepseek,ID,3,80,13,280,True,17,29,11001101
rank,AsymAgentMark-TK top-10 rank,deepseek,ID,3,80,14,280,False,17,27,01000011
rank,AsymAgentMark-TK top-10 rank,deepseek,ID,3,80,15,280,False,15,28,00010110
rank,AsymAgentMark-TK top-10 rank,deepseek,ID,3,80,16,280,True,23,24,11001101
rank,AsymAgentMark-TK top-10 rank,deepseek,ID,3,80,17,280,True,20,24,11001101
rank,AsymAgentMark-TK top-10 rank,deepseek,ID,3,80,18,280,False,16,25,11111111
rank,AsymAgentMark-TK top-10 rank,deepseek,ID,3,80,19,280,False,18,21,01000011
rank,AsymAgentMark-TK top-10 rank,deepseek,ID,3,80,20,280,True,20,23,11001101
rank,AsymAgentMark-TK top-10 rank,deepseek,ID,3,80,21,280,True,18,26,11001101
rank,AsymAgentMark-TK top-10 rank,deepseek,ID,3,80,22,280,False,10,26,11111111
rank,AsymAgentMark-TK top-10 rank,deepseek,ID,3,80,23,280,False,17,28,00110000
rank,AsymAgentMark-TK top-10 rank,deepseek,ID,3,80,24,280,False,26,26,11100011
rank,AsymAgentMark-TK top-10 rank,deepseek,ID,3,80,25,280,True,25,26,11001101
rank,AsymAgentMark-TK top-10 rank,deepseek,ID,3,80,26,280,True,16,19,11001101
rank,AsymAgentMark-TK top-10 rank,deepseek,ID,3,80,27,280,True,17,26,11001101
rank,AsymAgentMark-TK top-10 rank,deepseek,ID,3,80,28,280,False,17,27,01001011
rank,AsymAgentMark-TK top-10 rank,deepseek,ID,3,80,29,280,False,18,24,11111111
rank,AsymAgentMark-TK top-10 rank,deepseek,ID,3,80,30,280,True,14,26,11001101
rank,AsymAgentMark-TK top-10 rank,deepseek,ID,3,80,31,280,True,20,30,11001101
rank,AsymAgentMark-TK top-10 rank,deepseek,ID,3,80,32,280,False,18,26,00101100
rank,AsymAgentMark-TK top-10 rank,deepseek,ID,3,80,33,280,False,25,26,10011000
rank,AsymAgentMark-TK top-10 rank,deepseek,ID,3,80,34,280,True,16,25,11001101
rank,AsymAgentMark-TK top-10 rank,deepseek,ID,3,80,35,280,False,24,22,00101100
rank,AsymAgentMark-TK top-10 rank,deepseek,ID,3,80,36,280,False,16,25,11111101
rank,AsymAgentMark-TK top-10 rank,deepseek,ID,3,80,37,280,False,14,28,00111111
rank,AsymAgentMark-TK top-10 rank,deepseek,ID,3,80,38,280,False,17,32,01001011
rank,AsymAgentMark-TK top-10 rank,deepseek,ID,3,80,39,280,False,10,23,00001101
rank,AsymAgentMark-TK top-10 rank,deepseek,ID,3,80,40,280,True,16,26,11001101
rank,AsymAgentMark-TK top-10 rank,deepseek,ID,3,80,41,280,False,16,27,10111001
rank,AsymAgentMark-TK top-10 rank,deepseek,ID,3,80,42,280,False,17,22,11111111
rank,AsymAgentMark-TK top-10 rank,deepseek,ID,3,80,43,280,False,16,26,01000011
rank,AsymAgentMark-TK top-10 rank,deepseek,ID,3,80,44,280,False,16,26,00011111
rank,AsymAgentMark-TK top-10 rank,deepseek,ID,3,80,45,280,True,16,29,11001101
rank,AsymAgentMark-TK top-10 rank,deepseek,ID,3,80,46,280,True,23,26,11001101
rank,AsymAgentMark-TK top-10 rank,deepseek,ID,3,80,47,280,True,28,22,11001101
rank,AsymAgentMark-TK top-10 rank,deepseek,ID,3,80,48,280,False,18,27,01010111
rank,AsymAgentMark-TK top-10 rank,deepseek,ID,3,80,49,280,True,18,22,11001101
rank,AsymAgentMark-TK top-10 rank,deepseek,ID,3,100,0,280,False,16,29,10111001
rank,AsymAgentMark-TK top-10 rank,deepseek,ID,3,100,1,280,False,13,30,10101010
rank,AsymAgentMark-TK top-10 rank,deepseek,ID,3,100,2,280,True,14,29,11001101
rank,AsymAgentMark-TK top-10 rank,deepseek,ID,3,100,3,280,True,15,27,11001101
rank,AsymAgentMark-TK top-10 rank,deepseek,ID,3,100,4,280,True,16,24,11001101
rank,AsymAgentMark-TK top-10 rank,deepseek,ID,3,100,5,280,True,21,22,11001101
rank,AsymAgentMark-TK top-10 rank,deepseek,ID,3,100,6,280,False,15,30,00001101
rank,AsymAgentMark-TK top-10 rank,deepseek,ID,3,100,7,280,False,20,22,11001010
rank,AsymAgentMark-TK top-10 rank,deepseek,ID,3,100,8,280,False,24,25,00111111
rank,AsymAgentMark-TK top-10 rank,deepseek,ID,3,100,9,280,True,21,27,11001101
rank,AsymAgentMark-TK top-10 rank,deepseek,ID,3,100,10,280,True,14,29,11001101
rank,AsymAgentMark-TK top-10 rank,deepseek,ID,3,100,11,280,True,13,23,11001101
rank,AsymAgentMark-TK top-10 rank,deepseek,ID,3,100,12,280,True,16,26,11001101
rank,AsymAgentMark-TK top-10 rank,deepseek,ID,3,100,13,280,False,22,31,10101010
rank,AsymAgentMark-TK top-10 rank,deepseek,ID,3,100,14,280,True,23,28,11001101
rank,AsymAgentMark-TK top-10 rank,deepseek,ID,3,100,15,280,True,19,22,11001101
rank,AsymAgentMark-TK top-10 rank,deepseek,ID,3,100,16,280,True,18,24,11001101
rank,AsymAgentMark-TK top-10 rank,deepseek,ID,3,100,17,280,False,13,26,01001011
rank,AsymAgentMark-TK top-10 rank,deepseek,ID,3,100,18,280,True,20,29,11001101
rank,AsymAgentMark-TK top-10 rank,deepseek,ID,3,100,19,280,True,17,29,11001101
rank,AsymAgentMark-TK top-10 rank,deepseek,ID,3,100,20,280,False,18,26,00101100
rank,AsymAgentMark-TK top-10 rank,deepseek,ID,3,100,21,280,False,16,26,00101100
rank,AsymAgentMark-TK top-10 rank,deepseek,ID,3,100,22,280,True,22,24,11001101
rank,AsymAgentMark-TK top-10 rank,deepseek,ID,3,100,23,280,False,16,33,11010110
rank,AsymAgentMark-TK top-10 rank,deepseek,ID,3,100,24,280,False,24,25,01011000
rank,AsymAgentMark-TK top-10 rank,deepseek,ID,3,100,25,280,False,16,26,10100101
rank,AsymAgentMark-TK top-10 rank,deepseek,ID,3,100,26,280,False,15,25,11111111
rank,AsymAgentMark-TK top-10 rank,deepseek,ID,3,100,27,280,False,19,29,00101100
rank,AsymAgentMark-TK top-10 rank,deepseek,ID,3,100,28,280,False,16,28,00100011
rank,AsymAgentMark-TK top-10 rank,deepseek,ID,3,100,29,280,True,19,27,11001101
rank,AsymAgentMark-TK top-10 rank,deepseek,ID,3,100,30,280,False,19,29,10110001
rank,AsymAgentMark-TK top-10 rank,deepseek,ID,3,100,31,280,False,23,25,10011000
rank,AsymAgentMark-TK top-10 rank,deepseek,ID,3,100,32,280,False,14,26,00101100
rank,AsymAgentMark-TK top-10 rank,deepseek,ID,3,100,33,280,False,19,24,01111001
rank,AsymAgentMark-TK top-10 rank,deepseek,ID,3,100,34,280,True,19,24,11001101
rank,AsymAgentMark-TK top-10 rank,deepseek,ID,3,100,35,280,True,20,25,11001101
rank,AsymAgentMark-TK top-10 rank,deepseek,ID,3,100,36,280,True,20,26,11001101
rank,AsymAgentMark-TK top-10 rank,deepseek,ID,3,100,37,280,False,20,31,00001101
rank,AsymAgentMark-TK top-10 rank,deepseek,ID,3,100,38,280,True,11,23,11001101
rank,AsymAgentMark-TK top-10 rank,deepseek,ID,3,100,39,280,True,21,26,11001101
rank,AsymAgentMark-TK top-10 rank,deepseek,ID,3,100,40,280,False,28,26,10010111
rank,AsymAgentMark-TK top-10 rank,deepseek,ID,3,100,41,280,False,20,27,01001000
rank,AsymAgentMark-TK top-10 rank,deepseek,ID,3,100,42,280,False,22,30,11010110
rank,AsymAgentMark-TK top-10 rank,deepseek,ID,3,100,43,280,False,9,25,01011000
rank,AsymAgentMark-TK top-10 rank,deepseek,ID,3,100,44,280,False,15,30,01001011
rank,AsymAgentMark-TK top-10 rank,deepseek,ID,3,100,45,280,False,18,32,01001011
rank,AsymAgentMark-TK top-10 rank,deepseek,ID,3,100,46,280,True,16,23,11001101
rank,AsymAgentMark-TK top-10 rank,deepseek,ID,3,100,47,280,False,11,26,10101010
rank,AsymAgentMark-TK top-10 rank,deepseek,ID,3,100,48,280,False,18,28,00010001
rank,AsymAgentMark-TK top-10 rank,deepseek,ID,3,100,49,280,True,17,27,11001101
rank_targeted_swap,AsymAgentMark-TK targeted rank swap b=1,deepseek,ID,1,1,0,140,False,4,0,
rank_targeted_swap,AsymAgentMark-TK targeted rank swap b=1,deepseek,ID,1,1,1,140,False,1,0,
rank_targeted_swap,AsymAgentMark-TK targeted rank swap b=1,deepseek,ID,1,1,2,140,False,0,0,
rank_targeted_swap,AsymAgentMark-TK targeted rank swap b=1,deepseek,ID,1,1,3,140,False,1,0,
rank_targeted_swap,AsymAgentMark-TK targeted rank swap b=1,deepseek,ID,1,1,4,140,False,6,0,
rank_targeted_swap,AsymAgentMark-TK targeted rank swap b=1,deepseek,ID,1,1,5,140,False,0,0,
rank_targeted_swap,AsymAgentMark-TK targeted rank swap b=1,deepseek,ID,1,1,6,140,False,0,0,
rank_targeted_swap,AsymAgentMark-TK targeted rank swap b=1,deepseek,ID,1,1,7,140,False,0,0,
rank_targeted_swap,AsymAgentMark-TK targeted rank swap b=1,deepseek,ID,1,1,8,140,False,1,0,
rank_targeted_swap,AsymAgentMark-TK targeted rank swap b=1,deepseek,ID,1,1,9,140,False,4,0,
rank_targeted_swap,AsymAgentMark-TK targeted rank swap b=1,deepseek,ID,1,1,10,140,False,1,0,
rank_targeted_swap,AsymAgentMark-TK targeted rank swap b=1,deepseek,ID,1,1,11,140,False,13,0,00111110
rank_targeted_swap,AsymAgentMark-TK targeted rank swap b=1,deepseek,ID,1,1,12,140,False,2,0,
rank_targeted_swap,AsymAgentMark-TK targeted rank swap b=1,deepseek,ID,1,1,13,140,False,2,0,
rank_targeted_swap,AsymAgentMark-TK targeted rank swap b=1,deepseek,ID,1,1,14,140,False,1,0,
rank_targeted_swap,AsymAgentMark-TK targeted rank swap b=1,deepseek,ID,1,1,15,140,False,0,0,
rank_targeted_swap,AsymAgentMark-TK targeted rank swap b=1,deepseek,ID,1,1,16,140,False,1,0,
rank_targeted_swap,AsymAgentMark-TK targeted rank swap b=1,deepseek,ID,1,1,17,140,False,4,0,
rank_targeted_swap,AsymAgentMark-TK targeted rank swap b=1,deepseek,ID,1,1,18,140,False,4,0,
rank_targeted_swap,AsymAgentMark-TK targeted rank swap b=1,deepseek,ID,1,1,19,140,False,2,0,
rank_targeted_swap,AsymAgentMark-TK targeted rank swap b=1,deepseek,ID,1,1,20,140,False,3,0,
rank_targeted_swap,AsymAgentMark-TK targeted rank swap b=1,deepseek,ID,1,1,21,140,False,2,0,
rank_targeted_swap,AsymAgentMark-TK targeted rank swap b=1,deepseek,ID,1,1,22,140,False,2,0,
rank_targeted_swap,AsymAgentMark-TK targeted rank swap b=1,deepseek,ID,1,1,23,140,False,0,0,
rank_targeted_swap,AsymAgentMark-TK targeted rank swap b=1,deepseek,ID,1,1,24,140,False,0,0,
rank_targeted_swap,AsymAgentMark-TK targeted rank swap b=1,deepseek,ID,1,1,25,140,False,0,0,
rank_targeted_swap,AsymAgentMark-TK targeted rank swap b=1,deepseek,ID,1,1,26,140,False,1,0,
rank_targeted_swap,AsymAgentMark-TK targeted rank swap b=1,deepseek,ID,1,1,27,140,False,3,0,
rank_targeted_swap,AsymAgentMark-TK targeted rank swap b=1,deepseek,ID,1,1,28,140,False,0,0,
rank_targeted_swap,AsymAgentMark-TK targeted rank swap b=1,deepseek,ID,1,1,29,140,False,3,0,
rank_targeted_swap,AsymAgentMark-TK targeted rank swap b=1,deepseek,ID,1,1,30,140,False,6,0,
rank_targeted_swap,AsymAgentMark-TK targeted rank swap b=1,deepseek,ID,1,1,31,140,False,0,0,
rank_targeted_swap,AsymAgentMark-TK targeted rank swap b=1,deepseek,ID,1,1,32,140,False,1,0,
rank_targeted_swap,AsymAgentMark-TK targeted rank swap b=1,deepseek,ID,1,1,33,140,False,0,0,
rank_targeted_swap,AsymAgentMark-TK targeted rank swap b=1,deepseek,ID,1,1,34,140,False,2,0,
rank_targeted_swap,AsymAgentMark-TK targeted rank swap b=1,deepseek,ID,1,1,35,140,False,0,0,
rank_targeted_swap,AsymAgentMark-TK targeted rank swap b=1,deepseek,ID,1,1,36,140,False,0,0,
rank_targeted_swap,AsymAgentMark-TK targeted rank swap b=1,deepseek,ID,1,1,37,140,False,2,0,
rank_targeted_swap,AsymAgentMark-TK targeted rank swap b=1,deepseek,ID,1,1,38,140,False,1,0,
rank_targeted_swap,AsymAgentMark-TK targeted rank swap b=1,deepseek,ID,1,1,39,140,False,2,0,
rank_targeted_swap,AsymAgentMark-TK targeted rank swap b=1,deepseek,ID,1,1,40,140,False,0,0,
rank_targeted_swap,AsymAgentMark-TK targeted rank swap b=1,deepseek,ID,1,1,41,140,False,0,0,
rank_targeted_swap,AsymAgentMark-TK targeted rank swap b=1,deepseek,ID,1,1,42,140,False,0,0,
rank_targeted_swap,AsymAgentMark-TK targeted rank swap b=1,deepseek,ID,1,1,43,140,False,9,0,10101011
rank_targeted_swap,AsymAgentMark-TK targeted rank swap b=1,deepseek,ID,1,1,44,140,False,0,0,
rank_targeted_swap,AsymAgentMark-TK targeted rank swap b=1,deepseek,ID,1,1,45,140,False,0,0,
rank_targeted_swap,AsymAgentMark-TK targeted rank swap b=1,deepseek,ID,1,1,46,140,False,1,0,
rank_targeted_swap,AsymAgentMark-TK targeted rank swap b=1,deepseek,ID,1,1,47,140,False,6,0,
rank_targeted_swap,AsymAgentMark-TK targeted rank swap b=1,deepseek,ID,1,1,48,140,False,7,0,
rank_targeted_swap,AsymAgentMark-TK targeted rank swap b=1,deepseek,ID,1,1,49,140,False,0,0,
rank_targeted_swap,AsymAgentMark-TK targeted rank swap b=1,deepseek,ID,1,2,0,140,False,4,0,
rank_targeted_swap,AsymAgentMark-TK targeted rank swap b=1,deepseek,ID,1,2,1,140,False,6,0,
rank_targeted_swap,AsymAgentMark-TK targeted rank swap b=1,deepseek,ID,1,2,2,140,False,6,0,
rank_targeted_swap,AsymAgentMark-TK targeted rank swap b=1,deepseek,ID,1,2,3,140,False,7,0,
rank_targeted_swap,AsymAgentMark-TK targeted rank swap b=1,deepseek,ID,1,2,4,140,False,1,0,
rank_targeted_swap,AsymAgentMark-TK targeted rank swap b=1,deepseek,ID,1,2,5,140,False,3,0,
rank_targeted_swap,AsymAgentMark-TK targeted rank swap b=1,deepseek,ID,1,2,6,140,False,2,0,
rank_targeted_swap,AsymAgentMark-TK targeted rank swap b=1,deepseek,ID,1,2,7,140,False,2,0,
rank_targeted_swap,AsymAgentMark-TK targeted rank swap b=1,deepseek,ID,1,2,8,140,False,8,0,
rank_targeted_swap,AsymAgentMark-TK targeted rank swap b=1,deepseek,ID,1,2,9,140,False,0,0,
rank_targeted_swap,AsymAgentMark-TK targeted rank swap b=1,deepseek,ID,1,2,10,140,False,5,0,
rank_targeted_swap,AsymAgentMark-TK targeted rank swap b=1,deepseek,ID,1,2,11,140,False,4,0,
rank_targeted_swap,AsymAgentMark-TK targeted rank swap b=1,deepseek,ID,1,2,12,140,False,0,0,
rank_targeted_swap,AsymAgentMark-TK targeted rank swap b=1,deepseek,ID,1,2,13,140,False,2,0,
rank_targeted_swap,AsymAgentMark-TK targeted rank swap b=1,deepseek,ID,1,2,14,140,False,4,0,
rank_targeted_swap,AsymAgentMark-TK targeted rank swap b=1,deepseek,ID,1,2,15,140,False,5,0,
rank_targeted_swap,AsymAgentMark-TK targeted rank swap b=1,deepseek,ID,1,2,16,140,False,0,0,
rank_targeted_swap,AsymAgentMark-TK targeted rank swap b=1,deepseek,ID,1,2,17,140,False,3,1,
rank_targeted_swap,AsymAgentMark-TK targeted rank swap b=1,deepseek,ID,1,2,18,140,False,3,0,
rank_targeted_swap,AsymAgentMark-TK targeted rank swap b=1,deepseek,ID,1,2,19,140,False,5,0,
rank_targeted_swap,AsymAgentMark-TK targeted rank swap b=1,deepseek,ID,1,2,20,140,False,2,0,
rank_targeted_swap,AsymAgentMark-TK targeted rank swap b=1,deepseek,ID,1,2,21,140,False,8,0,
rank_targeted_swap,AsymAgentMark-TK targeted rank swap b=1,deepseek,ID,1,2,22,140,False,0,0,
rank_targeted_swap,AsymAgentMark-TK targeted rank swap b=1,deepseek,ID,1,2,23,140,False,6,0,
rank_targeted_swap,AsymAgentMark-TK targeted rank swap b=1,deepseek,ID,1,2,24,140,False,2,0,
rank_targeted_swap,AsymAgentMark-TK targeted rank swap b=1,deepseek,ID,1,2,25,140,False,0,0,
rank_targeted_swap,AsymAgentMark-TK targeted rank swap b=1,deepseek,ID,1,2,26,140,False,1,0,
rank_targeted_swap,AsymAgentMark-TK targeted rank swap b=1,deepseek,ID,1,2,27,140,False,6,0,
rank_targeted_swap,AsymAgentMark-TK targeted rank swap b=1,deepseek,ID,1,2,28,140,False,0,0,
rank_targeted_swap,AsymAgentMark-TK targeted rank swap b=1,deepseek,ID,1,2,29,140,False,3,0,
rank_targeted_swap,AsymAgentMark-TK targeted rank swap b=1,deepseek,ID,1,2,30,140,False,3,0,
rank_targeted_swap,AsymAgentMark-TK targeted rank swap b=1,deepseek,ID,1,2,31,140,False,16,1,00101001
rank_targeted_swap,AsymAgentMark-TK targeted rank swap b=1,deepseek,ID,1,2,32,140,False,9,0,
rank_targeted_swap,AsymAgentMark-TK targeted rank swap b=1,deepseek,ID,1,2,33,140,False,2,0,
rank_targeted_swap,AsymAgentMark-TK targeted rank swap b=1,deepseek,ID,1,2,34,140,False,5,0,
rank_targeted_swap,AsymAgentMark-TK targeted rank swap b=1,deepseek,ID,1,2,35,140,False,2,1,
rank_targeted_swap,AsymAgentMark-TK targeted rank swap b=1,deepseek,ID,1,2,36,140,False,2,0,
rank_targeted_swap,AsymAgentMark-TK targeted rank swap b=1,deepseek,ID,1,2,37,140,False,5,1,
rank_targeted_swap,AsymAgentMark-TK targeted rank swap b=1,deepseek,ID,1,2,38,140,False,1,0,
rank_targeted_swap,AsymAgentMark-TK targeted rank swap b=1,deepseek,ID,1,2,39,140,False,0,0,
rank_targeted_swap,AsymAgentMark-TK targeted rank swap b=1,deepseek,ID,1,2,40,140,False,3,2,
rank_targeted_swap,AsymAgentMark-TK targeted rank swap b=1,deepseek,ID,1,2,41,140,False,0,1,
rank_targeted_swap,AsymAgentMark-TK targeted rank swap b=1,deepseek,ID,1,2,42,140,False,5,0,
rank_targeted_swap,AsymAgentMark-TK targeted rank swap b=1,deepseek,ID,1,2,43,140,False,2,0,
rank_targeted_swap,AsymAgentMark-TK targeted rank swap b=1,deepseek,ID,1,2,44,140,False,7,0,
rank_targeted_swap,AsymAgentMark-TK targeted rank swap b=1,deepseek,ID,1,2,45,140,False,6,0,
rank_targeted_swap,AsymAgentMark-TK targeted rank swap b=1,deepseek,ID,1,2,46,140,False,1,0,
rank_targeted_swap,AsymAgentMark-TK targeted rank swap b=1,deepseek,ID,1,2,47,140,False,2,0,
rank_targeted_swap,AsymAgentMark-TK targeted rank swap b=1,deepseek,ID,1,2,48,140,False,0,0,
rank_targeted_swap,AsymAgentMark-TK targeted rank swap b=1,deepseek,ID,1,2,49,140,False,2,0,
rank_targeted_swap,AsymAgentMark-TK targeted rank swap b=1,deepseek,ID,1,3,0,140,False,1,0,
rank_targeted_swap,AsymAgentMark-TK targeted rank swap b=1,deepseek,ID,1,3,1,140,False,9,0,
rank_targeted_swap,AsymAgentMark-TK targeted rank swap b=1,deepseek,ID,1,3,2,140,False,3,0,
rank_targeted_swap,AsymAgentMark-TK targeted rank swap b=1,deepseek,ID,1,3,3,140,False,3,0,
rank_targeted_swap,AsymAgentMark-TK targeted rank swap b=1,deepseek,ID,1,3,4,140,False,3,0,
rank_targeted_swap,AsymAgentMark-TK targeted rank swap b=1,deepseek,ID,1,3,5,140,False,4,0,
rank_targeted_swap,AsymAgentMark-TK targeted rank swap b=1,deepseek,ID,1,3,6,140,False,13,1,00100000
rank_targeted_swap,AsymAgentMark-TK targeted rank swap b=1,deepseek,ID,1,3,7,140,False,4,0,
rank_targeted_swap,AsymAgentMark-TK targeted rank swap b=1,deepseek,ID,1,3,8,140,False,10,0,00100000
rank_targeted_swap,AsymAgentMark-TK targeted rank swap b=1,deepseek,ID,1,3,9,140,False,2,0,
rank_targeted_swap,AsymAgentMark-TK targeted rank swap b=1,deepseek,ID,1,3,10,140,False,1,0,
rank_targeted_swap,AsymAgentMark-TK targeted rank swap b=1,deepseek,ID,1,3,11,140,False,1,1,
rank_targeted_swap,AsymAgentMark-TK targeted rank swap b=1,deepseek,ID,1,3,12,140,False,2,1,
rank_targeted_swap,AsymAgentMark-TK targeted rank swap b=1,deepseek,ID,1,3,13,140,False,3,0,
rank_targeted_swap,AsymAgentMark-TK targeted rank swap b=1,deepseek,ID,1,3,14,140,False,4,1,
rank_targeted_swap,AsymAgentMark-TK targeted rank swap b=1,deepseek,ID,1,3,15,140,False,1,0,
rank_targeted_swap,AsymAgentMark-TK targeted rank swap b=1,deepseek,ID,1,3,16,140,False,8,0,
rank_targeted_swap,AsymAgentMark-TK targeted rank swap b=1,deepseek,ID,1,3,17,140,False,3,0,
rank_targeted_swap,AsymAgentMark-TK targeted rank swap b=1,deepseek,ID,1,3,18,140,False,0,0,
rank_targeted_swap,AsymAgentMark-TK targeted rank swap b=1,deepseek,ID,1,3,19,140,False,0,0,
rank_targeted_swap,AsymAgentMark-TK targeted rank swap b=1,deepseek,ID,1,3,20,140,False,11,1,11100001
rank_targeted_swap,AsymAgentMark-TK targeted rank swap b=1,deepseek,ID,1,3,21,140,False,5,0,
rank_targeted_swap,AsymAgentMark-TK targeted rank swap b=1,deepseek,ID,1,3,22,140,False,6,1,
rank_targeted_swap,AsymAgentMark-TK targeted rank swap b=1,deepseek,ID,1,3,23,140,False,2,0,
rank_targeted_swap,AsymAgentMark-TK targeted rank swap b=1,deepseek,ID,1,3,24,140,False,12,0,11100001
rank_targeted_swap,AsymAgentMark-TK targeted rank swap b=1,deepseek,ID,1,3,25,140,False,3,0,
rank_targeted_swap,AsymAgentMark-TK targeted rank swap b=1,deepseek,ID,1,3,26,140,False,4,0,
rank_targeted_swap,AsymAgentMark-TK targeted rank swap b=1,deepseek,ID,1,3,27,140,False,2,0,
rank_targeted_swap,AsymAgentMark-TK targeted rank swap b=1,deepseek,ID,1,3,28,140,False,6,0,
rank_targeted_swap,AsymAgentMark-TK targeted rank swap b=1,deepseek,ID,1,3,29,140,False,2,0,
rank_targeted_swap,AsymAgentMark-TK targeted rank swap b=1,deepseek,ID,1,3,30,140,False,1,0,
rank_targeted_swap,AsymAgentMark-TK targeted rank swap b=1,deepseek,ID,1,3,31,140,False,2,3,
rank_targeted_swap,AsymAgentMark-TK targeted rank swap b=1,deepseek,ID,1,3,32,140,False,3,2,
rank_targeted_swap,AsymAgentMark-TK targeted rank swap b=1,deepseek,ID,1,3,33,140,False,0,0,
rank_targeted_swap,AsymAgentMark-TK targeted rank swap b=1,deepseek,ID,1,3,34,140,False,3,0,
rank_targeted_swap,AsymAgentMark-TK targeted rank swap b=1,deepseek,ID,1,3,35,140,False,3,0,
rank_targeted_swap,AsymAgentMark-TK targeted rank swap b=1,deepseek,ID,1,3,36,140,False,7,0,
rank_targeted_swap,AsymAgentMark-TK targeted rank swap b=1,deepseek,ID,1,3,37,140,False,3,0,
rank_targeted_swap,AsymAgentMark-TK targeted rank swap b=1,deepseek,ID,1,3,38,140,False,5,0,
rank_targeted_swap,AsymAgentMark-TK targeted rank swap b=1,deepseek,ID,1,3,39,140,False,6,1,
rank_targeted_swap,AsymAgentMark-TK targeted rank swap b=1,deepseek,ID,1,3,40,140,False,13,0,00111110
rank_targeted_swap,AsymAgentMark-TK targeted rank swap b=1,deepseek,ID,1,3,41,140,False,5,0,
rank_targeted_swap,AsymAgentMark-TK targeted rank swap b=1,deepseek,ID,1,3,42,140,False,2,0,
rank_targeted_swap,AsymAgentMark-TK targeted rank swap b=1,deepseek,ID,1,3,43,140,False,6,1,
rank_targeted_swap,AsymAgentMark-TK targeted rank swap b=1,deepseek,ID,1,3,44,140,False,8,1,00101010
rank_targeted_swap,AsymAgentMark-TK targeted rank swap b=1,deepseek,ID,1,3,45,140,False,1,0,
rank_targeted_swap,AsymAgentMark-TK targeted rank swap b=1,deepseek,ID,1,3,46,140,False,5,0,
rank_targeted_swap,AsymAgentMark-TK targeted rank swap b=1,deepseek,ID,1,3,47,140,False,2,0,
rank_targeted_swap,AsymAgentMark-TK targeted rank swap b=1,deepseek,ID,1,3,48,140,False,2,0,
rank_targeted_swap,AsymAgentMark-TK targeted rank swap b=1,deepseek,ID,1,3,49,140,False,7,0,
rank_targeted_swap,AsymAgentMark-TK targeted rank swap b=1,deepseek,ID,1,5,0,140,False,6,0,
rank_targeted_swap,AsymAgentMark-TK targeted rank swap b=1,deepseek,ID,1,5,1,140,False,11,0,10110110
rank_targeted_swap,AsymAgentMark-TK targeted rank swap b=1,deepseek,ID,1,5,2,140,False,18,0,00110000
rank_targeted_swap,AsymAgentMark-TK targeted rank swap b=1,deepseek,ID,1,5,3,140,False,12,0,01010101
rank_targeted_swap,AsymAgentMark-TK targeted rank swap b=1,deepseek,ID,1,5,4,140,False,1,0,
rank_targeted_swap,AsymAgentMark-TK targeted rank swap b=1,deepseek,ID,1,5,5,140,False,5,0,
rank_targeted_swap,AsymAgentMark-TK targeted rank swap b=1,deepseek,ID,1,5,6,140,False,6,1,
rank_targeted_swap,AsymAgentMark-TK targeted rank swap b=1,deepseek,ID,1,5,7,140,False,7,0,
rank_targeted_swap,AsymAgentMark-TK targeted rank swap b=1,deepseek,ID,1,5,8,140,False,5,1,
rank_targeted_swap,AsymAgentMark-TK targeted rank swap b=1,deepseek,ID,1,5,9,140,False,12,1,10000001
rank_targeted_swap,AsymAgentMark-TK targeted rank swap b=1,deepseek,ID,1,5,10,140,False,8,1,
rank_targeted_swap,AsymAgentMark-TK targeted rank swap b=1,deepseek,ID,1,5,11,140,False,7,1,
rank_targeted_swap,AsymAgentMark-TK targeted rank swap b=1,deepseek,ID,1,5,12,140,False,10,0,11000110
rank_targeted_swap,AsymAgentMark-TK targeted rank swap b=1,deepseek,ID,1,5,13,140,False,8,0,
rank_targeted_swap,AsymAgentMark-TK targeted rank swap b=1,deepseek,ID,1,5,14,140,False,4,0,
rank_targeted_swap,AsymAgentMark-TK targeted rank swap b=1,deepseek,ID,1,5,15,140,False,5,0,
rank_targeted_swap,AsymAgentMark-TK targeted rank swap b=1,deepseek,ID,1,5,16,140,False,12,1,10101001
rank_targeted_swap,AsymAgentMark-TK targeted rank swap b=1,deepseek,ID,1,5,17,140,False,7,1,
rank_targeted_swap,AsymAgentMark-TK targeted rank swap b=1,deepseek,ID,1,5,18,140,False,6,0,
rank_targeted_swap,AsymAgentMark-TK targeted rank swap b=1,deepseek,ID,1,5,19,140,False,4,1,
rank_targeted_swap,AsymAgentMark-TK targeted rank swap b=1,deepseek,ID,1,5,20,140,False,6,3,
rank_targeted_swap,AsymAgentMark-TK targeted rank swap b=1,deepseek,ID,1,5,21,140,False,8,1,
rank_targeted_swap,AsymAgentMark-TK targeted rank swap b=1,deepseek,ID,1,5,22,140,False,7,0,
rank_targeted_swap,AsymAgentMark-TK targeted rank swap b=1,deepseek,ID,1,5,23,140,False,4,0,
rank_targeted_swap,AsymAgentMark-TK targeted rank swap b=1,deepseek,ID,1,5,24,140,False,11,0,00000001
rank_targeted_swap,AsymAgentMark-TK targeted rank swap b=1,deepseek,ID,1,5,25,140,False,2,0,
rank_targeted_swap,AsymAgentMark-TK targeted rank swap b=1,deepseek,ID,1,5,26,140,False,4,1,
rank_targeted_swap,AsymAgentMark-TK targeted rank swap b=1,deepseek,ID,1,5,27,140,False,6,1,
rank_targeted_swap,AsymAgentMark-TK targeted rank swap b=1,deepseek,ID,1,5,28,140,False,9,2,10101110
rank_targeted_swap,AsymAgentMark-TK targeted rank swap b=1,deepseek,ID,1,5,29,140,False,6,1,
rank_targeted_swap,AsymAgentMark-TK targeted rank swap b=1,deepseek,ID,1,5,30,140,False,5,2,
rank_targeted_swap,AsymAgentMark-TK targeted rank swap b=1,deepseek,ID,1,5,31,140,False,10,0,11101111
rank_targeted_swap,AsymAgentMark-TK targeted rank swap b=1,deepseek,ID,1,5,32,140,False,11,2,00011110
rank_targeted_swap,AsymAgentMark-TK targeted rank swap b=1,deepseek,ID,1,5,33,140,False,9,0,10110110
rank_targeted_swap,AsymAgentMark-TK targeted rank swap b=1,deepseek,ID,1,5,34,140,False,4,0,
rank_targeted_swap,AsymAgentMark-TK targeted rank swap b=1,deepseek,ID,1,5,35,140,False,3,0,
rank_targeted_swap,AsymAgentMark-TK targeted rank swap b=1,deepseek,ID,1,5,36,140,False,17,5,10011100
rank_targeted_swap,AsymAgentMark-TK targeted rank swap b=1,deepseek,ID,1,5,37,140,False,13,1,11101100
rank_targeted_swap,AsymAgentMark-TK targeted rank swap b=1,deepseek,ID,1,5,38,140,False,9,0,11011011
rank_targeted_swap,AsymAgentMark-TK targeted rank swap b=1,deepseek,ID,1,5,39,140,False,8,0,10110110
rank_targeted_swap,AsymAgentMark-TK targeted rank swap b=1,deepseek,ID,1,5,40,140,False,7,1,
rank_targeted_swap,AsymAgentMark-TK targeted rank swap b=1,deepseek,ID,1,5,41,140,False,12,0,01100110
rank_targeted_swap,AsymAgentMark-TK targeted rank swap b=1,deepseek,ID,1,5,42,140,False,14,1,01100101
rank_targeted_swap,AsymAgentMark-TK targeted rank swap b=1,deepseek,ID,1,5,43,140,False,8,3,
rank_targeted_swap,AsymAgentMark-TK targeted rank swap b=1,deepseek,ID,1,5,44,140,False,8,0,01011101
rank_targeted_swap,AsymAgentMark-TK targeted rank swap b=1,deepseek,ID,1,5,45,140,False,12,0,00111111
rank_targeted_swap,AsymAgentMark-TK targeted rank swap b=1,deepseek,ID,1,5,46,140,False,9,0,
rank_targeted_swap,AsymAgentMark-TK targeted rank swap b=1,deepseek,ID,1,5,47,140,False,7,0,
rank_targeted_swap,AsymAgentMark-TK targeted rank swap b=1,deepseek,ID,1,5,48,140,False,11,0,01000101
rank_targeted_swap,AsymAgentMark-TK targeted rank swap b=1,deepseek,ID,1,5,49,140,False,7,0,
rank_targeted_swap,AsymAgentMark-TK targeted rank swap b=1,deepseek,ID,1,8,0,140,False,6,1,
rank_targeted_swap,AsymAgentMark-TK targeted rank swap b=1,deepseek,ID,1,8,1,140,False,8,1,
rank_targeted_swap,AsymAgentMark-TK targeted rank swap b=1,deepseek,ID,1,8,2,140,False,13,0,00010101
rank_targeted_swap,AsymAgentMark-TK targeted rank swap b=1,deepseek,ID,1,8,3,140,False,7,0,
rank_targeted_swap,AsymAgentMark-TK targeted rank swap b=1,deepseek,ID,1,8,4,140,False,5,2,
rank_targeted_swap,AsymAgentMark-TK targeted rank swap b=1,deepseek,ID,1,8,5,140,False,20,2,10011100
rank_targeted_swap,AsymAgentMark-TK targeted rank swap b=1,deepseek,ID,1,8,6,140,False,9,1,11100110
rank_targeted_swap,AsymAgentMark-TK targeted rank swap b=1,deepseek,ID,1,8,7,140,False,6,1,
rank_targeted_swap,AsymAgentMark-TK targeted rank swap b=1,deepseek,ID,1,8,8,140,False,5,2,
rank_targeted_swap,AsymAgentMark-TK targeted rank swap b=1,deepseek,ID,1,8,9,140,False,9,3,
rank_targeted_swap,AsymAgentMark-TK targeted rank swap b=1,deepseek,ID,1,8,10,140,False,8,1,
rank_targeted_swap,AsymAgentMark-TK targeted rank swap b=1,deepseek,ID,1,8,11,140,False,12,4,00111110
rank_targeted_swap,AsymAgentMark-TK targeted rank swap b=1,deepseek,ID,1,8,12,140,False,5,0,
rank_targeted_swap,AsymAgentMark-TK targeted rank swap b=1,deepseek,ID,1,8,13,140,False,16,3,00101100
rank_targeted_swap,AsymAgentMark-TK targeted rank swap b=1,deepseek,ID,1,8,14,140,False,3,0,
rank_targeted_swap,AsymAgentMark-TK targeted rank swap b=1,deepseek,ID,1,8,15,140,False,10,0,01010010
rank_targeted_swap,AsymAgentMark-TK targeted rank swap b=1,deepseek,ID,1,8,16,140,False,7,4,
rank_targeted_swap,AsymAgentMark-TK targeted rank swap b=1,deepseek,ID,1,8,17,140,False,2,2,
rank_targeted_swap,AsymAgentMark-TK targeted rank swap b=1,deepseek,ID,1,8,18,140,False,4,4,
rank_targeted_swap,AsymAgentMark-TK targeted rank swap b=1,deepseek,ID,1,8,19,140,False,9,0,00011010
rank_targeted_swap,AsymAgentMark-TK targeted rank swap b=1,deepseek,ID,1,8,20,140,False,7,1,
rank_targeted_swap,AsymAgentMark-TK targeted rank swap b=1,deepseek,ID,1,8,21,140,False,6,1,
rank_targeted_swap,AsymAgentMark-TK targeted rank swap b=1,deepseek,ID,1,8,22,140,False,13,2,10100001
rank_targeted_swap,AsymAgentMark-TK targeted rank swap b=1,deepseek,ID,1,8,23,140,False,11,0,10111110
rank_targeted_swap,AsymAgentMark-TK targeted rank swap b=1,deepseek,ID,1,8,24,140,False,15,4,10111001
rank_targeted_swap,AsymAgentMark-TK targeted rank swap b=1,deepseek,ID,1,8,25,140,False,16,3,01010000
rank_targeted_swap,AsymAgentMark-TK targeted rank swap b=1,deepseek,ID,1,8,26,140,False,6,2,
rank_targeted_swap,AsymAgentMark-TK targeted rank swap b=1,deepseek,ID,1,8,27,140,False,5,5,
rank_targeted_swap,AsymAgentMark-TK targeted rank swap b=1,deepseek,ID,1,8,28,140,False,5,1,
rank_targeted_swap,AsymAgentMark-TK targeted rank swap b=1,deepseek,ID,1,8,29,140,False,19,1,01011000
rank_targeted_swap,AsymAgentMark-TK targeted rank swap b=1,deepseek,ID,1,8,30,140,False,8,4,
rank_targeted_swap,AsymAgentMark-TK targeted rank swap b=1,deepseek,ID,1,8,31,140,False,7,3,
rank_targeted_swap,AsymAgentMark-TK targeted rank swap b=1,deepseek,ID,1,8,32,140,False,6,1,
rank_targeted_swap,AsymAgentMark-TK targeted rank swap b=1,deepseek,ID,1,8,33,140,False,12,1,01101010
rank_targeted_swap,AsymAgentMark-TK targeted rank swap b=1,deepseek,ID,1,8,34,140,False,11,4,10100011
rank_targeted_swap,AsymAgentMark-TK targeted rank swap b=1,deepseek,ID,1,8,35,140,False,14,2,11010000
rank_targeted_swap,AsymAgentMark-TK targeted rank swap b=1,deepseek,ID,1,8,36,140,False,4,0,
rank_targeted_swap,AsymAgentMark-TK targeted rank swap b=1,deepseek,ID,1,8,37,140,False,16,1,00110111
rank_targeted_swap,AsymAgentMark-TK targeted rank swap b=1,deepseek,ID,1,8,38,140,False,9,1,11011100
rank_targeted_swap,AsymAgentMark-TK targeted rank swap b=1,deepseek,ID,1,8,39,140,False,8,0,
rank_targeted_swap,AsymAgentMark-TK targeted rank swap b=1,deepseek,ID,1,8,40,140,False,18,1,00110000
rank_targeted_swap,AsymAgentMark-TK targeted rank swap b=1,deepseek,ID,1,8,41,140,False,17,0,00100000
rank_targeted_swap,AsymAgentMark-TK targeted rank swap b=1,deepseek,ID,1,8,42,140,False,14,1,00101011
rank_targeted_swap,AsymAgentMark-TK targeted rank swap b=1,deepseek,ID,1,8,43,140,False,11,3,
rank_targeted_swap,AsymAgentMark-TK targeted rank swap b=1,deepseek,ID,1,8,44,140,False,16,3,11101100
rank_targeted_swap,AsymAgentMark-TK targeted rank swap b=1,deepseek,ID,1,8,45,140,False,9,1,11101011
rank_targeted_swap,AsymAgentMark-TK targeted rank swap b=1,deepseek,ID,1,8,46,140,False,12,3,10010010
rank_targeted_swap,AsymAgentMark-TK targeted rank swap b=1,deepseek,ID,1,8,47,140,False,12,2,10101110
rank_targeted_swap,AsymAgentMark-TK targeted rank swap b=1,deepseek,ID,1,8,48,140,False,17,2,10011100
rank_targeted_swap,AsymAgentMark-TK targeted rank swap b=1,deepseek,ID,1,8,49,140,False,9,2,11101100
rank_targeted_swap,AsymAgentMark-TK targeted rank swap b=1,deepseek,ID,1,10,0,140,False,3,3,
rank_targeted_swap,AsymAgentMark-TK targeted rank swap b=1,deepseek,ID,1,10,1,140,False,17,6,10010110
rank_targeted_swap,AsymAgentMark-TK targeted rank swap b=1,deepseek,ID,1,10,2,140,False,19,2,11000011
rank_targeted_swap,AsymAgentMark-TK targeted rank swap b=1,deepseek,ID,1,10,3,140,False,6,2,
rank_targeted_swap,AsymAgentMark-TK targeted rank swap b=1,deepseek,ID,1,10,4,140,False,13,2,11011100
rank_targeted_swap,AsymAgentMark-TK targeted rank swap b=1,deepseek,ID,1,10,5,140,False,9,1,00101010
rank_targeted_swap,AsymAgentMark-TK targeted rank swap b=1,deepseek,ID,1,10,6,140,False,8,7,
rank_targeted_swap,AsymAgentMark-TK targeted rank swap b=1,deepseek,ID,1,10,7,140,False,11,1,11001100
rank_targeted_swap,AsymAgentMark-TK targeted rank swap b=1,deepseek,ID,1,10,8,140,False,12,2,11100001
rank_targeted_swap,AsymAgentMark-TK targeted rank swap b=1,deepseek,ID,1,10,9,140,False,11,3,01110111
rank_targeted_swap,AsymAgentMark-TK targeted rank swap b=1,deepseek,ID,1,10,10,140,False,6,1,
rank_targeted_swap,AsymAgentMark-TK targeted rank swap b=1,deepseek,ID,1,10,11,140,False,9,5,
rank_targeted_swap,AsymAgentMark-TK targeted rank swap b=1,deepseek,ID,1,10,12,140,False,10,2,
rank_targeted_swap,AsymAgentMark-TK targeted rank swap b=1,deepseek,ID,1,10,13,140,False,10,1,11101111
rank_targeted_swap,AsymAgentMark-TK targeted rank swap b=1,deepseek,ID,1,10,14,140,False,14,4,01010100
rank_targeted_swap,AsymAgentMark-TK targeted rank swap b=1,deepseek,ID,1,10,15,140,False,12,4,10001111
rank_targeted_swap,AsymAgentMark-TK targeted rank swap b=1,deepseek,ID,1,10,16,140,False,8,2,01011101
rank_targeted_swap,AsymAgentMark-TK targeted rank swap b=1,deepseek,ID,1,10,17,140,False,2,1,
rank_targeted_swap,AsymAgentMark-TK targeted rank swap b=1,deepseek,ID,1,10,18,140,False,11,4,
rank_targeted_swap,AsymAgentMark-TK targeted rank swap b=1,deepseek,ID,1,10,19,140,False,13,3,00101100
rank_targeted_swap,AsymAgentMark-TK targeted rank swap b=1,deepseek,ID,1,10,20,140,False,15,3,01101011
rank_targeted_swap,AsymAgentMark-TK targeted rank swap b=1,deepseek,ID,1,10,21,140,False,11,0,11101011
rank_targeted_swap,AsymAgentMark-TK targeted rank swap b=1,deepseek,ID,1,10,22,140,False,17,1,10110001
rank_targeted_swap,AsymAgentMark-TK targeted rank swap b=1,deepseek,ID,1,10,23,140,False,7,1,
rank_targeted_swap,AsymAgentMark-TK targeted rank swap b=1,deepseek,ID,1,10,24,140,False,9,4,
rank_targeted_swap,AsymAgentMark-TK targeted rank swap b=1,deepseek,ID,1,10,25,140,False,18,5,00100011
rank_targeted_swap,AsymAgentMark-TK targeted rank swap b=1,deepseek,ID,1,10,26,140,False,6,1,
rank_targeted_swap,AsymAgentMark-TK targeted rank swap b=1,deepseek,ID,1,10,27,140,False,9,1,10110110
rank_targeted_swap,AsymAgentMark-TK targeted rank swap b=1,deepseek,ID,1,10,28,140,False,10,1,00001101
rank_targeted_swap,AsymAgentMark-TK targeted rank swap b=1,deepseek,ID,1,10,29,140,False,14,3,01010010
rank_targeted_swap,AsymAgentMark-TK targeted rank swap b=1,deepseek,ID,1,10,30,140,False,10,0,00100000
rank_targeted_swap,AsymAgentMark-TK targeted rank swap b=1,deepseek,ID,1,10,31,140,False,11,7,10011110
rank_targeted_swap,AsymAgentMark-TK targeted rank swap b=1,deepseek,ID,1,10,32,140,False,8,2,00100000
rank_targeted_swap,AsymAgentMark-TK targeted rank swap b=1,deepseek,ID,1,10,33,140,False,10,4,01011100
rank_targeted_swap,AsymAgentMark-TK targeted rank swap b=1,deepseek,ID,1,10,34,140,False,8,4,01001010
rank_targeted_swap,AsymAgentMark-TK targeted rank swap b=1,deepseek,ID,1,10,35,140,False,10,3,11011011
rank_targeted_swap,AsymAgentMark-TK targeted rank swap b=1,deepseek,ID,1,10,36,140,False,7,2,
rank_targeted_swap,AsymAgentMark-TK targeted rank swap b=1,deepseek,ID,1,10,37,140,False,10,4,01011101
rank_targeted_swap,AsymAgentMark-TK targeted rank swap b=1,deepseek,ID,1,10,38,140,False,8,2,10100001
rank_targeted_swap,AsymAgentMark-TK targeted rank swap b=1,deepseek,ID,1,10,39,140,False,17,7,00101100
rank_targeted_swap,AsymAgentMark-TK targeted rank swap b=1,deepseek,ID,1,10,40,140,False,5,4,
rank_targeted_swap,AsymAgentMark-TK targeted rank swap b=1,deepseek,ID,1,10,41,140,False,8,1,
rank_targeted_swap,AsymAgentMark-TK targeted rank swap b=1,deepseek,ID,1,10,42,140,False,3,4,
rank_targeted_swap,AsymAgentMark-TK targeted rank swap b=1,deepseek,ID,1,10,43,140,False,10,6,10000111
rank_targeted_swap,AsymAgentMark-TK targeted rank swap b=1,deepseek,ID,1,10,44,140,False,18,3,00001110
rank_targeted_swap,AsymAgentMark-TK targeted rank swap b=1,deepseek,ID,1,10,45,140,False,9,3,
rank_targeted_swap,AsymAgentMark-TK targeted rank swap b=1,deepseek,ID,1,10,46,140,False,7,1,
rank_targeted_swap,AsymAgentMark-TK targeted rank swap b=1,deepseek,ID,1,10,47,140,False,7,2,
rank_targeted_swap,AsymAgentMark-TK targeted rank swap b=1,deepseek,ID,1,10,48,140,False,8,4,
rank_targeted_swap,AsymAgentMark-TK targeted rank swap b=1,deepseek,ID,1,10,49,140,False,8,2,
rank_targeted_swap,AsymAgentMark-TK targeted rank swap b=1,deepseek,ID,1,15,0,140,False,7,4,
rank_targeted_swap,AsymAgentMark-TK targeted rank swap b=1,deepseek,ID,1,15,1,140,False,10,5,10100110
rank_targeted_swap,AsymAgentMark-TK targeted rank swap b=1,deepseek,ID,1,15,2,140,False,18,4,10011011
rank_targeted_swap,AsymAgentMark-TK targeted rank swap b=1,deepseek,ID,1,15,3,140,False,9,4,
rank_targeted_swap,AsymAgentMark-TK targeted rank swap b=1,deepseek,ID,1,15,4,140,False,13,0,10110001
rank_targeted_swap,AsymAgentMark-TK targeted rank swap b=1,deepseek,ID,1,15,5,140,False,7,3,
rank_targeted_swap,AsymAgentMark-TK targeted rank swap b=1,deepseek,ID,1,15,6,140,False,8,3,
rank_targeted_swap,AsymAgentMark-TK targeted rank swap b=1,deepseek,ID,1,15,7,140,False,2,3,
rank_targeted_swap,AsymAgentMark-TK targeted rank swap b=1,deepseek,ID,1,15,8,140,False,6,2,
rank_targeted_swap,AsymAgentMark-TK targeted rank swap b=1,deepseek,ID,1,15,9,140,False,7,4,
rank_targeted_swap,AsymAgentMark-TK targeted rank swap b=1,deepseek,ID,1,15,10,140,False,12,2,11010110
rank_targeted_swap,AsymAgentMark-TK targeted rank swap b=1,deepseek,ID,1,15,11,140,False,9,8,
rank_targeted_swap,AsymAgentMark-TK targeted rank swap b=1,deepseek,ID,1,15,12,140,False,9,3,
rank_targeted_swap,AsymAgentMark-TK targeted rank swap b=1,deepseek,ID,1,15,13,140,False,12,1,11100001
rank_targeted_swap,AsymAgentMark-TK targeted rank swap b=1,deepseek,ID,1,15,14,140,False,19,2,11010011
rank_targeted_swap,AsymAgentMark-TK targeted rank swap b=1,deepseek,ID,1,15,15,140,False,18,2,01010101
rank_targeted_swap,AsymAgentMark-TK targeted rank swap b=1,deepseek,ID,1,15,16,140,False,17,8,00101100
rank_targeted_swap,AsymAgentMark-TK targeted rank swap b=1,deepseek,ID,1,15,17,140,False,14,7,10101010
rank_targeted_swap,AsymAgentMark-TK targeted rank swap b=1,deepseek,ID,1,15,18,140,False,18,5,01001000
rank_targeted_swap,AsymAgentMark-TK targeted rank swap b=1,deepseek,ID,1,15,19,140,False,12,3,11010101
rank_targeted_swap,AsymAgentMark-TK targeted rank swap b=1,deepseek,ID,1,15,20,140,False,13,5,11111011
rank_targeted_swap,AsymAgentMark-TK targeted rank swap b=1,deepseek,ID,1,15,21,140,False,19,4,00110011
rank_targeted_swap,AsymAgentMark-TK targeted rank swap b=1,deepseek,ID,1,15,22,140,False,14,2,10110001
rank_targeted_swap,AsymAgentMark-TK targeted rank swap b=1,deepseek,ID,1,15,23,140,False,11,4,01011101
rank_targeted_swap,AsymAgentMark-TK targeted rank swap b=1,deepseek,ID,1,15,24,140,False,12,3,01011010
rank_targeted_swap,AsymAgentMark-TK targeted rank swap b=1,deepseek,ID,1,15,25,140,False,19,3,01010101
rank_targeted_swap,AsymAgentMark-TK targeted rank swap b=1,deepseek,ID,1,15,26,140,False,11,4,01100000
rank_targeted_swap,AsymAgentMark-TK targeted rank swap b=1,deepseek,ID,1,15,27,140,False,8,3,00110000
rank_targeted_swap,AsymAgentMark-TK targeted rank swap b=1,deepseek,ID,1,15,28,140,False,7,4,
rank_targeted_swap,AsymAgentMark-TK targeted rank swap b=1,deepseek,ID,1,15,29,140,False,16,3,01011101
rank_targeted_swap,AsymAgentMark-TK targeted rank swap b=1,deepseek,ID,1,15,30,140,False,7,4,
rank_targeted_swap,AsymAgentMark-TK targeted rank swap b=1,deepseek,ID,1,15,31,140,False,14,3,11011010
rank_targeted_swap,AsymAgentMark-TK targeted rank swap b=1,deepseek,ID,1,15,32,140,False,8,2,00011010
rank_targeted_swap,AsymAgentMark-TK targeted rank swap b=1,deepseek,ID,1,15,33,140,False,11,5,11100011
rank_targeted_swap,AsymAgentMark-TK targeted rank swap b=1,deepseek,ID,1,15,34,140,False,10,3,11100110
rank_targeted_swap,AsymAgentMark-TK targeted rank swap b=1,deepseek,ID,1,15,35,140,False,10,1,01000111
rank_targeted_swap,AsymAgentMark-TK targeted rank swap b=1,deepseek,ID,1,15,36,140,False,13,1,01011010
rank_targeted_swap,AsymAgentMark-TK targeted rank swap b=1,deepseek,ID,1,15,37,140,False,10,3,
rank_targeted_swap,AsymAgentMark-TK targeted rank swap b=1,deepseek,ID,1,15,38,140,False,11,4,01010111
rank_targeted_swap,AsymAgentMark-TK targeted rank swap b=1,deepseek,ID,1,15,39,140,False,11,4,11011100
rank_targeted_swap,AsymAgentMark-TK targeted rank swap b=1,deepseek,ID,1,15,40,140,False,17,5,00100000
rank_targeted_swap,AsymAgentMark-TK targeted rank swap b=1,deepseek,ID,1,15,41,140,False,15,7,10100110
rank_targeted_swap,AsymAgentMark-TK targeted rank swap b=1,deepseek,ID,1,15,42,140,False,12,1,00010000
rank_targeted_swap,AsymAgentMark-TK targeted rank swap b=1,deepseek,ID,1,15,43,140,False,17,10,01001000
rank_targeted_swap,AsymAgentMark-TK targeted rank swap b=1,deepseek,ID,1,15,44,140,False,10,3,11000011
rank_targeted_swap,AsymAgentMark-TK targeted rank swap b=1,deepseek,ID,1,15,45,140,False,11,1,11101001
rank_targeted_swap,AsymAgentMark-TK targeted rank swap b=1,deepseek,ID,1,15,46,140,False,14,2,01011010
rank_targeted_swap,AsymAgentMark-TK targeted rank swap b=1,deepseek,ID,1,15,47,140,False,15,6,10100110
rank_targeted_swap,AsymAgentMark-TK targeted rank swap b=1,deepseek,ID,1,15,48,140,False,11,2,11101010
rank_targeted_swap,AsymAgentMark-TK targeted rank swap b=1,deepseek,ID,1,15,49,140,False,13,4,01000101
rank_targeted_swap,AsymAgentMark-TK targeted rank swap b=1,deepseek,ID,1,20,0,140,False,9,10,00000000
rank_targeted_swap,AsymAgentMark-TK targeted rank swap b=1,deepseek,ID,1,20,1,140,False,6,5,
rank_targeted_swap,AsymAgentMark-TK targeted rank swap b=1,deepseek,ID,1,20,2,140,False,11,8,10101100
rank_targeted_swap,AsymAgentMark-TK targeted rank swap b=1,deepseek,ID,1,20,3,140,False,19,6,00001000
rank_targeted_swap,AsymAgentMark-TK targeted rank swap b=1,deepseek,ID,1,20,4,140,False,8,5,01000101
rank_targeted_swap,AsymAgentMark-TK targeted rank swap b=1,deepseek,ID,1,20,5,140,False,8,4,
rank_targeted_swap,AsymAgentMark-TK targeted rank swap b=1,deepseek,ID,1,20,6,140,False,15,7,11100000
rank_targeted_swap,AsymAgentMark-TK targeted rank swap b=1,deepseek,ID,1,20,7,140,False,10,10,11111010
rank_targeted_swap,AsymAgentMark-TK targeted rank swap b=1,deepseek,ID,1,20,8,140,False,12,8,11100001
rank_targeted_swap,AsymAgentMark-TK targeted rank swap b=1,deepseek,ID,1,20,9,140,False,9,5,11100001
rank_targeted_swap,AsymAgentMark-TK targeted rank swap b=1,deepseek,ID,1,20,10,140,False,17,9,01100101
rank_targeted_swap,AsymAgentMark-TK targeted rank swap b=1,deepseek,ID,1,20,11,140,False,19,5,10111110
rank_targeted_swap,AsymAgentMark-TK targeted rank swap b=1,deepseek,ID,1,20,12,140,False,16,6,01011100
rank_targeted_swap,AsymAgentMark-TK targeted rank swap b=1,deepseek,ID,1,20,13,140,False,12,7,10010110
rank_targeted_swap,AsymAgentMark-TK targeted rank swap b=1,deepseek,ID,1,20,14,140,False,14,1,
rank_targeted_swap,AsymAgentMark-TK targeted rank swap b=1,deepseek,ID,1,20,15,140,False,10,9,
rank_targeted_swap,AsymAgentMark-TK targeted rank swap b=1,deepseek,ID,1,20,16,140,False,12,9,10101001
rank_targeted_swap,AsymAgentMark-TK targeted rank swap b=1,deepseek,ID,1,20,17,140,False,11,4,01001100
rank_targeted_swap,AsymAgentMark-TK targeted rank swap b=1,deepseek,ID,1,20,18,140,False,7,4,
rank_targeted_swap,AsymAgentMark-TK targeted rank swap b=1,deepseek,ID,1,20,19,140,False,15,9,10101110
rank_targeted_swap,AsymAgentMark-TK targeted rank swap b=1,deepseek,ID,1,20,20,140,False,13,5,01100101
rank_targeted_swap,AsymAgentMark-TK targeted rank swap b=1,deepseek,ID,1,20,21,140,False,11,8,00010000
rank_targeted_swap,AsymAgentMark-TK targeted rank swap b=1,deepseek,ID,1,20,22,140,False,11,5,00100000
rank_targeted_swap,AsymAgentMark-TK targeted rank swap b=1,deepseek,ID,1,20,23,140,False,15,6,00011010
rank_targeted_swap,AsymAgentMark-TK targeted rank swap b=1,deepseek,ID,1,20,24,140,False,12,3,00011010
rank_targeted_swap,AsymAgentMark-TK targeted rank swap b=1,deepseek,ID,1,20,25,140,False,12,7,10100000
rank_targeted_swap,AsymAgentMark-TK targeted rank swap b=1,deepseek,ID,1,20,26,140,False,11,10,
rank_targeted_swap,AsymAgentMark-TK targeted rank swap b=1,deepseek,ID,1,20,27,140,False,8,6,
rank_targeted_swap,AsymAgentMark-TK targeted rank swap b=1,deepseek,ID,1,20,28,140,False,17,5,11010100
rank_targeted_swap,AsymAgentMark-TK targeted rank swap b=1,deepseek,ID,1,20,29,140,False,14,6,11101100
rank_targeted_swap,AsymAgentMark-TK targeted rank swap b=1,deepseek,ID,1,20,30,140,False,10,6,01101100
rank_targeted_swap,AsymAgentMark-TK targeted rank swap b=1,deepseek,ID,1,20,31,140,False,9,8,
rank_targeted_swap,AsymAgentMark-TK targeted rank swap b=1,deepseek,ID,1,20,32,140,False,9,10,
rank_targeted_swap,AsymAgentMark-TK targeted rank swap b=1,deepseek,ID,1,20,33,140,False,19,8,01110100
rank_targeted_swap,AsymAgentMark-TK targeted rank swap b=1,deepseek,ID,1,20,34,140,False,14,5,10001111
rank_targeted_swap,AsymAgentMark-TK targeted rank swap b=1,deepseek,ID,1,20,35,140,False,14,6,10011010
rank_targeted_swap,AsymAgentMark-TK targeted rank swap b=1,deepseek,ID,1,20,36,140,False,16,4,00100110
rank_targeted_swap,AsymAgentMark-TK targeted rank swap b=1,deepseek,ID,1,20,37,140,False,8,6,11010010
rank_targeted_swap,AsymAgentMark-TK targeted rank swap b=1,deepseek,ID,1,20,38,140,False,18,5,00110010
rank_targeted_swap,AsymAgentMark-TK targeted rank swap b=1,deepseek,ID,1,20,39,140,False,7,4,
rank_targeted_swap,AsymAgentMark-TK targeted rank swap b=1,deepseek,ID,1,20,40,140,False,16,11,01111101
rank_targeted_swap,AsymAgentMark-TK targeted rank swap b=1,deepseek,ID,1,20,41,140,False,17,5,01100101
rank_targeted_swap,AsymAgentMark-TK targeted rank swap b=1,deepseek,ID,1,20,42,140,False,11,6,10111011
rank_targeted_swap,AsymAgentMark-TK targeted rank swap b=1,deepseek,ID,1,20,43,140,False,11,4,10111011
rank_targeted_swap,AsymAgentMark-TK targeted rank swap b=1,deepseek,ID,1,20,44,140,False,16,5,11000011
rank_targeted_swap,AsymAgentMark-TK targeted rank swap b=1,deepseek,ID,1,20,45,140,False,14,8,00101100
rank_targeted_swap,AsymAgentMark-TK targeted rank swap b=1,deepseek,ID,1,20,46,140,False,4,3,
rank_targeted_swap,AsymAgentMark-TK targeted rank swap b=1,deepseek,ID,1,20,47,140,False,8,4,
rank_targeted_swap,AsymAgentMark-TK targeted rank swap b=1,deepseek,ID,1,20,48,140,False,13,4,01000101
rank_targeted_swap,AsymAgentMark-TK targeted rank swap b=1,deepseek,ID,1,20,49,140,False,10,4,10100110
rank_targeted_swap,AsymAgentMark-TK targeted rank swap b=1,deepseek,ID,1,30,0,140,False,7,11,
rank_targeted_swap,AsymAgentMark-TK targeted rank swap b=1,deepseek,ID,1,30,1,140,False,16,8,11111101
rank_targeted_swap,AsymAgentMark-TK targeted rank swap b=1,deepseek,ID,1,30,2,140,False,11,5,01011101
rank_targeted_swap,AsymAgentMark-TK targeted rank swap b=1,deepseek,ID,1,30,3,140,False,13,10,10101110
rank_targeted_swap,AsymAgentMark-TK targeted rank swap b=1,deepseek,ID,1,30,4,140,False,10,10,
rank_targeted_swap,AsymAgentMark-TK targeted rank swap b=1,deepseek,ID,1,30,5,140,False,11,6,11111010
rank_targeted_swap,AsymAgentMark-TK targeted rank swap b=1,deepseek,ID,1,30,6,140,False,7,10,
rank_targeted_swap,AsymAgentMark-TK targeted rank swap b=1,deepseek,ID,1,30,7,140,False,13,9,10011001
rank_targeted_swap,AsymAgentMark-TK targeted rank swap b=1,deepseek,ID,1,30,8,140,False,15,15,01101100
rank_targeted_swap,AsymAgentMark-TK targeted rank swap b=1,deepseek,ID,1,30,9,140,False,16,8,11011101
rank_targeted_swap,AsymAgentMark-TK targeted rank swap b=1,deepseek,ID,1,30,10,140,False,10,8,10000011
rank_targeted_swap,AsymAgentMark-TK targeted rank swap b=1,deepseek,ID,1,30,11,140,False,17,9,11000001
rank_targeted_swap,AsymAgentMark-TK targeted rank swap b=1,deepseek,ID,1,30,12,140,False,9,11,10101110
rank_targeted_swap,AsymAgentMark-TK targeted rank swap b=1,deepseek,ID,1,30,13,140,False,5,9,
rank_targeted_swap,AsymAgentMark-TK targeted rank swap b=1,deepseek,ID,1,30,14,140,False,13,11,
rank_targeted_swap,AsymAgentMark-TK targeted rank swap b=1,deepseek,ID,1,30,15,140,False,15,11,00100000
rank_targeted_swap,AsymAgentMark-TK targeted rank swap b=1,deepseek,ID,1,30,16,140,False,17,9,01010110
rank_targeted_swap,AsymAgentMark-TK targeted rank swap b=1,deepseek,ID,1,30,17,140,False,12,5,11010110
rank_targeted_swap,AsymAgentMark-TK targeted rank swap b=1,deepseek,ID,1,30,18,140,False,10,13,
rank_targeted_swap,AsymAgentMark-TK targeted rank swap b=1,deepseek,ID,1,30,19,140,False,14,7,00010000
rank_targeted_swap,AsymAgentMark-TK targeted rank swap b=1,deepseek,ID,1,30,20,140,False,19,4,10101111
rank_targeted_swap,AsymAgentMark-TK targeted rank swap b=1,deepseek,ID,1,30,21,140,False,18,4,00010010
rank_targeted_swap,AsymAgentMark-TK targeted rank swap b=1,deepseek,ID,1,30,22,140,False,9,3,11101111
rank_targeted_swap,AsymAgentMark-TK targeted rank swap b=1,deepseek,ID,1,30,23,140,False,11,8,01011100
rank_targeted_swap,AsymAgentMark-TK targeted rank swap b=1,deepseek,ID,1,30,24,140,False,14,7,01101111
rank_targeted_swap,AsymAgentMark-TK targeted rank swap b=1,deepseek,ID,1,30,25,140,False,9,12,00101110
rank_targeted_swap,AsymAgentMark-TK targeted rank swap b=1,deepseek,ID,1,30,26,140,False,13,14,01100101
rank_targeted_swap,AsymAgentMark-TK targeted rank swap b=1,deepseek,ID,1,30,27,140,False,13,13,11001100
rank_targeted_swap,AsymAgentMark-TK targeted rank swap b=1,deepseek,ID,1,30,28,140,False,11,11,10100110
rank_targeted_swap,AsymAgentMark-TK targeted rank swap b=1,deepseek,ID,1,30,29,140,False,9,12,10110111
rank_targeted_swap,AsymAgentMark-TK targeted rank swap b=1,deepseek,ID,1,30,30,140,False,14,8,01100100
rank_targeted_swap,AsymAgentMark-TK targeted rank swap b=1,deepseek,ID,1,30,31,140,False,14,10,11011000
rank_targeted_swap,AsymAgentMark-TK targeted rank swap b=1,deepseek,ID,1,30,32,140,False,15,13,01100100
rank_targeted_swap,AsymAgentMark-TK targeted rank swap b=1,deepseek,ID,1,30,33,140,False,13,7,10001111
rank_targeted_swap,AsymAgentMark-TK targeted rank swap b=1,deepseek,ID,1,30,34,140,False,8,6,10100110
rank_targeted_swap,AsymAgentMark-TK targeted rank swap b=1,deepseek,ID,1,30,35,140,True,12,11,11001101
rank_targeted_swap,AsymAgentMark-TK targeted rank swap b=1,deepseek,ID,1,30,36,140,False,13,8,10100001
rank_targeted_swap,AsymAgentMark-TK targeted rank swap b=1,deepseek,ID,1,30,37,140,False,6,14,
rank_targeted_swap,AsymAgentMark-TK targeted rank swap b=1,deepseek,ID,1,30,38,140,False,15,7,10101110
rank_targeted_swap,AsymAgentMark-TK targeted rank swap b=1,deepseek,ID,1,30,39,140,False,12,7,10110110
rank_targeted_swap,AsymAgentMark-TK targeted rank swap b=1,deepseek,ID,1,30,40,140,False,16,11,01100000
rank_targeted_swap,AsymAgentMark-TK targeted rank swap b=1,deepseek,ID,1,30,41,140,False,15,10,11101100
rank_targeted_swap,AsymAgentMark-TK targeted rank swap b=1,deepseek,ID,1,30,42,140,False,14,8,11011001
rank_targeted_swap,AsymAgentMark-TK targeted rank swap b=1,deepseek,ID,1,30,43,140,False,16,8,11101100
rank_targeted_swap,AsymAgentMark-TK targeted rank swap b=1,deepseek,ID,1,30,44,140,False,16,7,10011011
rank_targeted_swap,AsymAgentMark-TK targeted rank swap b=1,deepseek,ID,1,30,45,140,False,16,14,00011011
rank_targeted_swap,AsymAgentMark-TK targeted rank swap b=1,deepseek,ID,1,30,46,140,False,19,4,11100001
rank_targeted_swap,AsymAgentMark-TK targeted rank swap b=1,deepseek,ID,1,30,47,140,False,16,8,01110100
rank_targeted_swap,AsymAgentMark-TK targeted rank swap b=1,deepseek,ID,1,30,48,140,False,16,7,11011001
rank_targeted_swap,AsymAgentMark-TK targeted rank swap b=1,deepseek,ID,1,30,49,140,False,7,7,
rank_targeted_swap,AsymAgentMark-TK targeted rank swap b=1,deepseek,ID,1,50,0,140,False,12,11,01001101
rank_targeted_swap,AsymAgentMark-TK targeted rank swap b=1,deepseek,ID,1,50,1,140,False,14,14,00101011
rank_targeted_swap,AsymAgentMark-TK targeted rank swap b=1,deepseek,ID,1,50,2,140,False,12,16,10100111
rank_targeted_swap,AsymAgentMark-TK targeted rank swap b=1,deepseek,ID,1,50,3,140,False,13,13,01000001
rank_targeted_swap,AsymAgentMark-TK targeted rank swap b=1,deepseek,ID,1,50,4,140,False,13,17,11000001
rank_targeted_swap,AsymAgentMark-TK targeted rank swap b=1,deepseek,ID,1,50,5,140,False,15,11,11100110
rank_targeted_swap,AsymAgentMark-TK targeted rank swap b=1,deepseek,ID,1,50,6,140,False,11,12,
rank_targeted_swap,AsymAgentMark-TK targeted rank swap b=1,deepseek,ID,1,50,7,140,False,8,21,
rank_targeted_swap,AsymAgentMark-TK targeted rank swap b=1,deepseek,ID,1,50,8,140,False,9,12,01000001
rank_targeted_swap,AsymAgentMark-TK targeted rank swap b=1,deepseek,ID,1,50,9,140,False,17,11,01110101
rank_targeted_swap,AsymAgentMark-TK targeted rank swap b=1,deepseek,ID,1,50,10,140,False,7,9,
rank_targeted_swap,AsymAgentMark-TK targeted rank swap b=1,deepseek,ID,1,50,11,140,False,13,14,00100111
rank_targeted_swap,AsymAgentMark-TK targeted rank swap b=1,deepseek,ID,1,50,12,140,False,11,17,11000000
rank_targeted_swap,AsymAgentMark-TK targeted rank swap b=1,deepseek,ID,1,50,13,140,False,14,16,10100111
rank_targeted_swap,AsymAgentMark-TK targeted rank swap b=1,deepseek,ID,1,50,14,140,False,11,13,10001110
rank_targeted_swap,AsymAgentMark-TK targeted rank swap b=1,deepseek,ID,1,50,15,140,False,14,12,01001101
rank_targeted_swap,AsymAgentMark-TK targeted rank swap b=1,deepseek,ID,1,50,16,140,False,8,15,
rank_targeted_swap,AsymAgentMark-TK targeted rank swap b=1,deepseek,ID,1,50,17,140,False,14,11,11000001
rank_targeted_swap,AsymAgentMark-TK targeted rank swap b=1,deepseek,ID,1,50,18,140,False,15,10,10100111
rank_targeted_swap,AsymAgentMark-TK targeted rank swap b=1,deepseek,ID,1,50,19,140,False,13,14,00100111
rank_targeted_swap,AsymAgentMark-TK targeted rank swap b=1,deepseek,ID,1,50,20,140,False,16,13,01001101
rank_targeted_swap,AsymAgentMark-TK targeted rank swap b=1,deepseek,ID,1,50,21,140,False,12,16,00100011
rank_targeted_swap,AsymAgentMark-TK targeted rank swap b=1,deepseek,ID,1,50,22,140,False,14,14,10100000
rank_targeted_swap,AsymAgentMark-TK targeted rank swap b=1,deepseek,ID,1,50,23,140,False,11,15,00011011
rank_targeted_swap,AsymAgentMark-TK targeted rank swap b=1,deepseek,ID,1,50,24,140,False,12,15,11000100
rank_targeted_swap,AsymAgentMark-TK targeted rank swap b=1,deepseek,ID,1,50,25,140,False,12,16,01000000
rank_targeted_swap,AsymAgentMark-TK targeted rank swap b=1,deepseek,ID,1,50,26,140,False,10,20,01111101
rank_targeted_swap,AsymAgentMark-TK targeted rank swap b=1,deepseek,ID,1,50,27,140,False,10,14,10101010
rank_targeted_swap,AsymAgentMark-TK targeted rank swap b=1,deepseek,ID,1,50,28,140,False,11,15,
rank_targeted_swap,AsymAgentMark-TK targeted rank swap b=1,deepseek,ID,1,50,29,140,False,14,12,00110010
rank_targeted_swap,AsymAgentMark-TK targeted rank swap b=1,deepseek,ID,1,50,30,140,False,7,21,
rank_targeted_swap,AsymAgentMark-TK targeted rank swap b=1,deepseek,ID,1,50,31,140,False,10,20,10000111
rank_targeted_swap,AsymAgentMark-TK targeted rank swap b=1,deepseek,ID,1,50,32,140,False,12,10,01001011
rank_targeted_swap,AsymAgentMark-TK targeted rank swap b=1,deepseek,ID,1,50,33,140,False,13,16,10000111
rank_targeted_swap,AsymAgentMark-TK targeted rank swap b=1,deepseek,ID,1,50,34,140,False,10,19,00000010
rank_targeted_swap,AsymAgentMark-TK targeted rank swap b=1,deepseek,ID,1,50,35,140,False,18,12,01110101
rank_targeted_swap,AsymAgentMark-TK targeted rank swap b=1,deepseek,ID,1,50,36,140,False,15,13,10100110
rank_targeted_swap,AsymAgentMark-TK targeted rank swap b=1,deepseek,ID,1,50,37,140,False,11,18,10100110
rank_targeted_swap,AsymAgentMark-TK targeted rank swap b=1,deepseek,ID,1,50,38,140,False,8,15,
rank_targeted_swap,AsymAgentMark-TK targeted rank swap b=1,deepseek,ID,1,50,39,140,False,16,13,10100110
rank_targeted_swap,AsymAgentMark-TK targeted rank swap b=1,deepseek,ID,1,50,40,140,False,11,18,10000111
rank_targeted_swap,AsymAgentMark-TK targeted rank swap b=1,deepseek,ID,1,50,41,140,False,12,12,01100101
rank_targeted_swap,AsymAgentMark-TK targeted rank swap b=1,deepseek,ID,1,50,42,140,False,12,10,10100110
rank_targeted_swap,AsymAgentMark-TK targeted rank swap b=1,deepseek,ID,1,50,43,140,False,8,13,
rank_targeted_swap,AsymAgentMark-TK targeted rank swap b=1,deepseek,ID,1,50,44,140,False,14,14,10101010
rank_targeted_swap,AsymAgentMark-TK targeted rank swap b=1,deepseek,ID,1,50,45,140,False,9,13,00011011
rank_targeted_swap,AsymAgentMark-TK targeted rank swap b=1,deepseek,ID,1,50,46,140,False,13,14,01011101
rank_targeted_swap,AsymAgentMark-TK targeted rank swap b=1,deepseek,ID,1,50,47,140,False,8,11,
rank_targeted_swap,AsymAgentMark-TK targeted rank swap b=1,deepseek,ID,1,50,48,140,False,12,16,01111101
rank_targeted_swap,AsymAgentMark-TK targeted rank swap b=1,deepseek,ID,1,50,49,140,False,13,13,10011110
rank_targeted_swap,AsymAgentMark-TK targeted rank swap b=1,deepseek,ID,1,80,0,140,False,11,19,11001000
rank_targeted_swap,AsymAgentMark-TK targeted rank swap b=1,deepseek,ID,1,80,1,140,False,10,20,01101100
rank_targeted_swap,AsymAgentMark-TK targeted rank swap b=1,deepseek,ID,1,80,2,140,False,10,20,01101100
rank_targeted_swap,AsymAgentMark-TK targeted rank swap b=1,deepseek,ID,1,80,3,140,False,10,18,10001110
rank_targeted_swap,AsymAgentMark-TK targeted rank swap b=1,deepseek,ID,1,80,4,140,False,10,20,
rank_targeted_swap,AsymAgentMark-TK targeted rank swap b=1,deepseek,ID,1,80,5,140,False,11,19,11001000
rank_targeted_swap,AsymAgentMark-TK targeted rank swap b=1,deepseek,ID,1,80,6,140,False,7,20,
rank_targeted_swap,AsymAgentMark-TK targeted rank swap b=1,deepseek,ID,1,80,7,140,False,8,21,
rank_targeted_swap,AsymAgentMark-TK targeted rank swap b=1,deepseek,ID,1,80,8,140,False,6,18,
rank_targeted_swap,AsymAgentMark-TK targeted rank swap b=1,deepseek,ID,1,80,9,140,False,16,14,10100110
rank_targeted_swap,AsymAgentMark-TK targeted rank swap b=1,deepseek,ID,1,80,10,140,False,6,25,
rank_targeted_swap,AsymAgentMark-TK targeted rank swap b=1,deepseek,ID,1,80,11,140,False,9,18,01101100
rank_targeted_swap,AsymAgentMark-TK targeted rank swap b=1,deepseek,ID,1,80,12,140,False,11,18,00011011
rank_targeted_swap,AsymAgentMark-TK targeted rank swap b=1,deepseek,ID,1,80,13,140,False,8,20,
rank_targeted_swap,AsymAgentMark-TK targeted rank swap b=1,deepseek,ID,1,80,14,140,False,10,19,10100110
rank_targeted_swap,AsymAgentMark-TK targeted rank swap b=1,deepseek,ID,1,80,15,140,False,9,22,10000111
rank_targeted_swap,AsymAgentMark-TK targeted rank swap b=1,deepseek,ID,1,80,16,140,False,12,18,00100011
rank_targeted_swap,AsymAgentMark-TK targeted rank swap b=1,deepseek,ID,1,80,17,140,False,15,15,11000100
rank_targeted_swap,AsymAgentMark-TK targeted rank swap b=1,deepseek,ID,1,80,18,140,False,12,18,11001000
rank_targeted_swap,AsymAgentMark-TK targeted rank swap b=1,deepseek,ID,1,80,19,140,False,11,19,11001000
rank_targeted_swap,AsymAgentMark-TK targeted rank swap b=1,deepseek,ID,1,80,20,140,False,5,23,
rank_targeted_swap,AsymAgentMark-TK targeted rank swap b=1,deepseek,ID,1,80,21,140,False,8,19,
rank_targeted_swap,AsymAgentMark-TK targeted rank swap b=1,deepseek,ID,1,80,22,140,False,9,22,11001000
rank_targeted_swap,AsymAgentMark-TK targeted rank swap b=1,deepseek,ID,1,80,23,140,False,9,17,
rank_targeted_swap,AsymAgentMark-TK targeted rank swap b=1,deepseek,ID,1,80,24,140,False,17,11,11000100
rank_targeted_swap,AsymAgentMark-TK targeted rank swap b=1,deepseek,ID,1,80,25,140,False,9,21,10000111
rank_targeted_swap,AsymAgentMark-TK targeted rank swap b=1,deepseek,ID,1,80,26,140,False,13,16,01001011
rank_targeted_swap,AsymAgentMark-TK targeted rank swap b=1,deepseek,ID,1,80,27,140,False,10,20,
rank_targeted_swap,AsymAgentMark-TK targeted rank swap b=1,deepseek,ID,1,80,28,140,False,11,17,00100000
rank_targeted_swap,AsymAgentMark-TK targeted rank swap b=1,deepseek,ID,1,80,29,140,False,10,18,01010001
rank_targeted_swap,AsymAgentMark-TK targeted rank swap b=1,deepseek,ID,1,80,30,140,False,12,18,01100000
rank_targeted_swap,AsymAgentMark-TK targeted rank swap b=1,deepseek,ID,1,80,31,140,False,6,23,
rank_targeted_swap,AsymAgentMark-TK targeted rank swap b=1,deepseek,ID,1,80,32,140,False,9,18,
rank_targeted_swap,AsymAgentMark-TK targeted rank swap b=1,deepseek,ID,1,80,33,140,False,13,16,10111011
rank_targeted_swap,AsymAgentMark-TK targeted rank swap b=1,deepseek,ID,1,80,34,140,False,10,21,11001000
rank_targeted_swap,AsymAgentMark-TK targeted rank swap b=1,deepseek,ID,1,80,35,140,False,11,17,11001000
rank_targeted_swap,AsymAgentMark-TK targeted rank swap b=1,deepseek,ID,1,80,36,140,False,9,22,11001000
rank_targeted_swap,AsymAgentMark-TK targeted rank swap b=1,deepseek,ID,1,80,37,140,False,10,20,01101100
rank_targeted_swap,AsymAgentMark-TK targeted rank swap b=1,deepseek,ID,1,80,38,140,False,7,24,
rank_targeted_swap,AsymAgentMark-TK targeted rank swap b=1,deepseek,ID,1,80,39,140,False,12,14,01011101
rank_targeted_swap,AsymAgentMark-TK targeted rank swap b=1,deepseek,ID,1,80,40,140,False,9,18,
rank_targeted_swap,AsymAgentMark-TK targeted rank swap b=1,deepseek,ID,1,80,41,140,False,17,11,00001011
rank_targeted_swap,AsymAgentMark-TK targeted rank swap b=1,deepseek,ID,1,80,42,140,False,8,21,
rank_targeted_swap,AsymAgentMark-TK targeted rank swap b=1,deepseek,ID,1,80,43,140,False,9,19,11001000
rank_targeted_swap,AsymAgentMark-TK targeted rank swap b=1,deepseek,ID,1,80,44,140,False,5,24,
rank_targeted_swap,AsymAgentMark-TK targeted rank swap b=1,deepseek,ID,1,80,45,140,False,11,16,00011011
rank_targeted_swap,AsymAgentMark-TK targeted rank swap b=1,deepseek,ID,1,80,46,140,False,13,15,00011011
rank_targeted_swap,AsymAgentMark-TK targeted rank swap b=1,deepseek,ID,1,80,47,140,False,5,19,
rank_targeted_swap,AsymAgentMark-TK targeted rank swap b=1,deepseek,ID,1,80,48,140,False,10,20,10000111
rank_targeted_swap,AsymAgentMark-TK targeted rank swap b=1,deepseek,ID,1,80,49,140,False,8,19,11001000
rank_targeted_swap,AsymAgentMark-TK targeted rank swap b=1,deepseek,ID,1,100,0,140,False,9,21,01110101
rank_targeted_swap,AsymAgentMark-TK targeted rank swap b=1,deepseek,ID,1,100,1,140,False,6,25,
rank_targeted_swap,AsymAgentMark-TK targeted rank swap b=1,deepseek,ID,1,100,2,140,False,6,21,
rank_targeted_swap,AsymAgentMark-TK targeted rank swap b=1,deepseek,ID,1,100,3,140,False,11,20,01100000
rank_targeted_swap,AsymAgentMark-TK targeted rank swap b=1,deepseek,ID,1,100,4,140,False,7,24,
rank_targeted_swap,AsymAgentMark-TK targeted rank swap b=1,deepseek,ID,1,100,5,140,False,9,21,
rank_targeted_swap,AsymAgentMark-TK targeted rank swap b=1,deepseek,ID,1,100,6,140,False,10,20,10000111
rank_targeted_swap,AsymAgentMark-TK targeted rank swap b=1,deepseek,ID,1,100,7,140,False,9,20,01100000
rank_targeted_swap,AsymAgentMark-TK targeted rank swap b=1,deepseek,ID,1,100,8,140,False,8,21,
rank_targeted_swap,AsymAgentMark-TK targeted rank swap b=1,deepseek,ID,1,100,9,140,False,8,22,10000111
rank_targeted_swap,AsymAgentMark-TK targeted rank swap b=1,deepseek,ID,1,100,10,140,False,7,22,
rank_targeted_swap,AsymAgentMark-TK targeted rank swap b=1,deepseek,ID,1,100,11,140,False,6,25,
rank_targeted_swap,AsymAgentMark-TK targeted rank swap b=1,deepseek,ID,1,100,12,140,False,12,18,00100011
rank_targeted_swap,AsymAgentMark-TK targeted rank swap b=1,deepseek,ID,1,100,13,140,False,9,19,10000111
rank_targeted_swap,AsymAgentMark-TK targeted rank swap b=1,deepseek,ID,1,100,14,140,False,7,23,
rank_targeted_swap,AsymAgentMark-TK targeted rank swap b=1,deepseek,ID,1,100,15,140,False,13,17,00011011
rank_targeted_swap,AsymAgentMark-TK targeted rank swap b=1,deepseek,ID,1,100,16,140,False,7,23,
rank_targeted_swap,AsymAgentMark-TK targeted rank swap b=1,deepseek,ID,1,100,17,140,False,7,22,
rank_targeted_swap,AsymAgentMark-TK targeted rank swap b=1,deepseek,ID,1,100,18,140,False,8,19,11001000
rank_targeted_swap,AsymAgentMark-TK targeted rank swap b=1,deepseek,ID,1,100,19,140,False,10,21,01111001
rank_targeted_swap,AsymAgentMark-TK targeted rank swap b=1,deepseek,ID,1,100,20,140,False,8,22,10000111
rank_targeted_swap,AsymAgentMark-TK targeted rank swap b=1,deepseek,ID,1,100,21,140,False,7,24,
rank_targeted_swap,AsymAgentMark-TK targeted rank swap b=1,deepseek,ID,1,100,22,140,False,6,24,
rank_targeted_swap,AsymAgentMark-TK targeted rank swap b=1,deepseek,ID,1,100,23,140,False,7,22,
rank_targeted_swap,AsymAgentMark-TK targeted rank swap b=1,deepseek,ID,1,100,24,140,False,8,22,
rank_targeted_swap,AsymAgentMark-TK targeted rank swap b=1,deepseek,ID,1,100,25,140,False,8,22,
rank_targeted_swap,AsymAgentMark-TK targeted rank swap b=1,deepseek,ID,1,100,26,140,False,7,24,
rank_targeted_swap,AsymAgentMark-TK targeted rank swap b=1,deepseek,ID,1,100,27,140,False,10,20,11001000
rank_targeted_swap,AsymAgentMark-TK targeted rank swap b=1,deepseek,ID,1,100,28,140,False,10,18,00000111
rank_targeted_swap,AsymAgentMark-TK targeted rank swap b=1,deepseek,ID,1,100,29,140,False,7,24,
rank_targeted_swap,AsymAgentMark-TK targeted rank swap b=1,deepseek,ID,1,100,30,140,False,8,20,11001000
rank_targeted_swap,AsymAgentMark-TK targeted rank swap b=1,deepseek,ID,1,100,31,140,False,7,23,
rank_targeted_swap,AsymAgentMark-TK targeted rank swap b=1,deepseek,ID,1,100,32,140,False,7,20,
rank_targeted_swap,AsymAgentMark-TK targeted rank swap b=1,deepseek,ID,1,100,33,140,False,8,22,10100011
rank_targeted_swap,AsymAgentMark-TK targeted rank swap b=1,deepseek,ID,1,100,34,140,False,6,24,
rank_targeted_swap,AsymAgentMark-TK targeted rank swap b=1,deepseek,ID,1,100,35,140,False,8,23,11001000
rank_targeted_swap,AsymAgentMark-TK targeted rank swap b=1,deepseek,ID,1,100,36,140,False,10,20,
rank_targeted_swap,AsymAgentMark-TK targeted rank swap b=1,deepseek,ID,1,100,37,140,False,8,20,
rank_targeted_swap,AsymAgentMark-TK targeted rank swap b=1,deepseek,ID,1,100,38,140,False,8,23,11001000
rank_targeted_swap,AsymAgentMark-TK targeted rank swap b=1,deepseek,ID,1,100,39,140,False,7,24,
rank_targeted_swap,AsymAgentMark-TK targeted rank swap b=1,deepseek,ID,1,100,40,140,False,11,19,11001000
rank_targeted_swap,AsymAgentMark-TK targeted rank swap b=1,deepseek,ID,1,100,41,140,False,9,21,
rank_targeted_swap,AsymAgentMark-TK targeted rank swap b=1,deepseek,ID,1,100,42,140,False,5,23,
rank_targeted_swap,AsymAgentMark-TK targeted rank swap b=1,deepseek,ID,1,100,43,140,False,8,19,00000111
rank_targeted_swap,AsymAgentMark-TK targeted rank swap b=1,deepseek,ID,1,100,44,140,False,9,19,10011110
rank_targeted_swap,AsymAgentMark-TK targeted rank swap b=1,deepseek,ID,1,100,45,140,False,7,22,
rank_targeted_swap,AsymAgentMark-TK targeted rank swap b=1,deepseek,ID,1,100,46,140,False,9,22,11001000
rank_targeted_swap,AsymAgentMark-TK targeted rank swap b=1,deepseek,ID,1,100,47,140,False,11,19,11001000
rank_targeted_swap,AsymAgentMark-TK targeted rank swap b=1,deepseek,ID,1,100,48,140,False,7,22,
rank_targeted_swap,AsymAgentMark-TK targeted rank swap b=1,deepseek,ID,1,100,49,140,False,7,24,
rank_targeted_swap,AsymAgentMark-TK targeted rank swap b=1,deepseek,ID,2,1,0,140,False,0,0,
rank_targeted_swap,AsymAgentMark-TK targeted rank swap b=1,deepseek,ID,2,1,1,140,False,0,0,
rank_targeted_swap,AsymAgentMark-TK targeted rank swap b=1,deepseek,ID,2,1,2,140,False,0,0,
rank_targeted_swap,AsymAgentMark-TK targeted rank swap b=1,deepseek,ID,2,1,3,140,False,1,0,
rank_targeted_swap,AsymAgentMark-TK targeted rank swap b=1,deepseek,ID,2,1,4,140,False,0,0,
rank_targeted_swap,AsymAgentMark-TK targeted rank swap b=1,deepseek,ID,2,1,5,140,False,0,0,
rank_targeted_swap,AsymAgentMark-TK targeted rank swap b=1,deepseek,ID,2,1,6,140,False,0,0,
rank_targeted_swap,AsymAgentMark-TK targeted rank swap b=1,deepseek,ID,2,1,7,140,False,2,0,
rank_targeted_swap,AsymAgentMark-TK targeted rank swap b=1,deepseek,ID,2,1,8,140,False,2,0,
rank_targeted_swap,AsymAgentMark-TK targeted rank swap b=1,deepseek,ID,2,1,9,140,False,3,0,
rank_targeted_swap,AsymAgentMark-TK targeted rank swap b=1,deepseek,ID,2,1,10,140,False,0,0,
rank_targeted_swap,AsymAgentMark-TK targeted rank swap b=1,deepseek,ID,2,1,11,140,False,0,0,
rank_targeted_swap,AsymAgentMark-TK targeted rank swap b=1,deepseek,ID,2,1,12,140,False,0,0,
rank_targeted_swap,AsymAgentMark-TK targeted rank swap b=1,deepseek,ID,2,1,13,140,False,2,0,
rank_targeted_swap,AsymAgentMark-TK targeted rank swap b=1,deepseek,ID,2,1,14,140,False,0,0,
rank_targeted_swap,AsymAgentMark-TK targeted rank swap b=1,deepseek,ID,2,1,15,140,False,5,0,
rank_targeted_swap,AsymAgentMark-TK targeted rank swap b=1,deepseek,ID,2,1,16,140,False,3,0,
rank_targeted_swap,AsymAgentMark-TK targeted rank swap b=1,deepseek,ID,2,1,17,140,False,4,0,
rank_targeted_swap,AsymAgentMark-TK targeted rank swap b=1,deepseek,ID,2,1,18,140,False,0,0,
rank_targeted_swap,AsymAgentMark-TK targeted rank swap b=1,deepseek,ID,2,1,19,140,False,0,0,
rank_targeted_swap,AsymAgentMark-TK targeted rank swap b=1,deepseek,ID,2,1,20,140,False,0,0,
rank_targeted_swap,AsymAgentMark-TK targeted rank swap b=1,deepseek,ID,2,1,21,140,False,3,0,
rank_targeted_swap,AsymAgentMark-TK targeted rank swap b=1,deepseek,ID,2,1,22,140,False,2,0,
rank_targeted_swap,AsymAgentMark-TK targeted rank swap b=1,deepseek,ID,2,1,23,140,False,0,0,
rank_targeted_swap,AsymAgentMark-TK targeted rank swap b=1,deepseek,ID,2,1,24,140,False,2,0,
rank_targeted_swap,AsymAgentMark-TK targeted rank swap b=1,deepseek,ID,2,1,25,140,False,3,0,
rank_targeted_swap,AsymAgentMark-TK targeted rank swap b=1,deepseek,ID,2,1,26,140,False,3,0,
rank_targeted_swap,AsymAgentMark-TK targeted rank swap b=1,deepseek,ID,2,1,27,140,False,6,0,
rank_targeted_swap,AsymAgentMark-TK targeted rank swap b=1,deepseek,ID,2,1,28,140,False,0,0,
rank_targeted_swap,AsymAgentMark-TK targeted rank swap b=1,deepseek,ID,2,1,29,140,False,11,0,00110100
rank_targeted_swap,AsymAgentMark-TK targeted rank swap b=1,deepseek,ID,2,1,30,140,False,8,0,11001111
rank_targeted_swap,AsymAgentMark-TK targeted rank swap b=1,deepseek,ID,2,1,31,140,False,2,0,
rank_targeted_swap,AsymAgentMark-TK targeted rank swap b=1,deepseek,ID,2,1,32,140,False,0,0,
rank_targeted_swap,AsymAgentMark-TK targeted rank swap b=1,deepseek,ID,2,1,33,140,False,2,0,
rank_targeted_swap,AsymAgentMark-TK targeted rank swap b=1,deepseek,ID,2,1,34,140,False,15,0,00100110
rank_targeted_swap,AsymAgentMark-TK targeted rank swap b=1,deepseek,ID,2,1,35,140,False,0,0,
rank_targeted_swap,AsymAgentMark-TK targeted rank swap b=1,deepseek,ID,2,1,36,140,False,0,0,
rank_targeted_swap,AsymAgentMark-TK targeted rank swap b=1,deepseek,ID,2,1,37,140,False,0,0,
rank_targeted_swap,AsymAgentMark-TK targeted rank swap b=1,deepseek,ID,2,1,38,140,False,4,0,
rank_targeted_swap,AsymAgentMark-TK targeted rank swap b=1,deepseek,ID,2,1,39,140,False,0,0,
rank_targeted_swap,AsymAgentMark-TK targeted rank swap b=1,deepseek,ID,2,1,40,140,False,2,0,
rank_targeted_swap,AsymAgentMark-TK targeted rank swap b=1,deepseek,ID,2,1,41,140,False,0,0,
rank_targeted_swap,AsymAgentMark-TK targeted rank swap b=1,deepseek,ID,2,1,42,140,False,0,0,
rank_targeted_swap,AsymAgentMark-TK targeted rank swap b=1,deepseek,ID,2,1,43,140,False,2,0,
rank_targeted_swap,AsymAgentMark-TK targeted rank swap b=1,deepseek,ID,2,1,44,140,False,3,0,
rank_targeted_swap,AsymAgentMark-TK targeted rank swap b=1,deepseek,ID,2,1,45,140,False,0,0,
rank_targeted_swap,AsymAgentMark-TK targeted rank swap b=1,deepseek,ID,2,1,46,140,False,1,0,
rank_targeted_swap,AsymAgentMark-TK targeted rank swap b=1,deepseek,ID,2,1,47,140,False,3,0,
rank_targeted_swap,AsymAgentMark-TK targeted rank swap b=1,deepseek,ID,2,1,48,140,False,0,0,
rank_targeted_swap,AsymAgentMark-TK targeted rank swap b=1,deepseek,ID,2,1,49,140,False,0,0,
rank_targeted_swap,AsymAgentMark-TK targeted rank swap b=1,deepseek,ID,2,2,0,140,False,0,0,
rank_targeted_swap,AsymAgentMark-TK targeted rank swap b=1,deepseek,ID,2,2,1,140,False,4,0,
rank_targeted_swap,AsymAgentMark-TK targeted rank swap b=1,deepseek,ID,2,2,2,140,False,0,0,
rank_targeted_swap,AsymAgentMark-TK targeted rank swap b=1,deepseek,ID,2,2,3,140,False,0,0,
rank_targeted_swap,AsymAgentMark-TK targeted rank swap b=1,deepseek,ID,2,2,4,140,False,1,0,
rank_targeted_swap,AsymAgentMark-TK targeted rank swap b=1,deepseek,ID,2,2,5,140,False,4,0,
rank_targeted_swap,AsymAgentMark-TK targeted rank swap b=1,deepseek,ID,2,2,6,140,False,0,0,
rank_targeted_swap,AsymAgentMark-TK targeted rank swap b=1,deepseek,ID,2,2,7,140,False,0,0,
rank_targeted_swap,AsymAgentMark-TK targeted rank swap b=1,deepseek,ID,2,2,8,140,False,1,0,
rank_targeted_swap,AsymAgentMark-TK targeted rank swap b=1,deepseek,ID,2,2,9,140,False,3,0,
rank_targeted_swap,AsymAgentMark-TK targeted rank swap b=1,deepseek,ID,2,2,10,140,False,3,0,
rank_targeted_swap,AsymAgentMark-TK targeted rank swap b=1,deepseek,ID,2,2,11,140,False,0,0,
rank_targeted_swap,AsymAgentMark-TK targeted rank swap b=1,deepseek,ID,2,2,12,140,False,3,0,
rank_targeted_swap,AsymAgentMark-TK targeted rank swap b=1,deepseek,ID,2,2,13,140,False,4,0,
rank_targeted_swap,AsymAgentMark-TK targeted rank swap b=1,deepseek,ID,2,2,14,140,False,0,0,
rank_targeted_swap,AsymAgentMark-TK targeted rank swap b=1,deepseek,ID,2,2,15,140,False,3,0,
rank_targeted_swap,AsymAgentMark-TK targeted rank swap b=1,deepseek,ID,2,2,16,140,False,3,0,
rank_targeted_swap,AsymAgentMark-TK targeted rank swap b=1,deepseek,ID,2,2,17,140,False,0,0,
rank_targeted_swap,AsymAgentMark-TK targeted rank swap b=1,deepseek,ID,2,2,18,140,False,6,0,
rank_targeted_swap,AsymAgentMark-TK targeted rank swap b=1,deepseek,ID,2,2,19,140,False,1,0,
rank_targeted_swap,AsymAgentMark-TK targeted rank swap b=1,deepseek,ID,2,2,20,140,False,4,0,
rank_targeted_swap,AsymAgentMark-TK targeted rank swap b=1,deepseek,ID,2,2,21,140,False,3,0,
rank_targeted_swap,AsymAgentMark-TK targeted rank swap b=1,deepseek,ID,2,2,22,140,False,3,0,
rank_targeted_swap,AsymAgentMark-TK targeted rank swap b=1,deepseek,ID,2,2,23,140,False,1,0,
rank_targeted_swap,AsymAgentMark-TK targeted rank swap b=1,deepseek,ID,2,2,24,140,False,0,0,
rank_targeted_swap,AsymAgentMark-TK targeted rank swap b=1,deepseek,ID,2,2,25,140,False,4,0,
rank_targeted_swap,AsymAgentMark-TK targeted rank swap b=1,deepseek,ID,2,2,26,140,False,3,0,
rank_targeted_swap,AsymAgentMark-TK targeted rank swap b=1,deepseek,ID,2,2,27,140,False,0,0,
rank_targeted_swap,AsymAgentMark-TK targeted rank swap b=1,deepseek,ID,2,2,28,140,False,7,0,
rank_targeted_swap,AsymAgentMark-TK targeted rank swap b=1,deepseek,ID,2,2,29,140,False,2,0,
rank_targeted_swap,AsymAgentMark-TK targeted rank swap b=1,deepseek,ID,2,2,30,140,False,3,0,
rank_targeted_swap,AsymAgentMark-TK targeted rank swap b=1,deepseek,ID,2,2,31,140,False,8,1,
rank_targeted_swap,AsymAgentMark-TK targeted rank swap b=1,deepseek,ID,2,2,32,140,True,16,1,11001101
rank_targeted_swap,AsymAgentMark-TK targeted rank swap b=1,deepseek,ID,2,2,33,140,False,11,0,00110100
rank_targeted_swap,AsymAgentMark-TK targeted rank swap b=1,deepseek,ID,2,2,34,140,False,14,1,11000000
rank_targeted_swap,AsymAgentMark-TK targeted rank swap b=1,deepseek,ID,2,2,35,140,False,3,0,
rank_targeted_swap,AsymAgentMark-TK targeted rank swap b=1,deepseek,ID,2,2,36,140,False,4,0,
rank_targeted_swap,AsymAgentMark-TK targeted rank swap b=1,deepseek,ID,2,2,37,140,False,3,0,
rank_targeted_swap,AsymAgentMark-TK targeted rank swap b=1,deepseek,ID,2,2,38,140,False,11,0,00110100
rank_targeted_swap,AsymAgentMark-TK targeted rank swap b=1,deepseek,ID,2,2,39,140,False,1,0,
rank_targeted_swap,AsymAgentMark-TK targeted rank swap b=1,deepseek,ID,2,2,40,140,False,4,0,
rank_targeted_swap,AsymAgentMark-TK targeted rank swap b=1,deepseek,ID,2,2,41,140,False,3,0,
rank_targeted_swap,AsymAgentMark-TK targeted rank swap b=1,deepseek,ID,2,2,42,140,False,0,0,
rank_targeted_swap,AsymAgentMark-TK targeted rank swap b=1,deepseek,ID,2,2,43,140,False,7,0,
rank_targeted_swap,AsymAgentMark-TK targeted rank swap b=1,deepseek,ID,2,2,44,140,False,3,2,
rank_targeted_swap,AsymAgentMark-TK targeted rank swap b=1,deepseek,ID,2,2,45,140,False,2,1,
rank_targeted_swap,AsymAgentMark-TK targeted rank swap b=1,deepseek,ID,2,2,46,140,False,2,0,
rank_targeted_swap,AsymAgentMark-TK targeted rank swap b=1,deepseek,ID,2,2,47,140,False,3,0,
rank_targeted_swap,AsymAgentMark-TK targeted rank swap b=1,deepseek,ID,2,2,48,140,False,3,0,
rank_targeted_swap,AsymAgentMark-TK targeted rank swap b=1,deepseek,ID,2,2,49,140,False,1,0,
rank_targeted_swap,AsymAgentMark-TK targeted rank swap b=1,deepseek,ID,2,3,0,140,False,7,1,
rank_targeted_swap,AsymAgentMark-TK targeted rank swap b=1,deepseek,ID,2,3,1,140,False,5,0,
rank_targeted_swap,AsymAgentMark-TK targeted rank swap b=1,deepseek,ID,2,3,2,140,False,0,0,
rank_targeted_swap,AsymAgentMark-TK targeted rank swap b=1,deepseek,ID,2,3,3,140,False,5,1,
rank_targeted_swap,AsymAgentMark-TK targeted rank swap b=1,deepseek,ID,2,3,4,140,False,2,0,
rank_targeted_swap,AsymAgentMark-TK targeted rank swap b=1,deepseek,ID,2,3,5,140,False,7,1,
rank_targeted_swap,AsymAgentMark-TK targeted rank swap b=1,deepseek,ID,2,3,6,140,False,4,0,
rank_targeted_swap,AsymAgentMark-TK targeted rank swap b=1,deepseek,ID,2,3,7,140,False,1,0,
rank_targeted_swap,AsymAgentMark-TK targeted rank swap b=1,deepseek,ID,2,3,8,140,False,3,0,
rank_targeted_swap,AsymAgentMark-TK targeted rank swap b=1,deepseek,ID,2,3,9,140,False,5,1,
rank_targeted_swap,AsymAgentMark-TK targeted rank swap b=1,deepseek,ID,2,3,10,140,False,3,0,
rank_targeted_swap,AsymAgentMark-TK targeted rank swap b=1,deepseek,ID,2,3,11,140,False,14,0,01111100
rank_targeted_swap,AsymAgentMark-TK targeted rank swap b=1,deepseek,ID,2,3,12,140,False,6,0,
rank_targeted_swap,AsymAgentMark-TK targeted rank swap b=1,deepseek,ID,2,3,13,140,False,1,0,
rank_targeted_swap,AsymAgentMark-TK targeted rank swap b=1,deepseek,ID,2,3,14,140,False,5,0,
rank_targeted_swap,AsymAgentMark-TK targeted rank swap b=1,deepseek,ID,2,3,15,140,False,2,0,
rank_targeted_swap,AsymAgentMark-TK targeted rank swap b=1,deepseek,ID,2,3,16,140,False,9,2,
rank_targeted_swap,AsymAgentMark-TK targeted rank swap b=1,deepseek,ID,2,3,17,140,False,0,0,
rank_targeted_swap,AsymAgentMark-TK targeted rank swap b=1,deepseek,ID,2,3,18,140,False,2,0,
rank_targeted_swap,AsymAgentMark-TK targeted rank swap b=1,deepseek,ID,2,3,19,140,False,9,0,
rank_targeted_swap,AsymAgentMark-TK targeted rank swap b=1,deepseek,ID,2,3,20,140,False,4,1,
rank_targeted_swap,AsymAgentMark-TK targeted rank swap b=1,deepseek,ID,2,3,21,140,False,5,1,
rank_targeted_swap,AsymAgentMark-TK targeted rank swap b=1,deepseek,ID,2,3,22,140,False,4,0,
rank_targeted_swap,AsymAgentMark-TK targeted rank swap b=1,deepseek,ID,2,3,23,140,False,9,0,
rank_targeted_swap,AsymAgentMark-TK targeted rank swap b=1,deepseek,ID,2,3,24,140,False,2,0,
rank_targeted_swap,AsymAgentMark-TK targeted rank swap b=1,deepseek,ID,2,3,25,140,False,4,0,
rank_targeted_swap,AsymAgentMark-TK targeted rank swap b=1,deepseek,ID,2,3,26,140,False,1,0,
rank_targeted_swap,AsymAgentMark-TK targeted rank swap b=1,deepseek,ID,2,3,27,140,False,6,0,
rank_targeted_swap,AsymAgentMark-TK targeted rank swap b=1,deepseek,ID,2,3,28,140,False,5,0,
rank_targeted_swap,AsymAgentMark-TK targeted rank swap b=1,deepseek,ID,2,3,29,140,False,1,0,
rank_targeted_swap,AsymAgentMark-TK targeted rank swap b=1,deepseek,ID,2,3,30,140,False,8,1,
rank_targeted_swap,AsymAgentMark-TK targeted rank swap b=1,deepseek,ID,2,3,31,140,False,1,0,
rank_targeted_swap,AsymAgentMark-TK targeted rank swap b=1,deepseek,ID,2,3,32,140,False,3,0,
rank_targeted_swap,AsymAgentMark-TK targeted rank swap b=1,deepseek,ID,2,3,33,140,False,2,1,
rank_targeted_swap,AsymAgentMark-TK targeted rank swap b=1,deepseek,ID,2,3,34,140,False,5,0,
rank_targeted_swap,AsymAgentMark-TK targeted rank swap b=1,deepseek,ID,2,3,35,140,False,7,0,
rank_targeted_swap,AsymAgentMark-TK targeted rank swap b=1,deepseek,ID,2,3,36,140,False,2,0,
rank_targeted_swap,AsymAgentMark-TK targeted rank swap b=1,deepseek,ID,2,3,37,140,False,5,0,
rank_targeted_swap,AsymAgentMark-TK targeted rank swap b=1,deepseek,ID,2,3,38,140,False,4,0,
rank_targeted_swap,AsymAgentMark-TK targeted rank swap b=1,deepseek,ID,2,3,39,140,False,3,0,
rank_targeted_swap,AsymAgentMark-TK targeted rank swap b=1,deepseek,ID,2,3,40,140,False,14,1,00101110
rank_targeted_swap,AsymAgentMark-TK targeted rank swap b=1,deepseek,ID,2,3,41,140,False,5,0,
rank_targeted_swap,AsymAgentMark-TK targeted rank swap b=1,deepseek,ID,2,3,42,140,False,4,0,
rank_targeted_swap,AsymAgentMark-TK targeted rank swap b=1,deepseek,ID,2,3,43,140,False,4,0,
rank_targeted_swap,AsymAgentMark-TK targeted rank swap b=1,deepseek,ID,2,3,44,140,False,5,0,
rank_targeted_swap,AsymAgentMark-TK targeted rank swap b=1,deepseek,ID,2,3,45,140,False,10,0,11101000
rank_targeted_swap,AsymAgentMark-TK targeted rank swap b=1,deepseek,ID,2,3,46,140,False,5,2,
rank_targeted_swap,AsymAgentMark-TK targeted rank swap b=1,deepseek,ID,2,3,47,140,False,2,0,
rank_targeted_swap,AsymAgentMark-TK targeted rank swap b=1,deepseek,ID,2,3,48,140,False,9,3,00100011
rank_targeted_swap,AsymAgentMark-TK targeted rank swap b=1,deepseek,ID,2,3,49,140,False,6,0,
rank_targeted_swap,AsymAgentMark-TK targeted rank swap b=1,deepseek,ID,2,5,0,140,False,18,2,00101001
rank_targeted_swap,AsymAgentMark-TK targeted rank swap b=1,deepseek,ID,2,5,1,140,False,6,1,
rank_targeted_swap,AsymAgentMark-TK targeted rank swap b=1,deepseek,ID,2,5,2,140,True,19,2,11001101
rank_targeted_swap,AsymAgentMark-TK targeted rank swap b=1,deepseek,ID,2,5,3,140,False,7,0,
rank_targeted_swap,AsymAgentMark-TK targeted rank swap b=1,deepseek,ID,2,5,4,140,False,4,0,
rank_targeted_swap,AsymAgentMark-TK targeted rank swap b=1,deepseek,ID,2,5,5,140,False,12,0,10111010
rank_targeted_swap,AsymAgentMark-TK targeted rank swap b=1,deepseek,ID,2,5,6,140,False,7,0,
rank_targeted_swap,AsymAgentMark-TK targeted rank swap b=1,deepseek,ID,2,5,7,140,False,5,1,
rank_targeted_swap,AsymAgentMark-TK targeted rank swap b=1,deepseek,ID,2,5,8,140,False,4,0,
rank_targeted_swap,AsymAgentMark-TK targeted rank swap b=1,deepseek,ID,2,5,9,140,False,10,1,00011010
rank_targeted_swap,AsymAgentMark-TK targeted rank swap b=1,deepseek,ID,2,5,10,140,False,9,5,11010100
rank_targeted_swap,AsymAgentMark-TK targeted rank swap b=1,deepseek,ID,2,5,11,140,False,5,0,
rank_targeted_swap,AsymAgentMark-TK targeted rank swap b=1,deepseek,ID,2,5,12,140,False,13,3,11110000
rank_targeted_swap,AsymAgentMark-TK targeted rank swap b=1,deepseek,ID,2,5,13,140,False,9,1,11010100
rank_targeted_swap,AsymAgentMark-TK targeted rank swap b=1,deepseek,ID,2,5,14,140,False,8,3,
rank_targeted_swap,AsymAgentMark-TK targeted rank swap b=1,deepseek,ID,2,5,15,140,False,7,0,
rank_targeted_swap,AsymAgentMark-TK targeted rank swap b=1,deepseek,ID,2,5,16,140,False,11,0,00100001
rank_targeted_swap,AsymAgentMark-TK targeted rank swap b=1,deepseek,ID,2,5,17,140,False,9,0,10111110
rank_targeted_swap,AsymAgentMark-TK targeted rank swap b=1,deepseek,ID,2,5,18,140,False,7,0,
rank_targeted_swap,AsymAgentMark-TK targeted rank swap b=1,deepseek,ID,2,5,19,140,False,7,2,
rank_targeted_swap,AsymAgentMark-TK targeted rank swap b=1,deepseek,ID,2,5,20,140,False,10,0,
rank_targeted_swap,AsymAgentMark-TK targeted rank swap b=1,deepseek,ID,2,5,21,140,False,10,1,10000100
rank_targeted_swap,AsymAgentMark-TK targeted rank swap b=1,deepseek,ID,2,5,22,140,False,10,1,11011010
rank_targeted_swap,AsymAgentMark-TK targeted rank swap b=1,deepseek,ID,2,5,23,140,False,7,2,
rank_targeted_swap,AsymAgentMark-TK targeted rank swap b=1,deepseek,ID,2,5,24,140,False,2,0,
rank_targeted_swap,AsymAgentMark-TK targeted rank swap b=1,deepseek,ID,2,5,25,140,False,4,0,
rank_targeted_swap,AsymAgentMark-TK targeted rank swap b=1,deepseek,ID,2,5,26,140,False,3,0,
rank_targeted_swap,AsymAgentMark-TK targeted rank swap b=1,deepseek,ID,2,5,27,140,False,2,1,
rank_targeted_swap,AsymAgentMark-TK targeted rank swap b=1,deepseek,ID,2,5,28,140,False,3,1,
rank_targeted_swap,AsymAgentMark-TK targeted rank swap b=1,deepseek,ID,2,5,29,140,False,8,1,
rank_targeted_swap,AsymAgentMark-TK targeted rank swap b=1,deepseek,ID,2,5,30,140,False,2,0,
rank_targeted_swap,AsymAgentMark-TK targeted rank swap b=1,deepseek,ID,2,5,31,140,False,5,0,
rank_targeted_swap,AsymAgentMark-TK targeted rank swap b=1,deepseek,ID,2,5,32,140,False,8,1,
rank_targeted_swap,AsymAgentMark-TK targeted rank swap b=1,deepseek,ID,2,5,33,140,False,3,0,
rank_targeted_swap,AsymAgentMark-TK targeted rank swap b=1,deepseek,ID,2,5,34,140,False,11,4,01110111
rank_targeted_swap,AsymAgentMark-TK targeted rank swap b=1,deepseek,ID,2,5,35,140,False,8,0,
rank_targeted_swap,AsymAgentMark-TK targeted rank swap b=1,deepseek,ID,2,5,36,140,False,9,1,11100011
rank_targeted_swap,AsymAgentMark-TK targeted rank swap b=1,deepseek,ID,2,5,37,140,False,6,1,
rank_targeted_swap,AsymAgentMark-TK targeted rank swap b=1,deepseek,ID,2,5,38,140,False,3,0,
rank_targeted_swap,AsymAgentMark-TK targeted rank swap b=1,deepseek,ID,2,5,39,140,False,3,0,
rank_targeted_swap,AsymAgentMark-TK targeted rank swap b=1,deepseek,ID,2,5,40,140,False,4,2,
rank_targeted_swap,AsymAgentMark-TK targeted rank swap b=1,deepseek,ID,2,5,41,140,False,8,1,
rank_targeted_swap,AsymAgentMark-TK targeted rank swap b=1,deepseek,ID,2,5,42,140,False,6,1,
rank_targeted_swap,AsymAgentMark-TK targeted rank swap b=1,deepseek,ID,2,5,43,140,False,8,0,01100101
rank_targeted_swap,AsymAgentMark-TK targeted rank swap b=1,deepseek,ID,2,5,44,140,False,4,0,
rank_targeted_swap,AsymAgentMark-TK targeted rank swap b=1,deepseek,ID,2,5,45,140,False,8,0,10100110
rank_targeted_swap,AsymAgentMark-TK targeted rank swap b=1,deepseek,ID,2,5,46,140,False,4,6,
rank_targeted_swap,AsymAgentMark-TK targeted rank swap b=1,deepseek,ID,2,5,47,140,False,1,0,
rank_targeted_swap,AsymAgentMark-TK targeted rank swap b=1,deepseek,ID,2,5,48,140,False,3,1,
rank_targeted_swap,AsymAgentMark-TK targeted rank swap b=1,deepseek,ID,2,5,49,140,False,13,0,00000100
rank_targeted_swap,AsymAgentMark-TK targeted rank swap b=1,deepseek,ID,2,8,0,140,False,12,3,01011101
rank_targeted_swap,AsymAgentMark-TK targeted rank swap b=1,deepseek,ID,2,8,1,140,False,4,0,
rank_targeted_swap,AsymAgentMark-TK targeted rank swap b=1,deepseek,ID,2,8,2,140,False,9,0,01111011
rank_targeted_swap,AsymAgentMark-TK targeted rank swap b=1,deepseek,ID,2,8,3,140,False,7,0,
rank_targeted_swap,AsymAgentMark-TK targeted rank swap b=1,deepseek,ID,2,8,4,140,False,9,2,00000000
rank_targeted_swap,AsymAgentMark-TK targeted rank swap b=1,deepseek,ID,2,8,5,140,False,6,2,
rank_targeted_swap,AsymAgentMark-TK targeted rank swap b=1,deepseek,ID,2,8,6,140,False,15,0,01111010
rank_targeted_swap,AsymAgentMark-TK targeted rank swap b=1,deepseek,ID,2,8,7,140,False,10,4,11100101
rank_targeted_swap,AsymAgentMark-TK targeted rank swap b=1,deepseek,ID,2,8,8,140,False,9,0,
rank_targeted_swap,AsymAgentMark-TK targeted rank swap b=1,deepseek,ID,2,8,9,140,False,7,2,
rank_targeted_swap,AsymAgentMark-TK targeted rank swap b=1,deepseek,ID,2,8,10,140,False,11,4,11110100
rank_targeted_swap,AsymAgentMark-TK targeted rank swap b=1,deepseek,ID,2,8,11,140,False,8,3,
rank_targeted_swap,AsymAgentMark-TK targeted rank swap b=1,deepseek,ID,2,8,12,140,False,8,0,10011100
rank_targeted_swap,AsymAgentMark-TK targeted rank swap b=1,deepseek,ID,2,8,13,140,False,8,2,
rank_targeted_swap,AsymAgentMark-TK targeted rank swap b=1,deepseek,ID,2,8,14,140,False,10,3,01000110
rank_targeted_swap,AsymAgentMark-TK targeted rank swap b=1,deepseek,ID,2,8,15,140,False,12,2,01101111
rank_targeted_swap,AsymAgentMark-TK targeted rank swap b=1,deepseek,ID,2,8,16,140,False,6,0,
rank_targeted_swap,AsymAgentMark-TK targeted rank swap b=1,deepseek,ID,2,8,17,140,False,5,4,
rank_targeted_swap,AsymAgentMark-TK targeted rank swap b=1,deepseek,ID,2,8,18,140,False,5,1,
rank_targeted_swap,AsymAgentMark-TK targeted rank swap b=1,deepseek,ID,2,8,19,140,False,15,3,00001010
rank_targeted_swap,AsymAgentMark-TK targeted rank swap b=1,deepseek,ID,2,8,20,140,False,8,0,
rank_targeted_swap,AsymAgentMark-TK targeted rank swap b=1,deepseek,ID,2,8,21,140,False,6,1,
rank_targeted_swap,AsymAgentMark-TK targeted rank swap b=1,deepseek,ID,2,8,22,140,False,18,3,01111111
rank_targeted_swap,AsymAgentMark-TK targeted rank swap b=1,deepseek,ID,2,8,23,140,False,9,1,10001111
rank_targeted_swap,AsymAgentMark-TK targeted rank swap b=1,deepseek,ID,2,8,24,140,False,17,2,00111011
rank_targeted_swap,AsymAgentMark-TK targeted rank swap b=1,deepseek,ID,2,8,25,140,False,10,2,11011100
rank_targeted_swap,AsymAgentMark-TK targeted rank swap b=1,deepseek,ID,2,8,26,140,False,4,0,
rank_targeted_swap,AsymAgentMark-TK targeted rank swap b=1,deepseek,ID,2,8,27,140,False,18,4,10000111
rank_targeted_swap,AsymAgentMark-TK targeted rank swap b=1,deepseek,ID,2,8,28,140,False,5,3,
rank_targeted_swap,AsymAgentMark-TK targeted rank swap b=1,deepseek,ID,2,8,29,140,False,16,2,00011100
rank_targeted_swap,AsymAgentMark-TK targeted rank swap b=1,deepseek,ID,2,8,30,140,False,12,1,00111100
rank_targeted_swap,AsymAgentMark-TK targeted rank swap b=1,deepseek,ID,2,8,31,140,False,9,2,11000011
rank_targeted_swap,AsymAgentMark-TK targeted rank swap b=1,deepseek,ID,2,8,32,140,False,5,1,
rank_targeted_swap,AsymAgentMark-TK targeted rank swap b=1,deepseek,ID,2,8,33,140,False,5,2,
rank_targeted_swap,AsymAgentMark-TK targeted rank swap b=1,deepseek,ID,2,8,34,140,False,7,1,
rank_targeted_swap,AsymAgentMark-TK targeted rank swap b=1,deepseek,ID,2,8,35,140,False,14,6,10111110
rank_targeted_swap,AsymAgentMark-TK targeted rank swap b=1,deepseek,ID,2,8,36,140,False,7,5,
rank_targeted_swap,AsymAgentMark-TK targeted rank swap b=1,deepseek,ID,2,8,37,140,False,4,5,
rank_targeted_swap,AsymAgentMark-TK targeted rank swap b=1,deepseek,ID,2,8,38,140,False,8,0,
rank_targeted_swap,AsymAgentMark-TK targeted rank swap b=1,deepseek,ID,2,8,39,140,False,7,4,
rank_targeted_swap,AsymAgentMark-TK targeted rank swap b=1,deepseek,ID,2,8,40,140,False,1,0,
rank_targeted_swap,AsymAgentMark-TK targeted rank swap b=1,deepseek,ID,2,8,41,140,False,4,1,
rank_targeted_swap,AsymAgentMark-TK targeted rank swap b=1,deepseek,ID,2,8,42,140,False,6,1,
rank_targeted_swap,AsymAgentMark-TK targeted rank swap b=1,deepseek,ID,2,8,43,140,False,2,2,
rank_targeted_swap,AsymAgentMark-TK targeted rank swap b=1,deepseek,ID,2,8,44,140,False,11,1,01001101
rank_targeted_swap,AsymAgentMark-TK targeted rank swap b=1,deepseek,ID,2,8,45,140,False,10,1,01011100
rank_targeted_swap,AsymAgentMark-TK targeted rank swap b=1,deepseek,ID,2,8,46,140,False,3,0,
rank_targeted_swap,AsymAgentMark-TK targeted rank swap b=1,deepseek,ID,2,8,47,140,False,7,2,
rank_targeted_swap,AsymAgentMark-TK targeted rank swap b=1,deepseek,ID,2,8,48,140,False,10,4,
rank_targeted_swap,AsymAgentMark-TK targeted rank swap b=1,deepseek,ID,2,8,49,140,False,10,4,00110100
rank_targeted_swap,AsymAgentMark-TK targeted rank swap b=1,deepseek,ID,2,10,0,140,False,12,4,11001000
rank_targeted_swap,AsymAgentMark-TK targeted rank swap b=1,deepseek,ID,2,10,1,140,False,13,4,01111111
rank_targeted_swap,AsymAgentMark-TK targeted rank swap b=1,deepseek,ID,2,10,2,140,False,16,1,10110010
rank_targeted_swap,AsymAgentMark-TK targeted rank swap b=1,deepseek,ID,2,10,3,140,False,21,3,11010000
rank_targeted_swap,AsymAgentMark-TK targeted rank swap b=1,deepseek,ID,2,10,4,140,False,8,4,
rank_targeted_swap,AsymAgentMark-TK targeted rank swap b=1,deepseek,ID,2,10,5,140,False,13,5,01000001
rank_targeted_swap,AsymAgentMark-TK targeted rank swap b=1,deepseek,ID,2,10,6,140,False,8,3,11011000
rank_targeted_swap,AsymAgentMark-TK targeted rank swap b=1,deepseek,ID,2,10,7,140,False,8,2,
rank_targeted_swap,AsymAgentMark-TK targeted rank swap b=1,deepseek,ID,2,10,8,140,True,12,1,11001101
rank_targeted_swap,AsymAgentMark-TK targeted rank swap b=1,deepseek,ID,2,10,9,140,False,13,1,01111001
rank_targeted_swap,AsymAgentMark-TK targeted rank swap b=1,deepseek,ID,2,10,10,140,False,7,1,
rank_targeted_swap,AsymAgentMark-TK targeted rank swap b=1,deepseek,ID,2,10,11,140,False,8,0,11001110
rank_targeted_swap,AsymAgentMark-TK targeted rank swap b=1,deepseek,ID,2,10,12,140,False,13,1,11100001
rank_targeted_swap,AsymAgentMark-TK targeted rank swap b=1,deepseek,ID,2,10,13,140,False,18,3,01111000
rank_targeted_swap,AsymAgentMark-TK targeted rank swap b=1,deepseek,ID,2,10,14,140,False,12,4,10101010
rank_targeted_swap,AsymAgentMark-TK targeted rank swap b=1,deepseek,ID,2,10,15,140,False,15,6,01111101
rank_targeted_swap,AsymAgentMark-TK targeted rank swap b=1,deepseek,ID,2,10,16,140,False,6,1,
rank_targeted_swap,AsymAgentMark-TK targeted rank swap b=1,deepseek,ID,2,10,17,140,False,18,1,11001010
rank_targeted_swap,AsymAgentMark-TK targeted rank swap b=1,deepseek,ID,2,10,18,140,False,12,1,
rank_targeted_swap,AsymAgentMark-TK targeted rank swap b=1,deepseek,ID,2,10,19,140,False,11,2,11001001
rank_targeted_swap,AsymAgentMark-TK targeted rank swap b=1,deepseek,ID,2,10,20,140,False,13,0,01010010
rank_targeted_swap,AsymAgentMark-TK targeted rank swap b=1,deepseek,ID,2,10,21,140,False,14,5,01111100
rank_targeted_swap,AsymAgentMark-TK targeted rank swap b=1,deepseek,ID,2,10,22,140,False,7,1,
rank_targeted_swap,AsymAgentMark-TK targeted rank swap b=1,deepseek,ID,2,10,23,140,False,8,2,
rank_targeted_swap,AsymAgentMark-TK targeted rank swap b=1,deepseek,ID,2,10,24,140,False,6,3,
rank_targeted_swap,AsymAgentMark-TK targeted rank swap b=1,deepseek,ID,2,10,25,140,False,11,3,01111011
rank_targeted_swap,AsymAgentMark-TK targeted rank swap b=1,deepseek,ID,2,10,26,140,False,9,0,10001111
rank_targeted_swap,AsymAgentMark-TK targeted rank swap b=1,deepseek,ID,2,10,27,140,False,16,4,01111101
rank_targeted_swap,AsymAgentMark-TK targeted rank swap b=1,deepseek,ID,2,10,28,140,False,4,2,
rank_targeted_swap,AsymAgentMark-TK targeted rank swap b=1,deepseek,ID,2,10,29,140,False,3,0,
rank_targeted_swap,AsymAgentMark-TK targeted rank swap b=1,deepseek,ID,2,10,30,140,False,7,2,
rank_targeted_swap,AsymAgentMark-TK targeted rank swap b=1,deepseek,ID,2,10,31,140,False,14,4,10000111
rank_targeted_swap,AsymAgentMark-TK targeted rank swap b=1,deepseek,ID,2,10,32,140,False,11,1,
rank_targeted_swap,AsymAgentMark-TK targeted rank swap b=1,deepseek,ID,2,10,33,140,False,6,4,
rank_targeted_swap,AsymAgentMark-TK targeted rank swap b=1,deepseek,ID,2,10,34,140,False,10,2,10100001
rank_targeted_swap,AsymAgentMark-TK targeted rank swap b=1,deepseek,ID,2,10,35,140,False,9,4,
rank_targeted_swap,AsymAgentMark-TK targeted rank swap b=1,deepseek,ID,2,10,36,140,False,8,0,10100000
rank_targeted_swap,AsymAgentMark-TK targeted rank swap b=1,deepseek,ID,2,10,37,140,False,14,7,01001101
rank_targeted_swap,AsymAgentMark-TK targeted rank swap b=1,deepseek,ID,2,10,38,140,False,7,2,
rank_targeted_swap,AsymAgentMark-TK targeted rank swap b=1,deepseek,ID,2,10,39,140,False,5,2,
rank_targeted_swap,AsymAgentMark-TK targeted rank swap b=1,deepseek,ID,2,10,40,140,False,7,0,
rank_targeted_swap,AsymAgentMark-TK targeted rank swap b=1,deepseek,ID,2,10,41,140,False,11,6,01011010
rank_targeted_swap,AsymAgentMark-TK targeted rank swap b=1,deepseek,ID,2,10,42,140,False,7,2,
rank_targeted_swap,AsymAgentMark-TK targeted rank swap b=1,deepseek,ID,2,10,43,140,False,9,1,10011111
rank_targeted_swap,AsymAgentMark-TK targeted rank swap b=1,deepseek,ID,2,10,44,140,False,8,4,
rank_targeted_swap,AsymAgentMark-TK targeted rank swap b=1,deepseek,ID,2,10,45,140,False,9,1,00100101
rank_targeted_swap,AsymAgentMark-TK targeted rank swap b=1,deepseek,ID,2,10,46,140,False,16,4,11110001
rank_targeted_swap,AsymAgentMark-TK targeted rank swap b=1,deepseek,ID,2,10,47,140,False,12,4,11000100
rank_targeted_swap,AsymAgentMark-TK targeted rank swap b=1,deepseek,ID,2,10,48,140,False,5,3,
rank_targeted_swap,AsymAgentMark-TK targeted rank swap b=1,deepseek,ID,2,10,49,140,False,12,4,00111011
rank_targeted_swap,AsymAgentMark-TK targeted rank swap b=1,deepseek,ID,2,15,0,140,False,10,3,01100110
rank_targeted_swap,AsymAgentMark-TK targeted rank swap b=1,deepseek,ID,2,15,1,140,False,16,5,01111100
rank_targeted_swap,AsymAgentMark-TK targeted rank swap b=1,deepseek,ID,2,15,2,140,False,13,0,01011110
rank_targeted_swap,AsymAgentMark-TK targeted rank swap b=1,deepseek,ID,2,15,3,140,False,6,7,
rank_targeted_swap,AsymAgentMark-TK targeted rank swap b=1,deepseek,ID,2,15,4,140,False,11,4,10111110
rank_targeted_swap,AsymAgentMark-TK targeted rank swap b=1,deepseek,ID,2,15,5,140,False,11,4,01000110
rank_targeted_swap,AsymAgentMark-TK targeted rank swap b=1,deepseek,ID,2,15,6,140,False,8,3,
rank_targeted_swap,AsymAgentMark-TK targeted rank swap b=1,deepseek,ID,2,15,7,140,False,6,5,
rank_targeted_swap,AsymAgentMark-TK targeted rank swap b=1,deepseek,ID,2,15,8,140,False,13,6,00100010
rank_targeted_swap,AsymAgentMark-TK targeted rank swap b=1,deepseek,ID,2,15,9,140,False,8,2,
rank_targeted_swap,AsymAgentMark-TK targeted rank swap b=1,deepseek,ID,2,15,10,140,False,16,6,00111010
rank_targeted_swap,AsymAgentMark-TK targeted rank swap b=1,deepseek,ID,2,15,11,140,False,9,6,01010110
rank_targeted_swap,AsymAgentMark-TK targeted rank swap b=1,deepseek,ID,2,15,12,140,False,14,2,01000011
rank_targeted_swap,AsymAgentMark-TK targeted rank swap b=1,deepseek,ID,2,15,13,140,False,17,6,00111100
rank_targeted_swap,AsymAgentMark-TK targeted rank swap b=1,deepseek,ID,2,15,14,140,False,10,4,
rank_targeted_swap,AsymAgentMark-TK targeted rank swap b=1,deepseek,ID,2,15,15,140,False,8,3,
rank_targeted_swap,AsymAgentMark-TK targeted rank swap b=1,deepseek,ID,2,15,16,140,False,11,0,11110100
rank_targeted_swap,AsymAgentMark-TK targeted rank swap b=1,deepseek,ID,2,15,17,140,False,9,4,
rank_targeted_swap,AsymAgentMark-TK targeted rank swap b=1,deepseek,ID,2,15,18,140,False,4,7,
rank_targeted_swap,AsymAgentMark-TK targeted rank swap b=1,deepseek,ID,2,15,19,140,False,13,3,00111000
rank_targeted_swap,AsymAgentMark-TK targeted rank swap b=1,deepseek,ID,2,15,20,140,False,11,4,01100011
rank_targeted_swap,AsymAgentMark-TK targeted rank swap b=1,deepseek,ID,2,15,21,140,False,8,4,01001101
rank_targeted_swap,AsymAgentMark-TK targeted rank swap b=1,deepseek,ID,2,15,22,140,False,15,4,10111101
rank_targeted_swap,AsymAgentMark-TK targeted rank swap b=1,deepseek,ID,2,15,23,140,False,3,4,
rank_targeted_swap,AsymAgentMark-TK targeted rank swap b=1,deepseek,ID,2,15,24,140,False,13,1,00111111
rank_targeted_swap,AsymAgentMark-TK targeted rank swap b=1,deepseek,ID,2,15,25,140,False,10,2,01101110
rank_targeted_swap,AsymAgentMark-TK targeted rank swap b=1,deepseek,ID,2,15,26,140,False,8,0,
rank_targeted_swap,AsymAgentMark-TK targeted rank swap b=1,deepseek,ID,2,15,27,140,False,14,9,11001000
rank_targeted_swap,AsymAgentMark-TK targeted rank swap b=1,deepseek,ID,2,15,28,140,False,7,3,
rank_targeted_swap,AsymAgentMark-TK targeted rank swap b=1,deepseek,ID,2,15,29,140,False,14,10,01001101
rank_targeted_swap,AsymAgentMark-TK targeted rank swap b=1,deepseek,ID,2,15,30,140,False,6,4,
rank_targeted_swap,AsymAgentMark-TK targeted rank swap b=1,deepseek,ID,2,15,31,140,False,7,2,
rank_targeted_swap,AsymAgentMark-TK targeted rank swap b=1,deepseek,ID,2,15,32,140,False,14,3,11000110
rank_targeted_swap,AsymAgentMark-TK targeted rank swap b=1,deepseek,ID,2,15,33,140,False,12,9,10001111
rank_targeted_swap,AsymAgentMark-TK targeted rank swap b=1,deepseek,ID,2,15,34,140,False,17,4,11000001
rank_targeted_swap,AsymAgentMark-TK targeted rank swap b=1,deepseek,ID,2,15,35,140,False,12,2,10001101
rank_targeted_swap,AsymAgentMark-TK targeted rank swap b=1,deepseek,ID,2,15,36,140,False,8,3,10010110
rank_targeted_swap,AsymAgentMark-TK targeted rank swap b=1,deepseek,ID,2,15,37,140,False,20,9,10000111
rank_targeted_swap,AsymAgentMark-TK targeted rank swap b=1,deepseek,ID,2,15,38,140,False,3,5,
rank_targeted_swap,AsymAgentMark-TK targeted rank swap b=1,deepseek,ID,2,15,39,140,False,12,9,10001000
rank_targeted_swap,AsymAgentMark-TK targeted rank swap b=1,deepseek,ID,2,15,40,140,False,11,3,00100011
rank_targeted_swap,AsymAgentMark-TK targeted rank swap b=1,deepseek,ID,2,15,41,140,False,11,9,10110101
rank_targeted_swap,AsymAgentMark-TK targeted rank swap b=1,deepseek,ID,2,15,42,140,False,17,6,10001111
rank_targeted_swap,AsymAgentMark-TK targeted rank swap b=1,deepseek,ID,2,15,43,140,False,13,8,01010001
rank_targeted_swap,AsymAgentMark-TK targeted rank swap b=1,deepseek,ID,2,15,44,140,False,8,3,01111100
rank_targeted_swap,AsymAgentMark-TK targeted rank swap b=1,deepseek,ID,2,15,45,140,False,3,5,
rank_targeted_swap,AsymAgentMark-TK targeted rank swap b=1,deepseek,ID,2,15,46,140,False,15,6,01111111
rank_targeted_swap,AsymAgentMark-TK targeted rank swap b=1,deepseek,ID,2,15,47,140,False,11,3,
rank_targeted_swap,AsymAgentMark-TK targeted rank swap b=1,deepseek,ID,2,15,48,140,False,13,7,11000000
rank_targeted_swap,AsymAgentMark-TK targeted rank swap b=1,deepseek,ID,2,15,49,140,False,5,4,
rank_targeted_swap,AsymAgentMark-TK targeted rank swap b=1,deepseek,ID,2,20,0,140,False,11,5,10000000
rank_targeted_swap,AsymAgentMark-TK targeted rank swap b=1,deepseek,ID,2,20,1,140,False,8,7,
rank_targeted_swap,AsymAgentMark-TK targeted rank swap b=1,deepseek,ID,2,20,2,140,False,13,9,11110001
rank_targeted_swap,AsymAgentMark-TK targeted rank swap b=1,deepseek,ID,2,20,3,140,False,10,6,01011010
rank_targeted_swap,AsymAgentMark-TK targeted rank swap b=1,deepseek,ID,2,20,4,140,False,17,13,11001000
rank_targeted_swap,AsymAgentMark-TK targeted rank swap b=1,deepseek,ID,2,20,5,140,False,18,3,11011010
rank_targeted_swap,AsymAgentMark-TK targeted rank swap b=1,deepseek,ID,2,20,6,140,False,6,7,
rank_targeted_swap,AsymAgentMark-TK targeted rank swap b=1,deepseek,ID,2,20,7,140,False,10,4,01010110
rank_targeted_swap,AsymAgentMark-TK targeted rank swap b=1,deepseek,ID,2,20,8,140,False,11,7,00100000
rank_targeted_swap,AsymAgentMark-TK targeted rank swap b=1,deepseek,ID,2,20,9,140,False,9,8,01011100
rank_targeted_swap,AsymAgentMark-TK targeted rank swap b=1,deepseek,ID,2,20,10,140,False,11,8,11110010
rank_targeted_swap,AsymAgentMark-TK targeted rank swap b=1,deepseek,ID,2,20,11,140,False,11,4,00001101
rank_targeted_swap,AsymAgentMark-TK targeted rank swap b=1,deepseek,ID,2,20,12,140,False,16,6,10101010
rank_targeted_swap,AsymAgentMark-TK targeted rank swap b=1,deepseek,ID,2,20,13,140,False,13,1,01000110
rank_targeted_swap,AsymAgentMark-TK targeted rank swap b=1,deepseek,ID,2,20,14,140,False,13,7,10110111
rank_targeted_swap,AsymAgentMark-TK targeted rank swap b=1,deepseek,ID,2,20,15,140,False,16,4,00111011
rank_targeted_swap,AsymAgentMark-TK targeted rank swap b=1,deepseek,ID,2,20,16,140,False,12,7,10100111
rank_targeted_swap,AsymAgentMark-TK targeted rank swap b=1,deepseek,ID,2,20,17,140,False,11,5,00101000
rank_targeted_swap,AsymAgentMark-TK targeted rank swap b=1,deepseek,ID,2,20,18,140,False,8,2,
rank_targeted_swap,AsymAgentMark-TK targeted rank swap b=1,deepseek,ID,2,20,19,140,False,16,4,11000011
rank_targeted_swap,AsymAgentMark-TK targeted rank swap b=1,deepseek,ID,2,20,20,140,False,14,9,10110111
rank_targeted_swap,AsymAgentMark-TK targeted rank swap b=1,deepseek,ID,2,20,21,140,False,18,5,11011100
rank_targeted_swap,AsymAgentMark-TK targeted rank swap b=1,deepseek,ID,2,20,22,140,False,11,4,10111101
rank_targeted_swap,AsymAgentMark-TK targeted rank swap b=1,deepseek,ID,2,20,23,140,False,17,4,01001101
rank_targeted_swap,AsymAgentMark-TK targeted rank swap b=1,deepseek,ID,2,20,24,140,False,19,5,01111110
rank_targeted_swap,AsymAgentMark-TK targeted rank swap b=1,deepseek,ID,2,20,25,140,False,3,7,
rank_targeted_swap,AsymAgentMark-TK targeted rank swap b=1,deepseek,ID,2,20,26,140,False,14,6,01011101
rank_targeted_swap,AsymAgentMark-TK targeted rank swap b=1,deepseek,ID,2,20,27,140,False,11,4,00010110
rank_targeted_swap,AsymAgentMark-TK targeted rank swap b=1,deepseek,ID,2,20,28,140,False,11,6,00000001
rank_targeted_swap,AsymAgentMark-TK targeted rank swap b=1,deepseek,ID,2,20,29,140,False,5,9,
rank_targeted_swap,AsymAgentMark-TK targeted rank swap b=1,deepseek,ID,2,20,30,140,False,9,8,00100101
rank_targeted_swap,AsymAgentMark-TK targeted rank swap b=1,deepseek,ID,2,20,31,140,False,9,8,01011010
rank_targeted_swap,AsymAgentMark-TK targeted rank swap b=1,deepseek,ID,2,20,32,140,False,12,6,01010110
rank_targeted_swap,AsymAgentMark-TK targeted rank swap b=1,deepseek,ID,2,20,33,140,False,20,7,10111101
rank_targeted_swap,AsymAgentMark-TK targeted rank swap b=1,deepseek,ID,2,20,34,140,False,11,5,
rank_targeted_swap,AsymAgentMark-TK targeted rank swap b=1,deepseek,ID,2,20,35,140,False,10,5,01000001
rank_targeted_swap,AsymAgentMark-TK targeted rank swap b=1,deepseek,ID,2,20,36,140,False,11,4,01111011
rank_targeted_swap,AsymAgentMark-TK targeted rank swap b=1,deepseek,ID,2,20,37,140,False,18,5,10010111
rank_targeted_swap,AsymAgentMark-TK targeted rank swap b=1,deepseek,ID,2,20,38,140,False,7,2,
rank_targeted_swap,AsymAgentMark-TK targeted rank swap b=1,deepseek,ID,2,20,39,140,False,5,3,
rank_targeted_swap,AsymAgentMark-TK targeted rank swap b=1,deepseek,ID,2,20,40,140,False,11,10,01010110
rank_targeted_swap,AsymAgentMark-TK targeted rank swap b=1,deepseek,ID,2,20,41,140,False,12,4,01011100
rank_targeted_swap,AsymAgentMark-TK targeted rank swap b=1,deepseek,ID,2,20,42,140,False,13,5,01111101
rank_targeted_swap,AsymAgentMark-TK targeted rank swap b=1,deepseek,ID,2,20,43,140,False,8,8,11001000
rank_targeted_swap,AsymAgentMark-TK targeted rank swap b=1,deepseek,ID,2,20,44,140,False,15,7,00000001
rank_targeted_swap,AsymAgentMark-TK targeted rank swap b=1,deepseek,ID,2,20,45,140,False,7,2,
rank_targeted_swap,AsymAgentMark-TK targeted rank swap b=1,deepseek,ID,2,20,46,140,False,5,5,
rank_targeted_swap,AsymAgentMark-TK targeted rank swap b=1,deepseek,ID,2,20,47,140,False,17,6,00111010
rank_targeted_swap,AsymAgentMark-TK targeted rank swap b=1,deepseek,ID,2,20,48,140,False,6,3,
rank_targeted_swap,AsymAgentMark-TK targeted rank swap b=1,deepseek,ID,2,20,49,140,False,11,10,00111001
rank_targeted_swap,AsymAgentMark-TK targeted rank swap b=1,deepseek,ID,2,30,0,140,False,12,11,00110111
rank_targeted_swap,AsymAgentMark-TK targeted rank swap b=1,deepseek,ID,2,30,1,140,False,19,6,00111100
rank_targeted_swap,AsymAgentMark-TK targeted rank swap b=1,deepseek,ID,2,30,2,140,False,14,7,01111000
rank_targeted_swap,AsymAgentMark-TK targeted rank swap b=1,deepseek,ID,2,30,3,140,False,9,12,10101011
rank_targeted_swap,AsymAgentMark-TK targeted rank swap b=1,deepseek,ID,2,30,4,140,False,12,8,01000001
rank_targeted_swap,AsymAgentMark-TK targeted rank swap b=1,deepseek,ID,2,30,5,140,False,10,8,00011100
rank_targeted_swap,AsymAgentMark-TK targeted rank swap b=1,deepseek,ID,2,30,6,140,False,7,8,
rank_targeted_swap,AsymAgentMark-TK targeted rank swap b=1,deepseek,ID,2,30,7,140,False,8,7,
rank_targeted_swap,AsymAgentMark-TK targeted rank swap b=1,deepseek,ID,2,30,8,140,False,13,9,01000001
rank_targeted_swap,AsymAgentMark-TK targeted rank swap b=1,deepseek,ID,2,30,9,140,False,14,6,11010001
rank_targeted_swap,AsymAgentMark-TK targeted rank swap b=1,deepseek,ID,2,30,10,140,False,15,9,01001101
rank_targeted_swap,AsymAgentMark-TK targeted rank swap b=1,deepseek,ID,2,30,11,140,False,11,5,10010001
rank_targeted_swap,AsymAgentMark-TK targeted rank swap b=1,deepseek,ID,2,30,12,140,False,10,6,01100011
rank_targeted_swap,AsymAgentMark-TK targeted rank swap b=1,deepseek,ID,2,30,13,140,False,6,13,
rank_targeted_swap,AsymAgentMark-TK targeted rank swap b=1,deepseek,ID,2,30,14,140,False,16,8,00101011
rank_targeted_swap,AsymAgentMark-TK targeted rank swap b=1,deepseek,ID,2,30,15,140,False,9,9,11101101
rank_targeted_swap,AsymAgentMark-TK targeted rank swap b=1,deepseek,ID,2,30,16,140,False,18,11,01000001
rank_targeted_swap,AsymAgentMark-TK targeted rank swap b=1,deepseek,ID,2,30,17,140,False,17,7,01111100
rank_targeted_swap,AsymAgentMark-TK targeted rank swap b=1,deepseek,ID,2,30,18,140,False,6,5,
rank_targeted_swap,AsymAgentMark-TK targeted rank swap b=1,deepseek,ID,2,30,19,140,False,9,8,
rank_targeted_swap,AsymAgentMark-TK targeted rank swap b=1,deepseek,ID,2,30,20,140,False,10,11,11001000
rank_targeted_swap,AsymAgentMark-TK targeted rank swap b=1,deepseek,ID,2,30,21,140,False,6,8,
rank_targeted_swap,AsymAgentMark-TK targeted rank swap b=1,deepseek,ID,2,30,22,140,False,6,9,
rank_targeted_swap,AsymAgentMark-TK targeted rank swap b=1,deepseek,ID,2,30,23,140,False,13,9,00110111
rank_targeted_swap,AsymAgentMark-TK targeted rank swap b=1,deepseek,ID,2,30,24,140,False,12,7,11010011
rank_targeted_swap,AsymAgentMark-TK targeted rank swap b=1,deepseek,ID,2,30,25,140,False,12,7,00001101
rank_targeted_swap,AsymAgentMark-TK targeted rank swap b=1,deepseek,ID,2,30,26,140,False,14,9,01011101
rank_targeted_swap,AsymAgentMark-TK targeted rank swap b=1,deepseek,ID,2,30,27,140,False,12,8,00011010
rank_targeted_swap,AsymAgentMark-TK targeted rank swap b=1,deepseek,ID,2,30,28,140,False,16,9,10111110
rank_targeted_swap,AsymAgentMark-TK targeted rank swap b=1,deepseek,ID,2,30,29,140,False,15,6,11010100
rank_targeted_swap,AsymAgentMark-TK targeted rank swap b=1,deepseek,ID,2,30,30,140,False,13,10,01101110
rank_targeted_swap,AsymAgentMark-TK targeted rank swap b=1,deepseek,ID,2,30,31,140,False,12,8,11110011
rank_targeted_swap,AsymAgentMark-TK targeted rank swap b=1,deepseek,ID,2,30,32,140,False,9,13,01010001
rank_targeted_swap,AsymAgentMark-TK targeted rank swap b=1,deepseek,ID,2,30,33,140,False,15,6,11100110
rank_targeted_swap,AsymAgentMark-TK targeted rank swap b=1,deepseek,ID,2,30,34,140,False,10,11,11111011
rank_targeted_swap,AsymAgentMark-TK targeted rank swap b=1,deepseek,ID,2,30,35,140,False,19,9,11001000
rank_targeted_swap,AsymAgentMark-TK targeted rank swap b=1,deepseek,ID,2,30,36,140,False,7,8,
rank_targeted_swap,AsymAgentMark-TK targeted rank swap b=1,deepseek,ID,2,30,37,140,False,11,11,00001011
rank_targeted_swap,AsymAgentMark-TK targeted rank swap b=1,deepseek,ID,2,30,38,140,False,9,10,11110000
rank_targeted_swap,AsymAgentMark-TK targeted rank swap b=1,deepseek,ID,2,30,39,140,False,18,7,10000111
rank_targeted_swap,AsymAgentMark-TK targeted rank swap b=1,deepseek,ID,2,30,40,140,False,7,12,
rank_targeted_swap,AsymAgentMark-TK targeted rank swap b=1,deepseek,ID,2,30,41,140,False,8,11,
rank_targeted_swap,AsymAgentMark-TK targeted rank swap b=1,deepseek,ID,2,30,42,140,False,8,9,
rank_targeted_swap,AsymAgentMark-TK targeted rank swap b=1,deepseek,ID,2,30,43,140,False,6,12,
rank_targeted_swap,AsymAgentMark-TK targeted rank swap b=1,deepseek,ID,2,30,44,140,False,11,7,11011000
rank_targeted_swap,AsymAgentMark-TK targeted rank swap b=1,deepseek,ID,2,30,45,140,False,10,8,00011101
rank_targeted_swap,AsymAgentMark-TK targeted rank swap b=1,deepseek,ID,2,30,46,140,False,16,9,01011010
rank_targeted_swap,AsymAgentMark-TK targeted rank swap b=1,deepseek,ID,2,30,47,140,False,12,13,10001100
rank_targeted_swap,AsymAgentMark-TK targeted rank swap b=1,deepseek,ID,2,30,48,140,False,15,9,11110001
rank_targeted_swap,AsymAgentMark-TK targeted rank swap b=1,deepseek,ID,2,30,49,140,False,11,9,00010000
rank_targeted_swap,AsymAgentMark-TK targeted rank swap b=1,deepseek,ID,2,50,0,140,False,8,17,
rank_targeted_swap,AsymAgentMark-TK targeted rank swap b=1,deepseek,ID,2,50,1,140,False,9,16,
rank_targeted_swap,AsymAgentMark-TK targeted rank swap b=1,deepseek,ID,2,50,2,140,False,9,16,10110111
rank_targeted_swap,AsymAgentMark-TK targeted rank swap b=1,deepseek,ID,2,50,3,140,False,13,15,00100101
rank_targeted_swap,AsymAgentMark-TK targeted rank swap b=1,deepseek,ID,2,50,4,140,False,17,13,11011000
rank_targeted_swap,AsymAgentMark-TK targeted rank swap b=1,deepseek,ID,2,50,5,140,False,20,12,00011001
rank_targeted_swap,AsymAgentMark-TK targeted rank swap b=1,deepseek,ID,2,50,6,140,False,7,15,
rank_targeted_swap,AsymAgentMark-TK targeted rank swap b=1,deepseek,ID,2,50,7,140,False,12,14,10111110
rank_targeted_swap,AsymAgentMark-TK targeted rank swap b=1,deepseek,ID,2,50,8,140,False,4,12,
rank_targeted_swap,AsymAgentMark-TK targeted rank swap b=1,deepseek,ID,2,50,9,140,False,8,14,
rank_targeted_swap,AsymAgentMark-TK targeted rank swap b=1,deepseek,ID,2,50,10,140,False,12,10,01000001
rank_targeted_swap,AsymAgentMark-TK targeted rank swap b=1,deepseek,ID,2,50,11,140,False,18,14,01011101
rank_targeted_swap,AsymAgentMark-TK targeted rank swap b=1,deepseek,ID,2,50,12,140,False,7,14,
rank_targeted_swap,AsymAgentMark-TK targeted rank swap b=1,deepseek,ID,2,50,13,140,False,16,10,11010000
rank_targeted_swap,AsymAgentMark-TK targeted rank swap b=1,deepseek,ID,2,50,14,140,False,12,14,11001000
rank_targeted_swap,AsymAgentMark-TK targeted rank swap b=1,deepseek,ID,2,50,15,140,False,15,17,00111001
rank_targeted_swap,AsymAgentMark-TK targeted rank swap b=1,deepseek,ID,2,50,16,140,False,12,19,11111001
rank_targeted_swap,AsymAgentMark-TK targeted rank swap b=1,deepseek,ID,2,50,17,140,False,9,9,10110001
rank_targeted_swap,AsymAgentMark-TK targeted rank swap b=1,deepseek,ID,2,50,18,140,False,14,9,10001110
rank_targeted_swap,AsymAgentMark-TK targeted rank swap b=1,deepseek,ID,2,50,19,140,False,17,13,00111100
rank_targeted_swap,AsymAgentMark-TK targeted rank swap b=1,deepseek,ID,2,50,20,140,False,14,10,00111001
rank_targeted_swap,AsymAgentMark-TK targeted rank swap b=1,deepseek,ID,2,50,21,140,False,15,15,10100111
rank_targeted_swap,AsymAgentMark-TK targeted rank swap b=1,deepseek,ID,2,50,22,140,False,9,15,
rank_targeted_swap,AsymAgentMark-TK targeted rank swap b=1,deepseek,ID,2,50,23,140,False,18,12,01011101
rank_targeted_swap,AsymAgentMark-TK targeted rank swap b=1,deepseek,ID,2,50,24,140,False,20,11,00110111
rank_targeted_swap,AsymAgentMark-TK targeted rank swap b=1,deepseek,ID,2,50,25,140,False,8,12,
rank_targeted_swap,AsymAgentMark-TK targeted rank swap b=1,deepseek,ID,2,50,26,140,False,10,14,11000100
rank_targeted_swap,AsymAgentMark-TK targeted rank swap b=1,deepseek,ID,2,50,27,140,False,10,10,10001000
rank_targeted_swap,AsymAgentMark-TK targeted rank swap b=1,deepseek,ID,2,50,28,140,False,14,16,10110101
rank_targeted_swap,AsymAgentMark-TK targeted rank swap b=1,deepseek,ID,2,50,29,140,False,8,12,
rank_targeted_swap,AsymAgentMark-TK targeted rank swap b=1,deepseek,ID,2,50,30,140,False,14,13,01000100
rank_targeted_swap,AsymAgentMark-TK targeted rank swap b=1,deepseek,ID,2,50,31,140,False,20,10,00111011
rank_targeted_swap,AsymAgentMark-TK targeted rank swap b=1,deepseek,ID,2,50,32,140,False,11,16,00100101
rank_targeted_swap,AsymAgentMark-TK targeted rank swap b=1,deepseek,ID,2,50,33,140,False,15,13,01001010
rank_targeted_swap,AsymAgentMark-TK targeted rank swap b=1,deepseek,ID,2,50,34,140,False,12,16,10101100
rank_targeted_swap,AsymAgentMark-TK targeted rank swap b=1,deepseek,ID,2,50,35,140,False,11,13,01000001
rank_targeted_swap,AsymAgentMark-TK targeted rank swap b=1,deepseek,ID,2,50,36,140,False,14,12,10101110
rank_targeted_swap,AsymAgentMark-TK targeted rank swap b=1,deepseek,ID,2,50,37,140,False,14,10,01011010
rank_targeted_swap,AsymAgentMark-TK targeted rank swap b=1,deepseek,ID,2,50,38,140,False,17,10,00111001
rank_targeted_swap,AsymAgentMark-TK targeted rank swap b=1,deepseek,ID,2,50,39,140,False,14,14,11110000
rank_targeted_swap,AsymAgentMark-TK targeted rank swap b=1,deepseek,ID,2,50,40,140,False,13,11,10110101
rank_targeted_swap,AsymAgentMark-TK targeted rank swap b=1,deepseek,ID,2,50,41,140,False,18,10,01000001
rank_targeted_swap,AsymAgentMark-TK targeted rank swap b=1,deepseek,ID,2,50,42,140,False,17,15,10101001
rank_targeted_swap,AsymAgentMark-TK targeted rank swap b=1,deepseek,ID,2,50,43,140,False,8,13,
rank_targeted_swap,AsymAgentMark-TK targeted rank swap b=1,deepseek,ID,2,50,44,140,False,15,13,01101001
rank_targeted_swap,AsymAgentMark-TK targeted rank swap b=1,deepseek,ID,2,50,45,140,False,9,12,11101011
rank_targeted_swap,AsymAgentMark-TK targeted rank swap b=1,deepseek,ID,2,50,46,140,False,13,12,01011101
rank_targeted_swap,AsymAgentMark-TK targeted rank swap b=1,deepseek,ID,2,50,47,140,False,11,13,01000001
rank_targeted_swap,AsymAgentMark-TK targeted rank swap b=1,deepseek,ID,2,50,48,140,False,11,16,10110111
rank_targeted_swap,AsymAgentMark-TK targeted rank swap b=1,deepseek,ID,2,50,49,140,False,9,13,11100010
rank_targeted_swap,AsymAgentMark-TK targeted rank swap b=1,deepseek,ID,2,80,0,140,False,14,18,00100101
rank_targeted_swap,AsymAgentMark-TK targeted rank swap b=1,deepseek,ID,2,80,1,140,False,18,14,10100111
rank_targeted_swap,AsymAgentMark-TK targeted rank swap b=1,deepseek,ID,2,80,2,140,False,15,18,00100101
rank_targeted_swap,AsymAgentMark-TK targeted rank swap b=1,deepseek,ID,2,80,3,140,False,6,20,
rank_targeted_swap,AsymAgentMark-TK targeted rank swap b=1,deepseek,ID,2,80,4,140,False,16,13,01000001
rank_targeted_swap,AsymAgentMark-TK targeted rank swap b=1,deepseek,ID,2,80,5,140,False,12,15,10100111
rank_targeted_swap,AsymAgentMark-TK targeted rank swap b=1,deepseek,ID,2,80,6,140,False,15,17,00111001
rank_targeted_swap,AsymAgentMark-TK targeted rank swap b=1,deepseek,ID,2,80,7,140,False,14,17,00001011
rank_targeted_swap,AsymAgentMark-TK targeted rank swap b=1,deepseek,ID,2,80,8,140,False,11,17,00111001
rank_targeted_swap,AsymAgentMark-TK targeted rank swap b=1,deepseek,ID,2,80,9,140,False,9,14,11111100
rank_targeted_swap,AsymAgentMark-TK targeted rank swap b=1,deepseek,ID,2,80,10,140,False,16,17,10110101
rank_targeted_swap,AsymAgentMark-TK targeted rank swap b=1,deepseek,ID,2,80,11,140,False,16,16,11001000
rank_targeted_swap,AsymAgentMark-TK targeted rank swap b=1,deepseek,ID,2,80,12,140,False,14,17,01110000
rank_targeted_swap,AsymAgentMark-TK targeted rank swap b=1,deepseek,ID,2,80,13,140,False,14,19,11111001
rank_targeted_swap,AsymAgentMark-TK targeted rank swap b=1,deepseek,ID,2,80,14,140,False,11,17,00100101
rank_targeted_swap,AsymAgentMark-TK targeted rank swap b=1,deepseek,ID,2,80,15,140,False,8,16,
rank_targeted_swap,AsymAgentMark-TK targeted rank swap b=1,deepseek,ID,2,80,16,140,False,7,18,
rank_targeted_swap,AsymAgentMark-TK targeted rank swap b=1,deepseek,ID,2,80,17,140,False,14,15,01100000
rank_targeted_swap,AsymAgentMark-TK targeted rank swap b=1,deepseek,ID,2,80,18,140,False,18,15,10100111
rank_targeted_swap,AsymAgentMark-TK targeted rank swap b=1,deepseek,ID,2,80,19,140,False,9,16,
rank_targeted_swap,AsymAgentMark-TK targeted rank swap b=1,deepseek,ID,2,80,20,140,False,16,16,00100101
rank_targeted_swap,AsymAgentMark-TK targeted rank swap b=1,deepseek,ID,2,80,21,140,False,13,18,00100101
rank_targeted_swap,AsymAgentMark-TK targeted rank swap b=1,deepseek,ID,2,80,22,140,False,8,17,
rank_targeted_swap,AsymAgentMark-TK targeted rank swap b=1,deepseek,ID,2,80,23,140,False,14,18,01001101
rank_targeted_swap,AsymAgentMark-TK targeted rank swap b=1,deepseek,ID,2,80,24,140,False,8,19,
rank_targeted_swap,AsymAgentMark-TK targeted rank swap b=1,deepseek,ID,2,80,25,140,False,15,15,01001101
rank_targeted_swap,AsymAgentMark-TK targeted rank swap b=1,deepseek,ID,2,80,26,140,False,16,11,01110000
rank_targeted_swap,AsymAgentMark-TK targeted rank swap b=1,deepseek,ID,2,80,27,140,False,10,16,
rank_targeted_swap,AsymAgentMark-TK targeted rank swap b=1,deepseek,ID,2,80,28,140,False,15,16,01001101
rank_targeted_swap,AsymAgentMark-TK targeted rank swap b=1,deepseek,ID,2,80,29,140,False,11,16,11001000
rank_targeted_swap,AsymAgentMark-TK targeted rank swap b=1,deepseek,ID,2,80,30,140,False,13,19,11111001
rank_targeted_swap,AsymAgentMark-TK targeted rank swap b=1,deepseek,ID,2,80,31,140,False,11,12,11000100
rank_targeted_swap,AsymAgentMark-TK targeted rank swap b=1,deepseek,ID,2,80,32,140,False,6,17,
rank_targeted_swap,AsymAgentMark-TK targeted rank swap b=1,deepseek,ID,2,80,33,140,False,6,15,
rank_targeted_swap,AsymAgentMark-TK targeted rank swap b=1,deepseek,ID,2,80,34,140,False,11,17,11101001
rank_targeted_swap,AsymAgentMark-TK targeted rank swap b=1,deepseek,ID,2,80,35,140,False,7,18,
rank_targeted_swap,AsymAgentMark-TK targeted rank swap b=1,deepseek,ID,2,80,36,140,False,6,16,
rank_targeted_swap,AsymAgentMark-TK targeted rank swap b=1,deepseek,ID,2,80,37,140,False,17,15,10110111
rank_targeted_swap,AsymAgentMark-TK targeted rank swap b=1,deepseek,ID,2,80,38,140,False,17,15,00111110
rank_targeted_swap,AsymAgentMark-TK targeted rank swap b=1,deepseek,ID,2,80,39,140,False,12,16,01011101
rank_targeted_swap,AsymAgentMark-TK targeted rank swap b=1,deepseek,ID,2,80,40,140,False,7,19,
rank_targeted_swap,AsymAgentMark-TK targeted rank swap b=1,deepseek,ID,2,80,41,140,False,8,19,00111001
rank_targeted_swap,AsymAgentMark-TK targeted rank swap b=1,deepseek,ID,2,80,42,140,False,8,20,11111001
rank_targeted_swap,AsymAgentMark-TK targeted rank swap b=1,deepseek,ID,2,80,43,140,False,13,12,10111110
rank_targeted_swap,AsymAgentMark-TK targeted rank swap b=1,deepseek,ID,2,80,44,140,False,8,16,10101100
rank_targeted_swap,AsymAgentMark-TK targeted rank swap b=1,deepseek,ID,2,80,45,140,False,15,16,11111001
rank_targeted_swap,AsymAgentMark-TK targeted rank swap b=1,deepseek,ID,2,80,46,140,False,10,17,00111001
rank_targeted_swap,AsymAgentMark-TK targeted rank swap b=1,deepseek,ID,2,80,47,140,False,14,18,01001101
rank_targeted_swap,AsymAgentMark-TK targeted rank swap b=1,deepseek,ID,2,80,48,140,False,16,15,01011101
rank_targeted_swap,AsymAgentMark-TK targeted rank swap b=1,deepseek,ID,2,80,49,140,False,7,20,
rank_targeted_swap,AsymAgentMark-TK targeted rank swap b=1,deepseek,ID,2,100,0,140,False,6,20,
rank_targeted_swap,AsymAgentMark-TK targeted rank swap b=1,deepseek,ID,2,100,1,140,False,11,17,01101100
rank_targeted_swap,AsymAgentMark-TK targeted rank swap b=1,deepseek,ID,2,100,2,140,False,5,17,
rank_targeted_swap,AsymAgentMark-TK targeted rank swap b=1,deepseek,ID,2,100,3,140,False,6,20,
rank_targeted_swap,AsymAgentMark-TK targeted rank swap b=1,deepseek,ID,2,100,4,140,False,10,18,00100101
rank_targeted_swap,AsymAgentMark-TK targeted rank swap b=1,deepseek,ID,2,100,5,140,False,11,20,01110010
rank_targeted_swap,AsymAgentMark-TK targeted rank swap b=1,deepseek,ID,2,100,6,140,False,15,17,00100101
rank_targeted_swap,AsymAgentMark-TK targeted rank swap b=1,deepseek,ID,2,100,7,140,False,14,19,11111001
rank_targeted_swap,AsymAgentMark-TK targeted rank swap b=1,deepseek,ID,2,100,8,140,False,12,20,00001011
rank_targeted_swap,AsymAgentMark-TK targeted rank swap b=1,deepseek,ID,2,100,9,140,False,13,19,00111001
rank_targeted_swap,AsymAgentMark-TK targeted rank swap b=1,deepseek,ID,2,100,10,140,False,10,18,10110111
rank_targeted_swap,AsymAgentMark-TK targeted rank swap b=1,deepseek,ID,2,100,11,140,False,13,20,11111001
rank_targeted_swap,AsymAgentMark-TK targeted rank swap b=1,deepseek,ID,2,100,12,140,False,14,17,00111001
rank_targeted_swap,AsymAgentMark-TK targeted rank swap b=1,deepseek,ID,2,100,13,140,False,12,20,11111001
rank_targeted_swap,AsymAgentMark-TK targeted rank swap b=1,deepseek,ID,2,100,14,140,False,14,19,11111001
rank_targeted_swap,AsymAgentMark-TK targeted rank swap b=1,deepseek,ID,2,100,15,140,False,10,18,11100101
rank_targeted_swap,AsymAgentMark-TK targeted rank swap b=1,deepseek,ID,2,100,16,140,False,13,19,00111001
rank_targeted_swap,AsymAgentMark-TK targeted rank swap b=1,deepseek,ID,2,100,17,140,False,15,16,11001000
rank_targeted_swap,AsymAgentMark-TK targeted rank swap b=1,deepseek,ID,2,100,18,140,False,11,20,00111110
rank_targeted_swap,AsymAgentMark-TK targeted rank swap b=1,deepseek,ID,2,100,19,140,False,13,18,11111001
rank_targeted_swap,AsymAgentMark-TK targeted rank swap b=1,deepseek,ID,2,100,20,140,False,7,19,
rank_targeted_swap,AsymAgentMark-TK targeted rank swap b=1,deepseek,ID,2,100,21,140,False,13,20,11111001
rank_targeted_swap,AsymAgentMark-TK targeted rank swap b=1,deepseek,ID,2,100,22,140,False,8,20,11111001
rank_targeted_swap,AsymAgentMark-TK targeted rank swap b=1,deepseek,ID,2,100,23,140,False,16,17,00100101
rank_targeted_swap,AsymAgentMark-TK targeted rank swap b=1,deepseek,ID,2,100,24,140,False,12,19,00111001
rank_targeted_swap,AsymAgentMark-TK targeted rank swap b=1,deepseek,ID,2,100,25,140,False,12,20,11111001
rank_targeted_swap,AsymAgentMark-TK targeted rank swap b=1,deepseek,ID,2,100,26,140,False,12,20,11111001
rank_targeted_swap,AsymAgentMark-TK targeted rank swap b=1,deepseek,ID,2,100,27,140,False,15,17,00100101
rank_targeted_swap,AsymAgentMark-TK targeted rank swap b=1,deepseek,ID,2,100,28,140,False,6,19,
rank_targeted_swap,AsymAgentMark-TK targeted rank swap b=1,deepseek,ID,2,100,29,140,False,11,17,00100101
rank_targeted_swap,AsymAgentMark-TK targeted rank swap b=1,deepseek,ID,2,100,30,140,False,13,16,10111011
rank_targeted_swap,AsymAgentMark-TK targeted rank swap b=1,deepseek,ID,2,100,31,140,False,8,20,11111001
rank_targeted_swap,AsymAgentMark-TK targeted rank swap b=1,deepseek,ID,2,100,32,140,False,14,15,11110000
rank_targeted_swap,AsymAgentMark-TK targeted rank swap b=1,deepseek,ID,2,100,33,140,False,8,20,11111001
rank_targeted_swap,AsymAgentMark-TK targeted rank swap b=1,deepseek,ID,2,100,34,140,False,14,19,11111001
rank_targeted_swap,AsymAgentMark-TK targeted rank swap b=1,deepseek,ID,2,100,35,140,False,14,19,11111001
rank_targeted_swap,AsymAgentMark-TK targeted rank swap b=1,deepseek,ID,2,100,36,140,False,13,20,11111001
rank_targeted_swap,AsymAgentMark-TK targeted rank swap b=1,deepseek,ID,2,100,37,140,False,13,17,10110101
rank_targeted_swap,AsymAgentMark-TK targeted rank swap b=1,deepseek,ID,2,100,38,140,False,10,16,00001011
rank_targeted_swap,AsymAgentMark-TK targeted rank swap b=1,deepseek,ID,2,100,39,140,False,14,17,00111001
rank_targeted_swap,AsymAgentMark-TK targeted rank swap b=1,deepseek,ID,2,100,40,140,False,13,20,11111001
rank_targeted_swap,AsymAgentMark-TK targeted rank swap b=1,deepseek,ID,2,100,41,140,False,13,16,10111011
rank_targeted_swap,AsymAgentMark-TK targeted rank swap b=1,deepseek,ID,2,100,42,140,False,15,18,00100101
rank_targeted_swap,AsymAgentMark-TK targeted rank swap b=1,deepseek,ID,2,100,43,140,False,12,16,00100101
rank_targeted_swap,AsymAgentMark-TK targeted rank swap b=1,deepseek,ID,2,100,44,140,False,16,15,11010100
rank_targeted_swap,AsymAgentMark-TK targeted rank swap b=1,deepseek,ID,2,100,45,140,False,13,18,10110101
rank_targeted_swap,AsymAgentMark-TK targeted rank swap b=1,deepseek,ID,2,100,46,140,False,15,18,01110000
rank_targeted_swap,AsymAgentMark-TK targeted rank swap b=1,deepseek,ID,2,100,47,140,False,14,18,00100101
rank_targeted_swap,AsymAgentMark-TK targeted rank swap b=1,deepseek,ID,2,100,48,140,False,17,15,01011101
rank_targeted_swap,AsymAgentMark-TK targeted rank swap b=1,deepseek,ID,2,100,49,140,False,16,16,11001000
rank_targeted_swap,AsymAgentMark-TK targeted rank swap b=1,deepseek,ID,3,1,0,140,False,2,0,
rank_targeted_swap,AsymAgentMark-TK targeted rank swap b=1,deepseek,ID,3,1,1,140,False,0,0,
rank_targeted_swap,AsymAgentMark-TK targeted rank swap b=1,deepseek,ID,3,1,2,140,False,0,0,
rank_targeted_swap,AsymAgentMark-TK targeted rank swap b=1,deepseek,ID,3,1,3,140,False,0,0,
rank_targeted_swap,AsymAgentMark-TK targeted rank swap b=1,deepseek,ID,3,1,4,140,False,2,0,
rank_targeted_swap,AsymAgentMark-TK targeted rank swap b=1,deepseek,ID,3,1,5,140,False,0,0,
rank_targeted_swap,AsymAgentMark-TK targeted rank swap b=1,deepseek,ID,3,1,6,140,False,3,0,
rank_targeted_swap,AsymAgentMark-TK targeted rank swap b=1,deepseek,ID,3,1,7,140,False,0,0,
rank_targeted_swap,AsymAgentMark-TK targeted rank swap b=1,deepseek,ID,3,1,8,140,False,0,0,
rank_targeted_swap,AsymAgentMark-TK targeted rank swap b=1,deepseek,ID,3,1,9,140,False,6,0,
rank_targeted_swap,AsymAgentMark-TK targeted rank swap b=1,deepseek,ID,3,1,10,140,False,2,0,
rank_targeted_swap,AsymAgentMark-TK targeted rank swap b=1,deepseek,ID,3,1,11,140,False,0,0,
rank_targeted_swap,AsymAgentMark-TK targeted rank swap b=1,deepseek,ID,3,1,12,140,False,5,0,
rank_targeted_swap,AsymAgentMark-TK targeted rank swap b=1,deepseek,ID,3,1,13,140,False,4,0,
rank_targeted_swap,AsymAgentMark-TK targeted rank swap b=1,deepseek,ID,3,1,14,140,False,2,0,
rank_targeted_swap,AsymAgentMark-TK targeted rank swap b=1,deepseek,ID,3,1,15,140,False,1,0,
rank_targeted_swap,AsymAgentMark-TK targeted rank swap b=1,deepseek,ID,3,1,16,140,False,3,0,
rank_targeted_swap,AsymAgentMark-TK targeted rank swap b=1,deepseek,ID,3,1,17,140,False,5,0,
rank_targeted_swap,AsymAgentMark-TK targeted rank swap b=1,deepseek,ID,3,1,18,140,False,3,0,
rank_targeted_swap,AsymAgentMark-TK targeted rank swap b=1,deepseek,ID,3,1,19,140,False,0,0,
rank_targeted_swap,AsymAgentMark-TK targeted rank swap b=1,deepseek,ID,3,1,20,140,False,6,0,
rank_targeted_swap,AsymAgentMark-TK targeted rank swap b=1,deepseek,ID,3,1,21,140,False,6,0,
rank_targeted_swap,AsymAgentMark-TK targeted rank swap b=1,deepseek,ID,3,1,22,140,False,0,0,
rank_targeted_swap,AsymAgentMark-TK targeted rank swap b=1,deepseek,ID,3,1,23,140,False,6,0,
rank_targeted_swap,AsymAgentMark-TK targeted rank swap b=1,deepseek,ID,3,1,24,140,False,5,0,
rank_targeted_swap,AsymAgentMark-TK targeted rank swap b=1,deepseek,ID,3,1,25,140,False,1,0,
rank_targeted_swap,AsymAgentMark-TK targeted rank swap b=1,deepseek,ID,3,1,26,140,False,6,0,
rank_targeted_swap,AsymAgentMark-TK targeted rank swap b=1,deepseek,ID,3,1,27,140,False,0,0,
rank_targeted_swap,AsymAgentMark-TK targeted rank swap b=1,deepseek,ID,3,1,28,140,False,3,0,
rank_targeted_swap,AsymAgentMark-TK targeted rank swap b=1,deepseek,ID,3,1,29,140,False,10,0,10011001
rank_targeted_swap,AsymAgentMark-TK targeted rank swap b=1,deepseek,ID,3,1,30,140,False,0,0,
rank_targeted_swap,AsymAgentMark-TK targeted rank swap b=1,deepseek,ID,3,1,31,140,False,2,0,
rank_targeted_swap,AsymAgentMark-TK targeted rank swap b=1,deepseek,ID,3,1,32,140,False,0,0,
rank_targeted_swap,AsymAgentMark-TK targeted rank swap b=1,deepseek,ID,3,1,33,140,False,2,0,
rank_targeted_swap,AsymAgentMark-TK targeted rank swap b=1,deepseek,ID,3,1,34,140,False,10,0,10011001
rank_targeted_swap,AsymAgentMark-TK targeted rank swap b=1,deepseek,ID,3,1,35,140,False,0,0,
rank_targeted_swap,AsymAgentMark-TK targeted rank swap b=1,deepseek,ID,3,1,36,140,False,0,0,
rank_targeted_swap,AsymAgentMark-TK targeted rank swap b=1,deepseek,ID,3,1,37,140,False,10,0,10011001
rank_targeted_swap,AsymAgentMark-TK targeted rank swap b=1,deepseek,ID,3,1,38,140,False,5,0,
rank_targeted_swap,AsymAgentMark-TK targeted rank swap b=1,deepseek,ID,3,1,39,140,False,3,0,
rank_targeted_swap,AsymAgentMark-TK targeted rank swap b=1,deepseek,ID,3,1,40,140,False,0,0,
rank_targeted_swap,AsymAgentMark-TK targeted rank swap b=1,deepseek,ID,3,1,41,140,False,0,0,
rank_targeted_swap,AsymAgentMark-TK targeted rank swap b=1,deepseek,ID,3,1,42,140,False,1,0,
rank_targeted_swap,AsymAgentMark-TK targeted rank swap b=1,deepseek,ID,3,1,43,140,False,0,0,
rank_targeted_swap,AsymAgentMark-TK targeted rank swap b=1,deepseek,ID,3,1,44,140,False,0,0,
rank_targeted_swap,AsymAgentMark-TK targeted rank swap b=1,deepseek,ID,3,1,45,140,False,0,0,
rank_targeted_swap,AsymAgentMark-TK targeted rank swap b=1,deepseek,ID,3,1,46,140,False,5,0,
rank_targeted_swap,AsymAgentMark-TK targeted rank swap b=1,deepseek,ID,3,1,47,140,False,0,0,
rank_targeted_swap,AsymAgentMark-TK targeted rank swap b=1,deepseek,ID,3,1,48,140,False,3,0,
rank_targeted_swap,AsymAgentMark-TK targeted rank swap b=1,deepseek,ID,3,1,49,140,False,0,0,
rank_targeted_swap,AsymAgentMark-TK targeted rank swap b=1,deepseek,ID,3,2,0,140,False,6,0,
rank_targeted_swap,AsymAgentMark-TK targeted rank swap b=1,deepseek,ID,3,2,1,140,False,1,0,
rank_targeted_swap,AsymAgentMark-TK targeted rank swap b=1,deepseek,ID,3,2,2,140,False,2,0,
rank_targeted_swap,AsymAgentMark-TK targeted rank swap b=1,deepseek,ID,3,2,3,140,False,3,0,
rank_targeted_swap,AsymAgentMark-TK targeted rank swap b=1,deepseek,ID,3,2,4,140,False,1,0,
rank_targeted_swap,AsymAgentMark-TK targeted rank swap b=1,deepseek,ID,3,2,5,140,False,2,0,
rank_targeted_swap,AsymAgentMark-TK targeted rank swap b=1,deepseek,ID,3,2,6,140,False,7,0,
rank_targeted_swap,AsymAgentMark-TK targeted rank swap b=1,deepseek,ID,3,2,7,140,False,9,0,
rank_targeted_swap,AsymAgentMark-TK targeted rank swap b=1,deepseek,ID,3,2,8,140,False,1,0,
rank_targeted_swap,AsymAgentMark-TK targeted rank swap b=1,deepseek,ID,3,2,9,140,False,7,0,
rank_targeted_swap,AsymAgentMark-TK targeted rank swap b=1,deepseek,ID,3,2,10,140,False,9,0,
rank_targeted_swap,AsymAgentMark-TK targeted rank swap b=1,deepseek,ID,3,2,11,140,False,5,0,
rank_targeted_swap,AsymAgentMark-TK targeted rank swap b=1,deepseek,ID,3,2,12,140,False,6,0,
rank_targeted_swap,AsymAgentMark-TK targeted rank swap b=1,deepseek,ID,3,2,13,140,False,3,0,
rank_targeted_swap,AsymAgentMark-TK targeted rank swap b=1,deepseek,ID,3,2,14,140,False,0,0,
rank_targeted_swap,AsymAgentMark-TK targeted rank swap b=1,deepseek,ID,3,2,15,140,False,0,0,
rank_targeted_swap,AsymAgentMark-TK targeted rank swap b=1,deepseek,ID,3,2,16,140,False,4,0,
rank_targeted_swap,AsymAgentMark-TK targeted rank swap b=1,deepseek,ID,3,2,17,140,False,0,0,
rank_targeted_swap,AsymAgentMark-TK targeted rank swap b=1,deepseek,ID,3,2,18,140,False,3,0,
rank_targeted_swap,AsymAgentMark-TK targeted rank swap b=1,deepseek,ID,3,2,19,140,False,12,1,10011001
rank_targeted_swap,AsymAgentMark-TK targeted rank swap b=1,deepseek,ID,3,2,20,140,False,13,0,01111000
rank_targeted_swap,AsymAgentMark-TK targeted rank swap b=1,deepseek,ID,3,2,21,140,False,2,0,
rank_targeted_swap,AsymAgentMark-TK targeted rank swap b=1,deepseek,ID,3,2,22,140,False,2,0,
rank_targeted_swap,AsymAgentMark-TK targeted rank swap b=1,deepseek,ID,3,2,23,140,False,10,1,00011100
rank_targeted_swap,AsymAgentMark-TK targeted rank swap b=1,deepseek,ID,3,2,24,140,False,0,0,
rank_targeted_swap,AsymAgentMark-TK targeted rank swap b=1,deepseek,ID,3,2,25,140,False,1,0,
rank_targeted_swap,AsymAgentMark-TK targeted rank swap b=1,deepseek,ID,3,2,26,140,False,15,0,11011100
rank_targeted_swap,AsymAgentMark-TK targeted rank swap b=1,deepseek,ID,3,2,27,140,False,2,0,
rank_targeted_swap,AsymAgentMark-TK targeted rank swap b=1,deepseek,ID,3,2,28,140,False,6,0,
rank_targeted_swap,AsymAgentMark-TK targeted rank swap b=1,deepseek,ID,3,2,29,140,False,1,0,
rank_targeted_swap,AsymAgentMark-TK targeted rank swap b=1,deepseek,ID,3,2,30,140,False,6,0,
rank_targeted_swap,AsymAgentMark-TK targeted rank swap b=1,deepseek,ID,3,2,31,140,False,7,0,
rank_targeted_swap,AsymAgentMark-TK targeted rank swap b=1,deepseek,ID,3,2,32,140,False,1,0,
rank_targeted_swap,AsymAgentMark-TK targeted rank swap b=1,deepseek,ID,3,2,33,140,False,3,1,
rank_targeted_swap,AsymAgentMark-TK targeted rank swap b=1,deepseek,ID,3,2,34,140,False,4,1,
rank_targeted_swap,AsymAgentMark-TK targeted rank swap b=1,deepseek,ID,3,2,35,140,False,0,0,
rank_targeted_swap,AsymAgentMark-TK targeted rank swap b=1,deepseek,ID,3,2,36,140,False,8,0,11001010
rank_targeted_swap,AsymAgentMark-TK targeted rank swap b=1,deepseek,ID,3,2,37,140,False,0,0,
rank_targeted_swap,AsymAgentMark-TK targeted rank swap b=1,deepseek,ID,3,2,38,140,False,1,0,
rank_targeted_swap,AsymAgentMark-TK targeted rank swap b=1,deepseek,ID,3,2,39,140,False,0,0,
rank_targeted_swap,AsymAgentMark-TK targeted rank swap b=1,deepseek,ID,3,2,40,140,False,3,0,
rank_targeted_swap,AsymAgentMark-TK targeted rank swap b=1,deepseek,ID,3,2,41,140,False,4,0,
rank_targeted_swap,AsymAgentMark-TK targeted rank swap b=1,deepseek,ID,3,2,42,140,False,0,0,
rank_targeted_swap,AsymAgentMark-TK targeted rank swap b=1,deepseek,ID,3,2,43,140,False,0,0,
rank_targeted_swap,AsymAgentMark-TK targeted rank swap b=1,deepseek,ID,3,2,44,140,False,6,0,
rank_targeted_swap,AsymAgentMark-TK targeted rank swap b=1,deepseek,ID,3,2,45,140,False,5,0,
rank_targeted_swap,AsymAgentMark-TK targeted rank swap b=1,deepseek,ID,3,2,46,140,False,2,0,
rank_targeted_swap,AsymAgentMark-TK targeted rank swap b=1,deepseek,ID,3,2,47,140,False,7,0,
rank_targeted_swap,AsymAgentMark-TK targeted rank swap b=1,deepseek,ID,3,2,48,140,False,3,0,
rank_targeted_swap,AsymAgentMark-TK targeted rank swap b=1,deepseek,ID,3,2,49,140,False,1,0,
rank_targeted_swap,AsymAgentMark-TK targeted rank swap b=1,deepseek,ID,3,3,0,140,False,9,1,11101111
rank_targeted_swap,AsymAgentMark-TK targeted rank swap b=1,deepseek,ID,3,3,1,140,False,3,0,
rank_targeted_swap,AsymAgentMark-TK targeted rank swap b=1,deepseek,ID,3,3,2,140,False,8,0,
rank_targeted_swap,AsymAgentMark-TK targeted rank swap b=1,deepseek,ID,3,3,3,140,False,8,0,
rank_targeted_swap,AsymAgentMark-TK targeted rank swap b=1,deepseek,ID,3,3,4,140,False,2,0,
rank_targeted_swap,AsymAgentMark-TK targeted rank swap b=1,deepseek,ID,3,3,5,140,False,2,1,
rank_targeted_swap,AsymAgentMark-TK targeted rank swap b=1,deepseek,ID,3,3,6,140,False,4,1,
rank_targeted_swap,AsymAgentMark-TK targeted rank swap b=1,deepseek,ID,3,3,7,140,False,6,4,
rank_targeted_swap,AsymAgentMark-TK targeted rank swap b=1,deepseek,ID,3,3,8,140,False,11,0,
rank_targeted_swap,AsymAgentMark-TK targeted rank swap b=1,deepseek,ID,3,3,9,140,False,6,0,
rank_targeted_swap,AsymAgentMark-TK targeted rank swap b=1,deepseek,ID,3,3,10,140,False,3,0,
rank_targeted_swap,AsymAgentMark-TK targeted rank swap b=1,deepseek,ID,3,3,11,140,False,12,1,01011010
rank_targeted_swap,AsymAgentMark-TK targeted rank swap b=1,deepseek,ID,3,3,12,140,False,4,0,
rank_targeted_swap,AsymAgentMark-TK targeted rank swap b=1,deepseek,ID,3,3,13,140,False,2,0,
rank_targeted_swap,AsymAgentMark-TK targeted rank swap b=1,deepseek,ID,3,3,14,140,False,2,0,
rank_targeted_swap,AsymAgentMark-TK targeted rank swap b=1,deepseek,ID,3,3,15,140,False,8,2,
rank_targeted_swap,AsymAgentMark-TK targeted rank swap b=1,deepseek,ID,3,3,16,140,False,2,0,
rank_targeted_swap,AsymAgentMark-TK targeted rank swap b=1,deepseek,ID,3,3,17,140,False,12,1,01111000
rank_targeted_swap,AsymAgentMark-TK targeted rank swap b=1,deepseek,ID,3,3,18,140,False,5,1,
rank_targeted_swap,AsymAgentMark-TK targeted rank swap b=1,deepseek,ID,3,3,19,140,False,1,0,
rank_targeted_swap,AsymAgentMark-TK targeted rank swap b=1,deepseek,ID,3,3,20,140,False,1,0,
rank_targeted_swap,AsymAgentMark-TK targeted rank swap b=1,deepseek,ID,3,3,21,140,False,5,0,
rank_targeted_swap,AsymAgentMark-TK targeted rank swap b=1,deepseek,ID,3,3,22,140,False,7,0,
rank_targeted_swap,AsymAgentMark-TK targeted rank swap b=1,deepseek,ID,3,3,23,140,False,1,0,
rank_targeted_swap,AsymAgentMark-TK targeted rank swap b=1,deepseek,ID,3,3,24,140,False,4,0,
rank_targeted_swap,AsymAgentMark-TK targeted rank swap b=1,deepseek,ID,3,3,25,140,False,5,0,
rank_targeted_swap,AsymAgentMark-TK targeted rank swap b=1,deepseek,ID,3,3,26,140,False,6,0,
rank_targeted_swap,AsymAgentMark-TK targeted rank swap b=1,deepseek,ID,3,3,27,140,False,3,0,
rank_targeted_swap,AsymAgentMark-TK targeted rank swap b=1,deepseek,ID,3,3,28,140,False,3,1,
rank_targeted_swap,AsymAgentMark-TK targeted rank swap b=1,deepseek,ID,3,3,29,140,False,3,0,
rank_targeted_swap,AsymAgentMark-TK targeted rank swap b=1,deepseek,ID,3,3,30,140,False,4,0,
rank_targeted_swap,AsymAgentMark-TK targeted rank swap b=1,deepseek,ID,3,3,31,140,False,4,0,
rank_targeted_swap,AsymAgentMark-TK targeted rank swap b=1,deepseek,ID,3,3,32,140,False,2,0,
rank_targeted_swap,AsymAgentMark-TK targeted rank swap b=1,deepseek,ID,3,3,33,140,False,3,0,
rank_targeted_swap,AsymAgentMark-TK targeted rank swap b=1,deepseek,ID,3,3,34,140,False,7,0,
rank_targeted_swap,AsymAgentMark-TK targeted rank swap b=1,deepseek,ID,3,3,35,140,False,6,0,
rank_targeted_swap,AsymAgentMark-TK targeted rank swap b=1,deepseek,ID,3,3,36,140,False,2,1,
rank_targeted_swap,AsymAgentMark-TK targeted rank swap b=1,deepseek,ID,3,3,37,140,False,6,0,
rank_targeted_swap,AsymAgentMark-TK targeted rank swap b=1,deepseek,ID,3,3,38,140,False,4,0,
rank_targeted_swap,AsymAgentMark-TK targeted rank swap b=1,deepseek,ID,3,3,39,140,False,11,0,01100010
rank_targeted_swap,AsymAgentMark-TK targeted rank swap b=1,deepseek,ID,3,3,40,140,False,2,0,
rank_targeted_swap,AsymAgentMark-TK targeted rank swap b=1,deepseek,ID,3,3,41,140,False,1,1,
rank_targeted_swap,AsymAgentMark-TK targeted rank swap b=1,deepseek,ID,3,3,42,140,False,8,0,
rank_targeted_swap,AsymAgentMark-TK targeted rank swap b=1,deepseek,ID,3,3,43,140,False,10,2,10100000
rank_targeted_swap,AsymAgentMark-TK targeted rank swap b=1,deepseek,ID,3,3,44,140,False,3,0,
rank_targeted_swap,AsymAgentMark-TK targeted rank swap b=1,deepseek,ID,3,3,45,140,False,2,0,
rank_targeted_swap,AsymAgentMark-TK targeted rank swap b=1,deepseek,ID,3,3,46,140,False,0,0,
rank_targeted_swap,AsymAgentMark-TK targeted rank swap b=1,deepseek,ID,3,3,47,140,False,9,2,00101011
rank_targeted_swap,AsymAgentMark-TK targeted rank swap b=1,deepseek,ID,3,3,48,140,False,3,0,
rank_targeted_swap,AsymAgentMark-TK targeted rank swap b=1,deepseek,ID,3,3,49,140,False,2,1,
rank_targeted_swap,AsymAgentMark-TK targeted rank swap b=1,deepseek,ID,3,5,0,140,False,1,1,
rank_targeted_swap,AsymAgentMark-TK targeted rank swap b=1,deepseek,ID,3,5,1,140,False,2,0,
rank_targeted_swap,AsymAgentMark-TK targeted rank swap b=1,deepseek,ID,3,5,2,140,False,4,1,
rank_targeted_swap,AsymAgentMark-TK targeted rank swap b=1,deepseek,ID,3,5,3,140,False,12,1,11010101
rank_targeted_swap,AsymAgentMark-TK targeted rank swap b=1,deepseek,ID,3,5,4,140,False,8,1,01100000
rank_targeted_swap,AsymAgentMark-TK targeted rank swap b=1,deepseek,ID,3,5,5,140,False,12,3,00110101
rank_targeted_swap,AsymAgentMark-TK targeted rank swap b=1,deepseek,ID,3,5,6,140,False,10,2,
rank_targeted_swap,AsymAgentMark-TK targeted rank swap b=1,deepseek,ID,3,5,7,140,False,7,0,
rank_targeted_swap,AsymAgentMark-TK targeted rank swap b=1,deepseek,ID,3,5,8,140,False,14,0,11011100
rank_targeted_swap,AsymAgentMark-TK targeted rank swap b=1,deepseek,ID,3,5,9,140,False,5,0,
rank_targeted_swap,AsymAgentMark-TK targeted rank swap b=1,deepseek,ID,3,5,10,140,False,6,1,
rank_targeted_swap,AsymAgentMark-TK targeted rank swap b=1,deepseek,ID,3,5,11,140,False,6,1,
rank_targeted_swap,AsymAgentMark-TK targeted rank swap b=1,deepseek,ID,3,5,12,140,False,6,0,
rank_targeted_swap,AsymAgentMark-TK targeted rank swap b=1,deepseek,ID,3,5,13,140,False,1,1,
rank_targeted_swap,AsymAgentMark-TK targeted rank swap b=1,deepseek,ID,3,5,14,140,False,5,0,
rank_targeted_swap,AsymAgentMark-TK targeted rank swap b=1,deepseek,ID,3,5,15,140,False,4,0,
rank_targeted_swap,AsymAgentMark-TK targeted rank swap b=1,deepseek,ID,3,5,16,140,False,9,2,00100101
rank_targeted_swap,AsymAgentMark-TK targeted rank swap b=1,deepseek,ID,3,5,17,140,False,8,1,
rank_targeted_swap,AsymAgentMark-TK targeted rank swap b=1,deepseek,ID,3,5,18,140,False,5,0,
rank_targeted_swap,AsymAgentMark-TK targeted rank swap b=1,deepseek,ID,3,5,19,140,False,2,2,
rank_targeted_swap,AsymAgentMark-TK targeted rank swap b=1,deepseek,ID,3,5,20,140,False,8,1,
rank_targeted_swap,AsymAgentMark-TK targeted rank swap b=1,deepseek,ID,3,5,21,140,False,3,0,
rank_targeted_swap,AsymAgentMark-TK targeted rank swap b=1,deepseek,ID,3,5,22,140,False,5,0,
rank_targeted_swap,AsymAgentMark-TK targeted rank swap b=1,deepseek,ID,3,5,23,140,False,5,1,
rank_targeted_swap,AsymAgentMark-TK targeted rank swap b=1,deepseek,ID,3,5,24,140,False,8,1,
rank_targeted_swap,AsymAgentMark-TK targeted rank swap b=1,deepseek,ID,3,5,25,140,False,10,0,10001111
rank_targeted_swap,AsymAgentMark-TK targeted rank swap b=1,deepseek,ID,3,5,26,140,False,8,0,
rank_targeted_swap,AsymAgentMark-TK targeted rank swap b=1,deepseek,ID,3,5,27,140,False,11,0,11101010
rank_targeted_swap,AsymAgentMark-TK targeted rank swap b=1,deepseek,ID,3,5,28,140,False,13,1,11011100
rank_targeted_swap,AsymAgentMark-TK targeted rank swap b=1,deepseek,ID,3,5,29,140,False,9,0,00011111
rank_targeted_swap,AsymAgentMark-TK targeted rank swap b=1,deepseek,ID,3,5,30,140,False,9,3,01010110
rank_targeted_swap,AsymAgentMark-TK targeted rank swap b=1,deepseek,ID,3,5,31,140,False,7,2,
rank_targeted_swap,AsymAgentMark-TK targeted rank swap b=1,deepseek,ID,3,5,32,140,False,7,3,
rank_targeted_swap,AsymAgentMark-TK targeted rank swap b=1,deepseek,ID,3,5,33,140,False,3,0,
rank_targeted_swap,AsymAgentMark-TK targeted rank swap b=1,deepseek,ID,3,5,34,140,False,7,2,
rank_targeted_swap,AsymAgentMark-TK targeted rank swap b=1,deepseek,ID,3,5,35,140,False,1,1,
rank_targeted_swap,AsymAgentMark-TK targeted rank swap b=1,deepseek,ID,3,5,36,140,False,10,0,11110001
rank_targeted_swap,AsymAgentMark-TK targeted rank swap b=1,deepseek,ID,3,5,37,140,False,10,2,
rank_targeted_swap,AsymAgentMark-TK targeted rank swap b=1,deepseek,ID,3,5,38,140,False,10,0,
rank_targeted_swap,AsymAgentMark-TK targeted rank swap b=1,deepseek,ID,3,5,39,140,False,6,3,
rank_targeted_swap,AsymAgentMark-TK targeted rank swap b=1,deepseek,ID,3,5,40,140,False,7,0,
rank_targeted_swap,AsymAgentMark-TK targeted rank swap b=1,deepseek,ID,3,5,41,140,False,3,1,
rank_targeted_swap,AsymAgentMark-TK targeted rank swap b=1,deepseek,ID,3,5,42,140,False,7,1,
rank_targeted_swap,AsymAgentMark-TK targeted rank swap b=1,deepseek,ID,3,5,43,140,False,9,1,11110001
rank_targeted_swap,AsymAgentMark-TK targeted rank swap b=1,deepseek,ID,3,5,44,140,False,10,2,00000111
rank_targeted_swap,AsymAgentMark-TK targeted rank swap b=1,deepseek,ID,3,5,45,140,False,8,0,
rank_targeted_swap,AsymAgentMark-TK targeted rank swap b=1,deepseek,ID,3,5,46,140,False,9,0,00011000
rank_targeted_swap,AsymAgentMark-TK targeted rank swap b=1,deepseek,ID,3,5,47,140,False,12,2,01000111
rank_targeted_swap,AsymAgentMark-TK targeted rank swap b=1,deepseek,ID,3,5,48,140,False,5,0,
rank_targeted_swap,AsymAgentMark-TK targeted rank swap b=1,deepseek,ID,3,5,49,140,False,8,3,
rank_targeted_swap,AsymAgentMark-TK targeted rank swap b=1,deepseek,ID,3,8,0,140,False,5,1,
rank_targeted_swap,AsymAgentMark-TK targeted rank swap b=1,deepseek,ID,3,8,1,140,False,9,1,
rank_targeted_swap,AsymAgentMark-TK targeted rank swap b=1,deepseek,ID,3,8,2,140,False,10,2,10110000
rank_targeted_swap,AsymAgentMark-TK targeted rank swap b=1,deepseek,ID,3,8,3,140,False,4,0,
rank_targeted_swap,AsymAgentMark-TK targeted rank swap b=1,deepseek,ID,3,8,4,140,False,10,2,11000001
rank_targeted_swap,AsymAgentMark-TK targeted rank swap b=1,deepseek,ID,3,8,5,140,False,7,2,
rank_targeted_swap,AsymAgentMark-TK targeted rank swap b=1,deepseek,ID,3,8,6,140,False,15,3,00010001
rank_targeted_swap,AsymAgentMark-TK targeted rank swap b=1,deepseek,ID,3,8,7,140,True,11,5,11001101
rank_targeted_swap,AsymAgentMark-TK targeted rank swap b=1,deepseek,ID,3,8,8,140,False,3,0,
rank_targeted_swap,AsymAgentMark-TK targeted rank swap b=1,deepseek,ID,3,8,9,140,False,12,3,11010001
rank_targeted_swap,AsymAgentMark-TK targeted rank swap b=1,deepseek,ID,3,8,10,140,False,11,1,
rank_targeted_swap,AsymAgentMark-TK targeted rank swap b=1,deepseek,ID,3,8,11,140,False,14,1,10110111
rank_targeted_swap,AsymAgentMark-TK targeted rank swap b=1,deepseek,ID,3,8,12,140,False,8,5,
rank_targeted_swap,AsymAgentMark-TK targeted rank swap b=1,deepseek,ID,3,8,13,140,False,6,0,
rank_targeted_swap,AsymAgentMark-TK targeted rank swap b=1,deepseek,ID,3,8,14,140,False,12,7,01000111
rank_targeted_swap,AsymAgentMark-TK targeted rank swap b=1,deepseek,ID,3,8,15,140,False,12,3,01000101
rank_targeted_swap,AsymAgentMark-TK targeted rank swap b=1,deepseek,ID,3,8,16,140,False,16,4,11011010
rank_targeted_swap,AsymAgentMark-TK targeted rank swap b=1,deepseek,ID,3,8,17,140,False,11,4,11100100
rank_targeted_swap,AsymAgentMark-TK targeted rank swap b=1,deepseek,ID,3,8,18,140,False,10,3,11101011
rank_targeted_swap,AsymAgentMark-TK targeted rank swap b=1,deepseek,ID,3,8,19,140,False,2,2,
rank_targeted_swap,AsymAgentMark-TK targeted rank swap b=1,deepseek,ID,3,8,20,140,False,13,1,01100010
rank_targeted_swap,AsymAgentMark-TK targeted rank swap b=1,deepseek,ID,3,8,21,140,False,7,4,
rank_targeted_swap,AsymAgentMark-TK targeted rank swap b=1,deepseek,ID,3,8,22,140,False,12,4,11001010
rank_targeted_swap,AsymAgentMark-TK targeted rank swap b=1,deepseek,ID,3,8,23,140,False,5,4,
rank_targeted_swap,AsymAgentMark-TK targeted rank swap b=1,deepseek,ID,3,8,24,140,False,7,1,
rank_targeted_swap,AsymAgentMark-TK targeted rank swap b=1,deepseek,ID,3,8,25,140,False,13,1,10111011
rank_targeted_swap,AsymAgentMark-TK targeted rank swap b=1,deepseek,ID,3,8,26,140,False,3,2,
rank_targeted_swap,AsymAgentMark-TK targeted rank swap b=1,deepseek,ID,3,8,27,140,False,7,3,
rank_targeted_swap,AsymAgentMark-TK targeted rank swap b=1,deepseek,ID,3,8,28,140,False,13,0,00100110
rank_targeted_swap,AsymAgentMark-TK targeted rank swap b=1,deepseek,ID,3,8,29,140,False,13,6,00011100
rank_targeted_swap,AsymAgentMark-TK targeted rank swap b=1,deepseek,ID,3,8,30,140,False,10,3,10000001
rank_targeted_swap,AsymAgentMark-TK targeted rank swap b=1,deepseek,ID,3,8,31,140,False,6,2,
rank_targeted_swap,AsymAgentMark-TK targeted rank swap b=1,deepseek,ID,3,8,32,140,False,6,1,
rank_targeted_swap,AsymAgentMark-TK targeted rank swap b=1,deepseek,ID,3,8,33,140,False,12,1,10101010
rank_targeted_swap,AsymAgentMark-TK targeted rank swap b=1,deepseek,ID,3,8,34,140,False,15,3,11101100
rank_targeted_swap,AsymAgentMark-TK targeted rank swap b=1,deepseek,ID,3,8,35,140,False,10,3,00111010
rank_targeted_swap,AsymAgentMark-TK targeted rank swap b=1,deepseek,ID,3,8,36,140,False,10,6,
rank_targeted_swap,AsymAgentMark-TK targeted rank swap b=1,deepseek,ID,3,8,37,140,False,8,3,
rank_targeted_swap,AsymAgentMark-TK targeted rank swap b=1,deepseek,ID,3,8,38,140,False,6,1,
rank_targeted_swap,AsymAgentMark-TK targeted rank swap b=1,deepseek,ID,3,8,39,140,False,11,2,11000111
rank_targeted_swap,AsymAgentMark-TK targeted rank swap b=1,deepseek,ID,3,8,40,140,False,11,3,01000011
rank_targeted_swap,AsymAgentMark-TK targeted rank swap b=1,deepseek,ID,3,8,41,140,False,12,6,00010000
rank_targeted_swap,AsymAgentMark-TK targeted rank swap b=1,deepseek,ID,3,8,42,140,False,10,4,10101001
rank_targeted_swap,AsymAgentMark-TK targeted rank swap b=1,deepseek,ID,3,8,43,140,False,13,0,01010001
rank_targeted_swap,AsymAgentMark-TK targeted rank swap b=1,deepseek,ID,3,8,44,140,False,13,5,11100110
rank_targeted_swap,AsymAgentMark-TK targeted rank swap b=1,deepseek,ID,3,8,45,140,False,9,3,10010100
rank_targeted_swap,AsymAgentMark-TK targeted rank swap b=1,deepseek,ID,3,8,46,140,False,4,2,
rank_targeted_swap,AsymAgentMark-TK targeted rank swap b=1,deepseek,ID,3,8,47,140,False,8,1,
rank_targeted_swap,AsymAgentMark-TK targeted rank swap b=1,deepseek,ID,3,8,48,140,False,9,2,
rank_targeted_swap,AsymAgentMark-TK targeted rank swap b=1,deepseek,ID,3,8,49,140,False,11,4,10101100
rank_targeted_swap,AsymAgentMark-TK targeted rank swap b=1,deepseek,ID,3,10,0,140,False,17,5,10010110
rank_targeted_swap,AsymAgentMark-TK targeted rank swap b=1,deepseek,ID,3,10,1,140,False,13,0,01000101
rank_targeted_swap,AsymAgentMark-TK targeted rank swap b=1,deepseek,ID,3,10,2,140,False,1,1,
rank_targeted_swap,AsymAgentMark-TK targeted rank swap b=1,deepseek,ID,3,10,3,140,False,12,6,11111100
rank_targeted_swap,AsymAgentMark-TK targeted rank swap b=1,deepseek,ID,3,10,4,140,False,5,2,
rank_targeted_swap,AsymAgentMark-TK targeted rank swap b=1,deepseek,ID,3,10,5,140,False,14,5,01000100
rank_targeted_swap,AsymAgentMark-TK targeted rank swap b=1,deepseek,ID,3,10,6,140,False,16,7,00100101
rank_targeted_swap,AsymAgentMark-TK targeted rank swap b=1,deepseek,ID,3,10,7,140,False,6,3,
rank_targeted_swap,AsymAgentMark-TK targeted rank swap b=1,deepseek,ID,3,10,8,140,False,10,7,
rank_targeted_swap,AsymAgentMark-TK targeted rank swap b=1,deepseek,ID,3,10,9,140,False,13,1,11001011
rank_targeted_swap,AsymAgentMark-TK targeted rank swap b=1,deepseek,ID,3,10,10,140,False,13,6,11011101
rank_targeted_swap,AsymAgentMark-TK targeted rank swap b=1,deepseek,ID,3,10,11,140,False,7,5,
rank_targeted_swap,AsymAgentMark-TK targeted rank swap b=1,deepseek,ID,3,10,12,140,False,2,2,
rank_targeted_swap,AsymAgentMark-TK targeted rank swap b=1,deepseek,ID,3,10,13,140,False,9,3,
rank_targeted_swap,AsymAgentMark-TK targeted rank swap b=1,deepseek,ID,3,10,14,140,False,8,2,
rank_targeted_swap,AsymAgentMark-TK targeted rank swap b=1,deepseek,ID,3,10,15,140,False,14,3,10100000
rank_targeted_swap,AsymAgentMark-TK targeted rank swap b=1,deepseek,ID,3,10,16,140,False,13,3,10010110
rank_targeted_swap,AsymAgentMark-TK targeted rank swap b=1,deepseek,ID,3,10,17,140,False,11,2,11110001
rank_targeted_swap,AsymAgentMark-TK targeted rank swap b=1,deepseek,ID,3,10,18,140,False,4,2,
rank_targeted_swap,AsymAgentMark-TK targeted rank swap b=1,deepseek,ID,3,10,19,140,False,9,4,
rank_targeted_swap,AsymAgentMark-TK targeted rank swap b=1,deepseek,ID,3,10,20,140,False,14,5,10011100
rank_targeted_swap,AsymAgentMark-TK targeted rank swap b=1,deepseek,ID,3,10,21,140,False,9,5,
rank_targeted_swap,AsymAgentMark-TK targeted rank swap b=1,deepseek,ID,3,10,22,140,False,16,1,01111101
rank_targeted_swap,AsymAgentMark-TK targeted rank swap b=1,deepseek,ID,3,10,23,140,False,14,1,10001101
rank_targeted_swap,AsymAgentMark-TK targeted rank swap b=1,deepseek,ID,3,10,24,140,False,5,2,
rank_targeted_swap,AsymAgentMark-TK targeted rank swap b=1,deepseek,ID,3,10,25,140,False,2,1,
rank_targeted_swap,AsymAgentMark-TK targeted rank swap b=1,deepseek,ID,3,10,26,140,False,17,3,11010101
rank_targeted_swap,AsymAgentMark-TK targeted rank swap b=1,deepseek,ID,3,10,27,140,False,14,6,00100101
rank_targeted_swap,AsymAgentMark-TK targeted rank swap b=1,deepseek,ID,3,10,28,140,False,11,6,10101001
rank_targeted_swap,AsymAgentMark-TK targeted rank swap b=1,deepseek,ID,3,10,29,140,False,4,2,
rank_targeted_swap,AsymAgentMark-TK targeted rank swap b=1,deepseek,ID,3,10,30,140,False,12,2,10001100
rank_targeted_swap,AsymAgentMark-TK targeted rank swap b=1,deepseek,ID,3,10,31,140,False,15,2,11100111
rank_targeted_swap,AsymAgentMark-TK targeted rank swap b=1,deepseek,ID,3,10,32,140,False,8,2,
rank_targeted_swap,AsymAgentMark-TK targeted rank swap b=1,deepseek,ID,3,10,33,140,False,11,5,00011010
rank_targeted_swap,AsymAgentMark-TK targeted rank swap b=1,deepseek,ID,3,10,34,140,False,15,2,01001000
rank_targeted_swap,AsymAgentMark-TK targeted rank swap b=1,deepseek,ID,3,10,35,140,False,10,5,
rank_targeted_swap,AsymAgentMark-TK targeted rank swap b=1,deepseek,ID,3,10,36,140,False,2,5,
rank_targeted_swap,AsymAgentMark-TK targeted rank swap b=1,deepseek,ID,3,10,37,140,False,11,7,00111110
rank_targeted_swap,AsymAgentMark-TK targeted rank swap b=1,deepseek,ID,3,10,38,140,False,6,4,
rank_targeted_swap,AsymAgentMark-TK targeted rank swap b=1,deepseek,ID,3,10,39,140,False,8,0,
rank_targeted_swap,AsymAgentMark-TK targeted rank swap b=1,deepseek,ID,3,10,40,140,False,3,4,
rank_targeted_swap,AsymAgentMark-TK targeted rank swap b=1,deepseek,ID,3,10,41,140,False,12,1,00010001
rank_targeted_swap,AsymAgentMark-TK targeted rank swap b=1,deepseek,ID,3,10,42,140,False,13,3,10011001
rank_targeted_swap,AsymAgentMark-TK targeted rank swap b=1,deepseek,ID,3,10,43,140,False,10,1,
rank_targeted_swap,AsymAgentMark-TK targeted rank swap b=1,deepseek,ID,3,10,44,140,False,7,3,
rank_targeted_swap,AsymAgentMark-TK targeted rank swap b=1,deepseek,ID,3,10,45,140,False,9,2,11111010
rank_targeted_swap,AsymAgentMark-TK targeted rank swap b=1,deepseek,ID,3,10,46,140,False,13,4,11101100
rank_targeted_swap,AsymAgentMark-TK targeted rank swap b=1,deepseek,ID,3,10,47,140,False,6,1,
rank_targeted_swap,AsymAgentMark-TK targeted rank swap b=1,deepseek,ID,3,10,48,140,False,15,3,11001010
rank_targeted_swap,AsymAgentMark-TK targeted rank swap b=1,deepseek,ID,3,10,49,140,False,16,1,00011111
rank_targeted_swap,AsymAgentMark-TK targeted rank swap b=1,deepseek,ID,3,15,0,140,False,14,5,10101100
rank_targeted_swap,AsymAgentMark-TK targeted rank swap b=1,deepseek,ID,3,15,1,140,False,14,4,11110100
rank_targeted_swap,AsymAgentMark-TK targeted rank swap b=1,deepseek,ID,3,15,2,140,False,10,6,10101001
rank_targeted_swap,AsymAgentMark-TK targeted rank swap b=1,deepseek,ID,3,15,3,140,False,11,7,10010101
rank_targeted_swap,AsymAgentMark-TK targeted rank swap b=1,deepseek,ID,3,15,4,140,False,6,3,
rank_targeted_swap,AsymAgentMark-TK targeted rank swap b=1,deepseek,ID,3,15,5,140,False,12,3,01010111
rank_targeted_swap,AsymAgentMark-TK targeted rank swap b=1,deepseek,ID,3,15,6,140,False,10,6,00011100
rank_targeted_swap,AsymAgentMark-TK targeted rank swap b=1,deepseek,ID,3,15,7,140,False,17,3,00010000
rank_targeted_swap,AsymAgentMark-TK targeted rank swap b=1,deepseek,ID,3,15,8,140,False,10,12,01111000
rank_targeted_swap,AsymAgentMark-TK targeted rank swap b=1,deepseek,ID,3,15,9,140,False,12,6,10110001
rank_targeted_swap,AsymAgentMark-TK targeted rank swap b=1,deepseek,ID,3,15,10,140,False,14,8,10011100
rank_targeted_swap,AsymAgentMark-TK targeted rank swap b=1,deepseek,ID,3,15,11,140,False,13,4,01110001
rank_targeted_swap,AsymAgentMark-TK targeted rank swap b=1,deepseek,ID,3,15,12,140,False,19,4,11010011
rank_targeted_swap,AsymAgentMark-TK targeted rank swap b=1,deepseek,ID,3,15,13,140,False,12,6,10010011
rank_targeted_swap,AsymAgentMark-TK targeted rank swap b=1,deepseek,ID,3,15,14,140,False,17,4,11000001
rank_targeted_swap,AsymAgentMark-TK targeted rank swap b=1,deepseek,ID,3,15,15,140,False,13,11,00001001
rank_targeted_swap,AsymAgentMark-TK targeted rank swap b=1,deepseek,ID,3,15,16,140,False,11,5,11110001
rank_targeted_swap,AsymAgentMark-TK targeted rank swap b=1,deepseek,ID,3,15,17,140,False,11,6,01011110
rank_targeted_swap,AsymAgentMark-TK targeted rank swap b=1,deepseek,ID,3,15,18,140,False,11,10,
rank_targeted_swap,AsymAgentMark-TK targeted rank swap b=1,deepseek,ID,3,15,19,140,False,11,8,
rank_targeted_swap,AsymAgentMark-TK targeted rank swap b=1,deepseek,ID,3,15,20,140,False,8,8,
rank_targeted_swap,AsymAgentMark-TK targeted rank swap b=1,deepseek,ID,3,15,21,140,False,9,1,01011110
rank_targeted_swap,AsymAgentMark-TK targeted rank swap b=1,deepseek,ID,3,15,22,140,False,8,4,00110010
rank_targeted_swap,AsymAgentMark-TK targeted rank swap b=1,deepseek,ID,3,15,23,140,False,8,6,11001011
rank_targeted_swap,AsymAgentMark-TK targeted rank swap b=1,deepseek,ID,3,15,24,140,False,11,2,10101111
rank_targeted_swap,AsymAgentMark-TK targeted rank swap b=1,deepseek,ID,3,15,25,140,False,14,3,01100110
rank_targeted_swap,AsymAgentMark-TK targeted rank swap b=1,deepseek,ID,3,15,26,140,False,10,5,00011101
rank_targeted_swap,AsymAgentMark-TK targeted rank swap b=1,deepseek,ID,3,15,27,140,False,11,8,
rank_targeted_swap,AsymAgentMark-TK targeted rank swap b=1,deepseek,ID,3,15,28,140,False,12,10,00100000
rank_targeted_swap,AsymAgentMark-TK targeted rank swap b=1,deepseek,ID,3,15,29,140,False,7,5,
rank_targeted_swap,AsymAgentMark-TK targeted rank swap b=1,deepseek,ID,3,15,30,140,False,15,5,01010010
rank_targeted_swap,AsymAgentMark-TK targeted rank swap b=1,deepseek,ID,3,15,31,140,False,16,3,10101000
rank_targeted_swap,AsymAgentMark-TK targeted rank swap b=1,deepseek,ID,3,15,32,140,False,12,8,00010110
rank_targeted_swap,AsymAgentMark-TK targeted rank swap b=1,deepseek,ID,3,15,33,140,False,13,7,10100101
rank_targeted_swap,AsymAgentMark-TK targeted rank swap b=1,deepseek,ID,3,15,34,140,False,7,7,
rank_targeted_swap,AsymAgentMark-TK targeted rank swap b=1,deepseek,ID,3,15,35,140,False,10,2,01100111
rank_targeted_swap,AsymAgentMark-TK targeted rank swap b=1,deepseek,ID,3,15,36,140,False,13,6,11111000
rank_targeted_swap,AsymAgentMark-TK targeted rank swap b=1,deepseek,ID,3,15,37,140,False,11,6,01000101
rank_targeted_swap,AsymAgentMark-TK targeted rank swap b=1,deepseek,ID,3,15,38,140,False,15,6,00100000
rank_targeted_swap,AsymAgentMark-TK targeted rank swap b=1,deepseek,ID,3,15,39,140,False,11,6,11010011
rank_targeted_swap,AsymAgentMark-TK targeted rank swap b=1,deepseek,ID,3,15,40,140,False,8,6,
rank_targeted_swap,AsymAgentMark-TK targeted rank swap b=1,deepseek,ID,3,15,41,140,False,14,4,01011001
rank_targeted_swap,AsymAgentMark-TK targeted rank swap b=1,deepseek,ID,3,15,42,140,False,15,0,11101010
rank_targeted_swap,AsymAgentMark-TK targeted rank swap b=1,deepseek,ID,3,15,43,140,False,11,4,10110101
rank_targeted_swap,AsymAgentMark-TK targeted rank swap b=1,deepseek,ID,3,15,44,140,False,12,9,10001000
rank_targeted_swap,AsymAgentMark-TK targeted rank swap b=1,deepseek,ID,3,15,45,140,False,10,8,11000001
rank_targeted_swap,AsymAgentMark-TK targeted rank swap b=1,deepseek,ID,3,15,46,140,False,6,3,
rank_targeted_swap,AsymAgentMark-TK targeted rank swap b=1,deepseek,ID,3,15,47,140,False,13,6,00111011
rank_targeted_swap,AsymAgentMark-TK targeted rank swap b=1,deepseek,ID,3,15,48,140,False,16,3,01101100
rank_targeted_swap,AsymAgentMark-TK targeted rank swap b=1,deepseek,ID,3,15,49,140,False,13,1,01010000
rank_targeted_swap,AsymAgentMark-TK targeted rank swap b=1,deepseek,ID,3,20,0,140,False,16,1,11010011
rank_targeted_swap,AsymAgentMark-TK targeted rank swap b=1,deepseek,ID,3,20,1,140,False,7,5,
rank_targeted_swap,AsymAgentMark-TK targeted rank swap b=1,deepseek,ID,3,20,2,140,False,7,7,
rank_targeted_swap,AsymAgentMark-TK targeted rank swap b=1,deepseek,ID,3,20,3,140,False,11,10,11000001
rank_targeted_swap,AsymAgentMark-TK targeted rank swap b=1,deepseek,ID,3,20,4,140,False,12,6,10101100
rank_targeted_swap,AsymAgentMark-TK targeted rank swap b=1,deepseek,ID,3,20,5,140,False,14,9,10010011
rank_targeted_swap,AsymAgentMark-TK targeted rank swap b=1,deepseek,ID,3,20,6,140,False,13,8,00100000
rank_targeted_swap,AsymAgentMark-TK targeted rank swap b=1,deepseek,ID,3,20,7,140,False,9,7,11101111
rank_targeted_swap,AsymAgentMark-TK targeted rank swap b=1,deepseek,ID,3,20,8,140,False,9,5,10101001
rank_targeted_swap,AsymAgentMark-TK targeted rank swap b=1,deepseek,ID,3,20,9,140,False,10,9,00100000
rank_targeted_swap,AsymAgentMark-TK targeted rank swap b=1,deepseek,ID,3,20,10,140,False,8,8,
rank_targeted_swap,AsymAgentMark-TK targeted rank swap b=1,deepseek,ID,3,20,11,140,False,13,10,11001011
rank_targeted_swap,AsymAgentMark-TK targeted rank swap b=1,deepseek,ID,3,20,12,140,False,11,8,
rank_targeted_swap,AsymAgentMark-TK targeted rank swap b=1,deepseek,ID,3,20,13,140,False,12,8,01001100
rank_targeted_swap,AsymAgentMark-TK targeted rank swap b=1,deepseek,ID,3,20,14,140,False,6,4,
rank_targeted_swap,AsymAgentMark-TK targeted rank swap b=1,deepseek,ID,3,20,15,140,False,11,6,
rank_targeted_swap,AsymAgentMark-TK targeted rank swap b=1,deepseek,ID,3,20,16,140,False,6,5,
rank_targeted_swap,AsymAgentMark-TK targeted rank swap b=1,deepseek,ID,3,20,17,140,False,8,14,
rank_targeted_swap,AsymAgentMark-TK targeted rank swap b=1,deepseek,ID,3,20,18,140,False,15,5,11100101
rank_targeted_swap,AsymAgentMark-TK targeted rank swap b=1,deepseek,ID,3,20,19,140,False,12,7,
rank_targeted_swap,AsymAgentMark-TK targeted rank swap b=1,deepseek,ID,3,20,20,140,False,11,8,
rank_targeted_swap,AsymAgentMark-TK targeted rank swap b=1,deepseek,ID,3,20,21,140,False,7,6,
rank_targeted_swap,AsymAgentMark-TK targeted rank swap b=1,deepseek,ID,3,20,22,140,False,8,10,11101011
rank_targeted_swap,AsymAgentMark-TK targeted rank swap b=1,deepseek,ID,3,20,23,140,False,12,6,01100100
rank_targeted_swap,AsymAgentMark-TK targeted rank swap b=1,deepseek,ID,3,20,24,140,False,10,7,
rank_targeted_swap,AsymAgentMark-TK targeted rank swap b=1,deepseek,ID,3,20,25,140,False,11,10,01000111
rank_targeted_swap,AsymAgentMark-TK targeted rank swap b=1,deepseek,ID,3,20,26,140,False,9,4,11100000
rank_targeted_swap,AsymAgentMark-TK targeted rank swap b=1,deepseek,ID,3,20,27,140,False,4,5,
rank_targeted_swap,AsymAgentMark-TK targeted rank swap b=1,deepseek,ID,3,20,28,140,False,15,9,00100000
rank_targeted_swap,AsymAgentMark-TK targeted rank swap b=1,deepseek,ID,3,20,29,140,False,9,5,10011010
rank_targeted_swap,AsymAgentMark-TK targeted rank swap b=1,deepseek,ID,3,20,30,140,False,11,10,01110010
rank_targeted_swap,AsymAgentMark-TK targeted rank swap b=1,deepseek,ID,3,20,31,140,False,6,10,
rank_targeted_swap,AsymAgentMark-TK targeted rank swap b=1,deepseek,ID,3,20,32,140,False,8,12,
rank_targeted_swap,AsymAgentMark-TK targeted rank swap b=1,deepseek,ID,3,20,33,140,False,9,10,10011000
rank_targeted_swap,AsymAgentMark-TK targeted rank swap b=1,deepseek,ID,3,20,34,140,False,14,6,01011100
rank_targeted_swap,AsymAgentMark-TK targeted rank swap b=1,deepseek,ID,3,20,35,140,False,13,3,01010010
rank_targeted_swap,AsymAgentMark-TK targeted rank swap b=1,deepseek,ID,3,20,36,140,False,7,8,
rank_targeted_swap,AsymAgentMark-TK targeted rank swap b=1,deepseek,ID,3,20,37,140,False,9,7,
rank_targeted_swap,AsymAgentMark-TK targeted rank swap b=1,deepseek,ID,3,20,38,140,False,13,6,11111011
rank_targeted_swap,AsymAgentMark-TK targeted rank swap b=1,deepseek,ID,3,20,39,140,False,11,3,11110101
rank_targeted_swap,AsymAgentMark-TK targeted rank swap b=1,deepseek,ID,3,20,40,140,False,15,7,11001011
rank_targeted_swap,AsymAgentMark-TK targeted rank swap b=1,deepseek,ID,3,20,41,140,False,8,9,
rank_targeted_swap,AsymAgentMark-TK targeted rank swap b=1,deepseek,ID,3,20,42,140,False,11,8,01011100
rank_targeted_swap,AsymAgentMark-TK targeted rank swap b=1,deepseek,ID,3,20,43,140,False,7,6,
rank_targeted_swap,AsymAgentMark-TK targeted rank swap b=1,deepseek,ID,3,20,44,140,False,13,9,00011001
rank_targeted_swap,AsymAgentMark-TK targeted rank swap b=1,deepseek,ID,3,20,45,140,False,9,5,10011000
rank_targeted_swap,AsymAgentMark-TK targeted rank swap b=1,deepseek,ID,3,20,46,140,False,9,4,00100000
rank_targeted_swap,AsymAgentMark-TK targeted rank swap b=1,deepseek,ID,3,20,47,140,False,13,7,00010000
rank_targeted_swap,AsymAgentMark-TK targeted rank swap b=1,deepseek,ID,3,20,48,140,False,5,11,
rank_targeted_swap,AsymAgentMark-TK targeted rank swap b=1,deepseek,ID,3,20,49,140,False,9,10,
rank_targeted_swap,AsymAgentMark-TK targeted rank swap b=1,deepseek,ID,3,30,0,140,False,9,10,00000001
rank_targeted_swap,AsymAgentMark-TK targeted rank swap b=1,deepseek,ID,3,30,1,140,False,10,5,11100010
rank_targeted_swap,AsymAgentMark-TK targeted rank swap b=1,deepseek,ID,3,30,2,140,False,12,9,11110111
rank_targeted_swap,AsymAgentMark-TK targeted rank swap b=1,deepseek,ID,3,30,3,140,False,10,15,01011100
rank_targeted_swap,AsymAgentMark-TK targeted rank swap b=1,deepseek,ID,3,30,4,140,False,11,6,01101011
rank_targeted_swap,AsymAgentMark-TK targeted rank swap b=1,deepseek,ID,3,30,5,140,False,9,9,
rank_targeted_swap,AsymAgentMark-TK targeted rank swap b=1,deepseek,ID,3,30,6,140,False,9,13,11010010
rank_targeted_swap,AsymAgentMark-TK targeted rank swap b=1,deepseek,ID,3,30,7,140,False,10,8,10101111
rank_targeted_swap,AsymAgentMark-TK targeted rank swap b=1,deepseek,ID,3,30,8,140,False,13,9,01111101
rank_targeted_swap,AsymAgentMark-TK targeted rank swap b=1,deepseek,ID,3,30,9,140,False,12,10,00100011
rank_targeted_swap,AsymAgentMark-TK targeted rank swap b=1,deepseek,ID,3,30,10,140,False,15,10,01101001
rank_targeted_swap,AsymAgentMark-TK targeted rank swap b=1,deepseek,ID,3,30,11,140,False,8,6,
rank_targeted_swap,AsymAgentMark-TK targeted rank swap b=1,deepseek,ID,3,30,12,140,False,8,13,
rank_targeted_swap,AsymAgentMark-TK targeted rank swap b=1,deepseek,ID,3,30,13,140,False,11,13,00001101
rank_targeted_swap,AsymAgentMark-TK targeted rank swap b=1,deepseek,ID,3,30,14,140,False,6,10,
rank_targeted_swap,AsymAgentMark-TK targeted rank swap b=1,deepseek,ID,3,30,15,140,False,9,16,
rank_targeted_swap,AsymAgentMark-TK targeted rank swap b=1,deepseek,ID,3,30,16,140,False,16,9,11010101
rank_targeted_swap,AsymAgentMark-TK targeted rank swap b=1,deepseek,ID,3,30,17,140,False,11,12,11110010
rank_targeted_swap,AsymAgentMark-TK targeted rank swap b=1,deepseek,ID,3,30,18,140,False,9,13,
rank_targeted_swap,AsymAgentMark-TK targeted rank swap b=1,deepseek,ID,3,30,19,140,False,10,16,10001011
rank_targeted_swap,AsymAgentMark-TK targeted rank swap b=1,deepseek,ID,3,30,20,140,False,16,10,01011100
rank_targeted_swap,AsymAgentMark-TK targeted rank swap b=1,deepseek,ID,3,30,21,140,False,12,8,01100011
rank_targeted_swap,AsymAgentMark-TK targeted rank swap b=1,deepseek,ID,3,30,22,140,False,11,11,00100101
rank_targeted_swap,AsymAgentMark-TK targeted rank swap b=1,deepseek,ID,3,30,23,140,False,12,6,00011111
rank_targeted_swap,AsymAgentMark-TK targeted rank swap b=1,deepseek,ID,3,30,24,140,False,10,12,00100101
rank_targeted_swap,AsymAgentMark-TK targeted rank swap b=1,deepseek,ID,3,30,25,140,False,13,7,11000011
rank_targeted_swap,AsymAgentMark-TK targeted rank swap b=1,deepseek,ID,3,30,26,140,False,11,8,
rank_targeted_swap,AsymAgentMark-TK targeted rank swap b=1,deepseek,ID,3,30,27,140,False,9,13,
rank_targeted_swap,AsymAgentMark-TK targeted rank swap b=1,deepseek,ID,3,30,28,140,False,11,12,10010101
rank_targeted_swap,AsymAgentMark-TK targeted rank swap b=1,deepseek,ID,3,30,29,140,False,9,12,
rank_targeted_swap,AsymAgentMark-TK targeted rank swap b=1,deepseek,ID,3,30,30,140,False,11,14,10110000
rank_targeted_swap,AsymAgentMark-TK targeted rank swap b=1,deepseek,ID,3,30,31,140,False,10,8,10010000
rank_targeted_swap,AsymAgentMark-TK targeted rank swap b=1,deepseek,ID,3,30,32,140,False,15,10,11011010
rank_targeted_swap,AsymAgentMark-TK targeted rank swap b=1,deepseek,ID,3,30,33,140,False,12,9,00101011
rank_targeted_swap,AsymAgentMark-TK targeted rank swap b=1,deepseek,ID,3,30,34,140,False,10,9,01110010
rank_targeted_swap,AsymAgentMark-TK targeted rank swap b=1,deepseek,ID,3,30,35,140,False,9,15,01111101
rank_targeted_swap,AsymAgentMark-TK targeted rank swap b=1,deepseek,ID,3,30,36,140,False,7,9,
rank_targeted_swap,AsymAgentMark-TK targeted rank swap b=1,deepseek,ID,3,30,37,140,False,8,15,
rank_targeted_swap,AsymAgentMark-TK targeted rank swap b=1,deepseek,ID,3,30,38,140,False,10,6,10000100
rank_targeted_swap,AsymAgentMark-TK targeted rank swap b=1,deepseek,ID,3,30,39,140,False,10,13,10000000
rank_targeted_swap,AsymAgentMark-TK targeted rank swap b=1,deepseek,ID,3,30,40,140,False,8,11,
rank_targeted_swap,AsymAgentMark-TK targeted rank swap b=1,deepseek,ID,3,30,41,140,False,9,9,
rank_targeted_swap,AsymAgentMark-TK targeted rank swap b=1,deepseek,ID,3,30,42,140,False,11,9,
rank_targeted_swap,AsymAgentMark-TK targeted rank swap b=1,deepseek,ID,3,30,43,140,False,12,12,
rank_targeted_swap,AsymAgentMark-TK targeted rank swap b=1,deepseek,ID,3,30,44,140,False,8,12,11101011
rank_targeted_swap,AsymAgentMark-TK targeted rank swap b=1,deepseek,ID,3,30,45,140,False,7,10,
rank_targeted_swap,AsymAgentMark-TK targeted rank swap b=1,deepseek,ID,3,30,46,140,False,10,7,
rank_targeted_swap,AsymAgentMark-TK targeted rank swap b=1,deepseek,ID,3,30,47,140,False,8,7,
rank_targeted_swap,AsymAgentMark-TK targeted rank swap b=1,deepseek,ID,3,30,48,140,False,9,15,00111110
rank_targeted_swap,AsymAgentMark-TK targeted rank swap b=1,deepseek,ID,3,30,49,140,False,7,15,
rank_targeted_swap,AsymAgentMark-TK targeted rank swap b=1,deepseek,ID,3,50,0,140,False,14,11,00011010
rank_targeted_swap,AsymAgentMark-TK targeted rank swap b=1,deepseek,ID,3,50,1,140,False,8,17,
rank_targeted_swap,AsymAgentMark-TK targeted rank swap b=1,deepseek,ID,3,50,2,140,False,12,16,01100011
rank_targeted_swap,AsymAgentMark-TK targeted rank swap b=1,deepseek,ID,3,50,3,140,False,6,16,
rank_targeted_swap,AsymAgentMark-TK targeted rank swap b=1,deepseek,ID,3,50,4,140,False,9,17,11110000
rank_targeted_swap,AsymAgentMark-TK targeted rank swap b=1,deepseek,ID,3,50,5,140,False,7,14,
rank_targeted_swap,AsymAgentMark-TK targeted rank swap b=1,deepseek,ID,3,50,6,140,False,15,10,10111000
rank_targeted_swap,AsymAgentMark-TK targeted rank swap b=1,deepseek,ID,3,50,7,140,False,6,20,
rank_targeted_swap,AsymAgentMark-TK targeted rank swap b=1,deepseek,ID,3,50,8,140,False,6,20,
rank_targeted_swap,AsymAgentMark-TK targeted rank swap b=1,deepseek,ID,3,50,9,140,False,8,15,
rank_targeted_swap,AsymAgentMark-TK targeted rank swap b=1,deepseek,ID,3,50,10,140,False,9,17,
rank_targeted_swap,AsymAgentMark-TK targeted rank swap b=1,deepseek,ID,3,50,11,140,False,8,18,
rank_targeted_swap,AsymAgentMark-TK targeted rank swap b=1,deepseek,ID,3,50,12,140,False,8,16,
rank_targeted_swap,AsymAgentMark-TK targeted rank swap b=1,deepseek,ID,3,50,13,140,False,10,13,11011110
rank_targeted_swap,AsymAgentMark-TK targeted rank swap b=1,deepseek,ID,3,50,14,140,False,11,14,10010100
rank_targeted_swap,AsymAgentMark-TK targeted rank swap b=1,deepseek,ID,3,50,15,140,False,14,11,10001000
rank_targeted_swap,AsymAgentMark-TK targeted rank swap b=1,deepseek,ID,3,50,16,140,False,14,9,00011111
rank_targeted_swap,AsymAgentMark-TK targeted rank swap b=1,deepseek,ID,3,50,17,140,False,6,20,
rank_targeted_swap,AsymAgentMark-TK targeted rank swap b=1,deepseek,ID,3,50,18,140,False,7,17,
rank_targeted_swap,AsymAgentMark-TK targeted rank swap b=1,deepseek,ID,3,50,19,140,False,10,15,10101111
rank_targeted_swap,AsymAgentMark-TK targeted rank swap b=1,deepseek,ID,3,50,20,140,False,6,18,
rank_targeted_swap,AsymAgentMark-TK targeted rank swap b=1,deepseek,ID,3,50,21,140,False,10,14,10110010
rank_targeted_swap,AsymAgentMark-TK targeted rank swap b=1,deepseek,ID,3,50,22,140,False,8,15,
rank_targeted_swap,AsymAgentMark-TK targeted rank swap b=1,deepseek,ID,3,50,23,140,False,10,10,01000101
rank_targeted_swap,AsymAgentMark-TK targeted rank swap b=1,deepseek,ID,3,50,24,140,False,7,19,
rank_targeted_swap,AsymAgentMark-TK targeted rank swap b=1,deepseek,ID,3,50,25,140,False,11,16,10101101
rank_targeted_swap,AsymAgentMark-TK targeted rank swap b=1,deepseek,ID,3,50,26,140,False,10,18,10101001
rank_targeted_swap,AsymAgentMark-TK targeted rank swap b=1,deepseek,ID,3,50,27,140,False,8,14,
rank_targeted_swap,AsymAgentMark-TK targeted rank swap b=1,deepseek,ID,3,50,28,140,False,9,15,
rank_targeted_swap,AsymAgentMark-TK targeted rank swap b=1,deepseek,ID,3,50,29,140,False,12,12,10010110
rank_targeted_swap,AsymAgentMark-TK targeted rank swap b=1,deepseek,ID,3,50,30,140,False,8,17,11101011
rank_targeted_swap,AsymAgentMark-TK targeted rank swap b=1,deepseek,ID,3,50,31,140,False,9,17,
rank_targeted_swap,AsymAgentMark-TK targeted rank swap b=1,deepseek,ID,3,50,32,140,False,8,18,
rank_targeted_swap,AsymAgentMark-TK targeted rank swap b=1,deepseek,ID,3,50,33,140,False,9,15,01000111
rank_targeted_swap,AsymAgentMark-TK targeted rank swap b=1,deepseek,ID,3,50,34,140,False,7,19,
rank_targeted_swap,AsymAgentMark-TK targeted rank swap b=1,deepseek,ID,3,50,35,140,False,9,14,
rank_targeted_swap,AsymAgentMark-TK targeted rank swap b=1,deepseek,ID,3,50,36,140,False,13,14,10110100
rank_targeted_swap,AsymAgentMark-TK targeted rank swap b=1,deepseek,ID,3,50,37,140,False,6,18,
rank_targeted_swap,AsymAgentMark-TK targeted rank swap b=1,deepseek,ID,3,50,38,140,False,9,19,
rank_targeted_swap,AsymAgentMark-TK targeted rank swap b=1,deepseek,ID,3,50,39,140,False,7,16,
rank_targeted_swap,AsymAgentMark-TK targeted rank swap b=1,deepseek,ID,3,50,40,140,False,10,18,
rank_targeted_swap,AsymAgentMark-TK targeted rank swap b=1,deepseek,ID,3,50,41,140,False,7,16,
rank_targeted_swap,AsymAgentMark-TK targeted rank swap b=1,deepseek,ID,3,50,42,140,False,9,14,
rank_targeted_swap,AsymAgentMark-TK targeted rank swap b=1,deepseek,ID,3,50,43,140,False,9,15,01000001
rank_targeted_swap,AsymAgentMark-TK targeted rank swap b=1,deepseek,ID,3,50,44,140,False,9,19,
rank_targeted_swap,AsymAgentMark-TK targeted rank swap b=1,deepseek,ID,3,50,45,140,False,10,15,
rank_targeted_swap,AsymAgentMark-TK targeted rank swap b=1,deepseek,ID,3,50,46,140,False,11,17,00100111
rank_targeted_swap,AsymAgentMark-TK targeted rank swap b=1,deepseek,ID,3,50,47,140,False,10,14,10101001
rank_targeted_swap,AsymAgentMark-TK targeted rank swap b=1,deepseek,ID,3,50,48,140,False,10,14,01101011
rank_targeted_swap,AsymAgentMark-TK targeted rank swap b=1,deepseek,ID,3,50,49,140,False,10,15,00111110
rank_targeted_swap,AsymAgentMark-TK targeted rank swap b=1,deepseek,ID,3,80,0,140,False,10,18,
rank_targeted_swap,AsymAgentMark-TK targeted rank swap b=1,deepseek,ID,3,80,1,140,False,8,19,
rank_targeted_swap,AsymAgentMark-TK targeted rank swap b=1,deepseek,ID,3,80,2,140,False,7,18,
rank_targeted_swap,AsymAgentMark-TK targeted rank swap b=1,deepseek,ID,3,80,3,140,False,4,23,
rank_targeted_swap,AsymAgentMark-TK targeted rank swap b=1,deepseek,ID,3,80,4,140,False,8,20,
rank_targeted_swap,AsymAgentMark-TK targeted rank swap b=1,deepseek,ID,3,80,5,140,False,8,18,
rank_targeted_swap,AsymAgentMark-TK targeted rank swap b=1,deepseek,ID,3,80,6,140,False,6,17,
rank_targeted_swap,AsymAgentMark-TK targeted rank swap b=1,deepseek,ID,3,80,7,140,False,10,18,10010010
rank_targeted_swap,AsymAgentMark-TK targeted rank swap b=1,deepseek,ID,3,80,8,140,False,6,19,
rank_targeted_swap,AsymAgentMark-TK targeted rank swap b=1,deepseek,ID,3,80,9,140,False,6,18,
rank_targeted_swap,AsymAgentMark-TK targeted rank swap b=1,deepseek,ID,3,80,10,140,False,8,21,
rank_targeted_swap,AsymAgentMark-TK targeted rank swap b=1,deepseek,ID,3,80,11,140,False,9,18,
rank_targeted_swap,AsymAgentMark-TK targeted rank swap b=1,deepseek,ID,3,80,12,140,False,7,22,
rank_targeted_swap,AsymAgentMark-TK targeted rank swap b=1,deepseek,ID,3,80,13,140,False,3,22,
rank_targeted_swap,AsymAgentMark-TK targeted rank swap b=1,deepseek,ID,3,80,14,140,False,8,21,
rank_targeted_swap,AsymAgentMark-TK targeted rank swap b=1,deepseek,ID,3,80,15,140,False,4,21,
rank_targeted_swap,AsymAgentMark-TK targeted rank swap b=1,deepseek,ID,3,80,16,140,False,8,19,
rank_targeted_swap,AsymAgentMark-TK targeted rank swap b=1,deepseek,ID,3,80,17,140,False,14,13,01111110
rank_targeted_swap,AsymAgentMark-TK targeted rank swap b=1,deepseek,ID,3,80,18,140,False,7,18,
rank_targeted_swap,AsymAgentMark-TK targeted rank swap b=1,deepseek,ID,3,80,19,140,False,6,17,
rank_targeted_swap,AsymAgentMark-TK targeted rank swap b=1,deepseek,ID,3,80,20,140,False,10,18,
rank_targeted_swap,AsymAgentMark-TK targeted rank swap b=1,deepseek,ID,3,80,21,140,False,6,19,
rank_targeted_swap,AsymAgentMark-TK targeted rank swap b=1,deepseek,ID,3,80,22,140,False,12,17,00000001
rank_targeted_swap,AsymAgentMark-TK targeted rank swap b=1,deepseek,ID,3,80,23,140,False,8,19,00000101
rank_targeted_swap,AsymAgentMark-TK targeted rank swap b=1,deepseek,ID,3,80,24,140,False,8,21,
rank_targeted_swap,AsymAgentMark-TK targeted rank swap b=1,deepseek,ID,3,80,25,140,False,6,21,
rank_targeted_swap,AsymAgentMark-TK targeted rank swap b=1,deepseek,ID,3,80,26,140,False,7,20,
rank_targeted_swap,AsymAgentMark-TK targeted rank swap b=1,deepseek,ID,3,80,27,140,False,7,21,
rank_targeted_swap,AsymAgentMark-TK targeted rank swap b=1,deepseek,ID,3,80,28,140,False,10,19,00100111
rank_targeted_swap,AsymAgentMark-TK targeted rank swap b=1,deepseek,ID,3,80,29,140,False,7,19,
rank_targeted_swap,AsymAgentMark-TK targeted rank swap b=1,deepseek,ID,3,80,30,140,False,6,18,
rank_targeted_swap,AsymAgentMark-TK targeted rank swap b=1,deepseek,ID,3,80,31,140,False,9,19,
rank_targeted_swap,AsymAgentMark-TK targeted rank swap b=1,deepseek,ID,3,80,32,140,False,8,17,
rank_targeted_swap,AsymAgentMark-TK targeted rank swap b=1,deepseek,ID,3,80,33,140,False,10,19,
rank_targeted_swap,AsymAgentMark-TK targeted rank swap b=1,deepseek,ID,3,80,34,140,False,9,18,00010000
rank_targeted_swap,AsymAgentMark-TK targeted rank swap b=1,deepseek,ID,3,80,35,140,False,9,17,01110010
rank_targeted_swap,AsymAgentMark-TK targeted rank swap b=1,deepseek,ID,3,80,36,140,False,8,17,
rank_targeted_swap,AsymAgentMark-TK targeted rank swap b=1,deepseek,ID,3,80,37,140,False,8,19,
rank_targeted_swap,AsymAgentMark-TK targeted rank swap b=1,deepseek,ID,3,80,38,140,False,6,20,
rank_targeted_swap,AsymAgentMark-TK targeted rank swap b=1,deepseek,ID,3,80,39,140,False,8,18,
rank_targeted_swap,AsymAgentMark-TK targeted rank swap b=1,deepseek,ID,3,80,40,140,False,7,22,
rank_targeted_swap,AsymAgentMark-TK targeted rank swap b=1,deepseek,ID,3,80,41,140,False,8,17,10101001
rank_targeted_swap,AsymAgentMark-TK targeted rank swap b=1,deepseek,ID,3,80,42,140,False,7,21,
rank_targeted_swap,AsymAgentMark-TK targeted rank swap b=1,deepseek,ID,3,80,43,140,False,8,20,
rank_targeted_swap,AsymAgentMark-TK targeted rank swap b=1,deepseek,ID,3,80,44,140,False,11,18,01100011
rank_targeted_swap,AsymAgentMark-TK targeted rank swap b=1,deepseek,ID,3,80,45,140,False,6,20,
rank_targeted_swap,AsymAgentMark-TK targeted rank swap b=1,deepseek,ID,3,80,46,140,False,6,18,
rank_targeted_swap,AsymAgentMark-TK targeted rank swap b=1,deepseek,ID,3,80,47,140,False,9,19,
rank_targeted_swap,AsymAgentMark-TK targeted rank swap b=1,deepseek,ID,3,80,48,140,False,9,19,
rank_targeted_swap,AsymAgentMark-TK targeted rank swap b=1,deepseek,ID,3,80,49,140,False,8,18,01000101
rank_targeted_swap,AsymAgentMark-TK targeted rank swap b=1,deepseek,ID,3,100,0,140,False,6,22,
rank_targeted_swap,AsymAgentMark-TK targeted rank swap b=1,deepseek,ID,3,100,1,140,False,8,21,
rank_targeted_swap,AsymAgentMark-TK targeted rank swap b=1,deepseek,ID,3,100,2,140,False,8,20,
rank_targeted_swap,AsymAgentMark-TK targeted rank swap b=1,deepseek,ID,3,100,3,140,False,7,21,
rank_targeted_swap,AsymAgentMark-TK targeted rank swap b=1,deepseek,ID,3,100,4,140,False,6,23,
rank_targeted_swap,AsymAgentMark-TK targeted rank swap b=1,deepseek,ID,3,100,5,140,False,7,21,
rank_targeted_swap,AsymAgentMark-TK targeted rank swap b=1,deepseek,ID,3,100,6,140,False,6,22,
rank_targeted_swap,AsymAgentMark-TK targeted rank swap b=1,deepseek,ID,3,100,7,140,False,6,21,
rank_targeted_swap,AsymAgentMark-TK targeted rank swap b=1,deepseek,ID,3,100,8,140,False,9,20,
rank_targeted_swap,AsymAgentMark-TK targeted rank swap b=1,deepseek,ID,3,100,9,140,False,8,21,
rank_targeted_swap,AsymAgentMark-TK targeted rank swap b=1,deepseek,ID,3,100,10,140,False,6,22,
rank_targeted_swap,AsymAgentMark-TK targeted rank swap b=1,deepseek,ID,3,100,11,140,False,8,21,
rank_targeted_swap,AsymAgentMark-TK targeted rank swap b=1,deepseek,ID,3,100,12,140,False,7,22,
rank_targeted_swap,AsymAgentMark-TK targeted rank swap b=1,deepseek,ID,3,100,13,140,False,6,20,
rank_targeted_swap,AsymAgentMark-TK targeted rank swap b=1,deepseek,ID,3,100,14,140,False,5,22,
rank_targeted_swap,AsymAgentMark-TK targeted rank swap b=1,deepseek,ID,3,100,15,140,False,9,19,
rank_targeted_swap,AsymAgentMark-TK targeted rank swap b=1,deepseek,ID,3,100,16,140,False,7,20,
rank_targeted_swap,AsymAgentMark-TK targeted rank swap b=1,deepseek,ID,3,100,17,140,False,9,19,00010000
rank_targeted_swap,AsymAgentMark-TK targeted rank swap b=1,deepseek,ID,3,100,18,140,False,6,22,
rank_targeted_swap,AsymAgentMark-TK targeted rank swap b=1,deepseek,ID,3,100,19,140,False,9,19,
rank_targeted_swap,AsymAgentMark-TK targeted rank swap b=1,deepseek,ID,3,100,20,140,False,6,20,
rank_targeted_swap,AsymAgentMark-TK targeted rank swap b=1,deepseek,ID,3,100,21,140,False,5,21,
rank_targeted_swap,AsymAgentMark-TK targeted rank swap b=1,deepseek,ID,3,100,22,140,False,6,20,
rank_targeted_swap,AsymAgentMark-TK targeted rank swap b=1,deepseek,ID,3,100,23,140,False,7,21,
rank_targeted_swap,AsymAgentMark-TK targeted rank swap b=1,deepseek,ID,3,100,24,140,False,6,20,
rank_targeted_swap,AsymAgentMark-TK targeted rank swap b=1,deepseek,ID,3,100,25,140,False,5,21,
rank_targeted_swap,AsymAgentMark-TK targeted rank swap b=1,deepseek,ID,3,100,26,140,False,8,19,
rank_targeted_swap,AsymAgentMark-TK targeted rank swap b=1,deepseek,ID,3,100,27,140,False,6,23,
rank_targeted_swap,AsymAgentMark-TK targeted rank swap b=1,deepseek,ID,3,100,28,140,False,7,21,
rank_targeted_swap,AsymAgentMark-TK targeted rank swap b=1,deepseek,ID,3,100,29,140,False,8,20,
rank_targeted_swap,AsymAgentMark-TK targeted rank swap b=1,deepseek,ID,3,100,30,140,False,8,20,
rank_targeted_swap,AsymAgentMark-TK targeted rank swap b=1,deepseek,ID,3,100,31,140,False,9,19,11001111
rank_targeted_swap,AsymAgentMark-TK targeted rank swap b=1,deepseek,ID,3,100,32,140,False,5,22,
rank_targeted_swap,AsymAgentMark-TK targeted rank swap b=1,deepseek,ID,3,100,33,140,False,9,20,
rank_targeted_swap,AsymAgentMark-TK targeted rank swap b=1,deepseek,ID,3,100,34,140,False,8,20,
rank_targeted_swap,AsymAgentMark-TK targeted rank swap b=1,deepseek,ID,3,100,35,140,False,6,22,
rank_targeted_swap,AsymAgentMark-TK targeted rank swap b=1,deepseek,ID,3,100,36,140,False,8,19,
rank_targeted_swap,AsymAgentMark-TK targeted rank swap b=1,deepseek,ID,3,100,37,140,False,7,21,
rank_targeted_swap,AsymAgentMark-TK targeted rank swap b=1,deepseek,ID,3,100,38,140,False,6,21,
rank_targeted_swap,AsymAgentMark-TK targeted rank swap b=1,deepseek,ID,3,100,39,140,False,6,22,
rank_targeted_swap,AsymAgentMark-TK targeted rank swap b=1,deepseek,ID,3,100,40,140,False,5,20,
rank_targeted_swap,AsymAgentMark-TK targeted rank swap b=1,deepseek,ID,3,100,41,140,False,5,20,
rank_targeted_swap,AsymAgentMark-TK targeted rank swap b=1,deepseek,ID,3,100,42,140,False,7,20,
rank_targeted_swap,AsymAgentMark-TK targeted rank swap b=1,deepseek,ID,3,100,43,140,False,7,20,
rank_targeted_swap,AsymAgentMark-TK targeted rank swap b=1,deepseek,ID,3,100,44,140,False,7,21,
rank_targeted_swap,AsymAgentMark-TK targeted rank swap b=1,deepseek,ID,3,100,45,140,False,5,20,
rank_targeted_swap,AsymAgentMark-TK targeted rank swap b=1,deepseek,ID,3,100,46,140,False,7,21,
rank_targeted_swap,AsymAgentMark-TK targeted rank swap b=1,deepseek,ID,3,100,47,140,False,5,21,
rank_targeted_swap,AsymAgentMark-TK targeted rank swap b=1,deepseek,ID,3,100,48,140,False,8,21,
rank_targeted_swap,AsymAgentMark-TK targeted rank swap b=1,deepseek,ID,3,100,49,140,False,7,22,
